年份,年龄组,性别,人口_人,劳动参与率,就业率,覆盖率,缴费人数_人,情景,情景标签,来源或假设
2026,15-19,男,149600.0,0.18,0.963,0.85,22041.9,低,悲观,Pop×LFPR×就业率×覆盖率；LFPR分性别由表230-28001合计+性别差还原
2026,15-19,女,139100.0,0.1385,0.963,0.85,15768.5,低,悲观,Pop×LFPR×就业率×覆盖率；LFPR分性别由表230-28001合计+性别差还原
2026,20-24,男,147300.0,0.63,0.963,0.85,75960.6,低,悲观,Pop×LFPR×就业率×覆盖率；LFPR分性别由表230-28001合计+性别差还原
2026,20-24,女,145000.0,0.5695,0.963,0.85,67596.7,低,悲观,Pop×LFPR×就业率×覆盖率；LFPR分性别由表230-28001合计+性别差还原
2026,25-29,男,183500.0,0.915,0.963,0.85,137436.6,低,悲观,Pop×LFPR×就业率×覆盖率；LFPR分性别由表230-28001合计+性别差还原
2026,25-29,女,172700.0,0.8325,0.963,0.85,117685.0,低,悲观,Pop×LFPR×就业率×覆盖率；LFPR分性别由表230-28001合计+性别差还原
2026,30-34,男,227100.0,0.919,0.963,0.85,170835.4,低,悲观,Pop×LFPR×就业率×覆盖率；LFPR分性别由表230-28001合计+性别差还原
2026,30-34,女,221900.0,0.8178,0.963,0.85,148547.3,低,悲观,Pop×LFPR×就业率×覆盖率；LFPR分性别由表230-28001合计+性别差还原
2026,35-39,男,238500.0,0.9,0.963,0.85,175701.8,低,悲观,Pop×LFPR×就业率×覆盖率；LFPR分性别由表230-28001合计+性别差还原
2026,35-39,女,246100.0,0.7819,0.963,0.85,157500.5,低,悲观,Pop×LFPR×就业率×覆盖率；LFPR分性别由表230-28001合计+性别差还原
2026,40-44,男,241900.0,0.882,0.963,0.85,174642.4,低,悲观,Pop×LFPR×就业率×覆盖率；LFPR分性别由表230-28001合计+性别差还原
2026,40-44,女,274000.0,0.7502,0.963,0.85,168257.0,低,悲观,Pop×LFPR×就业率×覆盖率；LFPR分性别由表230-28001合计+性别差还原
2026,45-49,男,234900.0,0.89,0.963,0.85,171126.9,低,悲观,Pop×LFPR×就业率×覆盖率；LFPR分性别由表230-28001合计+性别差还原
2026,45-49,女,289200.0,0.7269,0.963,0.85,172074.8,低,悲观,Pop×LFPR×就业率×覆盖率；LFPR分性别由表230-28001合计+性别差还原
2026,50-54,男,244100.0,0.887,0.963,0.85,177229.7,低,悲观,Pop×LFPR×就业率×覆盖率；LFPR分性别由表230-28001合计+性别差还原
2026,50-54,女,307900.0,0.6898,0.963,0.85,173849.6,低,悲观,Pop×LFPR×就业率×覆盖率；LFPR分性别由表230-28001合计+性别差还原
2026,55-59,男,243400.0,0.816,0.963,0.85,162575.8,低,悲观,Pop×LFPR×就业率×覆盖率；LFPR分性别由表230-28001合计+性别差还原
2026,55-59,女,314700.0,0.5766,0.963,0.85,148527.3,低,悲观,Pop×LFPR×就业率×覆盖率；LFPR分性别由表230-28001合计+性别差还原
2026,60-64,男,281500.0,0.648,0.963,0.85,149313.3,低,悲观,Pop×LFPR×就业率×覆盖率；LFPR分性别由表230-28001合计+性别差还原
2026,60-64,女,339700.0,0.3554,0.963,0.85,98826.5,低,悲观,Pop×LFPR×就业率×覆盖率；LFPR分性别由表230-28001合计+性别差还原
2026,15-19,混合,288700.0,0.16,0.963,0.85,37810.4,低,悲观,男+女合计
2026,20-24,混合,292300.0,0.6,0.963,0.85,143557.3,低,悲观,男+女合计
2026,25-29,混合,356200.0,0.875,0.963,0.85,255121.6,低,悲观,男+女合计
2026,30-34,混合,449000.0,0.869,0.963,0.85,319382.7,低,悲观,男+女合计
2026,35-39,混合,484600.0,0.84,0.963,0.85,333202.3,低,悲观,男+女合计
2026,40-44,混合,515900.0,0.812,0.963,0.85,342899.4,低,悲观,男+女合计
2026,45-49,混合,524100.0,0.8,0.963,0.85,343201.7,低,悲观,男+女合计
2026,50-54,混合,552000.0,0.777,0.963,0.85,351079.3,低,悲观,男+女合计
2026,55-59,混合,558100.0,0.681,0.963,0.85,311103.1,低,悲观,男+女合计
2026,60-64,混合,621200.0,0.488,0.963,0.85,248139.8,低,悲观,男+女合计
2027,15-19,男,151956.7,0.18,0.963,0.85,22389.1,低,悲观,Pop×LFPR×就业率×覆盖率；LFPR分性别由表230-28001合计+性别差还原
2027,15-19,女,141549.6,0.1385,0.963,0.85,16050.8,低,悲观,Pop×LFPR×就业率×覆盖率；LFPR分性别由表230-28001合计+性别差还原
2027,20-24,男,150122.6,0.63,0.963,0.85,77416.2,低,悲观,Pop×LFPR×就业率×覆盖率；LFPR分性别由表230-28001合计+性别差还原
2027,20-24,女,146397.9,0.5692,0.963,0.85,68213.9,低,悲观,Pop×LFPR×就业率×覆盖率；LFPR分性别由表230-28001合计+性别差还原
2027,25-29,男,178597.1,0.915,0.963,0.85,133764.5,低,悲观,Pop×LFPR×就业率×覆盖率；LFPR分性别由表230-28001合计+性别差还原
2027,25-29,女,169730.6,0.8329,0.963,0.85,115718.7,低,悲观,Pop×LFPR×就业率×覆盖率；LFPR分性别由表230-28001合计+性别差还原
2027,30-34,男,220662.3,0.919,0.963,0.85,165992.7,低,悲观,Pop×LFPR×就业率×覆盖率；LFPR分性别由表230-28001合计+性别差还原
2027,30-34,女,214604.5,0.8176,0.963,0.85,143621.3,低,悲观,Pop×LFPR×就业率×覆盖率；LFPR分性别由表230-28001合计+性别差还原
2027,35-39,男,238466.1,0.9,0.963,0.85,175676.8,低,悲观,Pop×LFPR×就业率×覆盖率；LFPR分性别由表230-28001合计+性别差还原
2027,35-39,女,243773.4,0.7813,0.963,0.85,155902.4,低,悲观,Pop×LFPR×就业率×覆盖率；LFPR分性别由表230-28001合计+性别差还原
2027,40-44,男,243363.9,0.882,0.963,0.85,175699.3,低,悲观,Pop×LFPR×就业率×覆盖率；LFPR分性别由表230-28001合计+性别差还原
2027,40-44,女,270897.1,0.7491,0.963,0.85,166110.8,低,悲观,Pop×LFPR×就业率×覆盖率；LFPR分性别由表230-28001合计+性别差还原
2027,45-49,男,237377.9,0.89,0.963,0.85,172932.1,低,悲观,Pop×LFPR×就业率×覆盖率；LFPR分性别由表230-28001合计+性别差还原
2027,45-49,女,287534.1,0.7257,0.963,0.85,170801.3,低,悲观,Pop×LFPR×就业率×覆盖率；LFPR分性别由表230-28001合计+性别差还原
2027,50-54,男,243057.7,0.887,0.963,0.85,176473.0,低,悲观,Pop×LFPR×就业率×覆盖率；LFPR分性别由表230-28001合计+性别差还原
2027,50-54,女,305345.3,0.6894,0.963,0.85,172318.7,低,悲观,Pop×LFPR×就业率×覆盖率；LFPR分性别由表230-28001合计+性别差还原
2027,55-59,男,243972.9,0.8155,0.963,0.85,162858.6,低,悲观,Pop×LFPR×就业率×覆盖率；LFPR分性别由表230-28001合计+性别差还原
2027,55-59,女,314280.1,0.5757,0.963,0.85,148101.3,低,悲观,Pop×LFPR×就业率×覆盖率；LFPR分性别由表230-28001合计+性别差还原
2027,60-64,男,273630.3,0.6475,0.963,0.85,145027.1,低,悲观,Pop×LFPR×就业率×覆盖率；LFPR分性别由表230-28001合计+性别差还原
2027,60-64,女,335215.9,0.3569,0.963,0.85,97928.8,低,悲观,Pop×LFPR×就业率×覆盖率；LFPR分性别由表230-28001合计+性别差还原
2027,15-19,混合,293506.3,0.16,0.963,0.85,38439.9,低,悲观,男+女合计
2027,20-24,混合,296520.5,0.6,0.963,0.85,145630.1,低,悲观,男+女合计
2027,25-29,混合,348327.7,0.875,0.963,0.85,249483.2,低,悲观,男+女合计
2027,30-34,混合,435266.8,0.869,0.963,0.85,309614.0,低,悲观,男+女合计
2027,35-39,混合,482239.5,0.84,0.963,0.85,331579.2,低,悲观,男+女合计
2027,40-44,混合,514261.0,0.812,0.963,0.85,341810.1,低,悲观,男+女合计
2027,45-49,混合,524912.0,0.8,0.963,0.85,343733.4,低,悲观,男+女合计
2027,50-54,混合,548403.0,0.777,0.963,0.85,348791.7,低,悲观,男+女合计
2027,55-59,混合,558253.0,0.6805,0.963,0.85,310959.9,低,悲观,男+女合计
2027,60-64,混合,608846.2,0.4875,0.963,0.85,242955.9,低,悲观,男+女合计
2028,15-19,男,154071.0,0.18,0.963,0.85,22700.7,低,悲观,Pop×LFPR×就业率×覆盖率；LFPR分性别由表230-28001合计+性别差还原
2028,15-19,女,143733.6,0.1386,0.963,0.85,16302.2,低,悲观,Pop×LFPR×就业率×覆盖率；LFPR分性别由表230-28001合计+性别差还原
2028,20-24,男,153063.0,0.63,0.963,0.85,78932.5,低,悲观,Pop×LFPR×就业率×覆盖率；LFPR分性别由表230-28001合计+性别差还原
2028,20-24,女,147923.5,0.569,0.963,0.85,68891.0,低,悲观,Pop×LFPR×就业率×覆盖率；LFPR分性别由表230-28001合计+性别差还原
2028,25-29,男,173817.8,0.915,0.963,0.85,130184.9,低,悲观,Pop×LFPR×就业率×覆盖率；LFPR分性别由表230-28001合计+性别差还原
2028,25-29,女,166888.0,0.8333,0.963,0.85,113839.3,低,悲观,Pop×LFPR×就业率×覆盖率；LFPR分性别由表230-28001合计+性别差还原
2028,30-34,男,214357.4,0.919,0.963,0.85,161249.8,低,悲观,Pop×LFPR×就业率×覆盖率；LFPR分性别由表230-28001合计+性别差还原
2028,30-34,女,207443.0,0.8173,0.963,0.85,138785.2,低,悲观,Pop×LFPR×就业率×覆盖率；LFPR分性别由表230-28001合计+性别差还原
2028,35-39,男,238555.4,0.9,0.963,0.85,175742.6,低,悲观,Pop×LFPR×就业率×覆盖率；LFPR分性别由表230-28001合计+性别差还原
2028,35-39,女,241579.9,0.7808,0.963,0.85,154389.8,低,悲观,Pop×LFPR×就业率×覆盖率；LFPR分性别由表230-28001合计+性别差还原
2028,40-44,男,244968.8,0.882,0.963,0.85,176857.9,低,悲观,Pop×LFPR×就业率×覆盖率；LFPR分性别由表230-28001合计+性别差还原
2028,40-44,女,267929.6,0.748,0.963,0.85,164046.4,低,悲观,Pop×LFPR×就业率×覆盖率；LFPR分性别由表230-28001合计+性别差还原
2028,45-49,男,240143.2,0.89,0.963,0.85,174946.6,低,悲观,Pop×LFPR×就业率×覆盖率；LFPR分性别由表230-28001合计+性别差还原
2028,45-49,女,286175.9,0.7245,0.963,0.85,169708.2,低,悲观,Pop×LFPR×就业率×覆盖率；LFPR分性别由表230-28001合计+性别差还原
2028,50-54,男,242159.2,0.887,0.963,0.85,175820.6,低,悲观,Pop×LFPR×就业率×覆盖率；LFPR分性别由表230-28001合计+性别差还原
2028,50-54,女,302917.4,0.6891,0.963,0.85,170855.4,低,悲观,Pop×LFPR×就业率×覆盖率；LFPR分性别由表230-28001合计+性别差还原
2028,55-59,男,244701.8,0.815,0.963,0.85,163245.0,低,悲观,Pop×LFPR×就业率×覆盖率；LFPR分性别由表230-28001合计+性别差还原
2028,55-59,女,313998.5,0.5748,0.963,0.85,147735.4,低,悲观,Pop×LFPR×就业率×覆盖率；LFPR分性别由表230-28001合计+性别差还原
2028,60-64,男,266053.8,0.647,0.963,0.85,140902.6,低,悲观,Pop×LFPR×就业率×覆盖率；LFPR分性别由表230-28001合计+性别差还原
2028,60-64,女,330927.7,0.3584,0.963,0.85,97074.4,低,悲观,Pop×LFPR×就业率×覆盖率；LFPR分性别由表230-28001合计+性别差还原
2028,15-19,混合,297804.6,0.16,0.963,0.85,39002.9,低,悲观,男+女合计
2028,20-24,混合,300986.5,0.6,0.963,0.85,147823.5,低,悲观,男+女合计
2028,25-29,混合,340705.8,0.875,0.963,0.85,244024.2,低,悲观,男+女合计
2028,30-34,混合,421800.4,0.869,0.963,0.85,300035.0,低,悲观,男+女合计
2028,35-39,混合,480135.3,0.84,0.963,0.85,330132.4,低,悲观,男+女合计
2028,40-44,混合,512898.4,0.812,0.963,0.85,340904.3,低,悲观,男+女合计
2028,45-49,混合,526319.1,0.8,0.963,0.85,344654.8,低,悲观,男+女合计
2028,50-54,混合,545076.6,0.777,0.963,0.85,346676.0,低,悲观,男+女合计
2028,55-59,混合,558700.3,0.68,0.963,0.85,310980.4,低,悲观,男+女合计
2028,60-64,混合,596981.5,0.487,0.963,0.85,237977.0,低,悲观,男+女合计
2029,15-19,男,155925.7,0.18,0.963,0.85,22973.9,低,悲观,Pop×LFPR×就业率×覆盖率；LFPR分性别由表230-28001合计+性别差还原
2029,15-19,女,145633.1,0.1386,0.963,0.85,16520.6,低,悲观,Pop×LFPR×就业率×覆盖率；LFPR分性别由表230-28001合计+性别差还原
2029,20-24,男,156121.0,0.63,0.963,0.85,80509.5,低,悲观,Pop×LFPR×就业率×覆盖率；LFPR分性别由表230-28001合计+性别差还原
2029,20-24,女,149577.0,0.5687,0.963,0.85,69628.0,低,悲观,Pop×LFPR×就业率×覆盖率；LFPR分性别由表230-28001合计+性别差还原
2029,25-29,男,169161.9,0.915,0.963,0.85,126697.7,低,悲观,Pop×LFPR×就业率×覆盖率；LFPR分性别由表230-28001合计+性别差还原
2029,25-29,女,164172.2,0.8338,0.963,0.85,112046.6,低,悲观,Pop×LFPR×就业率×覆盖率；LFPR分性别由表230-28001合计+性别差还原
2029,30-34,男,208184.9,0.919,0.963,0.85,156606.6,低,悲观,Pop×LFPR×就业率×覆盖率；LFPR分性别由表230-28001合计+性别差还原
2029,30-34,女,200415.2,0.8171,0.963,0.85,134038.8,低,悲观,Pop×LFPR×就业率×覆盖率；LFPR分性别由表230-28001合计+性别差还原
2029,35-39,男,238767.8,0.9,0.963,0.85,175899.0,低,悲观,Pop×LFPR×就业率×覆盖率；LFPR分性别由表230-28001合计+性别差还原
2029,35-39,女,239519.3,0.7802,0.963,0.85,152962.6,低,悲观,Pop×LFPR×就业率×覆盖率；LFPR分性别由表230-28001合计+性别差还原
2029,40-44,男,246714.4,0.882,0.963,0.85,178118.2,低,悲观,Pop×LFPR×就业率×覆盖率；LFPR分性别由表230-28001合计+性别差还原
2029,40-44,女,265097.4,0.7469,0.963,0.85,162064.0,低,悲观,Pop×LFPR×就业率×覆盖率；LFPR分性别由表230-28001合计+性别差还原
2029,45-49,男,243203.7,0.89,0.963,0.85,177176.2,低,悲观,Pop×LFPR×就业率×覆盖率；LFPR分性别由表230-28001合计+性别差还原
2029,45-49,女,285133.8,0.7232,0.963,0.85,168800.3,低,悲观,Pop×LFPR×就业率×覆盖率；LFPR分性别由表230-28001合计+性别差还原
2029,50-54,男,241403.4,0.887,0.963,0.85,175271.9,低,悲观,Pop×LFPR×就业率×覆盖率；LFPR分性别由表230-28001合计+性别差还原
2029,50-54,女,300615.6,0.6887,0.963,0.85,169459.5,低,悲观,Pop×LFPR×就业率×覆盖率；LFPR分性别由表230-28001合计+性别差还原
2029,55-59,男,245584.9,0.8145,0.963,0.85,163733.7,低,悲观,Pop×LFPR×就业率×覆盖率；LFPR分性别由表230-28001合计+性别差还原
2029,55-59,女,313854.0,0.5739,0.963,0.85,147428.9,低,悲观,Pop×LFPR×就业率×覆盖率；LFPR分性别由表230-28001合计+性别差还原
2029,60-64,男,258765.0,0.6465,0.963,0.85,136936.5,低,悲观,Pop×LFPR×就业率×覆盖率；LFPR分性别由表230-28001合计+性别差还原
2029,60-64,女,326834.1,0.3598,0.963,0.85,96263.4,低,悲观,Pop×LFPR×就业率×覆盖率；LFPR分性别由表230-28001合计+性别差还原
2029,15-19,混合,301558.8,0.16,0.963,0.85,39494.5,低,悲观,男+女合计
2029,20-24,混合,305698.0,0.6,0.963,0.85,150137.5,低,悲观,男+女合计
2029,25-29,混合,333334.1,0.875,0.963,0.85,238744.3,低,悲观,男+女合计
2029,30-34,混合,408600.1,0.869,0.963,0.85,290645.4,低,悲观,男+女合计
2029,35-39,混合,478287.1,0.84,0.963,0.85,328861.6,低,悲观,男+女合计
2029,40-44,混合,511811.8,0.812,0.963,0.85,340182.2,低,悲观,男+女合计
2029,45-49,混合,528337.5,0.8,0.963,0.85,345976.5,低,悲观,男+女合计
2029,50-54,混合,542019.0,0.777,0.963,0.85,344731.4,低,悲观,男+女合计
2029,55-59,混合,559438.9,0.6795,0.963,0.85,311162.6,低,悲观,男+女合计
2029,60-64,混合,585599.1,0.4865,0.963,0.85,233199.9,低,悲观,男+女合计
2030,15-19,男,157503.7,0.18,0.963,0.85,23206.4,低,悲观,Pop×LFPR×就业率×覆盖率；LFPR分性别由表230-28001合计+性别差还原
2030,15-19,女,147229.6,0.1386,0.963,0.85,16703.9,低,悲观,Pop×LFPR×就业率×覆盖率；LFPR分性别由表230-28001合计+性别差还原
2030,20-24,男,159296.7,0.63,0.963,0.85,82147.2,低,悲观,Pop×LFPR×就业率×覆盖率；LFPR分性别由表230-28001合计+性别差还原
2030,20-24,女,151358.3,0.5684,0.963,0.85,70424.8,低,悲观,Pop×LFPR×就业率×覆盖率；LFPR分性别由表230-28001合计+性别差还原
2030,25-29,男,164629.5,0.915,0.963,0.85,123303.1,低,悲观,Pop×LFPR×就业率×覆盖率；LFPR分性别由表230-28001合计+性别差还原
2030,25-29,女,161583.1,0.8342,0.963,0.85,110340.6,低,悲观,Pop×LFPR×就业率×覆盖率；LFPR分性别由表230-28001合计+性别差还原
2030,30-34,男,202144.8,0.919,0.963,0.85,152062.9,低,悲观,Pop×LFPR×就业率×覆盖率；LFPR分性别由表230-28001合计+性别差还原
2030,30-34,女,193521.0,0.8168,0.963,0.85,129382.1,低,悲观,Pop×LFPR×就业率×覆盖率；LFPR分性别由表230-28001合计+性别差还原
2030,35-39,男,239103.0,0.9,0.963,0.85,176146.0,低,悲观,Pop×LFPR×就业率×覆盖率；LFPR分性别由表230-28001合计+性别差还原
2030,35-39,女,237591.5,0.7796,0.963,0.85,151620.6,低,悲观,Pop×LFPR×就业率×覆盖率；LFPR分性别由表230-28001合计+性别差还原
2030,40-44,男,248600.4,0.882,0.963,0.85,179479.8,低,悲观,Pop×LFPR×就业率×覆盖率；LFPR分性别由表230-28001合计+性别差还原
2030,40-44,女,262400.2,0.7457,0.963,0.85,160163.2,低,悲观,Pop×LFPR×就业率×覆盖率；LFPR分性别由表230-28001合计+性别差还原
2030,45-49,男,246567.1,0.89,0.963,0.85,179626.5,低,悲观,Pop×LFPR×就业率×覆盖率；LFPR分性别由表230-28001合计+性别差还原
2030,45-49,女,284416.9,0.722,0.963,0.85,168083.1,低,悲观,Pop×LFPR×就业率×覆盖率；LFPR分性别由表230-28001合计+性别差还原
2030,50-54,男,240789.3,0.887,0.963,0.85,174826.0,低,悲观,Pop×LFPR×就业率×覆盖率；LFPR分性别由表230-28001合计+性别差还原
2030,50-54,女,298439.2,0.6882,0.963,0.85,168130.5,低,悲观,Pop×LFPR×就业率×覆盖率；LFPR分性别由表230-28001合计+性别差还原
2030,55-59,男,246620.6,0.814,0.963,0.85,164323.2,低,悲观,Pop×LFPR×就业率×覆盖率；LFPR分性别由表230-28001合计+性别差还原
2030,55-59,女,313845.8,0.5729,0.963,0.85,147181.4,低,悲观,Pop×LFPR×就业率×覆盖率；LFPR分性别由表230-28001合计+性别差还原
2030,60-64,男,251758.5,0.646,0.963,0.85,133125.7,低,悲观,Pop×LFPR×就业率×覆盖率；LFPR分性别由表230-28001合计+性别差还原
2030,60-64,女,322934.0,0.3613,0.963,0.85,95495.8,低,悲观,Pop×LFPR×就业率×覆盖率；LFPR分性别由表230-28001合计+性别差还原
2030,15-19,混合,304733.3,0.16,0.963,0.85,39910.3,低,悲观,男+女合计
2030,20-24,混合,310655.0,0.6,0.963,0.85,152572.0,低,悲观,男+女合计
2030,25-29,混合,326212.6,0.875,0.963,0.85,233643.7,低,悲观,男+女合计
2030,30-34,混合,395665.8,0.869,0.963,0.85,281445.0,低,悲观,男+女合计
2030,35-39,混合,476694.5,0.84,0.963,0.85,327766.6,低,悲观,男+女合计
2030,40-44,混合,511000.6,0.812,0.963,0.85,339643.0,低,悲观,男+女合计
2030,45-49,混合,530984.0,0.8,0.963,0.85,347709.6,低,悲观,男+女合计
2030,50-54,混合,539228.5,0.777,0.963,0.85,342956.5,低,悲观,男+女合计
2030,55-59,混合,560466.4,0.679,0.963,0.85,311504.6,低,悲观,男+女合计
2030,60-64,混合,574692.5,0.486,0.963,0.85,228621.5,低,悲观,男+女合计
2031,15-19,男,158787.7,0.18,0.963,0.85,23395.6,低,悲观,Pop×LFPR×就业率×覆盖率；LFPR分性别由表230-28001合计+性别差还原
2031,15-19,女,148504.5,0.1386,0.963,0.85,16849.8,低,悲观,Pop×LFPR×就业率×覆盖率；LFPR分性别由表230-28001合计+性别差还原
2031,20-24,男,162590.0,0.63,0.963,0.85,83845.5,低,悲观,Pop×LFPR×就业率×覆盖率；LFPR分性别由表230-28001合计+性别差还原
2031,20-24,女,153267.3,0.5682,0.963,0.85,71281.5,低,悲观,Pop×LFPR×就业率×覆盖率；LFPR分性别由表230-28001合计+性别差还原
2031,25-29,男,160220.3,0.915,0.963,0.85,120000.7,低,悲观,Pop×LFPR×就业率×覆盖率；LFPR分性别由表230-28001合计+性别差还原
2031,25-29,女,159120.7,0.8347,0.963,0.85,108721.3,低,悲观,Pop×LFPR×就业率×覆盖率；LFPR分性别由表230-28001合计+性别差还原
2031,30-34,男,196236.6,0.919,0.963,0.85,147618.5,低,悲观,Pop×LFPR×就业率×覆盖率；LFPR分性别由表230-28001合计+性别差还原
2031,30-34,女,186760.4,0.8165,0.963,0.85,124814.9,低,悲观,Pop×LFPR×就业率×覆盖率；LFPR分性别由表230-28001合计+性别差还原
2031,35-39,男,239561.1,0.9,0.963,0.85,176483.5,低,悲观,Pop×LFPR×就业率×覆盖率；LFPR分性别由表230-28001合计+性别差还原
2031,35-39,女,235796.4,0.779,0.963,0.85,150363.8,低,悲观,Pop×LFPR×就业率×覆盖率；LFPR分性别由表230-28001合计+性别差还原
2031,40-44,男,250626.7,0.882,0.963,0.85,180942.7,低,悲观,Pop×LFPR×就业率×覆盖率；LFPR分性别由表230-28001合计+性别差还原
2031,40-44,女,259837.9,0.7445,0.963,0.85,158344.0,低,悲观,Pop×LFPR×就业率×覆盖率；LFPR分性别由表230-28001合计+性别差还原
2031,45-49,男,250241.1,0.89,0.963,0.85,182303.0,低,悲观,Pop×LFPR×就业率×覆盖率；LFPR分性别由表230-28001合计+性别差还原
2031,45-49,女,284033.6,0.7207,0.963,0.85,167561.4,低,悲观,Pop×LFPR×就业率×覆盖率；LFPR分性别由表230-28001合计+性别差还原
2031,50-54,男,240316.1,0.887,0.963,0.85,174482.4,低,悲观,Pop×LFPR×就业率×覆盖率；LFPR分性别由表230-28001合计+性别差还原
2031,50-54,女,296387.7,0.6878,0.963,0.85,166868.4,低,悲观,Pop×LFPR×就业率×覆盖率；LFPR分性别由表230-28001合计+性别差还原
2031,55-59,男,247807.6,0.8135,0.963,0.85,165012.7,低,悲观,Pop×LFPR×就业率×覆盖率；LFPR分性别由表230-28001合计+性别差还原
2031,55-59,女,313973.1,0.5719,0.963,0.85,146992.5,低,悲观,Pop×LFPR×就业率×覆盖率；LFPR分性别由表230-28001合计+性别差还原
2031,60-64,男,245029.3,0.6455,0.963,0.85,129467.1,低,悲观,Pop×LFPR×就业率×覆盖率；LFPR分性别由表230-28001合计+性别差还原
2031,60-64,女,319226.2,0.3627,0.963,0.85,94771.4,低,悲观,Pop×LFPR×就业率×覆盖率；LFPR分性别由表230-28001合计+性别差还原
2031,15-19,混合,307292.2,0.16,0.963,0.85,40245.4,低,悲观,男+女合计
2031,20-24,混合,315857.3,0.6,0.963,0.85,155127.0,低,悲观,男+女合计
2031,25-29,混合,319341.0,0.875,0.963,0.85,228722.0,低,悲观,男+女合计
2031,30-34,混合,382997.0,0.869,0.963,0.85,272433.4,低,悲观,男+女合计
2031,35-39,混合,475357.5,0.84,0.963,0.85,326847.3,低,悲观,男+女合计
2031,40-44,混合,510464.6,0.812,0.963,0.85,339286.7,低,悲观,男+女合计
2031,45-49,混合,534274.7,0.8,0.963,0.85,349864.4,低,悲观,男+女合计
2031,50-54,混合,536703.8,0.777,0.963,0.85,341350.8,低,悲观,男+女合计
2031,55-59,混合,561780.7,0.6785,0.963,0.85,312005.2,低,悲观,男+女合计
2031,60-64,混合,564255.5,0.4855,0.963,0.85,224238.5,低,悲观,男+女合计
2032,15-19,男,154780.6,0.18,0.963,0.85,22805.2,低,悲观,Pop×LFPR×就业率×覆盖率；LFPR分性别由表230-28001合计+性别差还原
2032,15-19,女,145041.6,0.1387,0.963,0.85,16461.9,低,悲观,Pop×LFPR×就业率×覆盖率；LFPR分性别由表230-28001合计+性别差还原
2032,20-24,男,165521.8,0.63,0.963,0.85,85357.4,低,悲观,Pop×LFPR×就业率×覆盖率；LFPR分性别由表230-28001合计+性别差还原
2032,20-24,女,156340.2,0.5682,0.963,0.85,72718.7,低,悲观,Pop×LFPR×就业率×覆盖率；LFPR分性别由表230-28001合计+性别差还原
2032,25-29,男,163617.1,0.915,0.963,0.85,122544.8,低,悲观,Pop×LFPR×就业率×覆盖率；LFPR分性别由表230-28001合计+性别差还原
2032,25-29,女,161142.6,0.8344,0.963,0.85,110058.2,低,悲观,Pop×LFPR×就业率×覆盖率；LFPR分性别由表230-28001合计+性别差还原
2032,30-34,男,191922.7,0.919,0.963,0.85,144373.4,低,悲观,Pop×LFPR×就业率×覆盖率；LFPR分性别由表230-28001合计+性别差还原
2032,30-34,女,184419.4,0.817,0.963,0.85,123326.3,低,悲观,Pop×LFPR×就业率×覆盖率；LFPR分性别由表230-28001合计+性别差还原
2032,35-39,男,233725.1,0.9,0.963,0.85,172184.1,低,悲观,Pop×LFPR×就业率×覆盖率；LFPR分性别由表230-28001合计+性别差还原
2032,35-39,女,229138.8,0.7788,0.963,0.85,146072.8,低,悲观,Pop×LFPR×就业率×覆盖率；LFPR分性别由表230-28001合计+性别差还原
2032,40-44,男,251178.6,0.882,0.963,0.85,181341.2,低,悲观,Pop×LFPR×就业率×覆盖率；LFPR分性别由表230-28001合计+性别差还原
2032,40-44,女,258145.2,0.7439,0.963,0.85,157187.3,低,悲观,Pop×LFPR×就业率×覆盖率；LFPR分性别由表230-28001合计+性别差还原
2032,45-49,男,252159.5,0.89,0.963,0.85,183700.6,低,悲观,Pop×LFPR×就业率×覆盖率；LFPR分性别由表230-28001合计+性别差还原
2032,45-49,女,281429.4,0.7194,0.963,0.85,165714.8,低,悲观,Pop×LFPR×就业率×覆盖率；LFPR分性别由表230-28001合计+性别差还原
2032,50-54,男,243156.5,0.887,0.963,0.85,176544.7,低,悲观,Pop×LFPR×就业率×覆盖率；LFPR分性别由表230-28001合计+性别差还原
2032,50-54,女,295136.7,0.6864,0.963,0.85,165816.9,低,悲观,Pop×LFPR×就业率×覆盖率；LFPR分性别由表230-28001合计+性别差还原
2032,55-59,男,247181.4,0.813,0.963,0.85,164494.6,低,悲观,Pop×LFPR×就业率×覆盖率；LFPR分性别由表230-28001合计+性别差还原
2032,55-59,女,311856.5,0.571,0.963,0.85,145758.6,低,悲观,Pop×LFPR×就业率×覆盖率；LFPR分性别由表230-28001合计+性别差还原
2032,60-64,男,246009.8,0.645,0.963,0.85,129884.5,低,悲观,Pop×LFPR×就业率×覆盖率；LFPR分性别由表230-28001合计+性别差还原
2032,60-64,女,319238.0,0.3617,0.963,0.85,94517.0,低,悲观,Pop×LFPR×就业率×覆盖率；LFPR分性别由表230-28001合计+性别差还原
2032,15-19,混合,299822.2,0.16,0.963,0.85,39267.1,低,悲观,男+女合计
2032,20-24,混合,321862.0,0.6,0.963,0.85,158076.1,低,悲观,男+女合计
2032,25-29,混合,324759.7,0.875,0.963,0.85,232603.0,低,悲观,男+女合计
2032,30-34,混合,376342.1,0.869,0.963,0.85,267699.7,低,悲观,男+女合计
2032,35-39,混合,462863.9,0.84,0.963,0.85,318256.9,低,悲观,男+女合计
2032,40-44,混合,509323.8,0.812,0.963,0.85,338528.5,低,悲观,男+女合计
2032,45-49,混合,533588.9,0.8,0.963,0.85,349415.4,低,悲观,男+女合计
2032,50-54,混合,538293.2,0.777,0.963,0.85,342361.6,低,悲观,男+女合计
2032,55-59,混合,559037.9,0.678,0.963,0.85,310253.2,低,悲观,男+女合计
2032,60-64,混合,565247.8,0.485,0.963,0.85,224401.5,低,悲观,男+女合计
2033,15-19,男,150803.8,0.18,0.963,0.85,22219.3,低,悲观,Pop×LFPR×就业率×覆盖率；LFPR分性别由表230-28001合计+性别差还原
2033,15-19,女,141610.7,0.1387,0.963,0.85,16077.7,低,悲观,Pop×LFPR×就业率×覆盖率；LFPR分性别由表230-28001合计+性别差还原
2033,20-24,男,168211.5,0.63,0.963,0.85,86744.4,低,悲观,Pop×LFPR×就业率×覆盖率；LFPR分性别由表230-28001合计+性别差还原
2033,20-24,女,159147.5,0.5683,0.963,0.85,74031.4,低,悲观,Pop×LFPR×就业率×覆盖率；LFPR分性别由表230-28001合计+性别差还原
2033,25-29,男,167131.4,0.915,0.963,0.85,125176.9,低,悲观,Pop×LFPR×就业率×覆盖率；LFPR分性别由表230-28001合计+性别差还原
2033,25-29,女,163292.3,0.8341,0.963,0.85,111482.8,低,悲观,Pop×LFPR×就业率×覆盖率；LFPR分性别由表230-28001合计+性别差还原
2033,30-34,男,187733.1,0.919,0.963,0.85,141221.7,低,悲观,Pop×LFPR×就业率×覆盖率；LFPR分性别由表230-28001合计+性别差还原
2033,30-34,女,182205.5,0.8175,0.963,0.85,121923.0,低,悲观,Pop×LFPR×就业率×覆盖率；LFPR分性别由表230-28001合计+性别差还原
2033,35-39,男,228021.7,0.9,0.963,0.85,167982.4,低,悲观,Pop×LFPR×就业率×覆盖率；LFPR分性别由表230-28001合计+性别差还原
2033,35-39,女,222615.4,0.7785,0.963,0.85,141867.5,低,悲观,Pop×LFPR×就业率×覆盖率；LFPR分性别由表230-28001合计+性别差还原
2033,40-44,男,251854.2,0.882,0.963,0.85,181828.9,低,悲观,Pop×LFPR×就业率×覆盖率；LFPR分性别由表230-28001合计+性别差还原
2033,40-44,女,256585.4,0.7433,0.963,0.85,156111.9,低,悲观,Pop×LFPR×就业率×覆盖率；LFPR分性别由表230-28001合计+性别差还原
2033,45-49,男,254218.5,0.89,0.963,0.85,185200.6,低,悲观,Pop×LFPR×就业率×覆盖率；LFPR分性别由表230-28001合计+性别差还原
2033,45-49,女,278962.5,0.718,0.963,0.85,163947.7,低,悲观,Pop×LFPR×就业率×覆盖率；LFPR分性别由表230-28001合计+性别差还原
2033,50-54,男,246280.1,0.887,0.963,0.85,178812.6,低,悲观,Pop×LFPR×就业率×覆盖率；LFPR分性别由表230-28001合计+性别差还原
2033,50-54,女,294193.1,0.6849,0.963,0.85,164935.6,低,悲观,Pop×LFPR×就业率×覆盖率；LFPR分性别由表230-28001合计+性别差还原
2033,55-59,男,246698.5,0.8125,0.963,0.85,164072.2,低,悲观,Pop×LFPR×就业率×覆盖率；LFPR分性别由表230-28001合计+性别差还原
2033,55-59,女,309867.7,0.57,0.963,0.85,144581.4,低,悲观,Pop×LFPR×就业率×覆盖率；LFPR分性别由表230-28001合计+性别差还原
2033,60-64,男,247141.8,0.6445,0.963,0.85,130381.0,低,悲观,Pop×LFPR×就业率×覆盖率；LFPR分性别由表230-28001合计+性别差还原
2033,60-64,女,319387.3,0.3607,0.963,0.85,94297.3,低,悲观,Pop×LFPR×就业率×覆盖率；LFPR分性别由表230-28001合计+性别差还原
2033,15-19,混合,292414.5,0.16,0.963,0.85,38297.0,低,悲观,男+女合计
2033,20-24,混合,327359.0,0.6,0.963,0.85,160775.8,低,悲观,男+女合计
2033,25-29,混合,330423.7,0.875,0.963,0.85,236659.7,低,悲观,男+女合计
2033,30-34,混合,369938.6,0.869,0.963,0.85,263144.7,低,悲观,男+女合计
2033,35-39,混合,450637.1,0.84,0.963,0.85,309849.9,低,悲观,男+女合计
2033,40-44,混合,508439.6,0.812,0.963,0.85,337940.8,低,悲观,男+女合计
2033,45-49,混合,533181.0,0.8,0.963,0.85,349148.3,低,悲观,男+女合计
2033,50-54,混合,540473.2,0.777,0.963,0.85,343748.2,低,悲观,男+女合计
2033,55-59,混合,556566.2,0.6775,0.963,0.85,308653.6,低,悲观,男+女合计
2033,60-64,混合,566529.1,0.4845,0.963,0.85,224678.3,低,悲观,男+女合计
2034,15-19,男,146857.1,0.18,0.963,0.85,21637.8,低,悲观,Pop×LFPR×就业率×覆盖率；LFPR分性别由表230-28001合计+性别差还原
2034,15-19,女,138212.0,0.1387,0.963,0.85,15697.2,低,悲观,Pop×LFPR×就业率×覆盖率；LFPR分性别由表230-28001合计+性别差还原
2034,20-24,男,170641.9,0.63,0.963,0.85,87997.7,低,悲观,Pop×LFPR×就业率×覆盖率；LFPR分性别由表230-28001合计+性别差还原
2034,20-24,女,161670.6,0.5683,0.963,0.85,75210.9,低,悲观,Pop×LFPR×就业率×覆盖率；LFPR分性别由表230-28001合计+性别差还原
2034,25-29,男,170763.3,0.915,0.963,0.85,127897.1,低,悲观,Pop×LFPR×就业率×覆盖率；LFPR分性别由表230-28001合计+性别差还原
2034,25-29,女,165569.7,0.8337,0.963,0.85,112995.1,低,悲观,Pop×LFPR×就业率×覆盖率；LFPR分性别由表230-28001合计+性别差还原
2034,30-34,男,183667.9,0.919,0.963,0.85,138163.7,低,悲观,Pop×LFPR×就业率×覆盖率；LFPR分性别由表230-28001合计+性别差还原
2034,30-34,女,180118.7,0.818,0.963,0.85,120605.0,低,悲观,Pop×LFPR×就业率×覆盖率；LFPR分性别由表230-28001合计+性别差还原
2034,35-39,男,222450.6,0.9,0.963,0.85,163878.2,低,悲观,Pop×LFPR×就业率×覆盖率；LFPR分性别由表230-28001合计+性别差还原
2034,35-39,女,216226.2,0.7783,0.963,0.85,137748.0,低,悲观,Pop×LFPR×就业率×覆盖率；LFPR分性别由表230-28001合计+性别差还原
2034,40-44,男,252653.2,0.882,0.963,0.85,182405.8,低,悲观,Pop×LFPR×就业率×覆盖率；LFPR分性别由表230-28001合计+性别差还原
2034,40-44,女,255158.6,0.7427,0.963,0.85,155117.7,低,悲观,Pop×LFPR×就业率×覆盖率；LFPR分性别由表230-28001合计+性别差还原
2034,45-49,男,256417.7,0.89,0.963,0.85,186802.7,低,悲观,Pop×LFPR×就业率×覆盖率；LFPR分性别由表230-28001合计+性别差还原
2034,45-49,女,276632.6,0.7166,0.963,0.85,162259.9,低,悲观,Pop×LFPR×就业率×覆盖率；LFPR分性别由表230-28001合计+性别差还原
2034,50-54,男,249694.5,0.887,0.963,0.85,181291.7,低,悲观,Pop×LFPR×就业率×覆盖率；LFPR分性别由表230-28001合计+性别差还原
2034,50-54,女,293565.3,0.6834,0.963,0.85,164228.8,低,悲观,Pop×LFPR×就业率×覆盖率；LFPR分性别由表230-28001合计+性别差还原
2034,55-59,男,246357.9,0.812,0.963,0.85,163744.9,低,悲观,Pop×LFPR×就业率×覆盖率；LFPR分性别由表230-28001合计+性别差还原
2034,55-59,女,308005.7,0.569,0.963,0.85,143460.3,低,悲观,Pop×LFPR×就业率×覆盖率；LFPR分性别由表230-28001合计+性别差还原
2034,60-64,男,248423.5,0.644,0.963,0.85,130955.5,低,悲观,Pop×LFPR×就业率×覆盖率；LFPR分性别由表230-28001合计+性别差还原
2034,60-64,女,319673.1,0.3597,0.963,0.85,94112.0,低,悲观,Pop×LFPR×就业率×覆盖率；LFPR分性别由表230-28001合计+性别差还原
2034,15-19,混合,285069.1,0.16,0.963,0.85,37335.0,低,悲观,男+女合计
2034,20-24,混合,332312.5,0.6,0.963,0.85,163208.6,低,悲观,男+女合计
2034,25-29,混合,336333.0,0.875,0.963,0.85,240892.2,低,悲观,男+女合计
2034,30-34,混合,363786.6,0.869,0.963,0.85,258768.7,低,悲观,男+女合计
2034,35-39,混合,438676.8,0.84,0.963,0.85,301626.2,低,悲观,男+女合计
2034,40-44,混合,507811.8,0.812,0.963,0.85,337523.5,低,悲观,男+女合计
2034,45-49,混合,533050.3,0.8,0.963,0.85,349062.6,低,悲观,男+女合计
2034,50-54,混合,543259.8,0.777,0.963,0.85,345520.5,低,悲观,男+女合计
2034,55-59,混合,554363.6,0.677,0.963,0.85,307205.2,低,悲观,男+女合计
2034,60-64,混合,568096.6,0.484,0.963,0.85,225067.5,低,悲观,男+女合计
2035,15-19,男,142940.7,0.18,0.963,0.85,21060.7,低,悲观,Pop×LFPR×就业率×覆盖率；LFPR分性别由表230-28001合计+性别差还原
2035,15-19,女,134845.3,0.1388,0.963,0.85,15320.3,低,悲观,Pop×LFPR×就业率×覆盖率；LFPR分性别由表230-28001合计+性别差还原
2035,20-24,男,172795.9,0.63,0.963,0.85,89108.5,低,悲观,Pop×LFPR×就业率×覆盖率；LFPR分性别由表230-28001合计+性别差还原
2035,20-24,女,163890.9,0.5684,0.963,0.85,76248.5,低,悲观,Pop×LFPR×就业率×覆盖率；LFPR分性别由表230-28001合计+性别差还原
2035,25-29,男,174512.7,0.915,0.963,0.85,130705.3,低,悲观,Pop×LFPR×就业率×覆盖率；LFPR分性别由表230-28001合计+性别差还原
2035,25-29,女,167974.7,0.8334,0.963,0.85,114594.8,低,悲观,Pop×LFPR×就业率×覆盖率；LFPR分性别由表230-28001合计+性别差还原
2035,30-34,男,179726.7,0.919,0.963,0.85,135199.0,低,悲观,Pop×LFPR×就业率×覆盖率；LFPR分性别由表230-28001合计+性别差还原
2035,30-34,女,178158.8,0.8186,0.963,0.85,119372.1,低,悲观,Pop×LFPR×就业率×覆盖率；LFPR分性别由表230-28001合计+性别差还原
2035,35-39,男,217011.7,0.9,0.963,0.85,159871.4,低,悲观,Pop×LFPR×就业率×覆盖率；LFPR分性别由表230-28001合计+性别差还原
2035,35-39,女,209971.1,0.778,0.963,0.85,133714.3,低,悲观,Pop×LFPR×就业率×覆盖率；LFPR分性别由表230-28001合计+性别差还原
2035,40-44,男,253575.5,0.882,0.963,0.85,183071.6,低,悲观,Pop×LFPR×就业率×覆盖率；LFPR分性别由表230-28001合计+性别差还原
2035,40-44,女,253864.7,0.7421,0.963,0.85,154204.9,低,悲观,Pop×LFPR×就业率×覆盖率；LFPR分性别由表230-28001合计+性别差还原
2035,45-49,男,258757.0,0.89,0.963,0.85,188506.9,低,悲观,Pop×LFPR×就业率×覆盖率；LFPR分性别由表230-28001合计+性别差还原
2035,45-49,女,274439.7,0.7151,0.963,0.85,160651.6,低,悲观,Pop×LFPR×就业率×覆盖率；LFPR分性别由表230-28001合计+性别差还原
2035,50-54,男,253407.3,0.887,0.963,0.85,183987.3,低,悲观,Pop×LFPR×就业率×覆盖率；LFPR分性别由表230-28001合计+性别差还原
2035,50-54,女,293262.1,0.6819,0.963,0.85,163701.7,低,悲观,Pop×LFPR×就业率×覆盖率；LFPR分性别由表230-28001合计+性别差还原
2035,55-59,男,246158.4,0.8115,0.963,0.85,163511.5,低,悲观,Pop×LFPR×就业率×覆盖率；LFPR分性别由表230-28001合计+性别差还原
2035,55-59,女,306270.1,0.568,0.963,0.85,142395.2,低,悲观,Pop×LFPR×就业率×覆盖率；LFPR分性别由表230-28001合计+性别差还原
2035,60-64,男,249853.5,0.6435,0.963,0.85,131607.1,低,悲观,Pop×LFPR×就业率×覆盖率；LFPR分性别由表230-28001合计+性别差还原
2035,60-64,女,320094.7,0.3586,0.963,0.85,93960.7,低,悲观,Pop×LFPR×就业率×覆盖率；LFPR分性别由表230-28001合计+性别差还原
2035,15-19,混合,277786.0,0.16,0.963,0.85,36381.0,低,悲观,男+女合计
2035,20-24,混合,336686.8,0.6,0.963,0.85,165357.0,低,悲观,男+女合计
2035,25-29,混合,342487.4,0.875,0.963,0.85,245300.1,低,悲观,男+女合计
2035,30-34,混合,357885.5,0.869,0.963,0.85,254571.1,低,悲观,男+女合计
2035,35-39,混合,426982.8,0.84,0.963,0.85,293585.7,低,悲观,男+女合计
2035,40-44,混合,507440.2,0.812,0.963,0.85,337276.5,低,悲观,男+女合计
2035,45-49,混合,533196.7,0.8,0.963,0.85,349158.5,低,悲观,男+女合计
2035,50-54,混合,546669.4,0.777,0.963,0.85,347689.0,低,悲观,男+女合计
2035,55-59,混合,552428.5,0.6765,0.963,0.85,305906.7,低,悲观,男+女合计
2035,60-64,混合,569948.2,0.4835,0.963,0.85,225567.8,低,悲观,男+女合计
2036,15-19,男,139054.3,0.18,0.963,0.85,20488.1,低,悲观,Pop×LFPR×就业率×覆盖率；LFPR分性别由表230-28001合计+性别差还原
2036,15-19,女,131510.6,0.1389,0.963,0.85,14947.2,低,悲观,Pop×LFPR×就业率×覆盖率；LFPR分性别由表230-28001合计+性别差还原
2036,20-24,男,174656.4,0.63,0.963,0.85,90067.9,低,悲观,Pop×LFPR×就业率×覆盖率；LFPR分性别由表230-28001合计+性别差还原
2036,20-24,女,165789.9,0.5684,0.963,0.85,77135.4,低,悲观,Pop×LFPR×就业率×覆盖率；LFPR分性别由表230-28001合计+性别差还原
2036,25-29,男,178379.7,0.915,0.963,0.85,133601.6,低,悲观,Pop×LFPR×就业率×覆盖率；LFPR分性别由表230-28001合计+性别差还原
2036,25-29,女,170507.5,0.8332,0.963,0.85,116282.3,低,悲观,Pop×LFPR×就业率×覆盖率；LFPR分性别由表230-28001合计+性别差还原
2036,30-34,男,175909.5,0.919,0.963,0.85,132327.5,低,悲观,Pop×LFPR×就业率×覆盖率；LFPR分性别由表230-28001合计+性别差还原
2036,30-34,女,176325.9,0.8191,0.963,0.85,118224.6,低,悲观,Pop×LFPR×就业率×覆盖率；LFPR分性别由表230-28001合计+性别差还原
2036,35-39,男,211704.6,0.9,0.963,0.85,155961.7,低,悲观,Pop×LFPR×就业率×覆盖率；LFPR分性别由表230-28001合计+性别差还原
2036,35-39,女,203849.8,0.7777,0.963,0.85,129766.0,低,悲观,Pop×LFPR×就业率×覆盖率；LFPR分性别由表230-28001合计+性别差还原
2036,40-44,男,254621.1,0.882,0.963,0.85,183826.5,低,悲观,Pop×LFPR×就业率×覆盖率；LFPR分性别由表230-28001合计+性别差还原
2036,40-44,女,252703.4,0.7415,0.963,0.85,153373.1,低,悲观,Pop×LFPR×就业率×覆盖率；LFPR分性别由表230-28001合计+性别差还原
2036,45-49,男,261236.1,0.89,0.963,0.85,190313.0,低,悲观,Pop×LFPR×就业率×覆盖率；LFPR分性别由表230-28001合计+性别差还原
2036,45-49,女,272383.4,0.7137,0.963,0.85,159122.4,低,悲观,Pop×LFPR×就业率×覆盖率；LFPR分性别由表230-28001合计+性别差还原
2036,50-54,男,257426.0,0.887,0.963,0.85,186905.1,低,悲观,Pop×LFPR×就业率×覆盖率；LFPR分性别由表230-28001合计+性别差还原
2036,50-54,女,293292.0,0.6805,0.963,0.85,163358.9,低,悲观,Pop×LFPR×就业率×覆盖率；LFPR分性别由表230-28001合计+性别差还原
2036,55-59,男,246099.1,0.811,0.963,0.85,163371.4,低,悲观,Pop×LFPR×就业率×覆盖率；LFPR分性别由表230-28001合计+性别差还原
2036,55-59,女,304660.0,0.5669,0.963,0.85,141385.5,低,悲观,Pop×LFPR×就业率×覆盖率；LFPR分性别由表230-28001合计+性别差还原
2036,60-64,男,251430.2,0.643,0.963,0.85,132334.7,低,悲观,Pop×LFPR×就业率×覆盖率；LFPR分性别由表230-28001合计+性别差还原
2036,60-64,女,320651.0,0.3575,0.963,0.85,93843.2,低,悲观,Pop×LFPR×就业率×覆盖率；LFPR分性别由表230-28001合计+性别差还原
2036,15-19,混合,270564.9,0.16,0.963,0.85,35435.3,低,悲观,男+女合计
2036,20-24,混合,340446.3,0.6,0.963,0.85,167203.3,低,悲观,男+女合计
2036,25-29,混合,348887.2,0.875,0.963,0.85,249883.9,低,悲观,男+女合计
2036,30-34,混合,352235.4,0.869,0.963,0.85,250552.1,低,悲观,男+女合计
2036,35-39,混合,415554.4,0.84,0.963,0.85,285727.7,低,悲观,男+女合计
2036,40-44,混合,507324.5,0.812,0.963,0.85,337199.6,低,悲观,男+女合计
2036,45-49,混合,533619.5,0.8,0.963,0.85,349435.4,低,悲观,男+女合计
2036,50-54,混合,550718.0,0.777,0.963,0.85,350264.0,低,悲观,男+女合计
2036,55-59,混合,550759.1,0.676,0.963,0.85,304756.9,低,悲观,男+女合计
2036,60-64,混合,572081.2,0.483,0.963,0.85,226177.9,低,悲观,男+女合计
2037,15-19,男,131756.0,0.18,0.963,0.85,19412.8,低,悲观,Pop×LFPR×就业率×覆盖率；LFPR分性别由表230-28001合计+性别差还原
2037,15-19,女,124713.7,0.1389,0.963,0.85,14176.5,低,悲观,Pop×LFPR×就业率×覆盖率；LFPR分性别由表230-28001合计+性别差还原
2037,20-24,男,170995.3,0.63,0.963,0.85,88180.0,低,悲观,Pop×LFPR×就业率×覆盖率；LFPR分性别由表230-28001合计+性别差还原
2037,20-24,女,162698.4,0.5685,0.963,0.85,75707.0,低,悲观,Pop×LFPR×就业率×覆盖率；LFPR分性别由表230-28001合计+性别差还原
2037,25-29,男,181650.7,0.915,0.963,0.85,136051.5,低,悲观,Pop×LFPR×就业率×覆盖率；LFPR分性别由表230-28001合计+性别差还原
2037,25-29,女,173948.4,0.8332,0.963,0.85,118639.7,低,悲观,Pop×LFPR×就业率×覆盖率；LFPR分性别由表230-28001合计+性别差还原
2037,30-34,男,179644.0,0.919,0.963,0.85,135136.7,低,悲观,Pop×LFPR×就业率×覆盖率；LFPR分性别由表230-28001合计+性别差还原
2037,30-34,女,178716.6,0.8187,0.963,0.85,119772.3,低,悲观,Pop×LFPR×就业率×覆盖率；LFPR分性别由表230-28001合计+性别差还原
2037,35-39,男,207748.9,0.9,0.963,0.85,153047.6,低,悲观,Pop×LFPR×就业率×覆盖率；LFPR分性别由表230-28001合计+性别差还原
2037,35-39,女,201883.7,0.7783,0.963,0.85,128608.4,低,悲观,Pop×LFPR×就业率×覆盖率；LFPR分性别由表230-28001合计+性别差还原
2037,40-44,男,249152.7,0.882,0.963,0.85,179878.6,低,悲观,Pop×LFPR×就业率×覆盖率；LFPR分性别由表230-28001合计+性别差还原
2037,40-44,女,246431.6,0.7412,0.963,0.85,149517.8,低,悲观,Pop×LFPR×就业率×覆盖率；LFPR分性别由表230-28001合计+性别差还原
2037,45-49,男,262099.7,0.89,0.963,0.85,190942.1,低,悲观,Pop×LFPR×就业率×覆盖率；LFPR分性别由表230-28001合计+性别差还原
2037,45-49,女,271025.0,0.713,0.963,0.85,158169.3,低,悲观,Pop×LFPR×就业率×覆盖率；LFPR分性别由表230-28001合计+性别差还原
2037,50-54,男,259563.5,0.887,0.963,0.85,188457.1,低,悲观,Pop×LFPR×就业率×覆盖率；LFPR分性别由表230-28001合计+性别差还原
2037,50-54,女,290944.3,0.6789,0.963,0.85,161673.2,低,悲观,Pop×LFPR×就业率×覆盖率；LFPR分性别由表230-28001合计+性别差还原
2037,55-59,男,249147.6,0.8105,0.963,0.85,165293.2,低,悲观,Pop×LFPR×就业率×覆盖率；LFPR分性别由表230-28001合计+性别差还原
2037,55-59,女,303674.1,0.5647,0.963,0.85,140378.8,低,悲观,Pop×LFPR×就业率×覆盖率；LFPR分性别由表230-28001合计+性别差还原
2037,60-64,男,251086.6,0.6425,0.963,0.85,132051.1,低,悲观,Pop×LFPR×就业率×覆盖率；LFPR分性别由表230-28001合计+性别差还原
2037,60-64,女,318821.2,0.3565,0.963,0.85,93034.2,低,悲观,Pop×LFPR×就业率×覆盖率；LFPR分性别由表230-28001合计+性别差还原
2037,15-19,混合,256469.7,0.16,0.963,0.85,33589.3,低,悲观,男+女合计
2037,20-24,混合,333693.7,0.6,0.963,0.85,163887.0,低,悲观,男+女合计
2037,25-29,混合,355599.1,0.875,0.963,0.85,254691.2,低,悲观,男+女合计
2037,30-34,混合,358360.6,0.869,0.963,0.85,254909.0,低,悲观,男+女合计
2037,35-39,混合,409632.6,0.84,0.963,0.85,281656.0,低,悲观,男+女合计
2037,40-44,混合,495584.3,0.812,0.963,0.85,329396.4,低,悲观,男+女合计
2037,45-49,混合,533124.7,0.8,0.963,0.85,349111.4,低,悲观,男+女合计
2037,50-54,混合,550507.8,0.777,0.963,0.85,350130.3,低,悲观,男+女合计
2037,55-59,混合,552821.7,0.6755,0.963,0.85,305672.0,低,悲观,男+女合计
2037,60-64,混合,569907.8,0.4825,0.963,0.85,225085.3,低,悲观,男+女合计
2038,15-19,男,124280.6,0.18,0.963,0.85,18311.4,低,悲观,Pop×LFPR×就业率×覆盖率；LFPR分性别由表230-28001合计+性别差还原
2038,15-19,女,117730.1,0.1389,0.963,0.85,13384.3,低,悲观,Pop×LFPR×就业率×覆盖率；LFPR分性别由表230-28001合计+性别差还原
2038,20-24,男,167129.7,0.63,0.963,0.85,86186.5,低,悲观,Pop×LFPR×就业率×覆盖率；LFPR分性别由表230-28001合计+性别差还原
2038,20-24,女,159384.8,0.5685,0.963,0.85,74174.5,低,悲观,Pop×LFPR×就业率×覆盖率；LFPR分性别由表230-28001合计+性别差还原
2038,25-29,男,184444.9,0.915,0.963,0.85,138144.3,低,悲观,Pop×LFPR×就业率×覆盖率；LFPR分性别由表230-28001合计+性别差还原
2038,25-29,女,176869.4,0.8333,0.963,0.85,120640.3,低,悲观,Pop×LFPR×就业率×覆盖率；LFPR分性别由表230-28001合计+性别差还原
2038,30-34,男,183260.8,0.919,0.963,0.85,137857.5,低,悲观,Pop×LFPR×就业率×覆盖率；LFPR分性别由表230-28001合计+性别差还原
2038,30-34,女,180980.4,0.8184,0.963,0.85,121234.6,低,悲观,Pop×LFPR×就业率×覆盖率；LFPR分性别由表230-28001合计+性别差还原
2038,35-39,男,203682.6,0.9,0.963,0.85,150052.0,低,悲观,Pop×LFPR×就业率×覆盖率；LFPR分性别由表230-28001合计+性别差还原
2038,35-39,女,199790.4,0.7788,0.963,0.85,127368.8,低,悲观,Pop×LFPR×就业率×覆盖率；LFPR分性别由表230-28001合计+性别差还原
2038,40-44,男,243584.6,0.882,0.963,0.85,175858.6,低,悲观,Pop×LFPR×就业率×覆盖率；LFPR分性别由表230-28001合计+性别差还原
2038,40-44,女,240039.6,0.741,0.963,0.85,145588.3,低,悲观,Pop×LFPR×就业率×覆盖率；LFPR分性别由表230-28001合计+性别差还原
2038,45-49,男,262923.4,0.89,0.963,0.85,191542.2,低,悲观,Pop×LFPR×就业率×覆盖率；LFPR分性别由表230-28001合计+性别差还原
2038,45-49,女,269623.1,0.7122,0.963,0.85,157190.6,低,悲观,Pop×LFPR×就业率×覆盖率；LFPR分性别由表230-28001合计+性别差还原
2038,50-54,男,261694.4,0.887,0.963,0.85,190004.2,低,悲观,Pop×LFPR×就业率×覆盖率；LFPR分性别由表230-28001合计+性别差还原
2038,50-54,女,288576.7,0.6772,0.963,0.85,159975.5,低,悲观,Pop×LFPR×就业率×覆盖率；LFPR分性别由表230-28001合计+性别差还原
2038,55-59,男,252327.4,0.81,0.963,0.85,167299.5,低,悲观,Pop×LFPR×就业率×覆盖率；LFPR分性别由表230-28001合计+性别差还原
2038,55-59,女,302836.1,0.5625,0.963,0.85,139440.1,低,悲观,Pop×LFPR×就业率×覆盖率；LFPR分性别由表230-28001合计+性别差还原
2038,60-64,男,250739.3,0.642,0.963,0.85,131765.8,低,悲观,Pop×LFPR×就业率×覆盖率；LFPR分性别由表230-28001合计+性别差还原
2038,60-64,女,316962.5,0.3554,0.963,0.85,92215.9,低,悲观,Pop×LFPR×就业率×覆盖率；LFPR分性别由表230-28001合计+性别差还原
2038,15-19,混合,242010.7,0.16,0.963,0.85,31695.7,低,悲观,男+女合计
2038,20-24,混合,326514.5,0.6,0.963,0.85,160361.0,低,悲观,男+女合计
2038,25-29,混合,361314.3,0.875,0.963,0.85,258784.6,低,悲观,男+女合计
2038,30-34,混合,364241.2,0.869,0.963,0.85,259092.1,低,悲观,男+女合计
2038,35-39,混合,403473.0,0.84,0.963,0.85,277420.8,低,悲观,男+女合计
2038,40-44,混合,483624.2,0.812,0.963,0.85,321446.9,低,悲观,男+女合计
2038,45-49,混合,532546.5,0.8,0.963,0.85,348732.8,低,悲观,男+女合计
2038,50-54,混合,550271.1,0.777,0.963,0.85,349979.7,低,悲观,男+女合计
2038,55-59,混合,555163.5,0.675,0.963,0.85,306739.6,低,悲观,男+女合计
2038,60-64,混合,567701.8,0.482,0.963,0.85,223981.7,低,悲观,男+女合计
2039,15-19,男,116663.6,0.18,0.963,0.85,17189.1,低,悲观,Pop×LFPR×就业率×覆盖率；LFPR分性别由表230-28001合计+性别差还原
2039,15-19,女,110598.0,0.1389,0.963,0.85,12574.9,低,悲观,Pop×LFPR×就业率×覆盖率；LFPR分性别由表230-28001合计+性别差还原
2039,20-24,男,163059.7,0.63,0.963,0.85,84087.7,低,悲观,Pop×LFPR×就业率×覆盖率；LFPR分性别由表230-28001合计+性别差还原
2039,20-24,女,155848.9,0.5686,0.963,0.85,72537.9,低,悲观,Pop×LFPR×就业率×覆盖率；LFPR分性别由表230-28001合计+性别差还原
2039,25-29,男,186745.4,0.915,0.963,0.85,139867.3,低,悲观,Pop×LFPR×就业率×覆盖率；LFPR分性别由表230-28001合计+性别差还原
2039,25-29,女,179251.8,0.8333,0.963,0.85,122271.3,低,悲观,Pop×LFPR×就业率×覆盖率；LFPR分性别由表230-28001合计+性别差还原
2039,30-34,男,186760.1,0.919,0.963,0.85,140489.8,低,悲观,Pop×LFPR×就业率×覆盖率；LFPR分性别由表230-28001合计+性别差还原
2039,30-34,女,183117.3,0.818,0.963,0.85,122611.4,低,悲观,Pop×LFPR×就业率×覆盖率；LFPR分性别由表230-28001合计+性别差还原
2039,35-39,男,199505.6,0.9,0.963,0.85,146974.8,低,悲观,Pop×LFPR×就业率×覆盖率；LFPR分性别由表230-28001合计+性别差还原
2039,35-39,女,197569.7,0.7794,0.963,0.85,126047.1,低,悲观,Pop×LFPR×就业率×覆盖率；LFPR分性别由表230-28001合计+性别差还原
2039,40-44,男,237916.8,0.882,0.963,0.85,171766.7,低,悲观,Pop×LFPR×就业率×覆盖率；LFPR分性别由表230-28001合计+性别差还原
2039,40-44,女,233527.6,0.7407,0.963,0.85,141584.8,低,悲观,Pop×LFPR×就业率×覆盖率；LFPR分性别由表230-28001合计+性别差还原
2039,45-49,男,263689.5,0.89,0.963,0.85,192100.3,低,悲观,Pop×LFPR×就业率×覆盖率；LFPR分性别由表230-28001合计+性别差还原
2039,45-49,女,268158.5,0.7115,0.963,0.85,156175.0,低,悲观,Pop×LFPR×就业率×覆盖率；LFPR分性别由表230-28001合计+性别差还原
2039,50-54,男,263818.7,0.887,0.963,0.85,191546.6,低,悲观,Pop×LFPR×就业率×覆盖率；LFPR分性别由表230-28001合计+性别差还原
2039,50-54,女,286189.1,0.6756,0.963,0.85,158265.7,低,悲观,Pop×LFPR×就业率×覆盖率；LFPR分性别由表230-28001合计+性别差还原
2039,55-59,男,255646.2,0.8095,0.963,0.85,169395.3,低,悲观,Pop×LFPR×就业率×覆盖率；LFPR分性别由表230-28001合计+性别差还原
2039,55-59,女,302154.5,0.5603,0.963,0.85,138573.1,低,悲观,Pop×LFPR×就业率×覆盖率；LFPR分性别由表230-28001合计+性别差还原
2039,60-64,男,250387.9,0.6415,0.963,0.85,131478.6,低,悲观,Pop×LFPR×就业率×覆盖率；LFPR分性别由表230-28001合计+性别差还原
2039,60-64,女,315074.3,0.3543,0.963,0.85,91388.0,低,悲观,Pop×LFPR×就业率×覆盖率；LFPR分性别由表230-28001合计+性别差还原
2039,15-19,混合,227261.6,0.16,0.963,0.85,29764.0,低,悲观,男+女合计
2039,20-24,混合,318908.6,0.6,0.963,0.85,156625.6,低,悲观,男+女合计
2039,25-29,混合,365997.2,0.875,0.963,0.85,262138.6,低,悲观,男+女合计
2039,30-34,混合,369877.4,0.869,0.963,0.85,263101.2,低,悲观,男+女合计
2039,35-39,混合,397075.3,0.84,0.963,0.85,273021.9,低,悲观,男+女合计
2039,40-44,混合,471444.4,0.812,0.963,0.85,313351.5,低,悲观,男+女合计
2039,45-49,混合,531848.0,0.8,0.963,0.85,348275.3,低,悲观,男+女合计
2039,50-54,混合,550007.8,0.777,0.963,0.85,349812.3,低,悲观,男+女合计
2039,55-59,混合,557800.7,0.6745,0.963,0.85,307968.4,低,悲观,男+女合计
2039,60-64,混合,565462.2,0.4815,0.963,0.85,222866.6,低,悲观,男+女合计
2040,15-19,男,108940.2,0.18,0.963,0.85,16051.1,低,悲观,Pop×LFPR×就业率×覆盖率；LFPR分性别由表230-28001合计+性别差还原
2040,15-19,女,103355.6,0.1389,0.963,0.85,11752.8,低,悲观,Pop×LFPR×就业率×覆盖率；LFPR分性别由表230-28001合计+性别差还原
2040,20-24,男,158785.1,0.63,0.963,0.85,81883.3,低,悲观,Pop×LFPR×就业率×覆盖率；LFPR分性别由表230-28001合计+性别差还原
2040,20-24,女,152090.8,0.5687,0.963,0.85,70797.1,低,悲观,Pop×LFPR×就业率×覆盖率；LFPR分性别由表230-28001合计+性别差还原
2040,25-29,男,188534.9,0.915,0.963,0.85,141207.6,低,悲观,Pop×LFPR×就业率×覆盖率；LFPR分性别由表230-28001合计+性别差还原
2040,25-29,女,181077.2,0.8334,0.963,0.85,123520.1,低,悲观,Pop×LFPR×就业率×覆盖率；LFPR分性别由表230-28001合计+性别差还原
2040,30-34,男,190142.0,0.919,0.963,0.85,143033.8,低,悲观,Pop×LFPR×就业率×覆盖率；LFPR分性别由表230-28001合计+性别差还原
2040,30-34,女,185127.4,0.8176,0.963,0.85,123902.8,低,悲观,Pop×LFPR×就业率×覆盖率；LFPR分性别由表230-28001合计+性别差还原
2040,35-39,男,195217.8,0.9,0.963,0.85,143816.0,低,悲观,Pop×LFPR×就业率×覆盖率；LFPR分性别由表230-28001合计+性别差还原
2040,35-39,女,195221.7,0.78,0.963,0.85,124643.2,低,悲观,Pop×LFPR×就业率×覆盖率；LFPR分性别由表230-28001合计+性别差还原
2040,40-44,男,232149.1,0.882,0.963,0.85,167602.6,低,悲观,Pop×LFPR×就业率×覆盖率；LFPR分性别由表230-28001合计+性别差还原
2040,40-44,女,226895.4,0.7404,0.963,0.85,137507.1,低,悲观,Pop×LFPR×就业率×覆盖率；LFPR分性别由表230-28001合计+性别差还原
2040,45-49,男,264380.6,0.89,0.963,0.85,192603.8,低,悲观,Pop×LFPR×就业率×覆盖率；LFPR分性别由表230-28001合计+性别差还原
2040,45-49,女,266612.2,0.7108,0.963,0.85,155111.5,低,悲观,Pop×LFPR×就业率×覆盖率；LFPR分性别由表230-28001合计+性别差还原
2040,50-54,男,265936.6,0.887,0.963,0.85,193084.3,低,悲观,Pop×LFPR×就业率×覆盖率；LFPR分性别由表230-28001合计+性别差还原
2040,50-54,女,283781.3,0.6739,0.963,0.85,156543.6,低,悲观,Pop×LFPR×就业率×覆盖率；LFPR分性别由表230-28001合计+性别差还原
2040,55-59,男,259111.9,0.809,0.963,0.85,171585.7,低,悲观,Pop×LFPR×就业率×覆盖率；LFPR分性别由表230-28001合计+性别差还原
2040,55-59,女,301638.0,0.558,0.963,0.85,137781.5,低,悲观,Pop×LFPR×就业率×覆盖率；LFPR分性别由表230-28001合计+性别差还原
2040,60-64,男,250031.9,0.641,0.963,0.85,131189.4,低,悲观,Pop×LFPR×就业率×覆盖率；LFPR分性别由表230-28001合计+性别差还原
2040,60-64,女,313156.4,0.3533,0.963,0.85,90550.6,低,悲观,Pop×LFPR×就业率×覆盖率；LFPR分性别由表230-28001合计+性别差还原
2040,15-19,混合,212295.8,0.16,0.963,0.85,27803.9,低,悲观,男+女合计
2040,20-24,混合,310875.9,0.6,0.963,0.85,152680.4,低,悲观,男+女合计
2040,25-29,混合,369612.1,0.875,0.963,0.85,264727.7,低,悲观,男+女合计
2040,30-34,混合,375269.4,0.869,0.963,0.85,266936.6,低,悲观,男+女合计
2040,35-39,混合,390439.5,0.84,0.963,0.85,268459.2,低,悲观,男+女合计
2040,40-44,混合,459044.5,0.812,0.963,0.85,305109.7,低,悲观,男+女合计
2040,45-49,混合,530992.8,0.8,0.963,0.85,347715.3,低,悲观,男+女合计
2040,50-54,混合,549717.9,0.777,0.963,0.85,349627.9,低,悲观,男+女合计
2040,55-59,混合,560749.9,0.674,0.963,0.85,309367.2,低,悲观,男+女合计
2040,60-64,混合,563188.3,0.481,0.963,0.85,221740.0,低,悲观,男+女合计
2041,15-19,男,101145.7,0.18,0.963,0.85,14902.7,低,悲观,Pop×LFPR×就业率×覆盖率；LFPR分性别由表230-28001合计+性别差还原
2041,15-19,女,96041.3,0.1389,0.963,0.85,10922.5,低,悲观,Pop×LFPR×就业率×覆盖率；LFPR分性别由表230-28001合计+性别差还原
2041,20-24,男,154306.0,0.63,0.963,0.85,79573.5,低,悲观,Pop×LFPR×就业率×覆盖率；LFPR分性别由表230-28001合计+性别差还原
2041,20-24,女,148110.5,0.5687,0.963,0.85,68952.3,低,悲观,Pop×LFPR×就业率×覆盖率；LFPR分性别由表230-28001合计+性别差还原
2041,25-29,男,189796.6,0.915,0.963,0.85,142152.6,低,悲观,Pop×LFPR×就业率×覆盖率；LFPR分性别由表230-28001合计+性别差还原
2041,25-29,女,182326.9,0.8334,0.963,0.85,124373.9,低,悲观,Pop×LFPR×就业率×覆盖率；LFPR分性别由表230-28001合计+性别差还原
2041,30-34,男,193406.5,0.919,0.963,0.85,145489.5,低,悲观,Pop×LFPR×就业率×覆盖率；LFPR分性别由表230-28001合计+性别差还原
2041,30-34,女,187010.7,0.8173,0.963,0.85,125108.8,低,悲观,Pop×LFPR×就业率×覆盖率；LFPR分性别由表230-28001合计+性别差还原
2041,35-39,男,190819.4,0.9,0.963,0.85,140575.7,低,悲观,Pop×LFPR×就业率×覆盖率；LFPR分性别由表230-28001合计+性别差还原
2041,35-39,女,192746.4,0.7806,0.963,0.85,123157.2,低,悲观,Pop×LFPR×就业率×覆盖率；LFPR分性别由表230-28001合计+性别差还原
2041,40-44,男,226281.3,0.882,0.963,0.85,163366.3,低,悲观,Pop×LFPR×就业率×覆盖率；LFPR分性别由表230-28001合计+性别差还原
2041,40-44,女,220142.9,0.74,0.963,0.85,133355.2,低,悲观,Pop×LFPR×就业率×覆盖率；LFPR分性别由表230-28001合计+性别差还原
2041,45-49,男,264979.2,0.89,0.963,0.85,193039.9,低,悲观,Pop×LFPR×就业率×覆盖率；LFPR分性别由表230-28001合计+性别差还原
2041,45-49,女,264965.0,0.71,0.963,0.85,153988.8,低,悲观,Pop×LFPR×就业率×覆盖率；LFPR分性别由表230-28001合计+性别差还原
2041,50-54,男,268047.9,0.887,0.963,0.85,194617.2,低,悲观,Pop×LFPR×就业率×覆盖率；LFPR分性别由表230-28001合计+性别差还原
2041,50-54,女,281353.4,0.6722,0.963,0.85,154809.4,低,悲观,Pop×LFPR×就业率×覆盖率；LFPR分性别由表230-28001合计+性别差还原
2041,55-59,男,262732.1,0.8085,0.963,0.85,173875.5,低,悲观,Pop×LFPR×就业率×覆盖率；LFPR分性别由表230-28001合计+性别差还原
2041,55-59,女,301295.2,0.5558,0.963,0.85,137069.0,低,悲观,Pop×LFPR×就业率×覆盖率；LFPR分性别由表230-28001合计+性别差还原
2041,60-64,男,249670.9,0.6405,0.963,0.85,130897.8,低,悲观,Pop×LFPR×就业率×覆盖率；LFPR分性别由表230-28001合计+性别差还原
2041,60-64,女,311208.4,0.3521,0.963,0.85,89703.5,低,悲观,Pop×LFPR×就业率×覆盖率；LFPR分性别由表230-28001合计+性别差还原
2041,15-19,混合,197187.0,0.16,0.963,0.85,25825.2,低,悲观,男+女合计
2041,20-24,混合,302416.5,0.6,0.963,0.85,148525.8,低,悲观,男+女合计
2041,25-29,混合,372123.5,0.875,0.963,0.85,266526.5,低,悲观,男+女合计
2041,30-34,混合,380417.2,0.869,0.963,0.85,270598.3,低,悲观,男+女合计
2041,35-39,混合,383565.8,0.84,0.963,0.85,263732.9,低,悲观,男+女合计
2041,40-44,混合,446424.2,0.812,0.963,0.85,296721.5,低,悲观,男+女合计
2041,45-49,混合,529944.2,0.8,0.963,0.85,347028.7,低,悲观,男+女合计
2041,50-54,混合,549401.3,0.777,0.963,0.85,349426.6,低,悲观,男+女合计
2041,55-59,混合,564027.3,0.6735,0.963,0.85,310944.5,低,悲观,男+女合计
2041,60-64,混合,560879.3,0.4805,0.963,0.85,220601.3,低,悲观,男+女合计
2042,15-19,男,101853.0,0.18,0.963,0.85,15006.9,低,悲观,Pop×LFPR×就业率×覆盖率；LFPR分性别由表230-28001合计+性别差还原
2042,15-19,女,97182.2,0.139,0.963,0.85,11060.3,低,悲观,Pop×LFPR×就业率×覆盖率；LFPR分性别由表230-28001合计+性别差还原
2042,20-24,男,146416.0,0.63,0.963,0.85,75504.8,低,悲观,Pop×LFPR×就业率×覆盖率；LFPR分性别由表230-28001合计+性别差还原
2042,20-24,女,140667.8,0.5688,0.963,0.85,65490.7,低,悲观,Pop×LFPR×就业率×覆盖率；LFPR分性别由表230-28001合计+性别差还原
2042,25-29,男,185543.7,0.915,0.963,0.85,138967.3,低,悲观,Pop×LFPR×就业率×覆盖率；LFPR分性别由表230-28001合计+性别差还原
2042,25-29,女,178590.4,0.8334,0.963,0.85,121837.0,低,悲观,Pop×LFPR×就业率×覆盖率；LFPR分性别由表230-28001合计+性别差还原
2042,30-34,男,196076.5,0.919,0.963,0.85,147498.0,低,悲观,Pop×LFPR×就业率×覆盖率；LFPR分性别由表230-28001合计+性别差还原
2042,30-34,女,189801.0,0.8173,0.963,0.85,126984.3,低,悲观,Pop×LFPR×就业率×覆盖率；LFPR分性别由表230-28001合计+性别差还原
2042,35-39,男,193951.2,0.9,0.963,0.85,142882.9,低,悲观,Pop×LFPR×就业率×覆盖率；LFPR分性别由表230-28001合计+性别差还原
2042,35-39,女,194487.6,0.7802,0.963,0.85,124200.6,低,悲观,Pop×LFPR×就业率×覆盖率；LFPR分性别由表230-28001合计+性别差还原
2042,40-44,男,221746.0,0.882,0.963,0.85,160092.0,低,悲观,Pop×LFPR×就业率×覆盖率；LFPR分性别由表230-28001合计+性别差还原
2042,40-44,女,217535.3,0.7406,0.963,0.85,131881.9,低,悲观,Pop×LFPR×就业率×覆盖率；LFPR分性别由表230-28001合计+性别差还原
2042,45-49,男,259090.0,0.89,0.963,0.85,188749.5,低,悲观,Pop×LFPR×就业率×覆盖率；LFPR分性别由表230-28001合计+性别差还原
2042,45-49,女,258209.4,0.7097,0.963,0.85,149998.8,低,悲观,Pop×LFPR×就业率×覆盖率；LFPR分性别由表230-28001合计+性别差还原
2042,50-54,男,268554.9,0.887,0.963,0.85,194985.3,低,悲观,Pop×LFPR×就业率×覆盖率；LFPR分性别由表230-28001合计+性别差还原
2042,50-54,女,279608.7,0.6713,0.963,0.85,153654.0,低,悲观,Pop×LFPR×就业率×覆盖率；LFPR分性别由表230-28001合计+性别差还原
2042,55-59,男,264504.3,0.808,0.963,0.85,174940.1,低,悲观,Pop×LFPR×就业率×覆盖率；LFPR分性别由表230-28001合计+性别差还原
2042,55-59,女,298582.1,0.5534,0.963,0.85,135255.3,低,悲观,Pop×LFPR×就业率×覆盖率；LFPR分性别由表230-28001合计+性别差还原
2042,60-64,男,252341.1,0.64,0.963,0.85,132194.4,低,悲观,Pop×LFPR×就业率×覆盖率；LFPR分性别由表230-28001合计+性别差还原
2042,60-64,女,309860.4,0.3497,0.963,0.85,88696.8,低,悲观,Pop×LFPR×就业率×覆盖率；LFPR分性别由表230-28001合计+性别差还原
2042,15-19,混合,199035.2,0.16,0.963,0.85,26067.2,低,悲观,男+女合计
2042,20-24,混合,287083.8,0.6,0.963,0.85,140995.5,低,悲观,男+女合计
2042,25-29,混合,364134.1,0.875,0.963,0.85,260804.3,低,悲观,男+女合计
2042,30-34,混合,385877.5,0.869,0.963,0.85,274482.3,低,悲观,男+女合计
2042,35-39,混合,388438.8,0.84,0.963,0.85,267083.5,低,悲观,男+女合计
2042,40-44,混合,439281.3,0.812,0.963,0.85,291973.9,低,悲观,男+女合计
2042,45-49,混合,517299.4,0.8,0.963,0.85,338748.3,低,悲观,男+女合计
2042,50-54,混合,548163.6,0.777,0.963,0.85,348639.3,低,悲观,男+女合计
2042,55-59,混合,563086.4,0.673,0.963,0.85,310195.4,低,悲观,男+女合计
2042,60-64,混合,562201.5,0.48,0.963,0.85,220891.2,低,悲观,男+女合计
2043,15-19,男,102257.1,0.18,0.963,0.85,15066.5,低,悲观,Pop×LFPR×就业率×覆盖率；LFPR分性别由表230-28001合计+性别差还原
2043,15-19,女,98010.8,0.1391,0.963,0.85,11162.2,低,悲观,Pop×LFPR×就业率×覆盖率；LFPR分性别由表230-28001合计+性别差还原
2043,20-24,男,138349.6,0.63,0.963,0.85,71345.0,低,悲观,Pop×LFPR×就业率×覆盖率；LFPR分性别由表230-28001合计+性别差还原
2043,20-24,女,133039.0,0.5688,0.963,0.85,61942.1,低,悲观,Pop×LFPR×就业率×覆盖率；LFPR分性别由表230-28001合计+性别差还原
2043,25-29,男,181086.9,0.915,0.963,0.85,135629.2,低,悲观,Pop×LFPR×就业率×覆盖率；LFPR分性别由表230-28001合计+性别差还原
2043,25-29,女,174631.8,0.8335,0.963,0.85,119147.6,低,悲观,Pop×LFPR×就业率×覆盖率；LFPR分性别由表230-28001合计+性别差还原
2043,30-34,男,198270.7,0.919,0.963,0.85,149148.6,低,悲观,Pop×LFPR×就业率×覆盖率；LFPR分性别由表230-28001合计+性别差还原
2043,30-34,女,192071.9,0.8174,0.963,0.85,128509.9,低,悲观,Pop×LFPR×就业率×覆盖率；LFPR分性别由表230-28001合计+性别差还原
2043,35-39,男,196965.7,0.9,0.963,0.85,145103.6,低,悲观,Pop×LFPR×就业率×覆盖率；LFPR分性别由表230-28001合计+性别差还原
2043,35-39,女,196102.1,0.7797,0.963,0.85,125162.7,低,悲观,Pop×LFPR×就业率×覆盖率；LFPR分性别由表230-28001合计+性别差还原
2043,40-44,男,217102.9,0.882,0.963,0.85,156739.8,低,悲观,Pop×LFPR×就业率×覆盖率；LFPR分性别由表230-28001合计+性别差还原
2043,40-44,女,214800.9,0.7412,0.963,0.85,130330.5,低,悲观,Pop×LFPR×就业率×覆盖率；LFPR分性别由表230-28001合计+性别差还原
2043,45-49,男,253106.7,0.89,0.963,0.85,184390.6,低,悲观,Pop×LFPR×就业率×覆盖率；LFPR分性别由表230-28001合计+性别差还原
2043,45-49,女,251337.8,0.7094,0.963,0.85,145939.8,低,悲观,Pop×LFPR×就业率×覆盖率；LFPR分性别由表230-28001合计+性别差还原
2043,50-54,男,269024.4,0.887,0.963,0.85,195326.2,低,悲观,Pop×LFPR×就业率×覆盖率；LFPR分性别由表230-28001合计+性别差还原
2043,50-54,女,277822.9,0.6705,0.963,0.85,152476.0,低,悲观,Pop×LFPR×就业率×覆盖率；LFPR分性别由表230-28001合计+性别差还原
2043,55-59,男,266271.2,0.8075,0.963,0.85,175999.7,低,悲观,Pop×LFPR×就业率×覆盖率；LFPR分性别由表230-28001合计+性别差还原
2043,55-59,女,295852.1,0.551,0.963,0.85,133435.0,低,悲观,Pop×LFPR×就业率×覆盖率；LFPR分性别由表230-28001合计+性别差还原
2043,60-64,男,255138.4,0.6395,0.963,0.85,133555.4,低,悲观,Pop×LFPR×就业率×覆盖率；LFPR分性别由表230-28001合计+性别差还原
2043,60-64,女,308661.9,0.3472,0.963,0.85,87733.2,低,悲观,Pop×LFPR×就业率×覆盖率；LFPR分性别由表230-28001合计+性别差还原
2043,15-19,混合,200267.9,0.16,0.963,0.85,26228.7,低,悲观,男+女合计
2043,20-24,混合,271388.6,0.6,0.963,0.85,133287.1,低,悲观,男+女合计
2043,25-29,混合,355718.7,0.875,0.963,0.85,254776.8,低,悲观,男+女合计
2043,30-34,混合,390342.6,0.869,0.963,0.85,277658.5,低,悲观,男+女合计
2043,35-39,混合,393067.8,0.84,0.963,0.85,270266.3,低,悲观,男+女合计
2043,40-44,混合,431903.8,0.812,0.963,0.85,287070.3,低,悲观,男+女合计
2043,45-49,混合,504444.5,0.8,0.963,0.85,330330.4,低,悲观,男+女合计
2043,50-54,混合,546847.3,0.777,0.963,0.85,347802.2,低,悲观,男+女合计
2043,55-59,混合,562123.3,0.6725,0.963,0.85,309434.7,低,悲观,男+女合计
2043,60-64,混合,563800.3,0.4795,0.963,0.85,221288.6,低,悲观,男+女合计
2044,15-19,男,102356.0,0.18,0.963,0.85,15081.0,低,悲观,Pop×LFPR×就业率×覆盖率；LFPR分性别由表230-28001合计+性别差还原
2044,15-19,女,98524.6,0.1392,0.963,0.85,11227.9,低,悲观,Pop×LFPR×就业率×覆盖率；LFPR分性别由表230-28001合计+性别差还原
2044,20-24,男,130142.2,0.63,0.963,0.85,67112.6,低,悲观,Pop×LFPR×就业率×覆盖率；LFPR分性别由表230-28001合计+性别差还原
2044,20-24,女,125262.3,0.5688,0.963,0.85,58324.2,低,悲观,Pop×LFPR×就业率×覆盖率；LFPR分性别由表230-28001合计+性别差还原
2044,25-29,男,176426.1,0.915,0.963,0.85,132138.4,低,悲观,Pop×LFPR×就业率×覆盖率；LFPR分性别由表230-28001合计+性别差还原
2044,25-29,女,170451.0,0.8336,0.963,0.85,116305.8,低,悲观,Pop×LFPR×就业率×覆盖率；LFPR分性别由表230-28001合计+性别差还原
2044,30-34,男,199972.0,0.919,0.963,0.85,150428.4,低,悲观,Pop×LFPR×就业率×覆盖率；LFPR分性别由表230-28001合计+性别差还原
2044,30-34,女,193804.8,0.8174,0.963,0.85,129672.9,低,悲观,Pop×LFPR×就业率×覆盖率；LFPR分性别由表230-28001合计+性别差还原
2044,35-39,男,199863.1,0.9,0.963,0.85,147238.1,低,悲观,Pop×LFPR×就业率×覆盖率；LFPR分性别由表230-28001合计+性别差还原
2044,35-39,女,197590.1,0.7793,0.963,0.85,126043.5,低,悲观,Pop×LFPR×就业率×覆盖率；LFPR分性别由表230-28001合计+性别差还原
2044,40-44,男,212352.0,0.882,0.963,0.85,153309.9,低,悲观,Pop×LFPR×就业率×覆盖率；LFPR分性别由表230-28001合计+性别差还原
2044,40-44,女,211939.6,0.7419,0.963,0.85,128700.9,低,悲观,Pop×LFPR×就业率×覆盖率；LFPR分性别由表230-28001合计+性别差还原
2044,45-49,男,247029.1,0.89,0.963,0.85,179963.0,低,悲观,Pop×LFPR×就业率×覆盖率；LFPR分性别由表230-28001合计+性别差还原
2044,45-49,女,244350.0,0.709,0.963,0.85,141811.6,低,悲观,Pop×LFPR×就业率×覆盖率；LFPR分性别由表230-28001合计+性别差还原
2044,50-54,男,269439.2,0.887,0.963,0.85,195627.4,低,悲观,Pop×LFPR×就业率×覆盖率；LFPR分性别由表230-28001合计+性别差还原
2044,50-54,女,275976.6,0.6696,0.963,0.85,151264.4,低,悲观,Pop×LFPR×就业率×覆盖率；LFPR分性别由表230-28001合计+性别差还原
2044,55-59,男,268032.7,0.807,0.963,0.85,177054.3,低,悲观,Pop×LFPR×就业率×覆盖率；LFPR分性别由表230-28001合计+性别差还原
2044,55-59,女,293105.1,0.5485,0.963,0.85,131608.3,低,悲观,Pop×LFPR×就业率×覆盖率；LFPR分性别由表230-28001合计+性别差还原
2044,60-64,男,258070.3,0.639,0.963,0.85,134984.6,低,悲观,Pop×LFPR×就业率×覆盖率；LFPR分性别由表230-28001合计+性别差还原
2044,60-64,女,307621.1,0.3448,0.963,0.85,86814.8,低,悲观,Pop×LFPR×就业率×覆盖率；LFPR分性别由表230-28001合计+性别差还原
2044,15-19,混合,200880.6,0.16,0.963,0.85,26308.9,低,悲观,男+女合计
2044,20-24,混合,255404.5,0.6,0.963,0.85,125436.8,低,悲观,男+女合计
2044,25-29,混合,346877.1,0.875,0.963,0.85,248444.2,低,悲观,男+女合计
2044,30-34,混合,393776.8,0.869,0.963,0.85,280101.3,低,悲观,男+女合计
2044,35-39,混合,397453.2,0.84,0.963,0.85,273281.6,低,悲观,男+女合计
2044,40-44,混合,424291.6,0.812,0.963,0.85,282010.8,低,悲观,男+女合计
2044,45-49,混合,491379.1,0.8,0.963,0.85,321774.6,低,悲观,男+女合计
2044,50-54,混合,545415.8,0.777,0.963,0.85,346891.8,低,悲观,男+女合计
2044,55-59,混合,561137.8,0.672,0.963,0.85,308662.6,低,悲观,男+女合计
2044,60-64,混合,565691.4,0.479,0.963,0.85,221799.4,低,悲观,男+女合计
2045,15-19,男,102147.9,0.18,0.963,0.85,15050.4,低,悲观,Pop×LFPR×就业率×覆盖率；LFPR分性别由表230-28001合计+性别差还原
2045,15-19,女,98720.9,0.1393,0.963,0.85,11257.0,低,悲观,Pop×LFPR×就业率×覆盖率；LFPR分性别由表230-28001合计+性别差还原
2045,20-24,男,121828.9,0.63,0.963,0.85,62825.5,低,悲观,Pop×LFPR×就业率×覆盖率；LFPR分性别由表230-28001合计+性别差还原
2045,20-24,女,117376.0,0.5689,0.963,0.85,54655.2,低,悲观,Pop×LFPR×就业率×覆盖率；LFPR分性别由表230-28001合计+性别差还原
2045,25-29,男,171561.3,0.915,0.963,0.85,128494.8,低,悲观,Pop×LFPR×就业率×覆盖率；LFPR分性别由表230-28001合计+性别差还原
2045,25-29,女,166048.1,0.8337,0.963,0.85,113311.6,低,悲观,Pop×LFPR×就业率×覆盖率；LFPR分性别由表230-28001合计+性别差还原
2045,30-34,男,201163.4,0.919,0.963,0.85,151324.7,低,悲观,Pop×LFPR×就业率×覆盖率；LFPR分性别由表230-28001合计+性别差还原
2045,30-34,女,194981.2,0.8174,0.963,0.85,130460.9,低,悲观,Pop×LFPR×就业率×覆盖率；LFPR分性别由表230-28001合计+性别差还原
2045,35-39,男,202643.5,0.9,0.963,0.85,149286.5,低,悲观,Pop×LFPR×就业率×覆盖率；LFPR分性别由表230-28001合计+性别差还原
2045,35-39,女,198951.6,0.7789,0.963,0.85,126843.1,低,悲观,Pop×LFPR×就业率×覆盖率；LFPR分性别由表230-28001合计+性别差还原
2045,40-44,男,207493.1,0.882,0.963,0.85,149801.9,低,悲观,Pop×LFPR×就业率×覆盖率；LFPR分性别由表230-28001合计+性别差还原
2045,40-44,女,208951.5,0.7425,0.963,0.85,126993.2,低,悲观,Pop×LFPR×就业率×覆盖率；LFPR分性别由表230-28001合计+性别差还原
2045,45-49,男,240856.8,0.89,0.963,0.85,175466.5,低,悲观,Pop×LFPR×就业率×覆盖率；LFPR分性别由表230-28001合计+性别差还原
2045,45-49,女,237245.8,0.7086,0.963,0.85,137614.2,低,悲观,Pop×LFPR×就业率×覆盖率；LFPR分性别由表230-28001合计+性别差还原
2045,50-54,男,269781.8,0.887,0.963,0.85,195876.1,低,悲观,Pop×LFPR×就业率×覆盖率；LFPR分性别由表230-28001合计+性别差还原
2045,50-54,女,274051.0,0.6687,0.963,0.85,150008.8,低,悲观,Pop×LFPR×就业率×覆盖率；LFPR分性别由表230-28001合计+性别差还原
2045,55-59,男,269788.9,0.8065,0.963,0.85,178104.0,低,悲观,Pop×LFPR×就业率×覆盖率；LFPR分性别由表230-28001合计+性别差还原
2045,55-59,女,290341.0,0.5461,0.963,0.85,129774.9,低,悲观,Pop×LFPR×就业率×覆盖率；LFPR分性别由表230-28001合计+性别差还原
2045,60-64,男,261144.1,0.6385,0.963,0.85,136485.4,低,悲观,Pop×LFPR×就业率×覆盖率；LFPR分性别由表230-28001合计+性别差还原
2045,60-64,女,306746.4,0.3423,0.963,0.85,85943.7,低,悲观,Pop×LFPR×就业率×覆盖率；LFPR分性别由表230-28001合计+性别差还原
2045,15-19,混合,200868.8,0.16,0.963,0.85,26307.4,低,悲观,男+女合计
2045,20-24,混合,239204.9,0.6,0.963,0.85,117480.7,低,悲观,男+女合计
2045,25-29,混合,337609.4,0.875,0.963,0.85,241806.4,低,悲观,男+女合计
2045,30-34,混合,396144.6,0.869,0.963,0.85,281785.6,低,悲观,男+女合计
2045,35-39,混合,401595.1,0.84,0.963,0.85,276129.6,低,悲观,男+女合计
2045,40-44,混合,416444.6,0.812,0.963,0.85,276795.1,低,悲观,男+女合计
2045,45-49,混合,478102.6,0.8,0.963,0.85,313080.7,低,悲观,男+女合计
2045,50-54,混合,543832.8,0.777,0.963,0.85,345884.9,低,悲观,男+女合计
2045,55-59,混合,560129.9,0.6715,0.963,0.85,307878.9,低,悲观,男+女合计
2045,60-64,混合,567890.5,0.4785,0.963,0.85,222429.1,低,悲观,男+女合计
2046,15-19,男,101631.5,0.18,0.963,0.85,14974.3,低,悲观,Pop×LFPR×就业率×覆盖率；LFPR分性别由表230-28001合计+性别差还原
2046,15-19,女,98597.7,0.1394,0.963,0.85,11249.3,低,悲观,Pop×LFPR×就业率×覆盖率；LFPR分性别由表230-28001合计+性别差还原
2046,20-24,男,113445.0,0.63,0.963,0.85,58502.1,低,悲观,Pop×LFPR×就业率×覆盖率；LFPR分性别由表230-28001合计+性别差还原
2046,20-24,女,109418.3,0.5689,0.963,0.85,50952.8,低,悲观,Pop×LFPR×就业率×覆盖率；LFPR分性别由表230-28001合计+性别差还原
2046,25-29,男,166492.5,0.915,0.963,0.85,124698.4,低,悲观,Pop×LFPR×就业率×覆盖率；LFPR分性别由表230-28001合计+性别差还原
2046,25-29,女,161423.1,0.8337,0.963,0.85,110165.0,低,悲观,Pop×LFPR×就业率×覆盖率；LFPR分性别由表230-28001合计+性别差还原
2046,30-34,男,201828.0,0.919,0.963,0.85,151824.6,低,悲观,Pop×LFPR×就业率×覆盖率；LFPR分性别由表230-28001合计+性别差还原
2046,30-34,女,195582.6,0.8174,0.963,0.85,130861.5,低,悲观,Pop×LFPR×就业率×覆盖率；LFPR分性别由表230-28001合计+性别差还原
2046,35-39,男,205306.8,0.9,0.963,0.85,151248.5,低,悲观,Pop×LFPR×就业率×覆盖率；LFPR分性别由表230-28001合计+性别差还原
2046,35-39,女,200186.5,0.7785,0.963,0.85,127561.4,低,悲观,Pop×LFPR×就业率×覆盖率；LFPR分性别由表230-28001合计+性别差还原
2046,40-44,男,202526.1,0.882,0.963,0.85,146216.0,低,悲观,Pop×LFPR×就业率×覆盖率；LFPR分性别由表230-28001合计+性别差还原
2046,40-44,女,205836.6,0.7431,0.963,0.85,125207.4,低,悲观,Pop×LFPR×就业率×覆盖率；LFPR分性别由表230-28001合计+性别差还原
2046,45-49,男,234589.6,0.89,0.963,0.85,170900.8,低,悲观,Pop×LFPR×就业率×覆盖率；LFPR分性别由表230-28001合计+性别差还原
2046,45-49,女,230025.2,0.7082,0.963,0.85,133347.6,低,悲观,Pop×LFPR×就业率×覆盖率；LFPR分性别由表230-28001合计+性别差还原
2046,50-54,男,270034.8,0.887,0.963,0.85,196059.8,低,悲观,Pop×LFPR×就业率×覆盖率；LFPR分性别由表230-28001合计+性别差还原
2046,50-54,女,272026.9,0.6678,0.963,0.85,148698.7,低,悲观,Pop×LFPR×就业率×覆盖率；LFPR分性别由表230-28001合计+性别差还原
2046,55-59,男,271539.7,0.806,0.963,0.85,179148.7,低,悲观,Pop×LFPR×就业率×覆盖率；LFPR分性别由表230-28001合计+性别差还原
2046,55-59,女,287559.6,0.5435,0.963,0.85,127935.0,低,悲观,Pop×LFPR×就业率×覆盖率；LFPR分性别由表230-28001合计+性别差还原
2046,60-64,男,264367.2,0.638,0.963,0.85,138061.8,低,悲观,Pop×LFPR×就业率×覆盖率；LFPR分性别由表230-28001合计+性别差还原
2046,60-64,女,306046.0,0.3398,0.963,0.85,85122.0,低,悲观,Pop×LFPR×就业率×覆盖率；LFPR分性别由表230-28001合计+性别差还原
2046,15-19,混合,200229.2,0.16,0.963,0.85,26223.6,低,悲观,男+女合计
2046,20-24,混合,222863.3,0.6,0.963,0.85,109454.9,低,悲观,男+女合计
2046,25-29,混合,327915.6,0.875,0.963,0.85,234863.4,低,悲观,男+女合计
2046,30-34,混合,397410.6,0.869,0.963,0.85,282686.1,低,悲观,男+女合计
2046,35-39,混合,405493.3,0.84,0.963,0.85,278809.9,低,悲观,男+女合计
2046,40-44,混合,408362.7,0.812,0.963,0.85,271423.4,低,悲观,男+女合计
2046,45-49,混合,464614.8,0.8,0.963,0.85,304248.4,低,悲观,男+女合计
2046,50-54,混合,542061.7,0.777,0.963,0.85,344758.5,低,悲观,男+女合计
2046,55-59,混合,559099.3,0.671,0.963,0.85,307083.7,低,悲观,男+女合计
2046,60-64,混合,570413.2,0.478,0.963,0.85,223183.8,低,悲观,男+女合计
2047,15-19,男,100461.2,0.18,0.963,0.85,14801.9,低,悲观,Pop×LFPR×就业率×覆盖率；LFPR分性别由表230-28001合计+性别差还原
2047,15-19,女,97436.4,0.1394,0.963,0.85,11116.4,低,悲观,Pop×LFPR×就业率×覆盖率；LFPR分性别由表230-28001合计+性别差还原
2047,20-24,男,113553.5,0.63,0.963,0.85,58558.0,低,悲观,Pop×LFPR×就业率×覆盖率；LFPR分性别由表230-28001合计+性别差还原
2047,20-24,女,109909.8,0.569,0.963,0.85,51191.5,低,悲观,Pop×LFPR×就业率×覆盖率；LFPR分性别由表230-28001合计+性别差还原
2047,25-29,男,158014.9,0.915,0.963,0.85,118348.9,低,悲观,Pop×LFPR×就业率×覆盖率；LFPR分性别由表230-28001合计+性别差还原
2047,25-29,女,153338.2,0.8338,0.963,0.85,104651.9,低,悲观,Pop×LFPR×就业率×覆盖率；LFPR分性别由表230-28001合计+性别差还原
2047,30-34,男,196987.0,0.919,0.963,0.85,148183.0,低,悲观,Pop×LFPR×就业率×覆盖率；LFPR分性别由表230-28001合计+性别差还原
2047,30-34,女,191201.7,0.8175,0.963,0.85,127943.4,低,悲观,Pop×LFPR×就业率×覆盖率；LFPR分性别由表230-28001合计+性别差还原
2047,35-39,男,207377.4,0.9,0.963,0.85,152773.9,低,悲观,Pop×LFPR×就业率×覆盖率；LFPR分性别由表230-28001合计+性别差还原
2047,35-39,女,202327.1,0.7785,0.963,0.85,128931.5,低,悲观,Pop×LFPR×就业率×覆盖率；LFPR分性别由表230-28001合计+性别差还原
2047,40-44,男,205057.2,0.882,0.963,0.85,148043.3,低,悲观,Pop×LFPR×就业率×覆盖率；LFPR分性别由表230-28001合计+性别差还原
2047,40-44,女,206929.7,0.7426,0.963,0.85,125789.0,低,悲观,Pop×LFPR×就业率×覆盖率；LFPR分性别由表230-28001合计+性别差还原
2047,45-49,男,229625.1,0.89,0.963,0.85,167284.1,低,悲观,Pop×LFPR×就业率×覆盖率；LFPR分性别由表230-28001合计+性别差还原
2047,45-49,女,226924.9,0.7089,0.963,0.85,131683.1,低,悲观,Pop×LFPR×就业率×覆盖率；LFPR分性别由表230-28001合计+性别差还原
2047,50-54,男,263842.3,0.887,0.963,0.85,191563.7,低,悲观,Pop×LFPR×就业率×覆盖率；LFPR分性别由表230-28001合计+性别差还原
2047,50-54,女,264905.2,0.6674,0.963,0.85,144726.8,低,悲观,Pop×LFPR×就业率×覆盖率；LFPR分性别由表230-28001合计+性别差还原
2047,55-59,男,271703.7,0.8055,0.963,0.85,179145.7,低,悲观,Pop×LFPR×就业率×覆盖率；LFPR分性别由表230-28001合计+性别差还原
2047,55-59,女,285442.4,0.542,0.963,0.85,126637.2,低,悲观,Pop×LFPR×就业率×覆盖率；LFPR分性别由表230-28001合计+性别差还原
2047,60-64,男,265787.3,0.6375,0.963,0.85,138694.6,低,悲观,Pop×LFPR×就业率×覆盖率；LFPR分性别由表230-28001合计+性别差还原
2047,60-64,女,302982.5,0.3371,0.963,0.85,83613.4,低,悲观,Pop×LFPR×就业率×覆盖率；LFPR分性别由表230-28001合计+性别差还原
2047,15-19,混合,197897.6,0.16,0.963,0.85,25918.3,低,悲观,男+女合计
2047,20-24,混合,223463.3,0.6,0.963,0.85,109749.5,低,悲观,男+女合计
2047,25-29,混合,311353.1,0.875,0.963,0.85,223000.8,低,悲观,男+女合计
2047,30-34,混合,388188.7,0.869,0.963,0.85,276126.4,低,悲观,男+女合计
2047,35-39,混合,409704.5,0.84,0.963,0.85,281705.4,低,悲观,男+女合计
2047,40-44,混合,411986.9,0.812,0.963,0.85,273832.3,低,悲观,男+女合计
2047,45-49,混合,456550.0,0.8,0.963,0.85,298967.2,低,悲观,男+女合计
2047,50-54,混合,528747.5,0.777,0.963,0.85,336290.5,低,悲观,男+女合计
2047,55-59,混合,557146.1,0.6705,0.963,0.85,305782.9,低,悲观,男+女合计
2047,60-64,混合,568769.8,0.4775,0.963,0.85,222308.0,低,悲观,男+女合计
2048,15-19,男,99457.5,0.18,0.963,0.85,14654.0,低,悲观,Pop×LFPR×就业率×覆盖率；LFPR分性别由表230-28001合计+性别差还原
2048,15-19,女,96434.3,0.1394,0.963,0.85,11001.6,低,悲观,Pop×LFPR×就业率×覆盖率；LFPR分性别由表230-28001合计+性别差还原
2048,20-24,男,113431.9,0.63,0.963,0.85,58495.3,低,悲观,Pop×LFPR×就业率×覆盖率；LFPR分性别由表230-28001合计+性别差还原
2048,20-24,女,110168.2,0.5691,0.963,0.85,51321.4,低,悲观,Pop×LFPR×就业率×覆盖率；LFPR分性别由表230-28001合计+性别差还原
2048,25-29,男,149434.4,0.915,0.963,0.85,111922.4,低,悲观,Pop×LFPR×就业率×覆盖率；LFPR分性别由表230-28001合计+性别差还原
2048,25-29,女,145146.1,0.8338,0.963,0.85,99065.4,低,悲观,Pop×LFPR×就业率×覆盖率；LFPR分性别由表230-28001合计+性别差还原
2048,30-34,男,192015.6,0.919,0.963,0.85,144443.2,低,悲观,Pop×LFPR×就业率×覆盖率；LFPR分性别由表230-28001合计+性别差还原
2048,30-34,女,186678.0,0.8176,0.963,0.85,124929.1,低,悲观,Pop×LFPR×就业率×覆盖率；LFPR分性别由表230-28001合计+性别差还原
2048,35-39,男,209046.1,0.9,0.963,0.85,154003.2,低,悲观,Pop×LFPR×就业率×覆盖率；LFPR分性别由表230-28001合计+性别差还原
2048,35-39,女,204027.8,0.7785,0.963,0.85,130019.0,低,悲观,Pop×LFPR×就业率×覆盖率；LFPR分性别由表230-28001合计+性别差还原
2048,40-44,男,207544.3,0.882,0.963,0.85,149838.9,低,悲观,Pop×LFPR×就业率×覆盖率；LFPR分性别由表230-28001合计+性别差还原
2048,40-44,女,207975.4,0.7421,0.963,0.85,126341.5,低,悲观,Pop×LFPR×就业率×覆盖率；LFPR分性别由表230-28001合计+性别差还原
2048,45-49,男,224602.8,0.89,0.963,0.85,163625.3,低,悲观,Pop×LFPR×就业率×覆盖率；LFPR分性别由表230-28001合计+性别差还原
2048,45-49,女,223749.4,0.7097,0.963,0.85,129973.7,低,悲观,Pop×LFPR×就业率×覆盖率；LFPR分性别由表230-28001合计+性别差还原
2048,50-54,男,257609.5,0.887,0.963,0.85,187038.4,低,悲观,Pop×LFPR×就业率×覆盖率；LFPR分性别由表230-28001合计+性别差还原
2048,50-54,女,257721.2,0.667,0.963,0.85,140718.8,低,悲观,Pop×LFPR×就业率×覆盖率；LFPR分性别由表230-28001合计+性别差还原
2048,55-59,男,271879.0,0.805,0.963,0.85,179150.0,低,悲观,Pop×LFPR×就业率×覆盖率；LFPR分性别由表230-28001合计+性别差还原
2048,55-59,女,283336.0,0.5405,0.963,0.85,125345.8,低,悲观,Pop×LFPR×就业率×覆盖率；LFPR分性别由表230-28001合计+性别差还原
2048,60-64,男,267249.0,0.637,0.963,0.85,139348.0,低,悲观,Pop×LFPR×就业率×覆盖率；LFPR分性别由表230-28001合计+性别差还原
2048,60-64,女,299957.3,0.3344,0.963,0.85,82116.8,低,悲观,Pop×LFPR×就业率×覆盖率；LFPR分性别由表230-28001合计+性别差还原
2048,15-19,混合,195891.8,0.16,0.963,0.85,25655.6,低,悲观,男+女合计
2048,20-24,混合,223600.1,0.6,0.963,0.85,109816.7,低,悲观,男+女合计
2048,25-29,混合,294580.5,0.875,0.963,0.85,210987.8,低,悲观,男+女合计
2048,30-34,混合,378693.6,0.869,0.963,0.85,269372.3,低,悲观,男+女合计
2048,35-39,混合,413073.9,0.84,0.963,0.85,284022.2,低,悲观,男+女合计
2048,40-44,混合,415519.7,0.812,0.963,0.85,276180.4,低,悲观,男+女合计
2048,45-49,混合,448352.2,0.8,0.963,0.85,293599.0,低,悲观,男+女合计
2048,50-54,混合,515330.7,0.777,0.963,0.85,327757.2,低,悲观,男+女合计
2048,55-59,混合,555215.0,0.67,0.963,0.85,304495.8,低,悲观,男+女合计
2048,60-64,混合,567206.3,0.477,0.963,0.85,221464.8,低,悲观,男+女合计
2049,15-19,男,98612.8,0.18,0.963,0.85,14529.5,低,悲观,Pop×LFPR×就业率×覆盖率；LFPR分性别由表230-28001合计+性别差还原
2049,15-19,女,95582.8,0.1394,0.963,0.85,10903.9,低,悲观,Pop×LFPR×就业率×覆盖率；LFPR分性别由表230-28001合计+性别差还原
2049,20-24,男,113078.1,0.63,0.963,0.85,58312.8,低,悲观,Pop×LFPR×就业率×覆盖率；LFPR分性别由表230-28001合计+性别差还原
2049,20-24,女,110190.6,0.5692,0.963,0.85,51341.1,低,悲观,Pop×LFPR×就业率×覆盖率；LFPR分性别由表230-28001合计+性别差还原
2049,25-29,男,140786.1,0.915,0.963,0.85,105445.0,低,悲观,Pop×LFPR×就业率×覆盖率；LFPR分性别由表230-28001合计+性别差还原
2049,25-29,女,136885.0,0.8339,0.963,0.85,93431.7,低,悲观,Pop×LFPR×就业率×覆盖率；LFPR分性别由表230-28001合计+性别差还原
2049,30-34,男,186914.0,0.919,0.963,0.85,140605.6,低,悲观,Pop×LFPR×就业率×覆盖率；LFPR分性别由表230-28001合计+性别差还原
2049,30-34,女,182011.5,0.8177,0.963,0.85,121818.5,低,悲观,Pop×LFPR×就业率×覆盖率；LFPR分性别由表230-28001合计+性别差还原
2049,35-39,男,210296.0,0.9,0.963,0.85,154924.0,低,悲观,Pop×LFPR×就业率×覆盖率；LFPR分性别由表230-28001合计+性别差还原
2049,35-39,女,205270.0,0.7785,0.963,0.85,130811.7,低,悲观,Pop×LFPR×就业率×覆盖率；LFPR分性别由表230-28001合计+性别差还原
2049,40-44,男,209987.4,0.882,0.963,0.85,151602.7,低,悲观,Pop×LFPR×就业率×覆盖率；LFPR分性别由表230-28001合计+性别差还原
2049,40-44,女,208973.7,0.7417,0.963,0.85,126865.0,低,悲观,Pop×LFPR×就业率×覆盖率；LFPR分性别由表230-28001合计+性别差还原
2049,45-49,男,219528.0,0.89,0.963,0.85,159928.2,低,悲观,Pop×LFPR×就业率×覆盖率；LFPR分性别由表230-28001合计+性别差还原
2049,45-49,女,220504.6,0.7104,0.963,0.85,128222.7,低,悲观,Pop×LFPR×就业率×覆盖率；LFPR分性别由表230-28001合计+性别差还原
2049,50-54,男,251335.7,0.887,0.963,0.85,182483.3,低,悲观,Pop×LFPR×就业率×覆盖率；LFPR分性别由表230-28001合计+性别差还原
2049,50-54,女,250474.4,0.6666,0.963,0.85,136674.7,低,悲观,Pop×LFPR×就业率×覆盖率；LFPR分性别由表230-28001合计+性别差还原
2049,55-59,男,272048.2,0.8045,0.963,0.85,179150.1,低,悲观,Pop×LFPR×就业率×覆盖率；LFPR分性别由表230-28001合计+性别差还原
2049,55-59,女,281221.3,0.5389,0.963,0.85,124052.2,低,悲观,Pop×LFPR×就业率×覆盖率；LFPR分性别由表230-28001合计+性别差还原
2049,60-64,男,268751.9,0.6365,0.963,0.85,140021.6,低,悲观,Pop×LFPR×就业率×覆盖率；LFPR分性别由表230-28001合计+性别差还原
2049,60-64,女,296969.9,0.3317,0.963,0.85,80632.0,低,悲观,Pop×LFPR×就业率×覆盖率；LFPR分性别由表230-28001合计+性别差还原
2049,15-19,混合,194195.6,0.16,0.963,0.85,25433.4,低,悲观,男+女合计
2049,20-24,混合,223268.7,0.6,0.963,0.85,109653.9,低,悲观,男+女合计
2049,25-29,混合,277671.1,0.875,0.963,0.85,198876.7,低,悲观,男+女合计
2049,30-34,混合,368925.5,0.869,0.963,0.85,262424.1,低,悲观,男+女合计
2049,35-39,混合,415566.0,0.84,0.963,0.85,285735.7,低,悲观,男+女合计
2049,40-44,混合,418961.1,0.812,0.963,0.85,278467.7,低,悲观,男+女合计
2049,45-49,混合,440032.6,0.8,0.963,0.85,288150.9,低,悲观,男+女合计
2049,50-54,混合,501810.1,0.777,0.963,0.85,319158.0,低,悲观,男+女合计
2049,55-59,混合,553269.5,0.6695,0.963,0.85,303202.3,低,悲观,男+女合计
2049,60-64,混合,565721.8,0.4765,0.963,0.85,220653.6,低,悲观,男+女合计
2050,15-19,男,97919.2,0.18,0.963,0.85,14427.3,低,悲观,Pop×LFPR×就业率×覆盖率；LFPR分性别由表230-28001合计+性别差还原
2050,15-19,女,94873.1,0.1394,0.963,0.85,10822.3,低,悲观,Pop×LFPR×就业率×覆盖率；LFPR分性别由表230-28001合计+性别差还原
2050,20-24,男,112490.3,0.63,0.963,0.85,58009.7,低,悲观,Pop×LFPR×就业率×覆盖率；LFPR分性别由表230-28001合计+性别差还原
2050,20-24,女,109974.6,0.5693,0.963,0.85,51249.5,低,悲观,Pop×LFPR×就业率×覆盖率；LFPR分性别由表230-28001合计+性别差还原
2050,25-29,男,132105.2,0.915,0.963,0.85,98943.3,低,悲观,Pop×LFPR×就业率×覆盖率；LFPR分性别由表230-28001合计+性别差还原
2050,25-29,女,128593.0,0.8339,0.963,0.85,87776.9,低,悲观,Pop×LFPR×就业率×覆盖率；LFPR分性别由表230-28001合计+性别差还原
2050,30-34,男,181681.9,0.919,0.963,0.85,136669.7,低,悲观,Pop×LFPR×就业率×覆盖率；LFPR分性别由表230-28001合计+性别差还原
2050,30-34,女,177202.1,0.8177,0.963,0.85,118611.6,低,悲观,Pop×LFPR×就业率×覆盖率；LFPR分性别由表230-28001合计+性别差还原
2050,35-39,男,211109.9,0.9,0.963,0.85,155523.6,低,悲观,Pop×LFPR×就业率×覆盖率；LFPR分性别由表230-28001合计+性别差还原
2050,35-39,女,206035.4,0.7785,0.963,0.85,131298.0,低,悲观,Pop×LFPR×就业率×覆盖率；LFPR分性别由表230-28001合计+性别差还原
2050,40-44,男,212386.4,0.882,0.963,0.85,153334.7,低,悲观,Pop×LFPR×就业率×覆盖率；LFPR分性别由表230-28001合计+性别差还原
2050,40-44,女,209924.6,0.7412,0.963,0.85,127359.6,低,悲观,Pop×LFPR×就业率×覆盖率；LFPR分性别由表230-28001合计+性别差还原
2050,45-49,男,214405.9,0.89,0.963,0.85,156196.7,低,悲观,Pop×LFPR×就业率×覆盖率；LFPR分性别由表230-28001合计+性别差还原
2050,45-49,女,217196.2,0.7112,0.963,0.85,126433.6,低,悲观,Pop×LFPR×就业率×覆盖率；LFPR分性别由表230-28001合计+性别差还原
2050,50-54,男,245020.3,0.887,0.963,0.85,177897.9,低,悲观,Pop×LFPR×就业率×覆盖率；LFPR分性别由表230-28001合计+性别差还原
2050,50-54,女,243164.6,0.6662,0.963,0.85,132594.2,低,悲观,Pop×LFPR×就业率×覆盖率；LFPR分性别由表230-28001合计+性别差还原
2050,55-59,男,272193.8,0.804,0.963,0.85,179134.6,低,悲观,Pop×LFPR×就业率×覆盖率；LFPR分性别由表230-28001合计+性别差还原
2050,55-59,女,279079.3,0.5373,0.963,0.85,122748.0,低,悲观,Pop×LFPR×就业率×覆盖率；LFPR分性别由表230-28001合计+性别差还原
2050,60-64,男,270295.8,0.636,0.963,0.85,140715.4,低,悲观,Pop×LFPR×就业率×覆盖率；LFPR分性别由表230-28001合计+性别差还原
2050,60-64,女,294020.0,0.3289,0.963,0.85,79158.9,低,悲观,Pop×LFPR×就业率×覆盖率；LFPR分性别由表230-28001合计+性别差还原
2050,15-19,混合,192792.3,0.16,0.963,0.85,25249.6,低,悲观,男+女合计
2050,20-24,混合,222464.9,0.6,0.963,0.85,109259.2,低,悲观,男+女合计
2050,25-29,混合,260698.2,0.875,0.963,0.85,186720.2,低,悲观,男+女合计
2050,30-34,混合,358884.0,0.869,0.963,0.85,255281.3,低,悲观,男+女合计
2050,35-39,混合,417145.3,0.84,0.963,0.85,286821.6,低,悲观,男+女合计
2050,40-44,混合,422311.0,0.812,0.963,0.85,280694.3,低,悲观,男+女合计
2050,45-49,混合,431602.1,0.8,0.963,0.85,282630.3,低,悲观,男+女合计
2050,50-54,混合,488184.9,0.777,0.963,0.85,310492.1,低,悲观,男+女合计
2050,55-59,混合,551273.1,0.669,0.963,0.85,301882.6,低,悲观,男+女合计
2050,60-64,混合,564315.8,0.476,0.963,0.85,219874.3,低,悲观,男+女合计
2051,15-19,男,97368.6,0.18,0.963,0.85,14346.2,低,悲观,Pop×LFPR×就业率×覆盖率；LFPR分性别由表230-28001合计+性别差还原
2051,15-19,女,94295.9,0.1393,0.963,0.85,10755.7,低,悲观,Pop×LFPR×就业率×覆盖率；LFPR分性别由表230-28001合计+性别差还原
2051,20-24,男,111667.2,0.63,0.963,0.85,57585.3,低,悲观,Pop×LFPR×就业率×覆盖率；LFPR分性别由表230-28001合计+性别差还原
2051,20-24,女,109518.0,0.5694,0.963,0.85,51045.4,低,悲观,Pop×LFPR×就业率×覆盖率；LFPR分性别由表230-28001合计+性别差还原
2051,25-29,男,123426.9,0.915,0.963,0.85,92443.4,低,悲观,Pop×LFPR×就业率×覆盖率；LFPR分性别由表230-28001合计+性别差还原
2051,25-29,女,120308.3,0.834,0.963,0.85,82127.3,低,悲观,Pop×LFPR×就业率×覆盖率；LFPR分性别由表230-28001合计+性别差还原
2051,30-34,男,176319.3,0.919,0.963,0.85,132635.7,低,悲观,Pop×LFPR×就业率×覆盖率；LFPR分性别由表230-28001合计+性别差还原
2051,30-34,女,172249.8,0.8178,0.963,0.85,115308.4,低,悲观,Pop×LFPR×就业率×覆盖率；LFPR分性别由表230-28001合计+性别差还原
2051,35-39,男,211471.0,0.9,0.963,0.85,155789.6,低,悲观,Pop×LFPR×就业率×覆盖率；LFPR分性别由表230-28001合计+性别差还原
2051,35-39,女,206305.2,0.7785,0.963,0.85,131465.8,低,悲观,Pop×LFPR×就业率×覆盖率；LFPR分性别由表230-28001合计+性别差还原
2051,40-44,男,214741.5,0.882,0.963,0.85,155035.0,低,悲观,Pop×LFPR×就业率×覆盖率；LFPR分性别由表230-28001合计+性别差还原
2051,40-44,女,210828.1,0.7407,0.963,0.85,127825.2,低,悲观,Pop×LFPR×就业率×覆盖率；LFPR分性别由表230-28001合计+性别差还原
2051,45-49,男,209241.5,0.89,0.963,0.85,152434.4,低,悲观,Pop×LFPR×就业率×覆盖率；LFPR分性别由表230-28001合计+性别差还原
2051,45-49,女,213830.1,0.7119,0.963,0.85,124609.8,低,悲观,Pop×LFPR×就业率×覆盖率；LFPR分性别由表230-28001合计+性别差还原
2051,50-54,男,238662.9,0.887,0.963,0.85,173282.1,低,悲观,Pop×LFPR×就业率×覆盖率；LFPR分性别由表230-28001合计+性别差还原
2051,50-54,女,235791.4,0.6657,0.963,0.85,128477.2,低,悲观,Pop×LFPR×就业率×覆盖率；LFPR分性别由表230-28001合计+性别差还原
2051,55-59,男,272298.5,0.8035,0.963,0.85,179092.1,低,悲观,Pop×LFPR×就业率×覆盖率；LFPR分性别由表230-28001合计+性别差还原
2051,55-59,女,276890.7,0.5357,0.963,0.85,121424.6,低,悲观,Pop×LFPR×就业率×覆盖率；LFPR分性别由表230-28001合计+性别差还原
2051,60-64,男,271880.4,0.6355,0.963,0.85,141429.1,低,悲观,Pop×LFPR×就业率×覆盖率；LFPR分性别由表230-28001合计+性别差还原
2051,60-64,女,291107.3,0.3261,0.963,0.85,77697.3,低,悲观,Pop×LFPR×就业率×覆盖率；LFPR分性别由表230-28001合计+性别差还原
2051,15-19,混合,191664.5,0.16,0.963,0.85,25101.9,低,悲观,男+女合计
2051,20-24,混合,221185.2,0.6,0.963,0.85,108630.7,低,悲观,男+女合计
2051,25-29,混合,243735.2,0.875,0.963,0.85,174570.7,低,悲观,男+女合计
2051,30-34,混合,348569.1,0.869,0.963,0.85,247944.1,低,悲观,男+女合计
2051,35-39,混合,417776.2,0.84,0.963,0.85,287255.4,低,悲观,男+女合计
2051,40-44,混合,425569.6,0.812,0.963,0.85,282860.2,低,悲观,男+女合计
2051,45-49,混合,423071.6,0.8,0.963,0.85,277044.2,低,悲观,男+女合计
2051,50-54,混合,474454.3,0.777,0.963,0.85,301759.3,低,悲观,男+女合计
2051,55-59,混合,549189.2,0.6685,0.963,0.85,300516.7,低,悲观,男+女合计
2051,60-64,混合,562987.7,0.4755,0.963,0.85,219126.4,低,悲观,男+女合计
2052,15-19,男,96952.9,0.18,0.963,0.85,14284.9,低,悲观,Pop×LFPR×就业率×覆盖率；LFPR分性别由表230-28001合计+性别差还原
2052,15-19,女,93842.0,0.1393,0.963,0.85,10703.1,低,悲观,Pop×LFPR×就业率×覆盖率；LFPR分性别由表230-28001合计+性别差还原
2052,20-24,男,110263.6,0.63,0.963,0.85,56861.4,低,悲观,Pop×LFPR×就业率×覆盖率；LFPR分性别由表230-28001合计+性别差还原
2052,20-24,女,108102.7,0.5694,0.963,0.85,50384.8,低,悲观,Pop×LFPR×就业率×覆盖率；LFPR分性别由表230-28001合计+性别差还原
2052,25-29,男,123301.8,0.915,0.963,0.85,92349.7,低,悲观,Pop×LFPR×就业率×覆盖率；LFPR分性别由表230-28001合计+性别差还原
2052,25-29,女,120545.4,0.8341,0.963,0.85,82301.2,低,悲观,Pop×LFPR×就业率×覆盖率；LFPR分性别由表230-28001合计+性别差还原
2052,30-34,男,167622.5,0.919,0.963,0.85,126093.6,低,悲观,Pop×LFPR×就业率×覆盖率；LFPR分性别由表230-28001合计+性别差还原
2052,30-34,女,163917.5,0.8179,0.963,0.85,109737.4,低,悲观,Pop×LFPR×就业率×覆盖率；LFPR分性别由表230-28001合计+性别差还原
2052,35-39,男,206411.2,0.9,0.963,0.85,152062.1,低,悲观,Pop×LFPR×就业率×覆盖率；LFPR分性别由表230-28001合计+性别差还原
2052,35-39,女,201677.2,0.7786,0.963,0.85,128532.1,低,悲观,Pop×LFPR×就业率×覆盖率；LFPR分性别由表230-28001合计+性别差还原
2052,40-44,男,216578.7,0.882,0.963,0.85,156361.4,低,悲观,Pop×LFPR×就业率×覆盖率；LFPR分性别由表230-28001合计+性别差还原
2052,40-44,女,212714.3,0.7407,0.963,0.85,128973.6,低,悲观,Pop×LFPR×就业率×覆盖率；LFPR分性别由表230-28001合计+性别差还原
2052,45-49,男,211590.8,0.89,0.963,0.85,154145.9,低,悲观,Pop×LFPR×就业率×覆盖率；LFPR分性别由表230-28001合计+性别差还原
2052,45-49,女,214728.5,0.7113,0.963,0.85,125025.0,低,悲观,Pop×LFPR×就业率×覆盖率；LFPR分性别由表230-28001合计+性别差还原
2052,50-54,男,233608.8,0.887,0.963,0.85,169612.6,低,悲观,Pop×LFPR×就业率×覆盖率；LFPR分性别由表230-28001合计+性别差还原
2052,50-54,女,232553.8,0.6665,0.963,0.85,126873.1,低,悲观,Pop×LFPR×就业率×覆盖率；LFPR分性别由表230-28001合计+性别差还原
2052,55-59,男,266071.3,0.803,0.963,0.85,174887.5,低,悲观,Pop×LFPR×就业率×覆盖率；LFPR分性别由表230-28001合计+性别差还原
2052,55-59,女,269672.2,0.5348,0.963,0.85,118052.4,低,悲观,Pop×LFPR×就业率×覆盖率；LFPR分性别由表230-28001合计+性别差还原
2052,60-64,男,271948.3,0.635,0.963,0.85,141353.1,低,悲观,Pop×LFPR×就业率×覆盖率；LFPR分性别由表230-28001合计+性别差还原
2052,60-64,女,288875.5,0.3244,0.963,0.85,76701.5,低,悲观,Pop×LFPR×就业率×覆盖率；LFPR分性别由表230-28001合计+性别差还原
2052,15-19,混合,190794.9,0.16,0.963,0.85,24988.0,低,悲观,男+女合计
2052,20-24,混合,218366.3,0.6,0.963,0.85,107246.2,低,悲观,男+女合计
2052,25-29,混合,243847.2,0.875,0.963,0.85,174650.9,低,悲观,男+女合计
2052,30-34,混合,331540.0,0.869,0.963,0.85,235831.0,低,悲观,男+女合计
2052,35-39,混合,408088.4,0.84,0.963,0.85,280594.2,低,悲观,男+女合计
2052,40-44,混合,429293.0,0.812,0.963,0.85,285335.0,低,悲观,男+女合计
2052,45-49,混合,426319.3,0.8,0.963,0.85,279170.9,低,悲观,男+女合计
2052,50-54,混合,466162.6,0.777,0.963,0.85,296485.7,低,悲观,男+女合计
2052,55-59,混合,535743.5,0.668,0.963,0.85,292939.9,低,悲观,男+女合计
2052,60-64,混合,560823.8,0.475,0.963,0.85,218054.6,低,悲观,男+女合计
2053,15-19,男,96726.2,0.18,0.963,0.85,14251.5,低,悲观,Pop×LFPR×就业率×覆盖率；LFPR分性别由表230-28001合计+性别差还原
2053,15-19,女,93562.7,0.1393,0.963,0.85,10670.2,低,悲观,Pop×LFPR×就业率×覆盖率；LFPR分性别由表230-28001合计+性别差还原
2053,20-24,男,109026.5,0.63,0.963,0.85,56223.5,低,悲观,Pop×LFPR×就业率×覆盖率；LFPR分性别由表230-28001合计+性别差还原
2053,20-24,女,106846.7,0.5694,0.963,0.85,49798.3,低,悲观,Pop×LFPR×就业率×覆盖率；LFPR分性别由表230-28001合计+性别差还原
2053,25-29,男,122946.7,0.915,0.963,0.85,92083.8,低,悲观,Pop×LFPR×就业率×覆盖率；LFPR分性别由表230-28001合计+性别差还原
2053,25-29,女,120549.5,0.8342,0.963,0.85,82315.8,低,悲观,Pop×LFPR×就业率×覆盖率；LFPR分性别由表230-28001合计+性别差还原
2053,30-34,男,158823.8,0.919,0.963,0.85,119474.8,低,悲观,Pop×LFPR×就业率×覆盖率；LFPR分性别由表230-28001合计+性别差还原
2053,30-34,女,155478.6,0.8179,0.963,0.85,104094.8,低,悲观,Pop×LFPR×就业率×覆盖率；LFPR分性别由表230-28001合计+性别差还原
2053,35-39,男,201221.5,0.9,0.963,0.85,148238.9,低,悲观,Pop×LFPR×就业率×覆盖率；LFPR分性别由表230-28001合计+性别差还原
2053,35-39,女,196906.6,0.7787,0.963,0.85,125506.8,低,悲观,Pop×LFPR×就业率×覆盖率；LFPR分性别由表230-28001合计+性别差还原
2053,40-44,男,218015.2,0.882,0.963,0.85,157398.5,低,悲观,Pop×LFPR×就业率×覆盖率；LFPR分性别由表230-28001合计+性别差还原
2053,40-44,女,214161.4,0.7407,0.963,0.85,129853.1,低,悲观,Pop×LFPR×就业率×覆盖率；LFPR分性别由表230-28001合计+性别差还原
2053,45-49,男,213896.1,0.89,0.963,0.85,155825.3,低,悲观,Pop×LFPR×就业率×覆盖率；LFPR分性别由表230-28001合计+性别差还原
2053,45-49,女,215580.0,0.7107,0.963,0.85,125412.8,低,悲观,Pop×LFPR×就业率×覆盖率；LFPR分性别由表230-28001合计+性别差还原
2053,50-54,男,228503.2,0.887,0.963,0.85,165905.6,低,悲观,Pop×LFPR×就业率×覆盖率；LFPR分性别由表230-28001合计+性别差还原
2053,50-54,女,229243.3,0.6674,0.963,0.85,125227.3,低,悲观,Pop×LFPR×就业率×覆盖率；LFPR分性别由表230-28001合计+性别差还原
2053,55-59,男,259812.7,0.8025,0.963,0.85,170667.4,低,悲观,Pop×LFPR×就业率×覆盖率；LFPR分性别由表230-28001合计+性别差还原
2053,55-59,女,262396.2,0.5338,0.963,0.85,114658.2,低,悲观,Pop×LFPR×就业率×覆盖率；LFPR分性别由表230-28001合计+性别差还原
2053,60-64,男,272030.2,0.6345,0.963,0.85,141284.3,低,悲观,Pop×LFPR×就业率×覆盖率；LFPR分性别由表230-28001合计+性别差还原
2053,60-64,女,286659.1,0.3227,0.963,0.85,75711.7,低,悲观,Pop×LFPR×就业率×覆盖率；LFPR分性别由表230-28001合计+性别差还原
2053,15-19,混合,190288.9,0.16,0.963,0.85,24921.7,低,悲观,男+女合计
2053,20-24,混合,215873.2,0.6,0.963,0.85,106021.8,低,悲观,男+女合计
2053,25-29,混合,243496.2,0.875,0.963,0.85,174399.6,低,悲观,男+女合计
2053,30-34,混合,314302.4,0.869,0.963,0.85,223569.6,低,悲观,男+女合计
2053,35-39,混合,398128.1,0.84,0.963,0.85,273745.7,低,悲观,男+女合计
2053,40-44,混合,432176.6,0.812,0.963,0.85,287251.6,低,悲观,男+女合计
2053,45-49,混合,429476.1,0.8,0.963,0.85,281238.1,低,悲观,男+女合计
2053,50-54,混合,457746.5,0.777,0.963,0.85,291132.9,低,悲观,男+女合计
2053,55-59,混合,522208.9,0.6675,0.963,0.85,285325.6,低,悲观,男+女合计
2053,60-64,混合,558689.3,0.4745,0.963,0.85,216996.0,低,悲观,男+女合计
2054,15-19,男,96674.3,0.18,0.963,0.85,14243.9,低,悲观,Pop×LFPR×就业率×覆盖率；LFPR分性别由表230-28001合计+性别差还原
2054,15-19,女,93446.2,0.1393,0.963,0.85,10655.8,低,悲观,Pop×LFPR×就业率×覆盖率；LFPR分性别由表230-28001合计+性别差还原
2054,20-24,男,107948.1,0.63,0.963,0.85,55667.4,低,悲观,Pop×LFPR×就业率×覆盖率；LFPR分性别由表230-28001合计+性别差还原
2054,20-24,女,105741.2,0.5694,0.963,0.85,49281.8,低,悲观,Pop×LFPR×就业率×覆盖率；LFPR分性别由表230-28001合计+性别差还原
2054,25-29,男,122359.5,0.915,0.963,0.85,91644.0,低,悲观,Pop×LFPR×就业率×覆盖率；LFPR分性别由表230-28001合计+性别差还原
2054,25-29,女,120317.8,0.8343,0.963,0.85,82169.1,低,悲观,Pop×LFPR×就业率×覆盖率；LFPR分性别由表230-28001合计+性别差还原
2054,30-34,男,149958.2,0.919,0.963,0.85,112805.7,低,悲观,Pop×LFPR×就业率×覆盖率；LFPR分性别由表230-28001合计+性别差还原
2054,30-34,女,146971.0,0.818,0.963,0.85,98406.0,低,悲观,Pop×LFPR×就业率×覆盖率；LFPR分性别由表230-28001合计+性别差还原
2054,35-39,男,195901.7,0.9,0.963,0.85,144319.8,低,悲观,Pop×LFPR×就业率×覆盖率；LFPR分性别由表230-28001合计+性别差还原
2054,35-39,女,191993.6,0.7788,0.963,0.85,122390.0,低,悲观,Pop×LFPR×就业率×覆盖率；LFPR分性别由表230-28001合计+性别差还原
2054,40-44,男,219034.0,0.882,0.963,0.85,158134.0,低,悲观,Pop×LFPR×就业率×覆盖率；LFPR分性别由表230-28001合计+性别差还原
2054,40-44,女,215150.7,0.7407,0.963,0.85,130452.3,低,悲观,Pop×LFPR×就业率×覆盖率；LFPR分性别由表230-28001合计+性别差还原
2054,45-49,男,216157.6,0.89,0.963,0.85,157472.9,低,悲观,Pop×LFPR×就业率×覆盖率；LFPR分性别由表230-28001合计+性别差还原
2054,45-49,女,216384.7,0.7101,0.963,0.85,125773.1,低,悲观,Pop×LFPR×就业率×覆盖率；LFPR分性别由表230-28001合计+性别差还原
2054,50-54,男,223351.2,0.887,0.963,0.85,162165.0,低,悲观,Pop×LFPR×就业率×覆盖率；LFPR分性别由表230-28001合计+性别差还原
2054,50-54,女,225865.8,0.6682,0.963,0.85,123543.0,低,悲观,Pop×LFPR×就业率×覆盖率；LFPR分性别由表230-28001合计+性别差还原
2054,55-59,男,253521.9,0.802,0.963,0.85,166431.3,低,悲观,Pop×LFPR×就业率×覆盖率；LFPR分性别由表230-28001合计+性别差还原
2054,55-59,女,255062.3,0.5328,0.963,0.85,111241.8,低,悲观,Pop×LFPR×就业率×覆盖率；LFPR分性别由表230-28001合计+性别差还原
2054,60-64,男,272108.9,0.634,0.963,0.85,141213.8,低,悲观,Pop×LFPR×就业率×覆盖率；LFPR分性别由表230-28001合计+性别差还原
2054,60-64,女,284439.2,0.3209,0.963,0.85,74722.8,低,悲观,Pop×LFPR×就业率×覆盖率；LFPR分性别由表230-28001合计+性别差还原
2054,15-19,混合,190120.5,0.16,0.963,0.85,24899.7,低,悲观,男+女合计
2054,20-24,混合,213689.3,0.6,0.963,0.85,104949.2,低,悲观,男+女合计
2054,25-29,混合,242677.3,0.875,0.963,0.85,173813.1,低,悲观,男+女合计
2054,30-34,混合,296929.2,0.869,0.963,0.85,211211.7,低,悲观,男+女合计
2054,35-39,混合,387895.3,0.84,0.963,0.85,266709.8,低,悲观,男+女合计
2054,40-44,混合,434184.7,0.812,0.963,0.85,288586.3,低,悲观,男+女合计
2054,45-49,混合,432542.3,0.8,0.963,0.85,283246.0,低,悲观,男+女合计
2054,50-54,混合,449217.0,0.777,0.963,0.85,285708.0,低,悲观,男+女合计
2054,55-59,混合,508584.2,0.667,0.963,0.85,277673.1,低,悲观,男+女合计
2054,60-64,混合,556548.1,0.474,0.963,0.85,215936.6,低,悲观,男+女合计
2055,15-19,男,96782.1,0.18,0.963,0.85,14259.8,低,悲观,Pop×LFPR×就业率×覆盖率；LFPR分性别由表230-28001合计+性别差还原
2055,15-19,女,93479.8,0.1393,0.963,0.85,10658.4,低,悲观,Pop×LFPR×就业率×覆盖率；LFPR分性别由表230-28001合计+性别差还原
2055,20-24,男,107020.7,0.63,0.963,0.85,55189.1,低,悲观,Pop×LFPR×就业率×覆盖率；LFPR分性别由表230-28001合计+性别差还原
2055,20-24,女,104777.3,0.5694,0.963,0.85,48831.2,低,悲观,Pop×LFPR×就业率×覆盖率；LFPR分性别由表230-28001合计+性别差还原
2055,25-29,男,121538.7,0.915,0.963,0.85,91029.2,低,悲观,Pop×LFPR×就业率×覆盖率；LFPR分性别由表230-28001合计+性别差还原
2055,25-29,女,119847.8,0.8344,0.963,0.85,81859.3,低,悲观,Pop×LFPR×就业率×覆盖率；LFPR分性别由表230-28001合计+性别差还原
2055,30-34,男,141060.9,0.919,0.963,0.85,106112.7,低,悲观,Pop×LFPR×就业率×覆盖率；LFPR分性别由表230-28001合计+性别差还原
2055,30-34,女,138433.0,0.8181,0.963,0.85,92696.9,低,悲观,Pop×LFPR×就业率×覆盖率；LFPR分性别由表230-28001合计+性别差还原
2055,35-39,男,190451.8,0.9,0.963,0.85,140304.9,低,悲观,Pop×LFPR×就业率×覆盖率；LFPR分性别由表230-28001合计+性别差还原
2055,35-39,女,186938.0,0.7789,0.963,0.85,119181.5,低,悲观,Pop×LFPR×就业率×覆盖率；LFPR分性别由表230-28001合计+性别差还原
2055,40-44,男,219618.3,0.882,0.963,0.85,158555.9,低,悲观,Pop×LFPR×就业率×覆盖率；LFPR分性别由表230-28001合计+性别差还原
2055,40-44,女,215663.8,0.7407,0.963,0.85,130759.9,低,悲观,Pop×LFPR×就业率×覆盖率；LFPR分性别由表230-28001合计+性别差还原
2055,45-49,男,218375.1,0.89,0.963,0.85,159088.3,低,悲观,Pop×LFPR×就业率×覆盖率；LFPR分性别由表230-28001合计+性别差还原
2055,45-49,女,217142.4,0.7095,0.963,0.85,126105.9,低,悲观,Pop×LFPR×就业率×覆盖率；LFPR分性别由表230-28001合计+性别差还原
2055,50-54,男,218157.8,0.887,0.963,0.85,158394.3,低,悲观,Pop×LFPR×就业率×覆盖率；LFPR分性别由表230-28001合计+性别差还原
2055,50-54,女,222427.0,0.6691,0.963,0.85,121823.5,低,悲观,Pop×LFPR×就业率×覆盖率；LFPR分性别由表230-28001合计+性别差还原
2055,55-59,男,247197.9,0.8015,0.963,0.85,162178.6,低,悲观,Pop×LFPR×就业率×覆盖率；LFPR分性别由表230-28001合计+性别差还原
2055,55-59,女,247670.0,0.5318,0.963,0.85,107803.3,低,悲观,Pop×LFPR×就业率×覆盖率；LFPR分性别由表230-28001合计+性别差还原
2055,60-64,男,272167.4,0.6335,0.963,0.85,141132.8,低,悲观,Pop×LFPR×就业率×覆盖率；LFPR分性别由表230-28001合计+性别差还原
2055,60-64,女,282196.8,0.3192,0.963,0.85,73729.6,低,悲观,Pop×LFPR×就业率×覆盖率；LFPR分性别由表230-28001合计+性别差还原
2055,15-19,混合,190261.9,0.16,0.963,0.85,24918.2,低,悲观,男+女合计
2055,20-24,混合,211798.0,0.6,0.963,0.85,104020.3,低,悲观,男+女合计
2055,25-29,混合,241386.5,0.875,0.963,0.85,172888.5,低,悲观,男+女合计
2055,30-34,混合,279493.9,0.869,0.963,0.85,198809.6,低,悲观,男+女合计
2055,35-39,混合,377389.8,0.84,0.963,0.85,259486.4,低,悲观,男+女合计
2055,40-44,混合,435282.1,0.812,0.963,0.85,289315.8,低,悲观,男+女合计
2055,45-49,混合,435517.5,0.8,0.963,0.85,285194.2,低,悲观,男+女合计
2055,50-54,混合,440584.8,0.777,0.963,0.85,280217.8,低,悲观,男+女合计
2055,55-59,混合,494867.9,0.6665,0.963,0.85,269981.9,低,悲观,男+女合计
2055,60-64,混合,554364.2,0.4735,0.963,0.85,214862.4,低,悲观,男+女合计
2056,15-19,男,97033.0,0.18,0.963,0.85,14296.7,低,悲观,Pop×LFPR×就业率×覆盖率；LFPR分性别由表230-28001合计+性别差还原
2056,15-19,女,93649.5,0.1393,0.963,0.85,10676.6,低,悲观,Pop×LFPR×就业率×覆盖率；LFPR分性别由表230-28001合计+性别差还原
2056,20-24,男,106236.2,0.63,0.963,0.85,54784.6,低,悲观,Pop×LFPR×就业率×覆盖率；LFPR分性别由表230-28001合计+性别差还原
2056,20-24,女,103945.9,0.5693,0.963,0.85,48442.2,低,悲观,Pop×LFPR×就业率×覆盖率；LFPR分性别由表230-28001合计+性别差还原
2056,25-29,男,120482.8,0.915,0.963,0.85,90238.4,低,悲观,Pop×LFPR×就业率×覆盖率；LFPR分性别由表230-28001合计+性别差还原
2056,25-29,女,119137.4,0.8345,0.963,0.85,81385.1,低,悲观,Pop×LFPR×就业率×覆盖率；LFPR分性别由表230-28001合计+性别差还原
2056,30-34,男,132166.7,0.919,0.963,0.85,99422.1,低,悲观,Pop×LFPR×就业率×覆盖率；LFPR分性别由表230-28001合计+性别差还原
2056,30-34,女,129902.6,0.8181,0.963,0.85,86993.1,低,悲观,Pop×LFPR×就业率×覆盖率；LFPR分性别由表230-28001合计+性别差还原
2056,35-39,男,184871.7,0.9,0.963,0.85,136194.1,低,悲观,Pop×LFPR×就业率×覆盖率；LFPR分性别由表230-28001合计+性别差还原
2056,35-39,女,181739.7,0.779,0.963,0.85,115881.3,低,悲观,Pop×LFPR×就业率×覆盖率；LFPR分性别由表230-28001合计+性别差还原
2056,40-44,男,219751.2,0.882,0.963,0.85,158651.8,低,悲观,Pop×LFPR×就业率×覆盖率；LFPR分性别由表230-28001合计+性别差还原
2056,40-44,女,215682.2,0.7407,0.963,0.85,130764.5,低,悲观,Pop×LFPR×就业率×覆盖率；LFPR分性别由表230-28001合计+性别差还原
2056,45-49,男,220548.8,0.89,0.963,0.85,160671.9,低,悲观,Pop×LFPR×就业率×覆盖率；LFPR分性别由表230-28001合计+性别差还原
2056,45-49,女,217853.3,0.7089,0.963,0.85,126411.3,低,悲观,Pop×LFPR×就业率×覆盖率；LFPR分性别由表230-28001合计+性别差还原
2056,50-54,男,212927.9,0.887,0.963,0.85,154597.1,低,悲观,Pop×LFPR×就业率×覆盖率；LFPR分性别由表230-28001合计+性别差还原
2056,50-54,女,218932.6,0.67,0.963,0.85,120071.9,低,悲观,Pop×LFPR×就业率×覆盖率；LFPR分性别由表230-28001合计+性别差还原
2056,55-59,男,240840.1,0.801,0.963,0.85,157908.9,低,悲观,Pop×LFPR×就业率×覆盖率；LFPR分性别由表230-28001合计+性别差还原
2056,55-59,女,240218.8,0.5307,0.963,0.85,104342.5,低,悲观,Pop×LFPR×就业率×覆盖率；LFPR分性别由表230-28001合计+性别差还原
2056,60-64,男,272188.5,0.633,0.963,0.85,141032.3,低,悲观,Pop×LFPR×就业率×覆盖率；LFPR分性别由表230-28001合计+性别差还原
2056,60-64,女,279913.1,0.3174,0.963,0.85,72727.1,低,悲观,Pop×LFPR×就业率×覆盖率；LFPR分性别由表230-28001合计+性别差还原
2056,15-19,混合,190682.5,0.16,0.963,0.85,24973.3,低,悲观,男+女合计
2056,20-24,混合,210182.1,0.6,0.963,0.85,103226.8,低,悲观,男+女合计
2056,25-29,混合,239620.2,0.875,0.963,0.85,171623.5,低,悲观,男+女合计
2056,30-34,混合,262069.3,0.869,0.963,0.85,186415.2,低,悲观,男+女合计
2056,35-39,混合,366611.4,0.84,0.963,0.85,252075.4,低,悲观,男+女合计
2056,40-44,混合,435433.4,0.812,0.963,0.85,289416.3,低,悲观,男+女合计
2056,45-49,混合,438402.1,0.8,0.963,0.85,287083.2,低,悲观,男+女合计
2056,50-54,混合,431860.5,0.777,0.963,0.85,274669.0,低,悲观,男+女合计
2056,55-59,混合,481058.9,0.666,0.963,0.85,262251.4,低,悲观,男+女合计
2056,60-64,混合,552101.6,0.473,0.963,0.85,213759.4,低,悲观,男+女合计
2026,15-19,男,149600.0,0.2,0.963,0.85,24491.0,中,基准,Pop×LFPR×就业率×覆盖率；LFPR分性别由表230-28001合计+性别差还原
2026,15-19,女,139100.0,0.1585,0.963,0.85,18045.8,中,基准,Pop×LFPR×就业率×覆盖率；LFPR分性别由表230-28001合计+性别差还原
2026,20-24,男,147300.0,0.65,0.963,0.85,78372.1,中,基准,Pop×LFPR×就业率×覆盖率；LFPR分性别由表230-28001合计+性别差还原
2026,20-24,女,145000.0,0.5895,0.963,0.85,69970.5,中,基准,Pop×LFPR×就业率×覆盖率；LFPR分性别由表230-28001合计+性别差还原
2026,25-29,男,183500.0,0.935,0.963,0.85,140440.7,中,基准,Pop×LFPR×就业率×覆盖率；LFPR分性别由表230-28001合计+性别差还原
2026,25-29,女,172700.0,0.8525,0.963,0.85,120512.3,中,基准,Pop×LFPR×就业率×覆盖率；LFPR分性别由表230-28001合计+性别差还原
2026,30-34,男,227100.0,0.939,0.963,0.85,174553.2,中,基准,Pop×LFPR×就业率×覆盖率；LFPR分性别由表230-28001合计+性别差还原
2026,30-34,女,221900.0,0.8378,0.963,0.85,152180.0,中,基准,Pop×LFPR×就业率×覆盖率；LFPR分性别由表230-28001合计+性别差还原
2026,35-39,男,238500.0,0.92,0.963,0.85,179606.2,中,基准,Pop×LFPR×就业率×覆盖率；LFPR分性别由表230-28001合计+性别差还原
2026,35-39,女,246100.0,0.8019,0.963,0.85,161529.4,中,基准,Pop×LFPR×就业率×覆盖率；LFPR分性别由表230-28001合计+性别差还原
2026,40-44,男,241900.0,0.902,0.963,0.85,178602.5,中,基准,Pop×LFPR×就业率×覆盖率；LFPR分性别由表230-28001合计+性别差还原
2026,40-44,女,274000.0,0.7702,0.963,0.85,172742.7,中,基准,Pop×LFPR×就业率×覆盖率；LFPR分性别由表230-28001合计+性别差还原
2026,45-49,男,234900.0,0.91,0.963,0.85,174972.4,中,基准,Pop×LFPR×就业率×覆盖率；LFPR分性别由表230-28001合计+性别差还原
2026,45-49,女,289200.0,0.7469,0.963,0.85,176809.3,中,基准,Pop×LFPR×就业率×覆盖率；LFPR分性别由表230-28001合计+性别差还原
2026,50-54,男,244100.0,0.907,0.963,0.85,181225.9,中,基准,Pop×LFPR×就业率×覆盖率；LFPR分性别由表230-28001合计+性别差还原
2026,50-54,女,307900.0,0.7098,0.963,0.85,178890.3,中,基准,Pop×LFPR×就业率×覆盖率；LFPR分性别由表230-28001合计+性别差还原
2026,55-59,男,243400.0,0.836,0.963,0.85,166560.5,中,基准,Pop×LFPR×就业率×覆盖率；LFPR分性别由表230-28001合计+性别差还原
2026,55-59,女,314700.0,0.5966,0.963,0.85,153679.2,中,基准,Pop×LFPR×就业率×覆盖率；LFPR分性别由表230-28001合计+性别差还原
2026,60-64,男,281500.0,0.668,0.963,0.85,153921.8,中,基准,Pop×LFPR×就业率×覆盖率；LFPR分性别由表230-28001合计+性别差还原
2026,60-64,女,339700.0,0.3754,0.963,0.85,104387.7,中,基准,Pop×LFPR×就业率×覆盖率；LFPR分性别由表230-28001合计+性别差还原
2026,15-19,混合,288700.0,0.18,0.963,0.85,42536.8,中,基准,男+女合计
2026,20-24,混合,292300.0,0.62,0.963,0.85,148342.6,中,基准,男+女合计
2026,25-29,混合,356200.0,0.895,0.963,0.85,260953.0,中,基准,男+女合计
2026,30-34,混合,449000.0,0.889,0.963,0.85,326733.2,中,基准,男+女合计
2026,35-39,混合,484600.0,0.86,0.963,0.85,341135.6,中,基准,男+女合计
2026,40-44,混合,515900.0,0.832,0.963,0.85,351345.2,中,基准,男+女合计
2026,45-49,混合,524100.0,0.82,0.963,0.85,351781.7,中,基准,男+女合计
2026,50-54,混合,552000.0,0.797,0.963,0.85,360116.2,中,基准,男+女合计
2026,55-59,混合,558100.0,0.701,0.963,0.85,320239.7,中,基准,男+女合计
2026,60-64,混合,621200.0,0.508,0.963,0.85,258309.5,中,基准,男+女合计
2027,15-19,男,151956.7,0.2,0.963,0.85,24876.8,中,基准,Pop×LFPR×就业率×覆盖率；LFPR分性别由表230-28001合计+性别差还原
2027,15-19,女,141549.6,0.1585,0.963,0.85,18368.1,中,基准,Pop×LFPR×就业率×覆盖率；LFPR分性别由表230-28001合计+性别差还原
2027,20-24,男,150122.6,0.65,0.963,0.85,79873.9,中,基准,Pop×LFPR×就业率×覆盖率；LFPR分性别由表230-28001合计+性别差还原
2027,20-24,女,146397.9,0.5892,0.963,0.85,70610.6,中,基准,Pop×LFPR×就业率×覆盖率；LFPR分性别由表230-28001合计+性别差还原
2027,25-29,男,178597.1,0.935,0.963,0.85,136688.3,中,基准,Pop×LFPR×就业率×覆盖率；LFPR分性别由表230-28001合计+性别差还原
2027,25-29,女,169730.6,0.8529,0.963,0.85,118497.4,中,基准,Pop×LFPR×就业率×覆盖率；LFPR分性别由表230-28001合计+性别差还原
2027,30-34,男,220662.3,0.939,0.963,0.85,169605.1,中,基准,Pop×LFPR×就业率×覆盖率；LFPR分性别由表230-28001合计+性别差还原
2027,30-34,女,214604.5,0.8376,0.963,0.85,147134.6,中,基准,Pop×LFPR×就业率×覆盖率；LFPR分性别由表230-28001合计+性别差还原
2027,35-39,男,238466.1,0.92,0.963,0.85,179580.7,中,基准,Pop×LFPR×就业率×覆盖率；LFPR分性别由表230-28001合计+性别差还原
2027,35-39,女,243773.4,0.8013,0.963,0.85,159893.2,中,基准,Pop×LFPR×就业率×覆盖率；LFPR分性别由表230-28001合计+性别差还原
2027,40-44,男,243363.9,0.902,0.963,0.85,179683.4,中,基准,Pop×LFPR×就业率×覆盖率；LFPR分性别由表230-28001合计+性别差还原
2027,40-44,女,270897.1,0.7691,0.963,0.85,170545.6,中,基准,Pop×LFPR×就业率×覆盖率；LFPR分性别由表230-28001合计+性别差还原
2027,45-49,男,237377.9,0.91,0.963,0.85,176818.2,中,基准,Pop×LFPR×就业率×覆盖率；LFPR分性别由表230-28001合计+性别差还原
2027,45-49,女,287534.1,0.7457,0.963,0.85,175508.5,中,基准,Pop×LFPR×就业率×覆盖率；LFPR分性别由表230-28001合计+性别差还原
2027,50-54,男,243057.7,0.907,0.963,0.85,180452.1,中,基准,Pop×LFPR×就业率×覆盖率；LFPR分性别由表230-28001合计+性别差还原
2027,50-54,女,305345.3,0.7094,0.963,0.85,177317.5,中,基准,Pop×LFPR×就业率×覆盖率；LFPR分性别由表230-28001合计+性别差还原
2027,55-59,男,243972.9,0.8355,0.963,0.85,166852.7,中,基准,Pop×LFPR×就业率×覆盖率；LFPR分性别由表230-28001合计+性别差还原
2027,55-59,女,314280.1,0.5957,0.963,0.85,153246.4,中,基准,Pop×LFPR×就业率×覆盖率；LFPR分性别由表230-28001合计+性别差还原
2027,60-64,男,273630.3,0.6675,0.963,0.85,149506.7,中,基准,Pop×LFPR×就业率×覆盖率；LFPR分性别由表230-28001合计+性别差还原
2027,60-64,女,335215.9,0.3769,0.963,0.85,103416.6,中,基准,Pop×LFPR×就业率×覆盖率；LFPR分性别由表230-28001合计+性别差还原
2027,15-19,混合,293506.3,0.18,0.963,0.85,43244.9,中,基准,男+女合计
2027,20-24,混合,296520.5,0.62,0.963,0.85,150484.5,中,基准,男+女合计
2027,25-29,混合,348327.7,0.895,0.963,0.85,255185.7,中,基准,男+女合计
2027,30-34,混合,435266.8,0.889,0.963,0.85,316739.7,中,基准,男+女合计
2027,35-39,混合,482239.5,0.86,0.963,0.85,339473.9,中,基准,男+女合计
2027,40-44,混合,514261.0,0.832,0.963,0.85,350229.0,中,基准,男+女合计
2027,45-49,混合,524912.0,0.82,0.963,0.85,352326.7,中,基准,男+女合计
2027,50-54,混合,548403.0,0.797,0.963,0.85,357769.6,中,基准,男+女合计
2027,55-59,混合,558253.0,0.7005,0.963,0.85,320099.1,中,基准,男+女合计
2027,60-64,混合,608846.2,0.5075,0.963,0.85,252923.3,中,基准,男+女合计
2028,15-19,男,154071.0,0.2,0.963,0.85,25223.0,中,基准,Pop×LFPR×就业率×覆盖率；LFPR分性别由表230-28001合计+性别差还原
2028,15-19,女,143733.6,0.1586,0.963,0.85,18655.3,中,基准,Pop×LFPR×就业率×覆盖率；LFPR分性别由表230-28001合计+性别差还原
2028,20-24,男,153063.0,0.65,0.963,0.85,81438.3,中,基准,Pop×LFPR×就业率×覆盖率；LFPR分性别由表230-28001合计+性别差还原
2028,20-24,女,147923.5,0.589,0.963,0.85,71312.6,中,基准,Pop×LFPR×就业率×覆盖率；LFPR分性别由表230-28001合计+性别差还原
2028,25-29,男,173817.8,0.935,0.963,0.85,133030.5,中,基准,Pop×LFPR×就业率×覆盖率；LFPR分性别由表230-28001合计+性别差还原
2028,25-29,女,166888.0,0.8533,0.963,0.85,116571.4,中,基准,Pop×LFPR×就业率×覆盖率；LFPR分性别由表230-28001合计+性别差还原
2028,30-34,男,214357.4,0.939,0.963,0.85,164759.1,中,基准,Pop×LFPR×就业率×覆盖率；LFPR分性别由表230-28001合计+性别差还原
2028,30-34,女,207443.0,0.8373,0.963,0.85,142181.3,中,基准,Pop×LFPR×就业率×覆盖率；LFPR分性别由表230-28001合计+性别差还原
2028,35-39,男,238555.4,0.92,0.963,0.85,179648.0,中,基准,Pop×LFPR×就业率×覆盖率；LFPR分性别由表230-28001合计+性别差还原
2028,35-39,女,241579.9,0.8008,0.963,0.85,158344.7,中,基准,Pop×LFPR×就业率×覆盖率；LFPR分性别由表230-28001合计+性别差还原
2028,40-44,男,244968.8,0.902,0.963,0.85,180868.3,中,基准,Pop×LFPR×就业率×覆盖率；LFPR分性别由表230-28001合计+性别差还原
2028,40-44,女,267929.6,0.768,0.963,0.85,168432.7,中,基准,Pop×LFPR×就业率×覆盖率；LFPR分性别由表230-28001合计+性别差还原
2028,45-49,男,240143.2,0.91,0.963,0.85,178878.0,中,基准,Pop×LFPR×就业率×覆盖率；LFPR分性别由表230-28001合计+性别差还原
2028,45-49,女,286175.9,0.7445,0.963,0.85,174393.2,中,基准,Pop×LFPR×就业率×覆盖率；LFPR分性别由表230-28001合计+性别差还原
2028,50-54,男,242159.2,0.907,0.963,0.85,179785.0,中,基准,Pop×LFPR×就业率×覆盖率；LFPR分性别由表230-28001合计+性别差还原
2028,50-54,女,302917.4,0.7091,0.963,0.85,175814.4,中,基准,Pop×LFPR×就业率×覆盖率；LFPR分性别由表230-28001合计+性别差还原
2028,55-59,男,244701.8,0.835,0.963,0.85,167251.0,中,基准,Pop×LFPR×就业率×覆盖率；LFPR分性别由表230-28001合计+性别差还原
2028,55-59,女,313998.5,0.5948,0.963,0.85,152875.8,中,基准,Pop×LFPR×就业率×覆盖率；LFPR分性别由表230-28001合计+性别差还原
2028,60-64,男,266053.8,0.667,0.963,0.85,145258.2,中,基准,Pop×LFPR×就业率×覆盖率；LFPR分性别由表230-28001合计+性别差还原
2028,60-64,女,330927.7,0.3784,0.963,0.85,102492.1,中,基准,Pop×LFPR×就业率×覆盖率；LFPR分性别由表230-28001合计+性别差还原
2028,15-19,混合,297804.6,0.18,0.963,0.85,43878.3,中,基准,男+女合计
2028,20-24,混合,300986.5,0.62,0.963,0.85,152750.9,中,基准,男+女合计
2028,25-29,混合,340705.8,0.895,0.963,0.85,249601.9,中,基准,男+女合计
2028,30-34,混合,421800.4,0.889,0.963,0.85,306940.4,中,基准,男+女合计
2028,35-39,混合,480135.3,0.86,0.963,0.85,337992.7,中,基准,男+女合计
2028,40-44,混合,512898.4,0.832,0.963,0.85,349301.0,中,基准,男+女合计
2028,45-49,混合,526319.1,0.82,0.963,0.85,353271.2,中,基准,男+女合计
2028,50-54,混合,545076.6,0.797,0.963,0.85,355599.4,中,基准,男+女合计
2028,55-59,混合,558700.3,0.7,0.963,0.85,320126.8,中,基准,男+女合计
2028,60-64,混合,596981.5,0.507,0.963,0.85,247750.3,中,基准,男+女合计
2029,15-19,男,155925.7,0.2,0.963,0.85,25526.6,中,基准,Pop×LFPR×就业率×覆盖率；LFPR分性别由表230-28001合计+性别差还原
2029,15-19,女,145633.1,0.1586,0.963,0.85,18904.8,中,基准,Pop×LFPR×就业率×覆盖率；LFPR分性别由表230-28001合计+性别差还原
2029,20-24,男,156121.0,0.65,0.963,0.85,83065.3,中,基准,Pop×LFPR×就业率×覆盖率；LFPR分性别由表230-28001合计+性别差还原
2029,20-24,女,149577.0,0.5887,0.963,0.85,72076.7,中,基准,Pop×LFPR×就业率×覆盖率；LFPR分性别由表230-28001合计+性别差还原
2029,25-29,男,169161.9,0.935,0.963,0.85,129467.1,中,基准,Pop×LFPR×就业率×覆盖率；LFPR分性别由表230-28001合计+性别差还原
2029,25-29,女,164172.2,0.8538,0.963,0.85,114734.2,中,基准,Pop×LFPR×就业率×覆盖率；LFPR分性别由表230-28001合计+性别差还原
2029,30-34,男,208184.9,0.939,0.963,0.85,160014.8,中,基准,Pop×LFPR×就业率×覆盖率；LFPR分性别由表230-28001合计+性别差还原
2029,30-34,女,200415.2,0.8371,0.963,0.85,137319.8,中,基准,Pop×LFPR×就业率×覆盖率；LFPR分性别由表230-28001合计+性别差还原
2029,35-39,男,238767.8,0.92,0.963,0.85,179807.9,中,基准,Pop×LFPR×就业率×覆盖率；LFPR分性别由表230-28001合计+性别差还原
2029,35-39,女,239519.3,0.8002,0.963,0.85,156883.7,中,基准,Pop×LFPR×就业率×覆盖率；LFPR分性别由表230-28001合计+性别差还原
2029,40-44,男,246714.4,0.902,0.963,0.85,182157.2,中,基准,Pop×LFPR×就业率×覆盖率；LFPR分性别由表230-28001合计+性别差还原
2029,40-44,女,265097.4,0.7669,0.963,0.85,166403.9,中,基准,Pop×LFPR×就业率×覆盖率；LFPR分性别由表230-28001合计+性别差还原
2029,45-49,男,243203.7,0.91,0.963,0.85,181157.7,中,基准,Pop×LFPR×就业率×覆盖率；LFPR分性别由表230-28001合计+性别差还原
2029,45-49,女,285133.8,0.7432,0.963,0.85,173468.2,中,基准,Pop×LFPR×就业率×覆盖率；LFPR分性别由表230-28001合计+性别差还原
2029,50-54,男,241403.4,0.907,0.963,0.85,179223.9,中,基准,Pop×LFPR×就业率×覆盖率；LFPR分性别由表230-28001合计+性别差还原
2029,50-54,女,300615.6,0.7087,0.963,0.85,174380.8,中,基准,Pop×LFPR×就业率×覆盖率；LFPR分性别由表230-28001合计+性别差还原
2029,55-59,男,245584.9,0.8345,0.963,0.85,167754.1,中,基准,Pop×LFPR×就业率×覆盖率；LFPR分性别由表230-28001合计+性别差还原
2029,55-59,女,313854.0,0.5939,0.963,0.85,152567.0,中,基准,Pop×LFPR×就业率×覆盖率；LFPR分性别由表230-28001合计+性别差还原
2029,60-64,男,258765.0,0.6665,0.963,0.85,141172.8,中,基准,Pop×LFPR×就业率×覆盖率；LFPR分性别由表230-28001合计+性别差还原
2029,60-64,女,326834.1,0.3798,0.963,0.85,101614.0,中,基准,Pop×LFPR×就业率×覆盖率；LFPR分性别由表230-28001合计+性别差还原
2029,15-19,混合,301558.8,0.18,0.963,0.85,44431.4,中,基准,男+女合计
2029,20-24,混合,305698.0,0.62,0.963,0.85,155142.0,中,基准,男+女合计
2029,25-29,混合,333334.1,0.895,0.963,0.85,244201.3,中,基准,男+女合计
2029,30-34,混合,408600.1,0.889,0.963,0.85,297334.6,中,基准,男+女合计
2029,35-39,混合,478287.1,0.86,0.963,0.85,336691.6,中,基准,男+女合计
2029,40-44,混合,511811.8,0.832,0.963,0.85,348561.1,中,基准,男+女合计
2029,45-49,混合,528337.5,0.82,0.963,0.85,354625.9,中,基准,男+女合计
2029,50-54,混合,542019.0,0.797,0.963,0.85,353604.7,中,基准,男+女合计
2029,55-59,混合,559438.9,0.6995,0.963,0.85,320321.1,中,基准,男+女合计
2029,60-64,混合,585599.1,0.5065,0.963,0.85,242786.8,中,基准,男+女合计
2030,15-19,男,157503.7,0.2,0.963,0.85,25784.9,中,基准,Pop×LFPR×就业率×覆盖率；LFPR分性别由表230-28001合计+性别差还原
2030,15-19,女,147229.6,0.1586,0.963,0.85,19114.2,中,基准,Pop×LFPR×就业率×覆盖率；LFPR分性别由表230-28001合计+性别差还原
2030,20-24,男,159296.7,0.65,0.963,0.85,84755.0,中,基准,Pop×LFPR×就业率×覆盖率；LFPR分性别由表230-28001合计+性别差还原
2030,20-24,女,151358.3,0.5884,0.963,0.85,72902.7,中,基准,Pop×LFPR×就业率×覆盖率；LFPR分性别由表230-28001合计+性别差还原
2030,25-29,男,164629.5,0.935,0.963,0.85,125998.2,中,基准,Pop×LFPR×就业率×覆盖率；LFPR分性别由表230-28001合计+性别差还原
2030,25-29,女,161583.1,0.8542,0.963,0.85,112985.8,中,基准,Pop×LFPR×就业率×覆盖率；LFPR分性别由表230-28001合计+性别差还原
2030,30-34,男,202144.8,0.939,0.963,0.85,155372.2,中,基准,Pop×LFPR×就业率×覆盖率；LFPR分性别由表230-28001合计+性别差还原
2030,30-34,女,193521.0,0.8368,0.963,0.85,132550.2,中,基准,Pop×LFPR×就业率×覆盖率；LFPR分性别由表230-28001合计+性别差还原
2030,35-39,男,239103.0,0.92,0.963,0.85,180060.3,中,基准,Pop×LFPR×就业率×覆盖率；LFPR分性别由表230-28001合计+性别差还原
2030,35-39,女,237591.5,0.7996,0.963,0.85,155510.2,中,基准,Pop×LFPR×就业率×覆盖率；LFPR分性别由表230-28001合计+性别差还原
2030,40-44,男,248600.4,0.902,0.963,0.85,183549.7,中,基准,Pop×LFPR×就业率×覆盖率；LFPR分性别由表230-28001合计+性别差还原
2030,40-44,女,262400.2,0.7657,0.963,0.85,164458.9,中,基准,Pop×LFPR×就业率×覆盖率；LFPR分性别由表230-28001合计+性别差还原
2030,45-49,男,246567.1,0.91,0.963,0.85,183663.0,中,基准,Pop×LFPR×就业率×覆盖率；LFPR分性别由表230-28001合计+性别差还原
2030,45-49,女,284416.9,0.742,0.963,0.85,172739.3,中,基准,Pop×LFPR×就业率×覆盖率；LFPR分性别由表230-28001合计+性别差还原
2030,50-54,男,240789.3,0.907,0.963,0.85,178768.0,中,基准,Pop×LFPR×就业率×覆盖率；LFPR分性别由表230-28001合计+性别差还原
2030,50-54,女,298439.2,0.7082,0.963,0.85,173016.3,中,基准,Pop×LFPR×就业率×覆盖率；LFPR分性别由表230-28001合计+性别差还原
2030,55-59,男,246620.6,0.834,0.963,0.85,168360.7,中,基准,Pop×LFPR×就业率×覆盖率；LFPR分性别由表230-28001合计+性别差还原
2030,55-59,女,313845.8,0.5929,0.963,0.85,152319.4,中,基准,Pop×LFPR×就业率×覆盖率；LFPR分性别由表230-28001合计+性别差还原
2030,60-64,男,251758.5,0.666,0.963,0.85,137247.2,中,基准,Pop×LFPR×就业率×覆盖率；LFPR分性别由表230-28001合计+性别差还原
2030,60-64,女,322934.0,0.3813,0.963,0.85,100782.5,中,基准,Pop×LFPR×就业率×覆盖率；LFPR分性别由表230-28001合计+性别差还原
2030,15-19,混合,304733.3,0.18,0.963,0.85,44899.1,中,基准,男+女合计
2030,20-24,混合,310655.0,0.62,0.963,0.85,157657.7,中,基准,男+女合计
2030,25-29,混合,326212.6,0.895,0.963,0.85,238984.0,中,基准,男+女合计
2030,30-34,混合,395665.8,0.889,0.963,0.85,287922.4,中,基准,男+女合计
2030,35-39,混合,476694.5,0.86,0.963,0.85,335570.5,中,基准,男+女合计
2030,40-44,混合,511000.6,0.832,0.963,0.85,348008.6,中,基准,男+女合计
2030,45-49,混合,530984.0,0.82,0.963,0.85,356402.3,中,基准,男+女合计
2030,50-54,混合,539228.5,0.797,0.963,0.85,351784.3,中,基准,男+女合计
2030,55-59,混合,560466.4,0.699,0.963,0.85,320680.1,中,基准,男+女合计
2030,60-64,混合,574692.5,0.506,0.963,0.85,238029.7,中,基准,男+女合计
2031,15-19,男,158787.7,0.2,0.963,0.85,25995.1,中,基准,Pop×LFPR×就业率×覆盖率；LFPR分性别由表230-28001合计+性别差还原
2031,15-19,女,148504.5,0.1586,0.963,0.85,19281.0,中,基准,Pop×LFPR×就业率×覆盖率；LFPR分性别由表230-28001合计+性别差还原
2031,20-24,男,162590.0,0.65,0.963,0.85,86507.2,中,基准,Pop×LFPR×就业率×覆盖率；LFPR分性别由表230-28001合计+性别差还原
2031,20-24,女,153267.3,0.5882,0.963,0.85,73790.7,中,基准,Pop×LFPR×就业率×覆盖率；LFPR分性别由表230-28001合计+性别差还原
2031,25-29,男,160220.3,0.935,0.963,0.85,122623.7,中,基准,Pop×LFPR×就业率×覆盖率；LFPR分性别由表230-28001合计+性别差还原
2031,25-29,女,159120.7,0.8547,0.963,0.85,111326.2,中,基准,Pop×LFPR×就业率×覆盖率；LFPR分性别由表230-28001合计+性别差还原
2031,30-34,男,196236.6,0.939,0.963,0.85,150831.1,中,基准,Pop×LFPR×就业率×覆盖率；LFPR分性别由表230-28001合计+性别差还原
2031,30-34,女,186760.4,0.8365,0.963,0.85,127872.4,中,基准,Pop×LFPR×就业率×覆盖率；LFPR分性别由表230-28001合计+性别差还原
2031,35-39,男,239561.1,0.92,0.963,0.85,180405.3,中,基准,Pop×LFPR×就业率×覆盖率；LFPR分性别由表230-28001合计+性别差还原
2031,35-39,女,235796.4,0.799,0.963,0.85,154224.0,中,基准,Pop×LFPR×就业率×覆盖率；LFPR分性别由表230-28001合计+性别差还原
2031,40-44,男,250626.7,0.902,0.963,0.85,185045.7,中,基准,Pop×LFPR×就业率×覆盖率；LFPR分性别由表230-28001合计+性别差还原
2031,40-44,女,259837.9,0.7645,0.963,0.85,162597.8,中,基准,Pop×LFPR×就业率×覆盖率；LFPR分性别由表230-28001合计+性别差还原
2031,45-49,男,250241.1,0.91,0.963,0.85,186399.7,中,基准,Pop×LFPR×就业率×覆盖率；LFPR分性别由表230-28001合计+性别差还原
2031,45-49,女,284033.6,0.7407,0.963,0.85,172211.3,中,基准,Pop×LFPR×就业率×覆盖率；LFPR分性别由表230-28001合计+性别差还原
2031,50-54,男,240316.1,0.907,0.963,0.85,178416.6,中,基准,Pop×LFPR×就业率×覆盖率；LFPR分性别由表230-28001合计+性别差还原
2031,50-54,女,296387.7,0.7078,0.963,0.85,171720.5,中,基准,Pop×LFPR×就业率×覆盖率；LFPR分性别由表230-28001合计+性别差还原
2031,55-59,男,247807.6,0.8335,0.963,0.85,169069.6,中,基准,Pop×LFPR×就业率×覆盖率；LFPR分性别由表230-28001合计+性别差还原
2031,55-59,女,313973.1,0.5919,0.963,0.85,152132.6,中,基准,Pop×LFPR×就业率×覆盖率；LFPR分性别由表230-28001合计+性别差还原
2031,60-64,男,245029.3,0.6655,0.963,0.85,133478.5,中,基准,Pop×LFPR×就业率×覆盖率；LFPR分性别由表230-28001合计+性别差还原
2031,60-64,女,319226.2,0.3827,0.963,0.85,99997.5,中,基准,Pop×LFPR×就业率×覆盖率；LFPR分性别由表230-28001合计+性别差还原
2031,15-19,混合,307292.2,0.18,0.963,0.85,45276.1,中,基准,男+女合计
2031,20-24,混合,315857.3,0.62,0.963,0.85,160297.9,中,基准,男+女合计
2031,25-29,混合,319341.0,0.895,0.963,0.85,233949.9,中,基准,男+女合计
2031,30-34,混合,382997.0,0.889,0.963,0.85,278703.5,中,基准,男+女合计
2031,35-39,混合,475357.5,0.86,0.963,0.85,334629.3,中,基准,男+女合计
2031,40-44,混合,510464.6,0.832,0.963,0.85,347643.5,中,基准,男+女合计
2031,45-49,混合,534274.7,0.82,0.963,0.85,358611.0,中,基准,男+女合计
2031,50-54,混合,536703.8,0.797,0.963,0.85,350137.1,中,基准,男+女合计
2031,55-59,混合,561780.7,0.6985,0.963,0.85,321202.2,中,基准,男+女合计
2031,60-64,混合,564255.5,0.5055,0.963,0.85,233476.0,中,基准,男+女合计
2032,15-19,男,154780.6,0.2,0.963,0.85,25339.1,中,基准,Pop×LFPR×就业率×覆盖率；LFPR分性别由表230-28001合计+性别差还原
2032,15-19,女,145041.6,0.1587,0.963,0.85,18836.4,中,基准,Pop×LFPR×就业率×覆盖率；LFPR分性别由表230-28001合计+性别差还原
2032,20-24,男,165521.8,0.65,0.963,0.85,88067.1,中,基准,Pop×LFPR×就业率×覆盖率；LFPR分性别由表230-28001合计+性别差还原
2032,20-24,女,156340.2,0.5882,0.963,0.85,75278.2,中,基准,Pop×LFPR×就业率×覆盖率；LFPR分性别由表230-28001合计+性别差还原
2032,25-29,男,163617.1,0.935,0.963,0.85,125223.4,中,基准,Pop×LFPR×就业率×覆盖率；LFPR分性别由表230-28001合计+性别差还原
2032,25-29,女,161142.6,0.8544,0.963,0.85,112696.3,中,基准,Pop×LFPR×就业率×覆盖率；LFPR分性别由表230-28001合计+性别差还原
2032,30-34,男,191922.7,0.939,0.963,0.85,147515.3,中,基准,Pop×LFPR×就业率×覆盖率；LFPR分性别由表230-28001合计+性别差还原
2032,30-34,女,184419.4,0.837,0.963,0.85,126345.4,中,基准,Pop×LFPR×就业率×覆盖率；LFPR分性别由表230-28001合计+性别差还原
2032,35-39,男,233725.1,0.92,0.963,0.85,176010.4,中,基准,Pop×LFPR×就业率×覆盖率；LFPR分性别由表230-28001合计+性别差还原
2032,35-39,女,229138.8,0.7988,0.963,0.85,149824.0,中,基准,Pop×LFPR×就业率×覆盖率；LFPR分性别由表230-28001合计+性别差还原
2032,40-44,男,251178.6,0.902,0.963,0.85,185453.2,中,基准,Pop×LFPR×就业率×覆盖率；LFPR分性别由表230-28001合计+性别差还原
2032,40-44,女,258145.2,0.7639,0.963,0.85,161413.4,中,基准,Pop×LFPR×就业率×覆盖率；LFPR分性别由表230-28001合计+性别差还原
2032,45-49,男,252159.5,0.91,0.963,0.85,187828.7,中,基准,Pop×LFPR×就业率×覆盖率；LFPR分性别由表230-28001合计+性别差还原
2032,45-49,女,281429.4,0.7394,0.963,0.85,170322.0,中,基准,Pop×LFPR×就业率×覆盖率；LFPR分性别由表230-28001合计+性别差还原
2032,50-54,男,243156.5,0.907,0.963,0.85,180525.4,中,基准,Pop×LFPR×就业率×覆盖率；LFPR分性别由表230-28001合计+性别差还原
2032,50-54,女,295136.7,0.7064,0.963,0.85,170648.6,中,基准,Pop×LFPR×就业率×覆盖率；LFPR分性别由表230-28001合计+性别差还原
2032,55-59,男,247181.4,0.833,0.963,0.85,168541.2,中,基准,Pop×LFPR×就业率×覆盖率；LFPR分性别由表230-28001合计+性别差还原
2032,55-59,女,311856.5,0.591,0.963,0.85,150864.0,中,基准,Pop×LFPR×就业率×覆盖率；LFPR分性别由表230-28001合计+性别差还原
2032,60-64,男,246009.8,0.665,0.963,0.85,133911.9,中,基准,Pop×LFPR×就业率×覆盖率；LFPR分性别由表230-28001合计+性别差还原
2032,60-64,女,319238.0,0.3817,0.963,0.85,99743.3,中,基准,Pop×LFPR×就业率×覆盖率；LFPR分性别由表230-28001合计+性别差还原
2032,15-19,混合,299822.2,0.18,0.963,0.85,44175.5,中,基准,男+女合计
2032,20-24,混合,321862.0,0.62,0.963,0.85,163345.3,中,基准,男+女合计
2032,25-29,混合,324759.7,0.895,0.963,0.85,237919.7,中,基准,男+女合计
2032,30-34,混合,376342.1,0.889,0.963,0.85,273860.7,中,基准,男+女合计
2032,35-39,混合,462863.9,0.86,0.963,0.85,325834.4,中,基准,男+女合计
2032,40-44,混合,509323.8,0.832,0.963,0.85,346866.6,中,基准,男+女合计
2032,45-49,混合,533588.9,0.82,0.963,0.85,358150.7,中,基准,男+女合计
2032,50-54,混合,538293.2,0.797,0.963,0.85,351174.0,中,基准,男+女合计
2032,55-59,混合,559037.9,0.698,0.963,0.85,319405.2,中,基准,男+女合计
2032,60-64,混合,565247.8,0.505,0.963,0.85,233655.2,中,基准,男+女合计
2033,15-19,男,150803.8,0.2,0.963,0.85,24688.1,中,基准,Pop×LFPR×就业率×覆盖率；LFPR分性别由表230-28001合计+性别差还原
2033,15-19,女,141610.7,0.1587,0.963,0.85,18396.0,中,基准,Pop×LFPR×就业率×覆盖率；LFPR分性别由表230-28001合计+性别差还原
2033,20-24,男,168211.5,0.65,0.963,0.85,89498.2,中,基准,Pop×LFPR×就业率×覆盖率；LFPR分性别由表230-28001合计+性别差还原
2033,20-24,女,159147.5,0.5883,0.963,0.85,76636.8,中,基准,Pop×LFPR×就业率×覆盖率；LFPR分性别由表230-28001合计+性别差还原
2033,25-29,男,167131.4,0.935,0.963,0.85,127913.1,中,基准,Pop×LFPR×就业率×覆盖率；LFPR分性别由表230-28001合计+性别差还原
2033,25-29,女,163292.3,0.8541,0.963,0.85,114156.1,中,基准,Pop×LFPR×就业率×覆盖率；LFPR分性别由表230-28001合计+性别差还原
2033,30-34,男,187733.1,0.939,0.963,0.85,144295.1,中,基准,Pop×LFPR×就业率×覆盖率；LFPR分性别由表230-28001合计+性别差还原
2033,30-34,女,182205.5,0.8375,0.963,0.85,124905.8,中,基准,Pop×LFPR×就业率×覆盖率；LFPR分性别由表230-28001合计+性别差还原
2033,35-39,男,228021.7,0.92,0.963,0.85,171715.4,中,基准,Pop×LFPR×就业率×覆盖率；LFPR分性别由表230-28001合计+性别差还原
2033,35-39,女,222615.4,0.7985,0.963,0.85,145511.9,中,基准,Pop×LFPR×就业率×覆盖率；LFPR分性别由表230-28001合计+性别差还原
2033,40-44,男,251854.2,0.902,0.963,0.85,185952.0,中,基准,Pop×LFPR×就业率×覆盖率；LFPR分性别由表230-28001合计+性别差还原
2033,40-44,女,256585.4,0.7633,0.963,0.85,160312.4,中,基准,Pop×LFPR×就业率×覆盖率；LFPR分性别由表230-28001合计+性别差还原
2033,45-49,男,254218.5,0.91,0.963,0.85,189362.4,中,基准,Pop×LFPR×就业率×覆盖率；LFPR分性别由表230-28001合计+性别差还原
2033,45-49,女,278962.5,0.738,0.963,0.85,168514.5,中,基准,Pop×LFPR×就业率×覆盖率；LFPR分性别由表230-28001合计+性别差还原
2033,50-54,男,246280.1,0.907,0.963,0.85,182844.5,中,基准,Pop×LFPR×就业率×覆盖率；LFPR分性别由表230-28001合计+性别差还原
2033,50-54,女,294193.1,0.7049,0.963,0.85,169751.8,中,基准,Pop×LFPR×就业率×覆盖率；LFPR分性别由表230-28001合计+性别差还原
2033,55-59,男,246698.5,0.8325,0.963,0.85,168110.9,中,基准,Pop×LFPR×就业率×覆盖率；LFPR分性别由表230-28001合计+性别差还原
2033,55-59,女,309867.7,0.59,0.963,0.85,149654.2,中,基准,Pop×LFPR×就业率×覆盖率；LFPR分性别由表230-28001合计+性别差还原
2033,60-64,男,247141.8,0.6645,0.963,0.85,134427.0,中,基准,Pop×LFPR×就业率×覆盖率；LFPR分性别由表230-28001合计+性别差还原
2033,60-64,女,319387.3,0.3807,0.963,0.85,99526.0,中,基准,Pop×LFPR×就业率×覆盖率；LFPR分性别由表230-28001合计+性别差还原
2033,15-19,混合,292414.5,0.18,0.963,0.85,43084.1,中,基准,男+女合计
2033,20-24,混合,327359.0,0.62,0.963,0.85,166135.0,中,基准,男+女合计
2033,25-29,混合,330423.7,0.895,0.963,0.85,242069.2,中,基准,男+女合计
2033,30-34,混合,369938.6,0.889,0.963,0.85,269200.9,中,基准,男+女合计
2033,35-39,混合,450637.1,0.86,0.963,0.85,317227.3,中,基准,男+女合计
2033,40-44,混合,508439.6,0.832,0.963,0.85,346264.4,中,基准,男+女合计
2033,45-49,混合,533181.0,0.82,0.963,0.85,357876.9,中,基准,男+女合计
2033,50-54,混合,540473.2,0.797,0.963,0.85,352596.3,中,基准,男+女合计
2033,55-59,混合,556566.2,0.6975,0.963,0.85,317765.1,中,基准,男+女合计
2033,60-64,混合,566529.1,0.5045,0.963,0.85,233953.0,中,基准,男+女合计
2034,15-19,男,146857.1,0.2,0.963,0.85,24042.0,中,基准,Pop×LFPR×就业率×覆盖率；LFPR分性别由表230-28001合计+性别差还原
2034,15-19,女,138212.0,0.1587,0.963,0.85,17959.8,中,基准,Pop×LFPR×就业率×覆盖率；LFPR分性别由表230-28001合计+性别差还原
2034,20-24,男,170641.9,0.65,0.963,0.85,90791.3,中,基准,Pop×LFPR×就业率×覆盖率；LFPR分性别由表230-28001合计+性别差还原
2034,20-24,女,161670.6,0.5883,0.963,0.85,77857.6,中,基准,Pop×LFPR×就业率×覆盖率；LFPR分性别由表230-28001合计+性别差还原
2034,25-29,男,170763.3,0.935,0.963,0.85,130692.7,中,基准,Pop×LFPR×就业率×覆盖率；LFPR分性别由表230-28001合计+性别差还原
2034,25-29,女,165569.7,0.8537,0.963,0.85,115705.6,中,基准,Pop×LFPR×就业率×覆盖率；LFPR分性别由表230-28001合计+性别差还原
2034,30-34,男,183667.9,0.939,0.963,0.85,141170.5,中,基准,Pop×LFPR×就业率×覆盖率；LFPR分性别由表230-28001合计+性别差还原
2034,30-34,女,180118.7,0.838,0.963,0.85,123553.7,中,基准,Pop×LFPR×就业率×覆盖率；LFPR分性别由表230-28001合计+性别差还原
2034,35-39,男,222450.6,0.92,0.963,0.85,167520.0,中,基准,Pop×LFPR×就业率×覆盖率；LFPR分性别由表230-28001合计+性别差还原
2034,35-39,女,216226.2,0.7983,0.963,0.85,141287.9,中,基准,Pop×LFPR×就业率×覆盖率；LFPR分性别由表230-28001合计+性别差还原
2034,40-44,男,252653.2,0.902,0.963,0.85,186542.0,中,基准,Pop×LFPR×就业率×覆盖率；LFPR分性别由表230-28001合计+性别差还原
2034,40-44,女,255158.6,0.7627,0.963,0.85,159294.9,中,基准,Pop×LFPR×就业率×覆盖率；LFPR分性别由表230-28001合计+性别差还原
2034,45-49,男,256417.7,0.91,0.963,0.85,191000.5,中,基准,Pop×LFPR×就业率×覆盖率；LFPR分性别由表230-28001合计+性别差还原
2034,45-49,女,276632.6,0.7366,0.963,0.85,166788.7,中,基准,Pop×LFPR×就业率×覆盖率；LFPR分性别由表230-28001合计+性别差还原
2034,50-54,男,249694.5,0.907,0.963,0.85,185379.4,中,基准,Pop×LFPR×就业率×覆盖率；LFPR分性别由表230-28001合计+性别差还原
2034,50-54,女,293565.3,0.7034,0.963,0.85,169034.8,中,基准,Pop×LFPR×就业率×覆盖率；LFPR分性别由表230-28001合计+性别差还原
2034,55-59,男,246357.9,0.832,0.963,0.85,167778.0,中,基准,Pop×LFPR×就业率×覆盖率；LFPR分性别由表230-28001合计+性别差还原
2034,55-59,女,308005.7,0.589,0.963,0.85,148502.7,中,基准,Pop×LFPR×就业率×覆盖率；LFPR分性别由表230-28001合计+性别差还原
2034,60-64,男,248423.5,0.664,0.963,0.85,135022.4,中,基准,Pop×LFPR×就业率×覆盖率；LFPR分性别由表230-28001合计+性别差还原
2034,60-64,女,319673.1,0.3797,0.963,0.85,99345.4,中,基准,Pop×LFPR×就业率×覆盖率；LFPR分性别由表230-28001合计+性别差还原
2034,15-19,混合,285069.1,0.18,0.963,0.85,42001.8,中,基准,男+女合计
2034,20-24,混合,332312.5,0.62,0.963,0.85,168648.9,中,基准,男+女合计
2034,25-29,混合,336333.0,0.895,0.963,0.85,246398.3,中,基准,男+女合计
2034,30-34,混合,363786.6,0.889,0.963,0.85,264724.2,中,基准,男+女合计
2034,35-39,混合,438676.8,0.86,0.963,0.85,308807.9,中,基准,男+女合计
2034,40-44,混合,507811.8,0.832,0.963,0.85,345836.9,中,基准,男+女合计
2034,45-49,混合,533050.3,0.82,0.963,0.85,357789.2,中,基准,男+女合计
2034,50-54,混合,543259.8,0.797,0.963,0.85,354414.2,中,基准,男+女合计
2034,55-59,混合,554363.6,0.697,0.963,0.85,316280.7,中,基准,男+女合计
2034,60-64,混合,568096.6,0.504,0.963,0.85,234367.8,中,基准,男+女合计
2035,15-19,男,142940.7,0.2,0.963,0.85,23400.8,中,基准,Pop×LFPR×就业率×覆盖率；LFPR分性别由表230-28001合计+性别差还原
2035,15-19,女,134845.3,0.1588,0.963,0.85,17527.9,中,基准,Pop×LFPR×就业率×覆盖率；LFPR分性别由表230-28001合计+性别差还原
2035,20-24,男,172795.9,0.65,0.963,0.85,91937.4,中,基准,Pop×LFPR×就业率×覆盖率；LFPR分性别由表230-28001合计+性别差还原
2035,20-24,女,163890.9,0.5884,0.963,0.85,78931.5,中,基准,Pop×LFPR×就业率×覆盖率；LFPR分性别由表230-28001合计+性别差还原
2035,25-29,男,174512.7,0.935,0.963,0.85,133562.3,中,基准,Pop×LFPR×就业率×覆盖率；LFPR分性别由表230-28001合计+性别差还原
2035,25-29,女,167974.7,0.8534,0.963,0.85,117344.7,中,基准,Pop×LFPR×就业率×覆盖率；LFPR分性别由表230-28001合计+性别差还原
2035,30-34,男,179726.7,0.939,0.963,0.85,138141.3,中,基准,Pop×LFPR×就业率×覆盖率；LFPR分性别由表230-28001合计+性别差还原
2035,30-34,女,178158.8,0.8386,0.963,0.85,122288.8,中,基准,Pop×LFPR×就业率×覆盖率；LFPR分性别由表230-28001合计+性别差还原
2035,35-39,男,217011.7,0.92,0.963,0.85,163424.1,中,基准,Pop×LFPR×就业率×覆盖率；LFPR分性别由表230-28001合计+性别差还原
2035,35-39,女,209971.1,0.798,0.963,0.85,137151.7,中,基准,Pop×LFPR×就业率×覆盖率；LFPR分性别由表230-28001合计+性别差还原
2035,40-44,男,253575.5,0.902,0.963,0.85,187222.9,中,基准,Pop×LFPR×就业率×覆盖率；LFPR分性别由表230-28001合计+性别差还原
2035,40-44,女,253864.7,0.7621,0.963,0.85,158360.9,中,基准,Pop×LFPR×就业率×覆盖率；LFPR分性别由表230-28001合计+性别差还原
2035,45-49,男,258757.0,0.91,0.963,0.85,192743.0,中,基准,Pop×LFPR×就业率×覆盖率；LFPR分性别由表230-28001合计+性别差还原
2035,45-49,女,274439.7,0.7351,0.963,0.85,165144.4,中,基准,Pop×LFPR×就业率×覆盖率；LFPR分性别由表230-28001合计+性别差还原
2035,50-54,男,253407.3,0.907,0.963,0.85,188135.9,中,基准,Pop×LFPR×就业率×覆盖率；LFPR分性别由表230-28001合计+性别差还原
2035,50-54,女,293262.1,0.7019,0.963,0.85,168502.7,中,基准,Pop×LFPR×就业率×覆盖率；LFPR分性别由表230-28001合计+性别差还原
2035,55-59,男,246158.4,0.8315,0.963,0.85,167541.4,中,基准,Pop×LFPR×就业率×覆盖率；LFPR分性别由表230-28001合计+性别差还原
2035,55-59,女,306270.1,0.588,0.963,0.85,147409.2,中,基准,Pop×LFPR×就业率×覆盖率；LFPR分性别由表230-28001合计+性别差还原
2035,60-64,男,249853.5,0.6635,0.963,0.85,135697.4,中,基准,Pop×LFPR×就业率×覆盖率；LFPR分性别由表230-28001合计+性别差还原
2035,60-64,女,320094.7,0.3786,0.963,0.85,99201.0,中,基准,Pop×LFPR×就业率×覆盖率；LFPR分性别由表230-28001合计+性别差还原
2035,15-19,混合,277786.0,0.18,0.963,0.85,40928.7,中,基准,男+女合计
2035,20-24,混合,336686.8,0.62,0.963,0.85,170868.9,中,基准,男+女合计
2035,25-29,混合,342487.4,0.895,0.963,0.85,250907.0,中,基准,男+女合计
2035,30-34,混合,357885.5,0.889,0.963,0.85,260430.1,中,基准,男+女合计
2035,35-39,混合,426982.8,0.86,0.963,0.85,300575.8,中,基准,男+女合计
2035,40-44,混合,507440.2,0.832,0.963,0.85,345583.8,中,基准,男+女合计
2035,45-49,混合,533196.7,0.82,0.963,0.85,357887.4,中,基准,男+女合计
2035,50-54,混合,546669.4,0.797,0.963,0.85,356638.6,中,基准,男+女合计
2035,55-59,混合,552428.5,0.6965,0.963,0.85,314950.6,中,基准,男+女合计
2035,60-64,混合,569948.2,0.5035,0.963,0.85,234898.4,中,基准,男+女合计
2036,15-19,男,139054.3,0.2,0.963,0.85,22764.6,中,基准,Pop×LFPR×就业率×覆盖率；LFPR分性别由表230-28001合计+性别差还原
2036,15-19,女,131510.6,0.1589,0.963,0.85,17100.2,中,基准,Pop×LFPR×就业率×覆盖率；LFPR分性别由表230-28001合计+性别差还原
2036,20-24,男,174656.4,0.65,0.963,0.85,92927.2,中,基准,Pop×LFPR×就业率×覆盖率；LFPR分性别由表230-28001合计+性别差还原
2036,20-24,女,165789.9,0.5884,0.963,0.85,79849.6,中,基准,Pop×LFPR×就业率×覆盖率；LFPR分性别由表230-28001合计+性别差还原
2036,25-29,男,178379.7,0.935,0.963,0.85,136521.9,中,基准,Pop×LFPR×就业率×覆盖率；LFPR分性别由表230-28001合计+性别差还原
2036,25-29,女,170507.5,0.8532,0.963,0.85,119073.7,中,基准,Pop×LFPR×就业率×覆盖率；LFPR分性别由表230-28001合计+性别差还原
2036,30-34,男,175909.5,0.939,0.963,0.85,135207.3,中,基准,Pop×LFPR×就业率×覆盖率；LFPR分性别由表230-28001合计+性别差还原
2036,30-34,女,176325.9,0.8391,0.963,0.85,121111.2,中,基准,Pop×LFPR×就业率×覆盖率；LFPR分性别由表230-28001合计+性别差还原
2036,35-39,男,211704.6,0.92,0.963,0.85,159427.5,中,基准,Pop×LFPR×就业率×覆盖率；LFPR分性别由表230-28001合计+性别差还原
2036,35-39,女,203849.8,0.7977,0.963,0.85,133103.2,中,基准,Pop×LFPR×就业率×覆盖率；LFPR分性别由表230-28001合计+性别差还原
2036,40-44,男,254621.1,0.902,0.963,0.85,187994.9,中,基准,Pop×LFPR×就业率×覆盖率；LFPR分性别由表230-28001合计+性别差还原
2036,40-44,女,252703.4,0.7615,0.963,0.85,157510.1,中,基准,Pop×LFPR×就业率×覆盖率；LFPR分性别由表230-28001合计+性别差还原
2036,45-49,男,261236.1,0.91,0.963,0.85,194589.7,中,基准,Pop×LFPR×就业率×覆盖率；LFPR分性别由表230-28001合计+性别差还原
2036,45-49,女,272383.4,0.7337,0.963,0.85,163581.6,中,基准,Pop×LFPR×就业率×覆盖率；LFPR分性别由表230-28001合计+性别差还原
2036,50-54,男,257426.0,0.907,0.963,0.85,191119.5,中,基准,Pop×LFPR×就业率×覆盖率；LFPR分性别由表230-28001合计+性别差还原
2036,50-54,女,293292.0,0.7005,0.963,0.85,168160.3,中,基准,Pop×LFPR×就业率×覆盖率；LFPR分性别由表230-28001合计+性别差还原
2036,55-59,男,246099.1,0.831,0.963,0.85,167400.3,中,基准,Pop×LFPR×就业率×覆盖率；LFPR分性别由表230-28001合计+性别差还原
2036,55-59,女,304660.0,0.5869,0.963,0.85,146373.1,中,基准,Pop×LFPR×就业率×覆盖率；LFPR分性别由表230-28001合计+性别差还原
2036,60-64,男,251430.2,0.663,0.963,0.85,136450.8,中,基准,Pop×LFPR×就业率×覆盖率；LFPR分性别由表230-28001合计+性别差还原
2036,60-64,女,320651.0,0.3775,0.963,0.85,99092.5,中,基准,Pop×LFPR×就业率×覆盖率；LFPR分性别由表230-28001合计+性别差还原
2036,15-19,混合,270564.9,0.18,0.963,0.85,39864.8,中,基准,男+女合计
2036,20-24,混合,340446.3,0.62,0.963,0.85,172776.8,中,基准,男+女合计
2036,25-29,混合,348887.2,0.895,0.963,0.85,255595.6,中,基准,男+女合计
2036,30-34,混合,352235.4,0.889,0.963,0.85,256318.5,中,基准,男+女合计
2036,35-39,混合,415554.4,0.86,0.963,0.85,292530.7,中,基准,男+女合计
2036,40-44,混合,507324.5,0.832,0.963,0.85,345505.0,中,基准,男+女合计
2036,45-49,混合,533619.5,0.82,0.963,0.85,358171.3,中,基准,男+女合计
2036,50-54,混合,550718.0,0.797,0.963,0.85,359279.8,中,基准,男+女合计
2036,55-59,混合,550759.1,0.696,0.963,0.85,313773.4,中,基准,男+女合计
2036,60-64,混合,572081.2,0.503,0.963,0.85,235543.3,中,基准,男+女合计
2037,15-19,男,131756.0,0.2,0.963,0.85,21569.8,中,基准,Pop×LFPR×就业率×覆盖率；LFPR分性别由表230-28001合计+性别差还原
2037,15-19,女,124713.7,0.1589,0.963,0.85,16218.2,中,基准,Pop×LFPR×就业率×覆盖率；LFPR分性别由表230-28001合计+性别差还原
2037,20-24,男,170995.3,0.65,0.963,0.85,90979.3,中,基准,Pop×LFPR×就业率×覆盖率；LFPR分性别由表230-28001合计+性别差还原
2037,20-24,女,162698.4,0.5885,0.963,0.85,78370.6,中,基准,Pop×LFPR×就业率×覆盖率；LFPR分性别由表230-28001合计+性别差还原
2037,25-29,男,181650.7,0.935,0.963,0.85,139025.3,中,基准,Pop×LFPR×就业率×覆盖率；LFPR分性别由表230-28001合计+性别差还原
2037,25-29,女,173948.4,0.8532,0.963,0.85,121487.4,中,基准,Pop×LFPR×就业率×覆盖率；LFPR分性别由表230-28001合计+性别差还原
2037,30-34,男,179644.0,0.939,0.963,0.85,138077.7,中,基准,Pop×LFPR×就业率×覆盖率；LFPR分性别由表230-28001合计+性别差还原
2037,30-34,女,178716.6,0.8387,0.963,0.85,122698.1,中,基准,Pop×LFPR×就业率×覆盖率；LFPR分性别由表230-28001合计+性别差还原
2037,35-39,男,207748.9,0.92,0.963,0.85,156448.6,中,基准,Pop×LFPR×就业率×覆盖率；LFPR分性别由表230-28001合计+性别差还原
2037,35-39,女,201883.7,0.7983,0.963,0.85,131913.5,中,基准,Pop×LFPR×就业率×覆盖率；LFPR分性别由表230-28001合计+性别差还原
2037,40-44,男,249152.7,0.902,0.963,0.85,183957.4,中,基准,Pop×LFPR×就业率×覆盖率；LFPR分性别由表230-28001合计+性别差还原
2037,40-44,女,246431.6,0.7612,0.963,0.85,153552.1,中,基准,Pop×LFPR×就业率×覆盖率；LFPR分性别由表230-28001合计+性别差还原
2037,45-49,男,262099.7,0.91,0.963,0.85,195233.0,中,基准,Pop×LFPR×就业率×覆盖率；LFPR分性别由表230-28001合计+性别差还原
2037,45-49,女,271025.0,0.733,0.963,0.85,162606.2,中,基准,Pop×LFPR×就业率×覆盖率；LFPR分性别由表230-28001合计+性别差还原
2037,50-54,男,259563.5,0.907,0.963,0.85,192706.4,中,基准,Pop×LFPR×就业率×覆盖率；LFPR分性别由表230-28001合计+性别差还原
2037,50-54,女,290944.3,0.6989,0.963,0.85,166436.3,中,基准,Pop×LFPR×就业率×覆盖率；LFPR分性别由表230-28001合计+性别差还原
2037,55-59,男,249147.6,0.8305,0.963,0.85,169372.0,中,基准,Pop×LFPR×就业率×覆盖率；LFPR分性别由表230-28001合计+性别差还原
2037,55-59,女,303674.1,0.5847,0.963,0.85,145350.3,中,基准,Pop×LFPR×就业率×覆盖率；LFPR分性别由表230-28001合计+性别差还原
2037,60-64,男,251086.6,0.6625,0.963,0.85,136161.6,中,基准,Pop×LFPR×就业率×覆盖率；LFPR分性别由表230-28001合计+性别差还原
2037,60-64,女,318821.2,0.3765,0.963,0.85,98253.7,中,基准,Pop×LFPR×就业率×覆盖率；LFPR分性别由表230-28001合计+性别差还原
2037,15-19,混合,256469.7,0.18,0.963,0.85,37788.0,中,基准,男+女合计
2037,20-24,混合,333693.7,0.62,0.963,0.85,169349.9,中,基准,男+女合计
2037,25-29,混合,355599.1,0.895,0.963,0.85,260512.7,中,基准,男+女合计
2037,30-34,混合,358360.6,0.889,0.963,0.85,260775.8,中,基准,男+女合计
2037,35-39,混合,409632.6,0.86,0.963,0.85,288362.1,中,基准,男+女合计
2037,40-44,混合,495584.3,0.832,0.963,0.85,337509.5,中,基准,男+女合计
2037,45-49,混合,533124.7,0.82,0.963,0.85,357839.2,中,基准,男+女合计
2037,50-54,混合,550507.8,0.797,0.963,0.85,359142.7,中,基准,男+女合计
2037,55-59,混合,552821.7,0.6955,0.963,0.85,314722.3,中,基准,男+女合计
2037,60-64,混合,569907.8,0.5025,0.963,0.85,234415.3,中,基准,男+女合计
2038,15-19,男,124280.6,0.2,0.963,0.85,20346.0,中,基准,Pop×LFPR×就业率×覆盖率；LFPR分性别由表230-28001合计+性别差还原
2038,15-19,女,117730.1,0.1589,0.963,0.85,15311.6,中,基准,Pop×LFPR×就业率×覆盖率；LFPR分性别由表230-28001合计+性别差还原
2038,20-24,男,167129.7,0.65,0.963,0.85,88922.6,中,基准,Pop×LFPR×就业率×覆盖率；LFPR分性别由表230-28001合计+性别差还原
2038,20-24,女,159384.8,0.5885,0.963,0.85,76783.8,中,基准,Pop×LFPR×就业率×覆盖率；LFPR分性别由表230-28001合计+性别差还原
2038,25-29,男,184444.9,0.935,0.963,0.85,141163.8,中,基准,Pop×LFPR×就业率×覆盖率；LFPR分性别由表230-28001合计+性别差还原
2038,25-29,女,176869.4,0.8533,0.963,0.85,123535.8,中,基准,Pop×LFPR×就业率×覆盖率；LFPR分性别由表230-28001合计+性别差还原
2038,30-34,男,183260.8,0.939,0.963,0.85,140857.6,中,基准,Pop×LFPR×就业率×覆盖率；LFPR分性别由表230-28001合计+性别差还原
2038,30-34,女,180980.4,0.8384,0.963,0.85,124197.4,中,基准,Pop×LFPR×就业率×覆盖率；LFPR分性别由表230-28001合计+性别差还原
2038,35-39,男,203682.6,0.92,0.963,0.85,153386.4,中,基准,Pop×LFPR×就业率×覆盖率；LFPR分性别由表230-28001合计+性别差还原
2038,35-39,女,199790.4,0.7988,0.963,0.85,130639.6,中,基准,Pop×LFPR×就业率×覆盖率；LFPR分性别由表230-28001合计+性别差还原
2038,40-44,男,243584.6,0.902,0.963,0.85,179846.3,中,基准,Pop×LFPR×就业率×覆盖率；LFPR分性别由表230-28001合计+性别差还原
2038,40-44,女,240039.6,0.761,0.963,0.85,149518.0,中,基准,Pop×LFPR×就业率×覆盖率；LFPR分性别由表230-28001合计+性别差还原
2038,45-49,男,262923.4,0.91,0.963,0.85,195846.5,中,基准,Pop×LFPR×就业率×覆盖率；LFPR分性别由表230-28001合计+性别差还原
2038,45-49,女,269623.1,0.7322,0.963,0.85,161604.6,中,基准,Pop×LFPR×就业率×覆盖率；LFPR分性别由表230-28001合计+性别差还原
2038,50-54,男,261694.4,0.907,0.963,0.85,194288.4,中,基准,Pop×LFPR×就业率×覆盖率；LFPR分性别由表230-28001合计+性别差还原
2038,50-54,女,288576.7,0.6972,0.963,0.85,164699.8,中,基准,Pop×LFPR×就业率×覆盖率；LFPR分性别由表230-28001合计+性别差还原
2038,55-59,男,252327.4,0.83,0.963,0.85,171430.4,中,基准,Pop×LFPR×就业率×覆盖率；LFPR分性别由表230-28001合计+性别差还原
2038,55-59,女,302836.1,0.5825,0.963,0.85,144397.9,中,基准,Pop×LFPR×就业率×覆盖率；LFPR分性别由表230-28001合计+性别差还原
2038,60-64,男,250739.3,0.662,0.963,0.85,135870.6,中,基准,Pop×LFPR×就业率×覆盖率；LFPR分性别由表230-28001合计+性别差还原
2038,60-64,女,316962.5,0.3754,0.963,0.85,97404.9,中,基准,Pop×LFPR×就业率×覆盖率；LFPR分性别由表230-28001合计+性别差还原
2038,15-19,混合,242010.7,0.18,0.963,0.85,35657.6,中,基准,男+女合计
2038,20-24,混合,326514.5,0.62,0.963,0.85,165706.4,中,基准,男+女合计
2038,25-29,混合,361314.3,0.895,0.963,0.85,264699.6,中,基准,男+女合计
2038,30-34,混合,364241.2,0.889,0.963,0.85,265055.0,中,基准,男+女合计
2038,35-39,混合,403473.0,0.86,0.963,0.85,284026.0,中,基准,男+女合计
2038,40-44,混合,483624.2,0.832,0.963,0.85,329364.3,中,基准,男+女合计
2038,45-49,混合,532546.5,0.82,0.963,0.85,357451.1,中,基准,男+女合计
2038,50-54,混合,550271.1,0.797,0.963,0.85,358988.2,中,基准,男+女合计
2038,55-59,混合,555163.5,0.695,0.963,0.85,315828.3,中,基准,男+女合计
2038,60-64,混合,567701.8,0.502,0.963,0.85,233275.5,中,基准,男+女合计
2039,15-19,男,116663.6,0.2,0.963,0.85,19099.0,中,基准,Pop×LFPR×就业率×覆盖率；LFPR分性别由表230-28001合计+性别差还原
2039,15-19,女,110598.0,0.1589,0.963,0.85,14385.5,中,基准,Pop×LFPR×就业率×覆盖率；LFPR分性别由表230-28001合计+性别差还原
2039,20-24,男,163059.7,0.65,0.963,0.85,86757.1,中,基准,Pop×LFPR×就业率×覆盖率；LFPR分性别由表230-28001合计+性别差还原
2039,20-24,女,155848.9,0.5886,0.963,0.85,75089.3,中,基准,Pop×LFPR×就业率×覆盖率；LFPR分性别由表230-28001合计+性别差还原
2039,25-29,男,186745.4,0.935,0.963,0.85,142924.5,中,基准,Pop×LFPR×就业率×覆盖率；LFPR分性别由表230-28001合计+性别差还原
2039,25-29,女,179251.8,0.8533,0.963,0.85,125205.9,中,基准,Pop×LFPR×就业率×覆盖率；LFPR分性别由表230-28001合计+性别差还原
2039,30-34,男,186760.1,0.939,0.963,0.85,143547.3,中,基准,Pop×LFPR×就业率×覆盖率；LFPR分性别由表230-28001合计+性别差还原
2039,30-34,女,183117.3,0.838,0.963,0.85,125609.2,中,基准,Pop×LFPR×就业率×覆盖率；LFPR分性别由表230-28001合计+性别差还原
2039,35-39,男,199505.6,0.92,0.963,0.85,150240.9,中,基准,Pop×LFPR×就业率×覆盖率；LFPR分性别由表230-28001合计+性别差还原
2039,35-39,女,197569.7,0.7994,0.963,0.85,129281.5,中,基准,Pop×LFPR×就业率×覆盖率；LFPR分性别由表230-28001合计+性别差还原
2039,40-44,男,237916.8,0.902,0.963,0.85,175661.6,中,基准,Pop×LFPR×就业率×覆盖率；LFPR分性别由表230-28001合计+性别差还原
2039,40-44,女,233527.6,0.7607,0.963,0.85,145407.9,中,基准,Pop×LFPR×就业率×覆盖率；LFPR分性别由表230-28001合计+性别差还原
2039,45-49,男,263689.5,0.91,0.963,0.85,196417.2,中,基准,Pop×LFPR×就业率×覆盖率；LFPR分性别由表230-28001合计+性别差还原
2039,45-49,女,268158.5,0.7315,0.963,0.85,160565.1,中,基准,Pop×LFPR×就业率×覆盖率；LFPR分性别由表230-28001合计+性别差还原
2039,50-54,男,263818.7,0.907,0.963,0.85,195865.6,中,基准,Pop×LFPR×就业率×覆盖率；LFPR分性别由表230-28001合计+性别差还原
2039,50-54,女,286189.1,0.6956,0.963,0.85,162950.9,中,基准,Pop×LFPR×就业率×覆盖率；LFPR分性别由表230-28001合计+性别差还原
2039,55-59,男,255646.2,0.8295,0.963,0.85,173580.5,中,基准,Pop×LFPR×就业率×覆盖率；LFPR分性别由表230-28001合计+性别差还原
2039,55-59,女,302154.5,0.5803,0.963,0.85,143519.7,中,基准,Pop×LFPR×就业率×覆盖率；LFPR分性别由表230-28001合计+性别差还原
2039,60-64,男,250387.9,0.6615,0.963,0.85,135577.7,中,基准,Pop×LFPR×就业率×覆盖率；LFPR分性别由表230-28001合计+性别差还原
2039,60-64,女,315074.3,0.3743,0.963,0.85,96546.1,中,基准,Pop×LFPR×就业率×覆盖率；LFPR分性别由表230-28001合计+性别差还原
2039,15-19,混合,227261.6,0.18,0.963,0.85,33484.5,中,基准,男+女合计
2039,20-24,混合,318908.6,0.62,0.963,0.85,161846.4,中,基准,男+女合计
2039,25-29,混合,365997.2,0.895,0.963,0.85,268130.4,中,基准,男+女合计
2039,30-34,混合,369877.4,0.889,0.963,0.85,269156.5,中,基准,男+女合计
2039,35-39,混合,397075.3,0.86,0.963,0.85,279522.4,中,基准,男+女合计
2039,40-44,混合,471444.4,0.832,0.963,0.85,321069.5,中,基准,男+女合计
2039,45-49,混合,531848.0,0.82,0.963,0.85,356982.3,中,基准,男+女合计
2039,50-54,混合,550007.8,0.797,0.963,0.85,358816.5,中,基准,男+女合计
2039,55-59,混合,557800.7,0.6945,0.963,0.85,317100.2,中,基准,男+女合计
2039,60-64,混合,565462.2,0.5015,0.963,0.85,232123.8,中,基准,男+女合计
2040,15-19,男,108940.2,0.2,0.963,0.85,17834.6,中,基准,Pop×LFPR×就业率×覆盖率；LFPR分性别由表230-28001合计+性别差还原
2040,15-19,女,103355.6,0.1589,0.963,0.85,13444.9,中,基准,Pop×LFPR×就业率×覆盖率；LFPR分性别由表230-28001合计+性别差还原
2040,20-24,男,158785.1,0.65,0.963,0.85,84482.8,中,基准,Pop×LFPR×就业率×覆盖率；LFPR分性别由表230-28001合计+性别差还原
2040,20-24,女,152090.8,0.5887,0.963,0.85,73287.0,中,基准,Pop×LFPR×就业率×覆盖率；LFPR分性别由表230-28001合计+性别差还原
2040,25-29,男,188534.9,0.935,0.963,0.85,144294.1,中,基准,Pop×LFPR×就业率×覆盖率；LFPR分性别由表230-28001合计+性别差还原
2040,25-29,女,181077.2,0.8534,0.963,0.85,126484.6,中,基准,Pop×LFPR×就业率×覆盖率；LFPR分性别由表230-28001合计+性别差还原
2040,30-34,男,190142.0,0.939,0.963,0.85,146146.6,中,基准,Pop×LFPR×就业率×覆盖率；LFPR分性别由表230-28001合计+性别差还原
2040,30-34,女,185127.4,0.8376,0.963,0.85,126933.5,中,基准,Pop×LFPR×就业率×覆盖率；LFPR分性别由表230-28001合计+性别差还原
2040,35-39,男,195217.8,0.92,0.963,0.85,147011.9,中,基准,Pop×LFPR×就业率×覆盖率；LFPR分性别由表230-28001合计+性别差还原
2040,35-39,女,195221.7,0.8,0.963,0.85,127839.2,中,基准,Pop×LFPR×就业率×覆盖率；LFPR分性别由表230-28001合计+性别差还原
2040,40-44,男,232149.1,0.902,0.963,0.85,171403.1,中,基准,Pop×LFPR×就业率×覆盖率；LFPR分性别由表230-28001合计+性别差还原
2040,40-44,女,226895.4,0.7604,0.963,0.85,141221.6,中,基准,Pop×LFPR×就业率×覆盖率；LFPR分性别由表230-28001合计+性别差还原
2040,45-49,男,264380.6,0.91,0.963,0.85,196932.0,中,基准,Pop×LFPR×就业率×覆盖率；LFPR分性别由表230-28001合计+性别差还原
2040,45-49,女,266612.2,0.7308,0.963,0.85,159476.3,中,基准,Pop×LFPR×就业率×覆盖率；LFPR分性别由表230-28001合计+性别差还原
2040,50-54,男,265936.6,0.907,0.963,0.85,197437.9,中,基准,Pop×LFPR×就业率×覆盖率；LFPR分性别由表230-28001合计+性别差还原
2040,50-54,女,283781.3,0.6939,0.963,0.85,161189.4,中,基准,Pop×LFPR×就业率×覆盖率；LFPR分性别由表230-28001合计+性别差还原
2040,55-59,男,259111.9,0.829,0.963,0.85,175827.6,中,基准,Pop×LFPR×就业率×覆盖率；LFPR分性别由表230-28001合计+性别差还原
2040,55-59,女,301638.0,0.578,0.963,0.85,142719.6,中,基准,Pop×LFPR×就业率×覆盖率；LFPR分性别由表230-28001合计+性别差还原
2040,60-64,男,250031.9,0.661,0.963,0.85,135282.6,中,基准,Pop×LFPR×就业率×覆盖率；LFPR分性别由表230-28001合计+性别差还原
2040,60-64,女,313156.4,0.3733,0.963,0.85,95677.2,中,基准,Pop×LFPR×就业率×覆盖率；LFPR分性别由表230-28001合计+性别差还原
2040,15-19,混合,212295.8,0.18,0.963,0.85,31279.5,中,基准,男+女合计
2040,20-24,混合,310875.9,0.62,0.963,0.85,157769.8,中,基准,男+女合计
2040,25-29,混合,369612.1,0.895,0.963,0.85,270778.7,中,基准,男+女合计
2040,30-34,混合,375269.4,0.889,0.963,0.85,273080.1,中,基准,男+女合计
2040,35-39,混合,390439.5,0.86,0.963,0.85,274851.1,中,基准,男+女合计
2040,40-44,混合,459044.5,0.832,0.963,0.85,312624.7,中,基准,男+女合计
2040,45-49,混合,530992.8,0.82,0.963,0.85,356408.3,中,基准,男+女合计
2040,50-54,混合,549717.9,0.797,0.963,0.85,358627.3,中,基准,男+女合计
2040,55-59,混合,560749.9,0.694,0.963,0.85,318547.2,中,基准,男+女合计
2040,60-64,混合,563188.3,0.501,0.963,0.85,230959.8,中,基准,男+女合计
2041,15-19,男,101145.7,0.2,0.963,0.85,16558.6,中,基准,Pop×LFPR×就业率×覆盖率；LFPR分性别由表230-28001合计+性别差还原
2041,15-19,女,96041.3,0.1589,0.963,0.85,12494.8,中,基准,Pop×LFPR×就业率×覆盖率；LFPR分性别由表230-28001合计+性别差还原
2041,20-24,男,154306.0,0.65,0.963,0.85,82099.7,中,基准,Pop×LFPR×就业率×覆盖率；LFPR分性别由表230-28001合计+性别差还原
2041,20-24,女,148110.5,0.5887,0.963,0.85,71377.0,中,基准,Pop×LFPR×就业率×覆盖率；LFPR分性别由表230-28001合计+性别差还原
2041,25-29,男,189796.6,0.935,0.963,0.85,145259.7,中,基准,Pop×LFPR×就业率×覆盖率；LFPR分性别由表230-28001合计+性别差还原
2041,25-29,女,182326.9,0.8534,0.963,0.85,127358.8,中,基准,Pop×LFPR×就业率×覆盖率；LFPR分性别由表230-28001合计+性别差还原
2041,30-34,男,193406.5,0.939,0.963,0.85,148655.8,中,基准,Pop×LFPR×就业率×覆盖率；LFPR分性别由表230-28001合计+性别差还原
2041,30-34,女,187010.7,0.8373,0.963,0.85,128170.3,中,基准,Pop×LFPR×就业率×覆盖率；LFPR分性别由表230-28001合计+性别差还原
2041,35-39,男,190819.4,0.92,0.963,0.85,143699.6,中,基准,Pop×LFPR×就业率×覆盖率；LFPR分性别由表230-28001合计+性别差还原
2041,35-39,女,192746.4,0.8006,0.963,0.85,126312.7,中,基准,Pop×LFPR×就业率×覆盖率；LFPR分性别由表230-28001合计+性别差还原
2041,40-44,男,226281.3,0.902,0.963,0.85,167070.7,中,基准,Pop×LFPR×就业率×覆盖率；LFPR分性别由表230-28001合计+性别差还原
2041,40-44,女,220142.9,0.76,0.963,0.85,136959.1,中,基准,Pop×LFPR×就业率×覆盖率；LFPR分性别由表230-28001合计+性别差还原
2041,45-49,男,264979.2,0.91,0.963,0.85,197377.8,中,基准,Pop×LFPR×就业率×覆盖率；LFPR分性别由表230-28001合计+性别差还原
2041,45-49,女,264965.0,0.73,0.963,0.85,158326.5,中,基准,Pop×LFPR×就业率×覆盖率；LFPR分性别由表230-28001合计+性别差还原
2041,50-54,男,268047.9,0.907,0.963,0.85,199005.4,中,基准,Pop×LFPR×就业率×覆盖率；LFPR分性别由表230-28001合计+性别差还原
2041,50-54,女,281353.4,0.6922,0.963,0.85,159415.4,中,基准,Pop×LFPR×就业率×覆盖率；LFPR分性别由表230-28001合计+性别差还原
2041,55-59,男,262732.1,0.8285,0.963,0.85,178176.7,中,基准,Pop×LFPR×就业率×覆盖率；LFPR分性别由表230-28001合计+性别差还原
2041,55-59,女,301295.2,0.5758,0.963,0.85,142001.6,中,基准,Pop×LFPR×就业率×覆盖率；LFPR分性别由表230-28001合计+性别差还原
2041,60-64,男,249670.9,0.6605,0.963,0.85,134985.1,中,基准,Pop×LFPR×就业率×覆盖率；LFPR分性别由表230-28001合计+性别差还原
2041,60-64,女,311208.4,0.3721,0.963,0.85,94798.3,中,基准,Pop×LFPR×就业率×覆盖率；LFPR分性别由表230-28001合计+性别差还原
2041,15-19,混合,197187.0,0.18,0.963,0.85,29053.4,中,基准,男+女合计
2041,20-24,混合,302416.5,0.62,0.963,0.85,153476.7,中,基准,男+女合计
2041,25-29,混合,372123.5,0.895,0.963,0.85,272618.5,中,基准,男+女合计
2041,30-34,混合,380417.2,0.889,0.963,0.85,276826.1,中,基准,男+女合计
2041,35-39,混合,383565.8,0.86,0.963,0.85,270012.3,中,基准,男+女合计
2041,40-44,混合,446424.2,0.832,0.963,0.85,304029.8,中,基准,男+女合计
2041,45-49,混合,529944.2,0.82,0.963,0.85,355704.3,中,基准,男+女合计
2041,50-54,混合,549401.3,0.797,0.963,0.85,358420.8,中,基准,男+女合计
2041,55-59,混合,564027.3,0.6935,0.963,0.85,320178.3,中,基准,男+女合计
2041,60-64,混合,560879.3,0.5005,0.963,0.85,229783.4,中,基准,男+女合计
2042,15-19,男,101853.0,0.2,0.963,0.85,16674.4,中,基准,Pop×LFPR×就业率×覆盖率；LFPR分性别由表230-28001合计+性别差还原
2042,15-19,女,97182.2,0.159,0.963,0.85,12651.3,中,基准,Pop×LFPR×就业率×覆盖率；LFPR分性别由表230-28001合计+性别差还原
2042,20-24,男,146416.0,0.65,0.963,0.85,77901.7,中,基准,Pop×LFPR×就业率×覆盖率；LFPR分性别由表230-28001合计+性别差还原
2042,20-24,女,140667.8,0.5888,0.963,0.85,67793.6,中,基准,Pop×LFPR×就业率×覆盖率；LFPR分性别由表230-28001合计+性别差还原
2042,25-29,男,185543.7,0.935,0.963,0.85,142004.8,中,基准,Pop×LFPR×就业率×覆盖率；LFPR分性别由表230-28001合计+性别差还原
2042,25-29,女,178590.4,0.8534,0.963,0.85,124760.7,中,基准,Pop×LFPR×就业率×覆盖率；LFPR分性别由表230-28001合计+性别差还原
2042,30-34,男,196076.5,0.939,0.963,0.85,150708.0,中,基准,Pop×LFPR×就业率×覆盖率；LFPR分性别由表230-28001合计+性别差还原
2042,30-34,女,189801.0,0.8373,0.963,0.85,130091.5,中,基准,Pop×LFPR×就业率×覆盖率；LFPR分性别由表230-28001合计+性别差还原
2042,35-39,男,193951.2,0.92,0.963,0.85,146058.1,中,基准,Pop×LFPR×就业率×覆盖率；LFPR分性别由表230-28001合计+性别差还原
2042,35-39,女,194487.6,0.8002,0.963,0.85,127384.6,中,基准,Pop×LFPR×就业率×覆盖率；LFPR分性别由表230-28001合计+性别差还原
2042,40-44,男,221746.0,0.902,0.963,0.85,163722.2,中,基准,Pop×LFPR×就业率×覆盖率；LFPR分性别由表230-28001合计+性别差还原
2042,40-44,女,217535.3,0.7606,0.963,0.85,135443.1,中,基准,Pop×LFPR×就业率×覆盖率；LFPR分性别由表230-28001合计+性别差还原
2042,45-49,男,259090.0,0.91,0.963,0.85,192991.1,中,基准,Pop×LFPR×就业率×覆盖率；LFPR分性别由表230-28001合计+性别差还原
2042,45-49,女,258209.4,0.7297,0.963,0.85,154226.0,中,基准,Pop×LFPR×就业率×覆盖率；LFPR分性别由表230-28001合计+性别差还原
2042,50-54,男,268554.9,0.907,0.963,0.85,199381.8,中,基准,Pop×LFPR×就业率×覆盖率；LFPR分性别由表230-28001合计+性别差还原
2042,50-54,女,279608.7,0.6913,0.963,0.85,158231.5,中,基准,Pop×LFPR×就业率×覆盖率；LFPR分性别由表230-28001合计+性别差还原
2042,55-59,男,264504.3,0.828,0.963,0.85,179270.3,中,基准,Pop×LFPR×就业率×覆盖率；LFPR分性别由表230-28001合计+性别差还原
2042,55-59,女,298582.1,0.5734,0.963,0.85,140143.4,中,基准,Pop×LFPR×就业率×覆盖率；LFPR分性别由表230-28001合计+性别差还原
2042,60-64,男,252341.1,0.66,0.963,0.85,136325.5,中,基准,Pop×LFPR×就业率×覆盖率；LFPR分性别由表230-28001合计+性别差还原
2042,60-64,女,309860.4,0.3697,0.963,0.85,93769.5,中,基准,Pop×LFPR×就业率×覆盖率；LFPR分性别由表230-28001合计+性别差还原
2042,15-19,混合,199035.2,0.18,0.963,0.85,29325.7,中,基准,男+女合计
2042,20-24,混合,287083.8,0.62,0.963,0.85,145695.3,中,基准,男+女合计
2042,25-29,混合,364134.1,0.895,0.963,0.85,266765.5,中,基准,男+女合计
2042,30-34,混合,385877.5,0.889,0.963,0.85,280799.5,中,基准,男+女合计
2042,35-39,混合,388438.8,0.86,0.963,0.85,273442.7,中,基准,男+女合计
2042,40-44,混合,439281.3,0.832,0.963,0.85,299165.3,中,基准,男+女合计
2042,45-49,混合,517299.4,0.82,0.963,0.85,347217.1,中,基准,男+女合计
2042,50-54,混合,548163.6,0.797,0.963,0.85,357613.3,中,基准,男+女合计
2042,55-59,混合,563086.4,0.693,0.963,0.85,319413.7,中,基准,男+女合计
2042,60-64,混合,562201.5,0.5,0.963,0.85,230095.0,中,基准,男+女合计
2043,15-19,男,102257.1,0.2,0.963,0.85,16740.5,中,基准,Pop×LFPR×就业率×覆盖率；LFPR分性别由表230-28001合计+性别差还原
2043,15-19,女,98010.8,0.1591,0.963,0.85,12766.8,中,基准,Pop×LFPR×就业率×覆盖率；LFPR分性别由表230-28001合计+性别差还原
2043,20-24,男,138349.6,0.65,0.963,0.85,73609.9,中,基准,Pop×LFPR×就业率×覆盖率；LFPR分性别由表230-28001合计+性别差还原
2043,20-24,女,133039.0,0.5888,0.963,0.85,64120.0,中,基准,Pop×LFPR×就业率×覆盖率；LFPR分性别由表230-28001合计+性别差还原
2043,25-29,男,181086.9,0.935,0.963,0.85,138593.8,中,基准,Pop×LFPR×就业率×覆盖率；LFPR分性别由表230-28001合计+性别差还原
2043,25-29,女,174631.8,0.8535,0.963,0.85,122006.5,中,基准,Pop×LFPR×就业率×覆盖率；LFPR分性别由表230-28001合计+性别差还原
2043,30-34,男,198270.7,0.939,0.963,0.85,152394.5,中,基准,Pop×LFPR×就业率×覆盖率；LFPR分性别由表230-28001合计+性别差还原
2043,30-34,女,192071.9,0.8374,0.963,0.85,131654.3,中,基准,Pop×LFPR×就业率×覆盖率；LFPR分性别由表230-28001合计+性别差还原
2043,35-39,男,196965.7,0.92,0.963,0.85,148328.2,中,基准,Pop×LFPR×就业率×覆盖率；LFPR分性别由表230-28001合计+性别差还原
2043,35-39,女,196102.1,0.7997,0.963,0.85,128373.1,中,基准,Pop×LFPR×就业率×覆盖率；LFPR分性别由表230-28001合计+性别差还原
2043,40-44,男,217102.9,0.902,0.963,0.85,160294.0,中,基准,Pop×LFPR×就业率×覆盖率；LFPR分性别由表230-28001合计+性别差还原
2043,40-44,女,214800.9,0.7612,0.963,0.85,133847.0,中,基准,Pop×LFPR×就业率×覆盖率；LFPR分性别由表230-28001合计+性别差还原
2043,45-49,男,253106.7,0.91,0.963,0.85,188534.2,中,基准,Pop×LFPR×就业率×覆盖率；LFPR分性别由表230-28001合计+性别差还原
2043,45-49,女,251337.8,0.7294,0.963,0.85,150054.5,中,基准,Pop×LFPR×就业率×覆盖率；LFPR分性别由表230-28001合计+性别差还原
2043,50-54,男,269024.4,0.907,0.963,0.85,199730.4,中,基准,Pop×LFPR×就业率×覆盖率；LFPR分性别由表230-28001合计+性别差还原
2043,50-54,女,277822.9,0.6905,0.963,0.85,157024.2,中,基准,Pop×LFPR×就业率×覆盖率；LFPR分性别由表230-28001合计+性别差还原
2043,55-59,男,266271.2,0.8275,0.963,0.85,180358.8,中,基准,Pop×LFPR×就业率×覆盖率；LFPR分性别由表230-28001合计+性别差还原
2043,55-59,女,295852.1,0.571,0.963,0.85,138278.4,中,基准,Pop×LFPR×就业率×覆盖率；LFPR分性别由表230-28001合计+性别差还原
2043,60-64,男,255138.4,0.6595,0.963,0.85,137732.3,中,基准,Pop×LFPR×就业率×覆盖率；LFPR分性别由表230-28001合计+性别差还原
2043,60-64,女,308661.9,0.3672,0.963,0.85,92786.3,中,基准,Pop×LFPR×就业率×覆盖率；LFPR分性别由表230-28001合计+性别差还原
2043,15-19,混合,200267.9,0.18,0.963,0.85,29507.3,中,基准,男+女合计
2043,20-24,混合,271388.6,0.62,0.963,0.85,137729.9,中,基准,男+女合计
2043,25-29,混合,355718.7,0.895,0.963,0.85,260600.3,中,基准,男+女合计
2043,30-34,混合,390342.6,0.889,0.963,0.85,284048.8,中,基准,男+女合计
2043,35-39,混合,393067.8,0.86,0.963,0.85,276701.3,中,基准,男+女合计
2043,40-44,混合,431903.8,0.832,0.963,0.85,294141.0,中,基准,男+女合计
2043,45-49,混合,504444.5,0.82,0.963,0.85,338588.7,中,基准,男+女合计
2043,50-54,混合,546847.3,0.797,0.963,0.85,356754.6,中,基准,男+女合计
2043,55-59,混合,562123.3,0.6925,0.963,0.85,318637.2,中,基准,男+女合计
2043,60-64,混合,563800.3,0.4995,0.963,0.85,230518.6,中,基准,男+女合计
2044,15-19,男,102356.0,0.2,0.963,0.85,16756.7,中,基准,Pop×LFPR×就业率×覆盖率；LFPR分性别由表230-28001合计+性别差还原
2044,15-19,女,98524.6,0.1592,0.963,0.85,12840.8,中,基准,Pop×LFPR×就业率×覆盖率；LFPR分性别由表230-28001合计+性别差还原
2044,20-24,男,130142.2,0.65,0.963,0.85,69243.1,中,基准,Pop×LFPR×就业率×覆盖率；LFPR分性别由表230-28001合计+性别差还原
2044,20-24,女,125262.3,0.5888,0.963,0.85,60374.9,中,基准,Pop×LFPR×就业率×覆盖率；LFPR分性别由表230-28001合计+性别差还原
2044,25-29,男,176426.1,0.935,0.963,0.85,135026.7,中,基准,Pop×LFPR×就业率×覆盖率；LFPR分性别由表230-28001合计+性别差还原
2044,25-29,女,170451.0,0.8536,0.963,0.85,119096.2,中,基准,Pop×LFPR×就业率×覆盖率；LFPR分性别由表230-28001合计+性别差还原
2044,30-34,男,199972.0,0.939,0.963,0.85,153702.2,中,基准,Pop×LFPR×就业率×覆盖率；LFPR分性别由表230-28001合计+性别差还原
2044,30-34,女,193804.8,0.8374,0.963,0.85,132845.6,中,基准,Pop×LFPR×就业率×覆盖率；LFPR分性别由表230-28001合计+性别差还原
2044,35-39,男,199863.1,0.92,0.963,0.85,150510.1,中,基准,Pop×LFPR×就业率×覆盖率；LFPR分性别由表230-28001合计+性别差还原
2044,35-39,女,197590.1,0.7993,0.963,0.85,129278.3,中,基准,Pop×LFPR×就业率×覆盖率；LFPR分性别由表230-28001合计+性别差还原
2044,40-44,男,212352.0,0.902,0.963,0.85,156786.3,中,基准,Pop×LFPR×就业率×覆盖率；LFPR分性别由表230-28001合计+性别差还原
2044,40-44,女,211939.6,0.7619,0.963,0.85,132170.5,中,基准,Pop×LFPR×就业率×覆盖率；LFPR分性别由表230-28001合计+性别差还原
2044,45-49,男,247029.1,0.91,0.963,0.85,184007.2,中,基准,Pop×LFPR×就业率×覆盖率；LFPR分性别由表230-28001合计+性别差还原
2044,45-49,女,244350.0,0.729,0.963,0.85,145811.9,中,基准,Pop×LFPR×就业率×覆盖率；LFPR分性别由表230-28001合计+性别差还原
2044,50-54,男,269439.2,0.907,0.963,0.85,200038.4,中,基准,Pop×LFPR×就业率×覆盖率；LFPR分性别由表230-28001合计+性别差还原
2044,50-54,女,275976.6,0.6896,0.963,0.85,155782.4,中,基准,Pop×LFPR×就业率×覆盖率；LFPR分性别由表230-28001合计+性别差还原
2044,55-59,男,268032.7,0.827,0.963,0.85,181442.3,中,基准,Pop×LFPR×就业率×覆盖率；LFPR分性别由表230-28001合计+性别差还原
2044,55-59,女,293105.1,0.5685,0.963,0.85,136406.7,中,基准,Pop×LFPR×就业率×覆盖率；LFPR分性别由表230-28001合计+性别差还原
2044,60-64,男,258070.3,0.659,0.963,0.85,139209.4,中,基准,Pop×LFPR×就业率×覆盖率；LFPR分性别由表230-28001合计+性别差还原
2044,60-64,女,307621.1,0.3648,0.963,0.85,91850.9,中,基准,Pop×LFPR×就业率×覆盖率；LFPR分性别由表230-28001合计+性别差还原
2044,15-19,混合,200880.6,0.18,0.963,0.85,29597.5,中,基准,男+女合计
2044,20-24,混合,255404.5,0.62,0.963,0.85,129618.0,中,基准,男+女合计
2044,25-29,混合,346877.1,0.895,0.963,0.85,254122.9,中,基准,男+女合计
2044,30-34,混合,393776.8,0.889,0.963,0.85,286547.8,中,基准,男+女合计
2044,35-39,混合,397453.2,0.86,0.963,0.85,279788.4,中,基准,男+女合计
2044,40-44,混合,424291.6,0.832,0.963,0.85,288956.8,中,基准,男+女合计
2044,45-49,混合,491379.1,0.82,0.963,0.85,329819.1,中,基准,男+女合计
2044,50-54,混合,545415.8,0.797,0.963,0.85,355820.8,中,基准,男+女合计
2044,55-59,混合,561137.8,0.692,0.963,0.85,317849.0,中,基准,男+女合计
2044,60-64,混合,565691.4,0.499,0.963,0.85,231060.3,中,基准,男+女合计
2045,15-19,男,102147.9,0.2,0.963,0.85,16722.6,中,基准,Pop×LFPR×就业率×覆盖率；LFPR分性别由表230-28001合计+性别差还原
2045,15-19,女,98720.9,0.1593,0.963,0.85,12873.2,中,基准,Pop×LFPR×就业率×覆盖率；LFPR分性别由表230-28001合计+性别差还原
2045,20-24,男,121828.9,0.65,0.963,0.85,64820.0,中,基准,Pop×LFPR×就业率×覆盖率；LFPR分性别由表230-28001合计+性别差还原
2045,20-24,女,117376.0,0.5889,0.963,0.85,56576.7,中,基准,Pop×LFPR×就业率×覆盖率；LFPR分性别由表230-28001合计+性别差还原
2045,25-29,男,171561.3,0.935,0.963,0.85,131303.5,中,基准,Pop×LFPR×就业率×覆盖率；LFPR分性别由表230-28001合计+性别差还原
2045,25-29,女,166048.1,0.8537,0.963,0.85,116030.0,中,基准,Pop×LFPR×就业率×覆盖率；LFPR分性别由表230-28001合计+性别差还原
2045,30-34,男,201163.4,0.939,0.963,0.85,154617.9,中,基准,Pop×LFPR×就业率×覆盖率；LFPR分性别由表230-28001合计+性别差还原
2045,30-34,女,194981.2,0.8374,0.963,0.85,133652.9,中,基准,Pop×LFPR×就业率×覆盖率；LFPR分性别由表230-28001合计+性别差还原
2045,35-39,男,202643.5,0.92,0.963,0.85,152603.9,中,基准,Pop×LFPR×就业率×覆盖率；LFPR分性别由表230-28001合计+性别差还原
2045,35-39,女,198951.6,0.7989,0.963,0.85,130100.1,中,基准,Pop×LFPR×就业率×覆盖率；LFPR分性别由表230-28001合计+性别差还原
2045,40-44,男,207493.1,0.902,0.963,0.85,153198.8,中,基准,Pop×LFPR×就业率×覆盖率；LFPR分性别由表230-28001合计+性别差还原
2045,40-44,女,208951.5,0.7625,0.963,0.85,130413.9,中,基准,Pop×LFPR×就业率×覆盖率；LFPR分性别由表230-28001合计+性别差还原
2045,45-49,男,240856.8,0.91,0.963,0.85,179409.5,中,基准,Pop×LFPR×就业率×覆盖率；LFPR分性别由表230-28001合计+性别差还原
2045,45-49,女,237245.8,0.7286,0.963,0.85,141498.2,中,基准,Pop×LFPR×就业率×覆盖率；LFPR分性别由表230-28001合计+性别差还原
2045,50-54,男,269781.8,0.907,0.963,0.85,200292.7,中,基准,Pop×LFPR×就业率×覆盖率；LFPR分性别由表230-28001合计+性别差还原
2045,50-54,女,274051.0,0.6887,0.963,0.85,154495.3,中,基准,Pop×LFPR×就业率×覆盖率；LFPR分性别由表230-28001合计+性别差还原
2045,55-59,男,269788.9,0.8265,0.963,0.85,182520.7,中,基准,Pop×LFPR×就业率×覆盖率；LFPR分性别由表230-28001合计+性别差还原
2045,55-59,女,290341.0,0.5661,0.963,0.85,134528.1,中,基准,Pop×LFPR×就业率×覆盖率；LFPR分性别由表230-28001合计+性别差还原
2045,60-64,男,261144.1,0.6585,0.963,0.85,140760.6,中,基准,Pop×LFPR×就业率×覆盖率；LFPR分性别由表230-28001合计+性别差还原
2045,60-64,女,306746.4,0.3623,0.963,0.85,90965.5,中,基准,Pop×LFPR×就业率×覆盖率；LFPR分性别由表230-28001合计+性别差还原
2045,15-19,混合,200868.8,0.18,0.963,0.85,29595.8,中,基准,男+女合计
2045,20-24,混合,239204.9,0.62,0.963,0.85,121396.7,中,基准,男+女合计
2045,25-29,混合,337609.4,0.895,0.963,0.85,247333.5,中,基准,男+女合计
2045,30-34,混合,396144.6,0.889,0.963,0.85,288270.8,中,基准,男+女合计
2045,35-39,混合,401595.1,0.86,0.963,0.85,282704.0,中,基准,男+女合计
2045,40-44,混合,416444.6,0.832,0.963,0.85,283612.7,中,基准,男+女合计
2045,45-49,混合,478102.6,0.82,0.963,0.85,320907.7,中,基准,男+女合计
2045,50-54,混合,543832.8,0.797,0.963,0.85,354788.0,中,基准,男+女合计
2045,55-59,混合,560129.9,0.6915,0.963,0.85,317048.8,中,基准,男+女合计
2045,60-64,混合,567890.5,0.4985,0.963,0.85,231726.1,中,基准,男+女合计
2046,15-19,男,101631.5,0.2,0.963,0.85,16638.1,中,基准,Pop×LFPR×就业率×覆盖率；LFPR分性别由表230-28001合计+性别差还原
2046,15-19,女,98597.7,0.1594,0.963,0.85,12863.5,中,基准,Pop×LFPR×就业率×覆盖率；LFPR分性别由表230-28001合计+性别差还原
2046,20-24,男,113445.0,0.65,0.963,0.85,60359.3,中,基准,Pop×LFPR×就业率×覆盖率；LFPR分性别由表230-28001合计+性别差还原
2046,20-24,女,109418.3,0.5889,0.963,0.85,52744.1,中,基准,Pop×LFPR×就业率×覆盖率；LFPR分性别由表230-28001合计+性别差还原
2046,25-29,男,166492.5,0.935,0.963,0.85,127424.1,中,基准,Pop×LFPR×就业率×覆盖率；LFPR分性别由表230-28001合计+性别差还原
2046,25-29,女,161423.1,0.8537,0.963,0.85,112807.6,中,基准,Pop×LFPR×就业率×覆盖率；LFPR分性别由表230-28001合计+性别差还原
2046,30-34,男,201828.0,0.939,0.963,0.85,155128.7,中,基准,Pop×LFPR×就业率×覆盖率；LFPR分性别由表230-28001合计+性别差还原
2046,30-34,女,195582.6,0.8374,0.963,0.85,134063.4,中,基准,Pop×LFPR×就业率×覆盖率；LFPR分性别由表230-28001合计+性别差还原
2046,35-39,男,205306.8,0.92,0.963,0.85,154609.6,中,基准,Pop×LFPR×就业率×覆盖率；LFPR分性别由表230-28001合计+性别差还原
2046,35-39,女,200186.5,0.7985,0.963,0.85,130838.7,中,基准,Pop×LFPR×就业率×覆盖率；LFPR分性别由表230-28001合计+性别差还原
2046,40-44,男,202526.1,0.902,0.963,0.85,149531.5,中,基准,Pop×LFPR×就业率×覆盖率；LFPR分性别由表230-28001合计+性别差还原
2046,40-44,女,205836.6,0.7631,0.963,0.85,128577.2,中,基准,Pop×LFPR×就业率×覆盖率；LFPR分性别由表230-28001合计+性别差还原
2046,45-49,男,234589.6,0.91,0.963,0.85,174741.2,中,基准,Pop×LFPR×就业率×覆盖率；LFPR分性别由表230-28001合计+性别差还原
2046,45-49,女,230025.2,0.7282,0.963,0.85,137113.3,中,基准,Pop×LFPR×就业率×覆盖率；LFPR分性别由表230-28001合计+性别差还原
2046,50-54,男,270034.8,0.907,0.963,0.85,200480.5,中,基准,Pop×LFPR×就业率×覆盖率；LFPR分性别由表230-28001合计+性别差还原
2046,50-54,女,272026.9,0.6878,0.963,0.85,153152.0,中,基准,Pop×LFPR×就业率×覆盖率；LFPR分性别由表230-28001合计+性别差还原
2046,55-59,男,271539.7,0.826,0.963,0.85,183594.0,中,基准,Pop×LFPR×就业率×覆盖率；LFPR分性别由表230-28001合计+性别差还原
2046,55-59,女,287559.6,0.5635,0.963,0.85,132642.6,中,基准,Pop×LFPR×就业率×覆盖率；LFPR分性别由表230-28001合计+性别差还原
2046,60-64,男,264367.2,0.658,0.963,0.85,142389.7,中,基准,Pop×LFPR×就业率×覆盖率；LFPR分性别由表230-28001合计+性别差还原
2046,60-64,女,306046.0,0.3598,0.963,0.85,90132.3,中,基准,Pop×LFPR×就业率×覆盖率；LFPR分性别由表230-28001合计+性别差还原
2046,15-19,混合,200229.2,0.18,0.963,0.85,29501.6,中,基准,男+女合计
2046,20-24,混合,222863.3,0.62,0.963,0.85,113103.4,中,基准,男+女合计
2046,25-29,混合,327915.6,0.895,0.963,0.85,240231.7,中,基准,男+女合计
2046,30-34,混合,397410.6,0.889,0.963,0.85,289192.1,中,基准,男+女合计
2046,35-39,混合,405493.3,0.86,0.963,0.85,285448.3,中,基准,男+女合计
2046,40-44,混合,408362.7,0.832,0.963,0.85,278108.7,中,基准,男+女合计
2046,45-49,混合,464614.8,0.82,0.963,0.85,311854.5,中,基准,男+女合计
2046,50-54,混合,542061.7,0.797,0.963,0.85,353632.5,中,基准,男+女合计
2046,55-59,混合,559099.3,0.691,0.963,0.85,316236.6,中,基准,男+女合计
2046,60-64,混合,570413.2,0.498,0.963,0.85,232522.0,中,基准,男+女合计
2047,15-19,男,100461.2,0.2,0.963,0.85,16446.5,中,基准,Pop×LFPR×就业率×覆盖率；LFPR分性别由表230-28001合计+性别差还原
2047,15-19,女,97436.4,0.1594,0.963,0.85,12711.5,中,基准,Pop×LFPR×就业率×覆盖率；LFPR分性别由表230-28001合计+性别差还原
2047,20-24,男,113553.5,0.65,0.963,0.85,60417.0,中,基准,Pop×LFPR×就业率×覆盖率；LFPR分性别由表230-28001合计+性别差还原
2047,20-24,女,109909.8,0.589,0.963,0.85,52990.9,中,基准,Pop×LFPR×就业率×覆盖率；LFPR分性别由表230-28001合计+性别差还原
2047,25-29,男,158014.9,0.935,0.963,0.85,120935.8,中,基准,Pop×LFPR×就业率×覆盖率；LFPR分性别由表230-28001合计+性别差还原
2047,25-29,女,153338.2,0.8538,0.963,0.85,107162.2,中,基准,Pop×LFPR×就业率×覆盖率；LFPR分性别由表230-28001合计+性别差还原
2047,30-34,男,196987.0,0.939,0.963,0.85,151407.8,中,基准,Pop×LFPR×就业率×覆盖率；LFPR分性别由表230-28001合计+性别差还原
2047,30-34,女,191201.7,0.8375,0.963,0.85,131073.6,中,基准,Pop×LFPR×就业率×覆盖率；LFPR分性别由表230-28001合计+性别差还原
2047,35-39,男,207377.4,0.92,0.963,0.85,156168.9,中,基准,Pop×LFPR×就业率×覆盖率；LFPR分性别由表230-28001合计+性别差还原
2047,35-39,女,202327.1,0.7985,0.963,0.85,132243.8,中,基准,Pop×LFPR×就业率×覆盖率；LFPR分性别由表230-28001合计+性别差还原
2047,40-44,男,205057.2,0.902,0.963,0.85,151400.3,中,基准,Pop×LFPR×就业率×覆盖率；LFPR分性别由表230-28001合计+性别差还原
2047,40-44,女,206929.7,0.7626,0.963,0.85,129176.6,中,基准,Pop×LFPR×就业率×覆盖率；LFPR分性别由表230-28001合计+性别差还原
2047,45-49,男,229625.1,0.91,0.963,0.85,171043.3,中,基准,Pop×LFPR×就业率×覆盖率；LFPR分性别由表230-28001合计+性别差还原
2047,45-49,女,226924.9,0.7289,0.963,0.85,135398.1,中,基准,Pop×LFPR×就业率×覆盖率；LFPR分性别由表230-28001合计+性别差还原
2047,50-54,男,263842.3,0.907,0.963,0.85,195883.1,中,基准,Pop×LFPR×就业率×覆盖率；LFPR分性别由表230-28001合计+性别差还原
2047,50-54,女,264905.2,0.6874,0.963,0.85,149063.5,中,基准,Pop×LFPR×就业率×覆盖率；LFPR分性别由表230-28001合计+性别差还原
2047,55-59,男,271703.7,0.8255,0.963,0.85,183593.7,中,基准,Pop×LFPR×就业率×覆盖率；LFPR分性别由表230-28001合计+性别差还原
2047,55-59,女,285442.4,0.562,0.963,0.85,131310.1,中,基准,Pop×LFPR×就业率×覆盖率；LFPR分性别由表230-28001合计+性别差还原
2047,60-64,男,265787.3,0.6575,0.963,0.85,143045.8,中,基准,Pop×LFPR×就业率×覆盖率；LFPR分性别由表230-28001合计+性别差还原
2047,60-64,女,302982.5,0.3571,0.963,0.85,88573.5,中,基准,Pop×LFPR×就业率×覆盖率；LFPR分性别由表230-28001合计+性别差还原
2047,15-19,混合,197897.6,0.18,0.963,0.85,29158.0,中,基准,男+女合计
2047,20-24,混合,223463.3,0.62,0.963,0.85,113407.9,中,基准,男+女合计
2047,25-29,混合,311353.1,0.895,0.963,0.85,228098.0,中,基准,男+女合计
2047,30-34,混合,388188.7,0.889,0.963,0.85,282481.4,中,基准,男+女合计
2047,35-39,混合,409704.5,0.86,0.963,0.85,288412.7,中,基准,男+女合计
2047,40-44,混合,411986.9,0.832,0.963,0.85,280576.9,中,基准,男+女合计
2047,45-49,混合,456550.0,0.82,0.963,0.85,306441.4,中,基准,男+女合计
2047,50-54,混合,528747.5,0.797,0.963,0.85,344946.6,中,基准,男+女合计
2047,55-59,混合,557146.1,0.6905,0.963,0.85,314903.8,中,基准,男+女合计
2047,60-64,混合,568769.8,0.4975,0.963,0.85,231619.3,中,基准,男+女合计
2048,15-19,男,99457.5,0.2,0.963,0.85,16282.2,中,基准,Pop×LFPR×就业率×覆盖率；LFPR分性别由表230-28001合计+性别差还原
2048,15-19,女,96434.3,0.1594,0.963,0.85,12580.3,中,基准,Pop×LFPR×就业率×覆盖率；LFPR分性别由表230-28001合计+性别差还原
2048,20-24,男,113431.9,0.65,0.963,0.85,60352.3,中,基准,Pop×LFPR×就业率×覆盖率；LFPR分性别由表230-28001合计+性别差还原
2048,20-24,女,110168.2,0.5891,0.963,0.85,53125.0,中,基准,Pop×LFPR×就业率×覆盖率；LFPR分性别由表230-28001合计+性别差还原
2048,25-29,男,149434.4,0.935,0.963,0.85,114368.8,中,基准,Pop×LFPR×就业率×覆盖率；LFPR分性别由表230-28001合计+性别差还原
2048,25-29,女,145146.1,0.8538,0.963,0.85,101441.6,中,基准,Pop×LFPR×就业率×覆盖率；LFPR分性别由表230-28001合计+性别差还原
2048,30-34,男,192015.6,0.939,0.963,0.85,147586.7,中,基准,Pop×LFPR×就业率×覆盖率；LFPR分性别由表230-28001合计+性别差还原
2048,30-34,女,186678.0,0.8376,0.963,0.85,127985.2,中,基准,Pop×LFPR×就业率×覆盖率；LFPR分性别由表230-28001合计+性别差还原
2048,35-39,男,209046.1,0.92,0.963,0.85,157425.5,中,基准,Pop×LFPR×就业率×覆盖率；LFPR分性别由表230-28001合计+性别差还原
2048,35-39,女,204027.8,0.7985,0.963,0.85,133359.1,中,基准,Pop×LFPR×就业率×覆盖率；LFPR分性别由表230-28001合计+性别差还原
2048,40-44,男,207544.3,0.902,0.963,0.85,153236.6,中,基准,Pop×LFPR×就业率×覆盖率；LFPR分性别由表230-28001合计+性别差还原
2048,40-44,女,207975.4,0.7621,0.963,0.85,129746.3,中,基准,Pop×LFPR×就业率×覆盖率；LFPR分性别由表230-28001合计+性别差还原
2048,45-49,男,224602.8,0.91,0.963,0.85,167302.2,中,基准,Pop×LFPR×就业率×覆盖率；LFPR分性别由表230-28001合计+性别差还原
2048,45-49,女,223749.4,0.7297,0.963,0.85,133636.7,中,基准,Pop×LFPR×就业率×覆盖率；LFPR分性别由表230-28001合计+性别差还原
2048,50-54,男,257609.5,0.907,0.963,0.85,191255.7,中,基准,Pop×LFPR×就业率×覆盖率；LFPR分性别由表230-28001合计+性别差还原
2048,50-54,女,257721.2,0.687,0.963,0.85,144938.0,中,基准,Pop×LFPR×就业率×覆盖率；LFPR分性别由表230-28001合计+性别差还原
2048,55-59,男,271879.0,0.825,0.963,0.85,183600.9,中,基准,Pop×LFPR×就业率×覆盖率；LFPR分性别由表230-28001合计+性别差还原
2048,55-59,女,283336.0,0.5605,0.963,0.85,129984.2,中,基准,Pop×LFPR×就业率×覆盖率；LFPR分性别由表230-28001合计+性别差还原
2048,60-64,男,267249.0,0.657,0.963,0.85,143723.1,中,基准,Pop×LFPR×就业率×覆盖率；LFPR分性别由表230-28001合计+性别差还原
2048,60-64,女,299957.3,0.3544,0.963,0.85,87027.4,中,基准,Pop×LFPR×就业率×覆盖率；LFPR分性别由表230-28001合计+性别差还原
2048,15-19,混合,195891.8,0.18,0.963,0.85,28862.5,中,基准,男+女合计
2048,20-24,混合,223600.1,0.62,0.963,0.85,113477.3,中,基准,男+女合计
2048,25-29,混合,294580.5,0.895,0.963,0.85,215810.4,中,基准,男+女合计
2048,30-34,混合,378693.6,0.889,0.963,0.85,275571.9,中,基准,男+女合计
2048,35-39,混合,413073.9,0.86,0.963,0.85,290784.6,中,基准,男+女合计
2048,40-44,混合,415519.7,0.832,0.963,0.85,282982.9,中,基准,男+女合计
2048,45-49,混合,448352.2,0.82,0.963,0.85,300938.9,中,基准,男+女合计
2048,50-54,混合,515330.7,0.797,0.963,0.85,336193.7,中,基准,男+女合计
2048,55-59,混合,555215.0,0.69,0.963,0.85,313585.1,中,基准,男+女合计
2048,60-64,混合,567206.3,0.497,0.963,0.85,230750.5,中,基准,男+女合计
2049,15-19,男,98612.8,0.2,0.963,0.85,16143.9,中,基准,Pop×LFPR×就业率×覆盖率；LFPR分性别由表230-28001合计+性别差还原
2049,15-19,女,95582.8,0.1594,0.963,0.85,12468.7,中,基准,Pop×LFPR×就业率×覆盖率；LFPR分性别由表230-28001合计+性别差还原
2049,20-24,男,113078.1,0.65,0.963,0.85,60164.1,中,基准,Pop×LFPR×就业率×覆盖率；LFPR分性别由表230-28001合计+性别差还原
2049,20-24,女,110190.6,0.5892,0.963,0.85,53145.0,中,基准,Pop×LFPR×就业率×覆盖率；LFPR分性别由表230-28001合计+性别差还原
2049,25-29,男,140786.1,0.935,0.963,0.85,107749.8,中,基准,Pop×LFPR×就业率×覆盖率；LFPR分性别由表230-28001合计+性别差还原
2049,25-29,女,136885.0,0.8539,0.963,0.85,95672.6,中,基准,Pop×LFPR×就业率×覆盖率；LFPR分性别由表230-28001合计+性别差还原
2049,30-34,男,186914.0,0.939,0.963,0.85,143665.5,中,基准,Pop×LFPR×就业率×覆盖率；LFPR分性别由表230-28001合计+性别差还原
2049,30-34,女,182011.5,0.8377,0.963,0.85,124798.2,中,基准,Pop×LFPR×就业率×覆盖率；LFPR分性别由表230-28001合计+性别差还原
2049,35-39,男,210296.0,0.92,0.963,0.85,158366.8,中,基准,Pop×LFPR×就业率×覆盖率；LFPR分性别由表230-28001合计+性别差还原
2049,35-39,女,205270.0,0.7985,0.963,0.85,134172.2,中,基准,Pop×LFPR×就业率×覆盖率；LFPR分性别由表230-28001合计+性别差还原
2049,40-44,男,209987.4,0.902,0.963,0.85,155040.4,中,基准,Pop×LFPR×就业率×覆盖率；LFPR分性别由表230-28001合计+性别差还原
2049,40-44,女,208973.7,0.7617,0.963,0.85,130286.1,中,基准,Pop×LFPR×就业率×覆盖率；LFPR分性别由表230-28001合计+性别差还原
2049,45-49,男,219528.0,0.91,0.963,0.85,163522.1,中,基准,Pop×LFPR×就业率×覆盖率；LFPR分性别由表230-28001合计+性别差还原
2049,45-49,女,220504.6,0.7304,0.963,0.85,131832.6,中,基准,Pop×LFPR×就业率×覆盖率；LFPR分性别由表230-28001合计+性别差还原
2049,50-54,男,251335.7,0.907,0.963,0.85,186597.9,中,基准,Pop×LFPR×就业率×覆盖率；LFPR分性别由表230-28001合计+性别差还原
2049,50-54,女,250474.4,0.6866,0.963,0.85,140775.2,中,基准,Pop×LFPR×就业率×覆盖率；LFPR分性别由表230-28001合计+性别差还原
2049,55-59,男,272048.2,0.8245,0.963,0.85,183603.8,中,基准,Pop×LFPR×就业率×覆盖率；LFPR分性别由表230-28001合计+性别差还原
2049,55-59,女,281221.3,0.5589,0.963,0.85,128656.1,中,基准,Pop×LFPR×就业率×覆盖率；LFPR分性别由表230-28001合计+性别差还原
2049,60-64,男,268751.9,0.6565,0.963,0.85,144421.4,中,基准,Pop×LFPR×就业率×覆盖率；LFPR分性别由表230-28001合计+性别差还原
2049,60-64,女,296969.9,0.3517,0.963,0.85,85493.7,中,基准,Pop×LFPR×就业率×覆盖率；LFPR分性别由表230-28001合计+性别差还原
2049,15-19,混合,194195.6,0.18,0.963,0.85,28612.6,中,基准,男+女合计
2049,20-24,混合,223268.7,0.62,0.963,0.85,113309.1,中,基准,男+女合计
2049,25-29,混合,277671.1,0.895,0.963,0.85,203422.4,中,基准,男+女合计
2049,30-34,混合,368925.5,0.889,0.963,0.85,268463.7,中,基准,男+女合计
2049,35-39,混合,415566.0,0.86,0.963,0.85,292539.0,中,基准,男+女合计
2049,40-44,混合,418961.1,0.832,0.963,0.85,285326.5,中,基准,男+女合计
2049,45-49,混合,440032.6,0.82,0.963,0.85,295354.7,中,基准,男+女合计
2049,50-54,混合,501810.1,0.797,0.963,0.85,327373.1,中,基准,男+女合计
2049,55-59,混合,553269.5,0.6895,0.963,0.85,312259.9,中,基准,男+女合计
2049,60-64,混合,565721.8,0.4965,0.963,0.85,229915.1,中,基准,男+女合计
2050,15-19,男,97919.2,0.2,0.963,0.85,16030.4,中,基准,Pop×LFPR×就业率×覆盖率；LFPR分性别由表230-28001合计+性别差还原
2050,15-19,女,94873.1,0.1594,0.963,0.85,12375.5,中,基准,Pop×LFPR×就业率×覆盖率；LFPR分性别由表230-28001合计+性别差还原
2050,20-24,男,112490.3,0.65,0.963,0.85,59851.3,中,基准,Pop×LFPR×就业率×覆盖率；LFPR分性别由表230-28001合计+性别差还原
2050,20-24,女,109974.6,0.5893,0.963,0.85,53049.9,中,基准,Pop×LFPR×就业率×覆盖率；LFPR分性别由表230-28001合计+性别差还原
2050,25-29,男,132105.2,0.935,0.963,0.85,101106.0,中,基准,Pop×LFPR×就业率×覆盖率；LFPR分性别由表230-28001合计+性别差还原
2050,25-29,女,128593.0,0.8539,0.963,0.85,89882.1,中,基准,Pop×LFPR×就业率×覆盖率；LFPR分性别由表230-28001合计+性别差还原
2050,30-34,男,181681.9,0.939,0.963,0.85,139644.1,中,基准,Pop×LFPR×就业率×覆盖率；LFPR分性别由表230-28001合计+性别差还原
2050,30-34,女,177202.1,0.8377,0.963,0.85,121512.6,中,基准,Pop×LFPR×就业率×覆盖率；LFPR分性别由表230-28001合计+性别差还原
2050,35-39,男,211109.9,0.92,0.963,0.85,158979.7,中,基准,Pop×LFPR×就业率×覆盖率；LFPR分性别由表230-28001合计+性别差还原
2050,35-39,女,206035.4,0.7985,0.963,0.85,134671.0,中,基准,Pop×LFPR×就业率×覆盖率；LFPR分性别由表230-28001合计+性别差还原
2050,40-44,男,212386.4,0.902,0.963,0.85,156811.7,中,基准,Pop×LFPR×就业率×覆盖率；LFPR分性别由表230-28001合计+性别差还原
2050,40-44,女,209924.6,0.7612,0.963,0.85,130796.3,中,基准,Pop×LFPR×就业率×覆盖率；LFPR分性别由表230-28001合计+性别差还原
2050,45-49,男,214405.9,0.91,0.963,0.85,159706.8,中,基准,Pop×LFPR×就业率×覆盖率；LFPR分性别由表230-28001合计+性别差还原
2050,45-49,女,217196.2,0.7312,0.963,0.85,129989.3,中,基准,Pop×LFPR×就业率×覆盖率；LFPR分性别由表230-28001合计+性别差还原
2050,50-54,男,245020.3,0.907,0.963,0.85,181909.2,中,基准,Pop×LFPR×就业率×覆盖率；LFPR分性别由表230-28001合计+性别差还原
2050,50-54,女,243164.6,0.6862,0.963,0.85,136575.0,中,基准,Pop×LFPR×就业率×覆盖率；LFPR分性别由表230-28001合计+性别差还原
2050,55-59,男,272193.8,0.824,0.963,0.85,183590.7,中,基准,Pop×LFPR×就业率×覆盖率；LFPR分性别由表230-28001合计+性别差还原
2050,55-59,女,279079.3,0.5573,0.963,0.85,127316.8,中,基准,Pop×LFPR×就业率×覆盖率；LFPR分性别由表230-28001合计+性别差还原
2050,60-64,男,270295.8,0.656,0.963,0.85,145140.4,中,基准,Pop×LFPR×就业率×覆盖率；LFPR分性别由表230-28001合计+性别差还原
2050,60-64,女,294020.0,0.3489,0.963,0.85,83972.3,中,基准,Pop×LFPR×就业率×覆盖率；LFPR分性别由表230-28001合计+性别差还原
2050,15-19,混合,192792.3,0.18,0.963,0.85,28405.9,中,基准,男+女合计
2050,20-24,混合,222464.9,0.62,0.963,0.85,112901.2,中,基准,男+女合计
2050,25-29,混合,260698.2,0.895,0.963,0.85,190988.1,中,基准,男+女合计
2050,30-34,混合,358884.0,0.889,0.963,0.85,261156.7,中,基准,男+女合计
2050,35-39,混合,417145.3,0.86,0.963,0.85,293650.7,中,基准,男+女合计
2050,40-44,混合,422311.0,0.832,0.963,0.85,287608.0,中,基准,男+女合计
2050,45-49,混合,431602.1,0.82,0.963,0.85,289696.1,中,基准,男+女合计
2050,50-54,混合,488184.9,0.797,0.963,0.85,318484.2,中,基准,男+女合计
2050,55-59,混合,551273.1,0.689,0.963,0.85,310907.5,中,基准,男+女合计
2050,60-64,混合,564315.8,0.496,0.963,0.85,229112.7,中,基准,男+女合计
2051,15-19,男,97368.6,0.2,0.963,0.85,15940.2,中,基准,Pop×LFPR×就业率×覆盖率；LFPR分性别由表230-28001合计+性别差还原
2051,15-19,女,94295.9,0.1593,0.963,0.85,12299.4,中,基准,Pop×LFPR×就业率×覆盖率；LFPR分性别由表230-28001合计+性别差还原
2051,20-24,男,111667.2,0.65,0.963,0.85,59413.4,中,基准,Pop×LFPR×就业率×覆盖率；LFPR分性别由表230-28001合计+性别差还原
2051,20-24,女,109518.0,0.5894,0.963,0.85,52838.3,中,基准,Pop×LFPR×就业率×覆盖率；LFPR分性别由表230-28001合计+性别差还原
2051,25-29,男,123426.9,0.935,0.963,0.85,94464.1,中,基准,Pop×LFPR×就业率×覆盖率；LFPR分性别由表230-28001合计+性别差还原
2051,25-29,女,120308.3,0.854,0.963,0.85,84096.9,中,基准,Pop×LFPR×就业率×覆盖率；LFPR分性别由表230-28001合计+性别差还原
2051,30-34,男,176319.3,0.939,0.963,0.85,135522.3,中,基准,Pop×LFPR×就业率×覆盖率；LFPR分性别由表230-28001合计+性别差还原
2051,30-34,女,172249.8,0.8378,0.963,0.85,118128.3,中,基准,Pop×LFPR×就业率×覆盖率；LFPR分性别由表230-28001合计+性别差还原
2051,35-39,男,211471.0,0.92,0.963,0.85,159251.6,中,基准,Pop×LFPR×就业率×覆盖率；LFPR分性别由表230-28001合计+性别差还原
2051,35-39,女,206305.2,0.7985,0.963,0.85,134843.2,中,基准,Pop×LFPR×就业率×覆盖率；LFPR分性别由表230-28001合计+性别差还原
2051,40-44,男,214741.5,0.902,0.963,0.85,158550.5,中,基准,Pop×LFPR×就业率×覆盖率；LFPR分性别由表230-28001合计+性别差还原
2051,40-44,女,210828.1,0.7607,0.963,0.85,131276.7,中,基准,Pop×LFPR×就业率×覆盖率；LFPR分性别由表230-28001合计+性别差还原
2051,45-49,男,209241.5,0.91,0.963,0.85,155859.9,中,基准,Pop×LFPR×就业率×覆盖率；LFPR分性别由表230-28001合计+性别差还原
2051,45-49,女,213830.1,0.7319,0.963,0.85,128110.4,中,基准,Pop×LFPR×就业率×覆盖率；LFPR分性别由表230-28001合计+性别差还原
2051,50-54,男,238662.9,0.907,0.963,0.85,177189.3,中,基准,Pop×LFPR×就业率×覆盖率；LFPR分性别由表230-28001合计+性别差还原
2051,50-54,女,235791.4,0.6857,0.963,0.85,132337.3,中,基准,Pop×LFPR×就业率×覆盖率；LFPR分性别由表230-28001合计+性别差还原
2051,55-59,男,272298.5,0.8235,0.963,0.85,183549.9,中,基准,Pop×LFPR×就业率×覆盖率；LFPR分性别由表230-28001合计+性别差还原
2051,55-59,女,276890.7,0.5557,0.963,0.85,125957.6,中,基准,Pop×LFPR×就业率×覆盖率；LFPR分性别由表230-28001合计+性别差还原
2051,60-64,男,271880.4,0.6555,0.963,0.85,145880.0,中,基准,Pop×LFPR×就业率×覆盖率；LFPR分性别由表230-28001合计+性别差还原
2051,60-64,女,291107.3,0.3461,0.963,0.85,82463.0,中,基准,Pop×LFPR×就业率×覆盖率；LFPR分性别由表230-28001合计+性别差还原
2051,15-19,混合,191664.5,0.18,0.963,0.85,28239.6,中,基准,男+女合计
2051,20-24,混合,221185.2,0.62,0.963,0.85,112251.7,中,基准,男+女合计
2051,25-29,混合,243735.2,0.895,0.963,0.85,178561.0,中,基准,男+女合计
2051,30-34,混合,348569.1,0.889,0.963,0.85,253650.6,中,基准,男+女合计
2051,35-39,混合,417776.2,0.86,0.963,0.85,294094.8,中,基准,男+女合计
2051,40-44,混合,425569.6,0.832,0.963,0.85,289827.2,中,基准,男+女合计
2051,45-49,混合,423071.6,0.82,0.963,0.85,283970.3,中,基准,男+女合计
2051,50-54,混合,474454.3,0.797,0.963,0.85,309526.6,中,基准,男+女合计
2051,55-59,混合,549189.2,0.6885,0.963,0.85,309507.5,中,基准,男+女合计
2051,60-64,混合,562987.7,0.4955,0.963,0.85,228343.0,中,基准,男+女合计
2052,15-19,男,96952.9,0.2,0.963,0.85,15872.2,中,基准,Pop×LFPR×就业率×覆盖率；LFPR分性别由表230-28001合计+性别差还原
2052,15-19,女,93842.0,0.1593,0.963,0.85,12239.4,中,基准,Pop×LFPR×就业率×覆盖率；LFPR分性别由表230-28001合计+性别差还原
2052,20-24,男,110263.6,0.65,0.963,0.85,58666.6,中,基准,Pop×LFPR×就业率×覆盖率；LFPR分性别由表230-28001合计+性别差还原
2052,20-24,女,108102.7,0.5894,0.963,0.85,52154.5,中,基准,Pop×LFPR×就业率×覆盖率；LFPR分性别由表230-28001合计+性别差还原
2052,25-29,男,123301.8,0.935,0.963,0.85,94368.3,中,基准,Pop×LFPR×就业率×覆盖率；LFPR分性别由表230-28001合计+性别差还原
2052,25-29,女,120545.4,0.8541,0.963,0.85,84274.7,中,基准,Pop×LFPR×就业率×覆盖率；LFPR分性别由表230-28001合计+性别差还原
2052,30-34,男,167622.5,0.939,0.963,0.85,128837.7,中,基准,Pop×LFPR×就业率×覆盖率；LFPR分性别由表230-28001合计+性别差还原
2052,30-34,女,163917.5,0.8379,0.963,0.85,112420.9,中,基准,Pop×LFPR×就业率×覆盖率；LFPR分性别由表230-28001合计+性别差还原
2052,35-39,男,206411.2,0.92,0.963,0.85,155441.3,中,基准,Pop×LFPR×就业率×覆盖率；LFPR分性别由表230-28001合计+性别差还原
2052,35-39,女,201677.2,0.7986,0.963,0.85,131833.8,中,基准,Pop×LFPR×就业率×覆盖率；LFPR分性别由表230-28001合计+性别差还原
2052,40-44,男,216578.7,0.902,0.963,0.85,159907.0,中,基准,Pop×LFPR×就业率×覆盖率；LFPR分性别由表230-28001合计+性别差还原
2052,40-44,女,212714.3,0.7607,0.963,0.85,132456.0,中,基准,Pop×LFPR×就业率×覆盖率；LFPR分性别由表230-28001合计+性别差还原
2052,45-49,男,211590.8,0.91,0.963,0.85,157609.9,中,基准,Pop×LFPR×就业率×覆盖率；LFPR分性别由表230-28001合计+性别差还原
2052,45-49,女,214728.5,0.7313,0.963,0.85,128540.3,中,基准,Pop×LFPR×就业率×覆盖率；LFPR分性别由表230-28001合计+性别差还原
2052,50-54,男,233608.8,0.907,0.963,0.85,173437.0,中,基准,Pop×LFPR×就业率×覆盖率；LFPR分性别由表230-28001合计+性别差还原
2052,50-54,女,232553.8,0.6865,0.963,0.85,130680.2,中,基准,Pop×LFPR×就业率×覆盖率；LFPR分性别由表230-28001合计+性别差还原
2052,55-59,男,266071.3,0.823,0.963,0.85,179243.4,中,基准,Pop×LFPR×就业率×覆盖率；LFPR分性别由表230-28001合计+性别差还原
2052,55-59,女,269672.2,0.5548,0.963,0.85,122467.2,中,基准,Pop×LFPR×就业率×覆盖率；LFPR分性别由表230-28001合计+性别差还原
2052,60-64,男,271948.3,0.655,0.963,0.85,145805.1,中,基准,Pop×LFPR×就业率×覆盖率；LFPR分性别由表230-28001合计+性别差还原
2052,60-64,女,288875.5,0.3444,0.963,0.85,81430.7,中,基准,Pop×LFPR×就业率×覆盖率；LFPR分性别由表230-28001合计+性别差还原
2052,15-19,混合,190794.9,0.18,0.963,0.85,28111.6,中,基准,男+女合计
2052,20-24,混合,218366.3,0.62,0.963,0.85,110821.1,中,基准,男+女合计
2052,25-29,混合,243847.2,0.895,0.963,0.85,178643.0,中,基准,男+女合计
2052,30-34,混合,331540.0,0.889,0.963,0.85,241258.6,中,基准,男+女合计
2052,35-39,混合,408088.4,0.86,0.963,0.85,287275.1,中,基准,男+女合计
2052,40-44,混合,429293.0,0.832,0.963,0.85,292363.0,中,基准,男+女合计
2052,45-49,混合,426319.3,0.82,0.963,0.85,286150.2,中,基准,男+女合计
2052,50-54,混合,466162.6,0.797,0.963,0.85,304117.2,中,基准,男+女合计
2052,55-59,混合,535743.5,0.688,0.963,0.85,301710.6,中,基准,男+女合计
2052,60-64,混合,560823.8,0.495,0.963,0.85,227235.8,中,基准,男+女合计
2053,15-19,男,96726.2,0.2,0.963,0.85,15835.0,中,基准,Pop×LFPR×就业率×覆盖率；LFPR分性别由表230-28001合计+性别差还原
2053,15-19,女,93562.7,0.1593,0.963,0.85,12201.9,中,基准,Pop×LFPR×就业率×覆盖率；LFPR分性别由表230-28001合计+性别差还原
2053,20-24,男,109026.5,0.65,0.963,0.85,58008.4,中,基准,Pop×LFPR×就业率×覆盖率；LFPR分性别由表230-28001合计+性别差还原
2053,20-24,女,106846.7,0.5894,0.963,0.85,51547.5,中,基准,Pop×LFPR×就业率×覆盖率；LFPR分性别由表230-28001合计+性别差还原
2053,25-29,男,122946.7,0.935,0.963,0.85,94096.5,中,基准,Pop×LFPR×就业率×覆盖率；LFPR分性别由表230-28001合计+性别差还原
2053,25-29,女,120549.5,0.8542,0.963,0.85,84289.3,中,基准,Pop×LFPR×就业率×覆盖率；LFPR分性别由表230-28001合计+性别差还原
2053,30-34,男,158823.8,0.939,0.963,0.85,122074.9,中,基准,Pop×LFPR×就业率×覆盖率；LFPR分性别由表230-28001合计+性别差还原
2053,30-34,女,155478.6,0.8379,0.963,0.85,106640.1,中,基准,Pop×LFPR×就业率×覆盖率；LFPR分性别由表230-28001合计+性别差还原
2053,35-39,男,201221.5,0.92,0.963,0.85,151533.1,中,基准,Pop×LFPR×就业率×覆盖率；LFPR分性别由表230-28001合计+性别差还原
2053,35-39,女,196906.6,0.7987,0.963,0.85,128730.4,中,基准,Pop×LFPR×就业率×覆盖率；LFPR分性别由表230-28001合计+性别差还原
2053,40-44,男,218015.2,0.902,0.963,0.85,160967.6,中,基准,Pop×LFPR×就业率×覆盖率；LFPR分性别由表230-28001合计+性别差还原
2053,40-44,女,214161.4,0.7607,0.963,0.85,133359.2,中,基准,Pop×LFPR×就业率×覆盖率；LFPR分性别由表230-28001合计+性别差还原
2053,45-49,男,213896.1,0.91,0.963,0.85,159327.0,中,基准,Pop×LFPR×就业率×覆盖率；LFPR分性别由表230-28001合计+性别差还原
2053,45-49,女,215580.0,0.7307,0.963,0.85,128942.0,中,基准,Pop×LFPR×就业率×覆盖率；LFPR分性别由表230-28001合计+性别差还原
2053,50-54,男,228503.2,0.907,0.963,0.85,169646.5,中,基准,Pop×LFPR×就业率×覆盖率；LFPR分性别由表230-28001合计+性别差还原
2053,50-54,女,229243.3,0.6874,0.963,0.85,128980.2,中,基准,Pop×LFPR×就业率×覆盖率；LFPR分性别由表230-28001合计+性别差还原
2053,55-59,男,259812.7,0.8225,0.963,0.85,174920.8,中,基准,Pop×LFPR×就业率×覆盖率；LFPR分性别由表230-28001合计+性别差还原
2053,55-59,女,262396.2,0.5538,0.963,0.85,118953.9,中,基准,Pop×LFPR×就业率×覆盖率；LFPR分性别由表230-28001合计+性别差还原
2053,60-64,男,272030.2,0.6545,0.963,0.85,145737.7,中,基准,Pop×LFPR×就业率×覆盖率；LFPR分性别由表230-28001合计+性别差还原
2053,60-64,女,286659.1,0.3427,0.963,0.85,80404.6,中,基准,Pop×LFPR×就业率×覆盖率；LFPR分性别由表230-28001合计+性别差还原
2053,15-19,混合,190288.9,0.18,0.963,0.85,28036.9,中,基准,男+女合计
2053,20-24,混合,215873.2,0.62,0.963,0.85,109555.9,中,基准,男+女合计
2053,25-29,混合,243496.2,0.895,0.963,0.85,178385.8,中,基准,男+女合计
2053,30-34,混合,314302.4,0.889,0.963,0.85,228715.0,中,基准,男+女合计
2053,35-39,混合,398128.1,0.86,0.963,0.85,280263.5,中,基准,男+女合计
2053,40-44,混合,432176.6,0.832,0.963,0.85,294326.8,中,基准,男+女合计
2053,45-49,混合,429476.1,0.82,0.963,0.85,288269.0,中,基准,男+女合计
2053,50-54,混合,457746.5,0.797,0.963,0.85,298626.7,中,基准,男+女合计
2053,55-59,混合,522208.9,0.6875,0.963,0.85,293874.7,中,基准,男+女合计
2053,60-64,混合,558689.3,0.4945,0.963,0.85,226142.3,中,基准,男+女合计
2054,15-19,男,96674.3,0.2,0.963,0.85,15826.5,中,基准,Pop×LFPR×就业率×覆盖率；LFPR分性别由表230-28001合计+性别差还原
2054,15-19,女,93446.2,0.1593,0.963,0.85,12185.6,中,基准,Pop×LFPR×就业率×覆盖率；LFPR分性别由表230-28001合计+性别差还原
2054,20-24,男,107948.1,0.65,0.963,0.85,57434.6,中,基准,Pop×LFPR×就业率×覆盖率；LFPR分性别由表230-28001合计+性别差还原
2054,20-24,女,105741.2,0.5894,0.963,0.85,51012.9,中,基准,Pop×LFPR×就业率×覆盖率；LFPR分性别由表230-28001合计+性别差还原
2054,25-29,男,122359.5,0.935,0.963,0.85,93647.1,中,基准,Pop×LFPR×就业率×覆盖率；LFPR分性别由表230-28001合计+性别差还原
2054,25-29,女,120317.8,0.8543,0.963,0.85,84138.8,中,基准,Pop×LFPR×就业率×覆盖率；LFPR分性别由表230-28001合计+性别差还原
2054,30-34,男,149958.2,0.939,0.963,0.85,115260.6,中,基准,Pop×LFPR×就业率×覆盖率；LFPR分性别由表230-28001合计+性别差还原
2054,30-34,女,146971.0,0.838,0.963,0.85,100812.1,中,基准,Pop×LFPR×就业率×覆盖率；LFPR分性别由表230-28001合计+性别差还原
2054,35-39,男,195901.7,0.92,0.963,0.85,147526.9,中,基准,Pop×LFPR×就业率×覆盖率；LFPR分性别由表230-28001合计+性别差还原
2054,35-39,女,191993.6,0.7988,0.963,0.85,125533.2,中,基准,Pop×LFPR×就业率×覆盖率；LFPR分性别由表230-28001合计+性别差还原
2054,40-44,男,219034.0,0.902,0.963,0.85,161719.8,中,基准,Pop×LFPR×就业率×覆盖率；LFPR分性别由表230-28001合计+性别差还原
2054,40-44,女,215150.7,0.7607,0.963,0.85,133974.5,中,基准,Pop×LFPR×就业率×覆盖率；LFPR分性别由表230-28001合计+性别差还原
2054,45-49,男,216157.6,0.91,0.963,0.85,161011.6,中,基准,Pop×LFPR×就业率×覆盖率；LFPR分性别由表230-28001合计+性别差还原
2054,45-49,女,216384.7,0.7301,0.963,0.85,129315.6,中,基准,Pop×LFPR×就业率×覆盖率；LFPR分性别由表230-28001合计+性别差还原
2054,50-54,男,223351.2,0.907,0.963,0.85,165821.5,中,基准,Pop×LFPR×就业率×覆盖率；LFPR分性别由表230-28001合计+性别差还原
2054,50-54,女,225865.8,0.6882,0.963,0.85,127240.7,中,基准,Pop×LFPR×就业率×覆盖率；LFPR分性别由表230-28001合计+性别差还原
2054,55-59,男,253521.9,0.822,0.963,0.85,170581.7,中,基准,Pop×LFPR×就业率×覆盖率；LFPR分性别由表230-28001合计+性别差还原
2054,55-59,女,255062.3,0.5528,0.963,0.85,115417.5,中,基准,Pop×LFPR×就业率×覆盖率；LFPR分性别由表230-28001合计+性别差还原
2054,60-64,男,272108.9,0.654,0.963,0.85,145668.5,中,基准,Pop×LFPR×就业率×覆盖率；LFPR分性别由表230-28001合计+性别差还原
2054,60-64,女,284439.2,0.3409,0.963,0.85,79379.3,中,基准,Pop×LFPR×就业率×覆盖率；LFPR分性别由表230-28001合计+性别差还原
2054,15-19,混合,190120.5,0.18,0.963,0.85,28012.1,中,基准,男+女合计
2054,20-24,混合,213689.3,0.62,0.963,0.85,108447.5,中,基准,男+女合计
2054,25-29,混合,242677.3,0.895,0.963,0.85,177785.9,中,基准,男+女合计
2054,30-34,混合,296929.2,0.889,0.963,0.85,216072.7,中,基准,男+女合计
2054,35-39,混合,387895.3,0.86,0.963,0.85,273060.1,中,基准,男+女合计
2054,40-44,混合,434184.7,0.832,0.963,0.85,295694.3,中,基准,男+女合计
2054,45-49,混合,432542.3,0.82,0.963,0.85,290327.2,中,基准,男+女合计
2054,50-54,混合,449217.0,0.797,0.963,0.85,293062.2,中,基准,男+女合计
2054,55-59,混合,508584.2,0.687,0.963,0.85,285999.2,中,基准,男+女合计
2054,60-64,混合,556548.1,0.494,0.963,0.85,225047.8,中,基准,男+女合计
2055,15-19,男,96782.1,0.2,0.963,0.85,15844.2,中,基准,Pop×LFPR×就业率×覆盖率；LFPR分性别由表230-28001合计+性别差还原
2055,15-19,女,93479.8,0.1593,0.963,0.85,12188.8,中,基准,Pop×LFPR×就业率×覆盖率；LFPR分性别由表230-28001合计+性别差还原
2055,20-24,男,107020.7,0.65,0.963,0.85,56941.2,中,基准,Pop×LFPR×就业率×覆盖率；LFPR分性别由表230-28001合计+性别差还原
2055,20-24,女,104777.3,0.5894,0.963,0.85,50546.5,中,基准,Pop×LFPR×就业率×覆盖率；LFPR分性别由表230-28001合计+性别差还原
2055,25-29,男,121538.7,0.935,0.963,0.85,93018.9,中,基准,Pop×LFPR×就业率×覆盖率；LFPR分性别由表230-28001合计+性别差还原
2055,25-29,女,119847.8,0.8544,0.963,0.85,83821.3,中,基准,Pop×LFPR×就业率×覆盖率；LFPR分性别由表230-28001合计+性别差还原
2055,30-34,男,141060.9,0.939,0.963,0.85,108422.0,中,基准,Pop×LFPR×就业率×覆盖率；LFPR分性别由表230-28001合计+性别差还原
2055,30-34,女,138433.0,0.8381,0.963,0.85,94963.2,中,基准,Pop×LFPR×就业率×覆盖率；LFPR分性别由表230-28001合计+性别差还原
2055,35-39,男,190451.8,0.92,0.963,0.85,143422.8,中,基准,Pop×LFPR×就业率×覆盖率；LFPR分性别由表230-28001合计+性别差还原
2055,35-39,女,186938.0,0.7989,0.963,0.85,122241.9,中,基准,Pop×LFPR×就业率×覆盖率；LFPR分性别由表230-28001合计+性别差还原
2055,40-44,男,219618.3,0.902,0.963,0.85,162151.2,中,基准,Pop×LFPR×就业率×覆盖率；LFPR分性别由表230-28001合计+性别差还原
2055,40-44,女,215663.8,0.7607,0.963,0.85,134290.5,中,基准,Pop×LFPR×就业率×覆盖率；LFPR分性别由表230-28001合计+性别差还原
2055,45-49,男,218375.1,0.91,0.963,0.85,162663.4,中,基准,Pop×LFPR×就业率×覆盖率；LFPR分性别由表230-28001合计+性别差还原
2055,45-49,女,217142.4,0.7295,0.963,0.85,129660.8,中,基准,Pop×LFPR×就业率×覆盖率；LFPR分性别由表230-28001合计+性别差还原
2055,50-54,男,218157.8,0.907,0.963,0.85,161965.8,中,基准,Pop×LFPR×就业率×覆盖率；LFPR分性别由表230-28001合计+性别差还原
2055,50-54,女,222427.0,0.6891,0.963,0.85,125464.9,中,基准,Pop×LFPR×就业率×覆盖率；LFPR分性别由表230-28001合计+性别差还原
2055,55-59,男,247197.9,0.8215,0.963,0.85,166225.5,中,基准,Pop×LFPR×就业率×覆盖率；LFPR分性别由表230-28001合计+性别差还原
2055,55-59,女,247670.0,0.5518,0.963,0.85,111857.9,中,基准,Pop×LFPR×就业率×覆盖率；LFPR分性别由表230-28001合计+性别差还原
2055,60-64,男,272167.4,0.6535,0.963,0.85,145588.4,中,基准,Pop×LFPR×就业率×覆盖率；LFPR分性别由表230-28001合计+性别差还原
2055,60-64,女,282196.8,0.3392,0.963,0.85,78349.4,中,基准,Pop×LFPR×就业率×覆盖率；LFPR分性别由表230-28001合计+性别差还原
2055,15-19,混合,190261.9,0.18,0.963,0.85,28033.0,中,基准,男+女合计
2055,20-24,混合,211798.0,0.62,0.963,0.85,107487.7,中,基准,男+女合计
2055,25-29,混合,241386.5,0.895,0.963,0.85,176840.2,中,基准,男+女合计
2055,30-34,混合,279493.9,0.889,0.963,0.85,203385.2,中,基准,男+女合计
2055,35-39,混合,377389.8,0.86,0.963,0.85,265664.7,中,基准,男+女合计
2055,40-44,混合,435282.1,0.832,0.963,0.85,296441.7,中,基准,男+女合计
2055,45-49,混合,435517.5,0.82,0.963,0.85,292324.2,中,基准,男+女合计
2055,50-54,混合,440584.8,0.797,0.963,0.85,287430.7,中,基准,男+女合计
2055,55-59,混合,494867.9,0.6865,0.963,0.85,278083.4,中,基准,男+女合计
2055,60-64,混合,554364.2,0.4935,0.963,0.85,223937.8,中,基准,男+女合计
2056,15-19,男,97033.0,0.2,0.963,0.85,15885.3,中,基准,Pop×LFPR×就业率×覆盖率；LFPR分性别由表230-28001合计+性别差还原
2056,15-19,女,93649.5,0.1593,0.963,0.85,12209.7,中,基准,Pop×LFPR×就业率×覆盖率；LFPR分性别由表230-28001合计+性别差还原
2056,20-24,男,106236.2,0.65,0.963,0.85,56523.8,中,基准,Pop×LFPR×就业率×覆盖率；LFPR分性别由表230-28001合计+性别差还原
2056,20-24,女,103945.9,0.5893,0.963,0.85,50143.9,中,基准,Pop×LFPR×就业率×覆盖率；LFPR分性别由表230-28001合计+性别差还原
2056,25-29,男,120482.8,0.935,0.963,0.85,92210.8,中,基准,Pop×LFPR×就业率×覆盖率；LFPR分性别由表230-28001合计+性别差还原
2056,25-29,女,119137.4,0.8545,0.963,0.85,83335.5,中,基准,Pop×LFPR×就业率×覆盖率；LFPR分性别由表230-28001合计+性别差还原
2056,30-34,男,132166.7,0.939,0.963,0.85,101585.8,中,基准,Pop×LFPR×就业率×覆盖率；LFPR分性别由表230-28001合计+性别差还原
2056,30-34,女,129902.6,0.8381,0.963,0.85,89119.7,中,基准,Pop×LFPR×就业率×覆盖率；LFPR分性别由表230-28001合计+性别差还原
2056,35-39,男,184871.7,0.92,0.963,0.85,139220.6,中,基准,Pop×LFPR×就业率×覆盖率；LFPR分性别由表230-28001合计+性别差还原
2056,35-39,女,181739.7,0.799,0.963,0.85,118856.6,中,基准,Pop×LFPR×就业率×覆盖率；LFPR分性别由表230-28001合计+性别差还原
2056,40-44,男,219751.2,0.902,0.963,0.85,162249.4,中,基准,Pop×LFPR×就业率×覆盖率；LFPR分性别由表230-28001合计+性别差还原
2056,40-44,女,215682.2,0.7607,0.963,0.85,134295.4,中,基准,Pop×LFPR×就业率×覆盖率；LFPR分性别由表230-28001合计+性别差还原
2056,45-49,男,220548.8,0.91,0.963,0.85,164282.5,中,基准,Pop×LFPR×就业率×覆盖率；LFPR分性别由表230-28001合计+性别差还原
2056,45-49,女,217853.3,0.7289,0.963,0.85,129977.8,中,基准,Pop×LFPR×就业率×覆盖率；LFPR分性别由表230-28001合计+性别差还原
2056,50-54,男,212927.9,0.907,0.963,0.85,158083.0,中,基准,Pop×LFPR×就业率×覆盖率；LFPR分性别由表230-28001合计+性别差还原
2056,50-54,女,218932.6,0.69,0.963,0.85,123656.1,中,基准,Pop×LFPR×就业率×覆盖率；LFPR分性别由表230-28001合计+性别差还原
2056,55-59,男,240840.1,0.821,0.963,0.85,161851.7,中,基准,Pop×LFPR×就业率×覆盖率；LFPR分性别由表230-28001合计+性别差还原
2056,55-59,女,240218.8,0.5507,0.963,0.85,108275.1,中,基准,Pop×LFPR×就业率×覆盖率；LFPR分性别由表230-28001合计+性别差还原
2056,60-64,男,272188.5,0.653,0.963,0.85,145488.3,中,基准,Pop×LFPR×就业率×覆盖率；LFPR分性别由表230-28001合计+性别差还原
2056,60-64,女,279913.1,0.3374,0.963,0.85,77309.6,中,基准,Pop×LFPR×就业率×覆盖率；LFPR分性别由表230-28001合计+性别差还原
2056,15-19,混合,190682.5,0.18,0.963,0.85,28095.0,中,基准,男+女合计
2056,20-24,混合,210182.1,0.62,0.963,0.85,106667.7,中,基准,男+女合计
2056,25-29,混合,239620.2,0.895,0.963,0.85,175546.3,中,基准,男+女合计
2056,30-34,混合,262069.3,0.889,0.963,0.85,190705.5,中,基准,男+女合计
2056,35-39,混合,366611.4,0.86,0.963,0.85,258077.2,中,基准,男+女合计
2056,40-44,混合,435433.4,0.832,0.963,0.85,296544.8,中,基准,男+女合计
2056,45-49,混合,438402.1,0.82,0.963,0.85,294260.3,中,基准,男+女合计
2056,50-54,混合,431860.5,0.797,0.963,0.85,281739.1,中,基准,男+女合计
2056,55-59,混合,481058.9,0.686,0.963,0.85,270126.8,中,基准,男+女合计
2056,60-64,混合,552101.6,0.493,0.963,0.85,222797.9,中,基准,男+女合计
2026,15-19,男,149600.0,0.22,0.963,0.85,26940.1,高,乐观,Pop×LFPR×就业率×覆盖率；LFPR分性别由表230-28001合计+性别差还原
2026,15-19,女,139100.0,0.1785,0.963,0.85,20323.0,高,乐观,Pop×LFPR×就业率×覆盖率；LFPR分性别由表230-28001合计+性别差还原
2026,20-24,男,147300.0,0.67,0.963,0.85,80783.5,高,乐观,Pop×LFPR×就业率×覆盖率；LFPR分性别由表230-28001合计+性别差还原
2026,20-24,女,145000.0,0.6095,0.963,0.85,72344.3,高,乐观,Pop×LFPR×就业率×覆盖率；LFPR分性别由表230-28001合计+性别差还原
2026,25-29,男,183500.0,0.955,0.963,0.85,143444.7,高,乐观,Pop×LFPR×就业率×覆盖率；LFPR分性别由表230-28001合计+性别差还原
2026,25-29,女,172700.0,0.8725,0.963,0.85,123339.5,高,乐观,Pop×LFPR×就业率×覆盖率；LFPR分性别由表230-28001合计+性别差还原
2026,30-34,男,227100.0,0.959,0.963,0.85,178271.1,高,乐观,Pop×LFPR×就业率×覆盖率；LFPR分性别由表230-28001合计+性别差还原
2026,30-34,女,221900.0,0.8578,0.963,0.85,155812.7,高,乐观,Pop×LFPR×就业率×覆盖率；LFPR分性别由表230-28001合计+性别差还原
2026,35-39,男,238500.0,0.94,0.963,0.85,183510.7,高,乐观,Pop×LFPR×就业率×覆盖率；LFPR分性别由表230-28001合计+性别差还原
2026,35-39,女,246100.0,0.8219,0.963,0.85,165558.3,高,乐观,Pop×LFPR×就业率×覆盖率；LFPR分性别由表230-28001合计+性别差还原
2026,40-44,男,241900.0,0.922,0.963,0.85,182562.7,高,乐观,Pop×LFPR×就业率×覆盖率；LFPR分性别由表230-28001合计+性别差还原
2026,40-44,女,274000.0,0.7902,0.963,0.85,177228.4,高,乐观,Pop×LFPR×就业率×覆盖率；LFPR分性别由表230-28001合计+性别差还原
2026,45-49,男,234900.0,0.93,0.963,0.85,178818.0,高,乐观,Pop×LFPR×就业率×覆盖率；LFPR分性别由表230-28001合计+性别差还原
2026,45-49,女,289200.0,0.7669,0.963,0.85,181543.7,高,乐观,Pop×LFPR×就业率×覆盖率；LFPR分性别由表230-28001合计+性别差还原
2026,50-54,男,244100.0,0.927,0.963,0.85,185222.1,高,乐观,Pop×LFPR×就业率×覆盖率；LFPR分性别由表230-28001合计+性别差还原
2026,50-54,女,307900.0,0.7298,0.963,0.85,183930.9,高,乐观,Pop×LFPR×就业率×覆盖率；LFPR分性别由表230-28001合计+性别差还原
2026,55-59,男,243400.0,0.856,0.963,0.85,170545.2,高,乐观,Pop×LFPR×就业率×覆盖率；LFPR分性别由表230-28001合计+性别差还原
2026,55-59,女,314700.0,0.6166,0.963,0.85,158831.2,高,乐观,Pop×LFPR×就业率×覆盖率；LFPR分性别由表230-28001合计+性别差还原
2026,60-64,男,281500.0,0.688,0.963,0.85,158530.2,高,乐观,Pop×LFPR×就业率×覆盖率；LFPR分性别由表230-28001合计+性别差还原
2026,60-64,女,339700.0,0.3954,0.963,0.85,109948.9,高,乐观,Pop×LFPR×就业率×覆盖率；LFPR分性别由表230-28001合计+性别差还原
2026,15-19,混合,288700.0,0.2,0.963,0.85,47263.1,高,乐观,男+女合计
2026,20-24,混合,292300.0,0.64,0.963,0.85,153127.8,高,乐观,男+女合计
2026,25-29,混合,356200.0,0.915,0.963,0.85,266784.2,高,乐观,男+女合计
2026,30-34,混合,449000.0,0.909,0.963,0.85,334083.8,高,乐观,男+女合计
2026,35-39,混合,484600.0,0.88,0.963,0.85,349069.0,高,乐观,男+女合计
2026,40-44,混合,515900.0,0.852,0.963,0.85,359791.1,高,乐观,男+女合计
2026,45-49,混合,524100.0,0.84,0.963,0.85,360361.7,高,乐观,男+女合计
2026,50-54,混合,552000.0,0.817,0.963,0.85,369153.0,高,乐观,男+女合计
2026,55-59,混合,558100.0,0.721,0.963,0.85,329376.4,高,乐观,男+女合计
2026,60-64,混合,621200.0,0.528,0.963,0.85,268479.1,高,乐观,男+女合计
2027,15-19,男,151956.7,0.22,0.963,0.85,27364.5,高,乐观,Pop×LFPR×就业率×覆盖率；LFPR分性别由表230-28001合计+性别差还原
2027,15-19,女,141549.6,0.1785,0.963,0.85,20685.4,高,乐观,Pop×LFPR×就业率×覆盖率；LFPR分性别由表230-28001合计+性别差还原
2027,20-24,男,150122.6,0.67,0.963,0.85,82331.5,高,乐观,Pop×LFPR×就业率×覆盖率；LFPR分性别由表230-28001合计+性别差还原
2027,20-24,女,146397.9,0.6092,0.963,0.85,73007.3,高,乐观,Pop×LFPR×就业率×覆盖率；LFPR分性别由表230-28001合计+性别差还原
2027,25-29,男,178597.1,0.955,0.963,0.85,139612.1,高,乐观,Pop×LFPR×就业率×覆盖率；LFPR分性别由表230-28001合计+性别差还原
2027,25-29,女,169730.6,0.8729,0.963,0.85,121276.1,高,乐观,Pop×LFPR×就业率×覆盖率；LFPR分性别由表230-28001合计+性别差还原
2027,30-34,男,220662.3,0.959,0.963,0.85,173217.6,高,乐观,Pop×LFPR×就业率×覆盖率；LFPR分性别由表230-28001合计+性别差还原
2027,30-34,女,214604.5,0.8576,0.963,0.85,150647.9,高,乐观,Pop×LFPR×就业率×覆盖率；LFPR分性别由表230-28001合计+性别差还原
2027,35-39,男,238466.1,0.94,0.963,0.85,183484.6,高,乐观,Pop×LFPR×就业率×覆盖率；LFPR分性别由表230-28001合计+性别差还原
2027,35-39,女,243773.4,0.8213,0.963,0.85,163884.0,高,乐观,Pop×LFPR×就业率×覆盖率；LFPR分性别由表230-28001合计+性别差还原
2027,40-44,男,243363.9,0.922,0.963,0.85,183667.5,高,乐观,Pop×LFPR×就业率×覆盖率；LFPR分性别由表230-28001合计+性别差还原
2027,40-44,女,270897.1,0.7891,0.963,0.85,174980.5,高,乐观,Pop×LFPR×就业率×覆盖率；LFPR分性别由表230-28001合计+性别差还原
2027,45-49,男,237377.9,0.93,0.963,0.85,180704.3,高,乐观,Pop×LFPR×就业率×覆盖率；LFPR分性别由表230-28001合计+性别差还原
2027,45-49,女,287534.1,0.7657,0.963,0.85,180215.8,高,乐观,Pop×LFPR×就业率×覆盖率；LFPR分性别由表230-28001合计+性别差还原
2027,50-54,男,243057.7,0.927,0.963,0.85,184431.2,高,乐观,Pop×LFPR×就业率×覆盖率；LFPR分性别由表230-28001合计+性别差还原
2027,50-54,女,305345.3,0.7294,0.963,0.85,182316.3,高,乐观,Pop×LFPR×就业率×覆盖率；LFPR分性别由表230-28001合计+性别差还原
2027,55-59,男,243972.9,0.8555,0.963,0.85,170846.8,高,乐观,Pop×LFPR×就业率×覆盖率；LFPR分性别由表230-28001合计+性别差还原
2027,55-59,女,314280.1,0.6157,0.963,0.85,158391.4,高,乐观,Pop×LFPR×就业率×覆盖率；LFPR分性别由表230-28001合计+性别差还原
2027,60-64,男,273630.3,0.6875,0.963,0.85,153986.3,高,乐观,Pop×LFPR×就业率×覆盖率；LFPR分性别由表230-28001合计+性别差还原
2027,60-64,女,335215.9,0.3969,0.963,0.85,108904.4,高,乐观,Pop×LFPR×就业率×覆盖率；LFPR分性别由表230-28001合计+性别差还原
2027,15-19,混合,293506.3,0.2,0.963,0.85,48049.9,高,乐观,男+女合计
2027,20-24,混合,296520.5,0.64,0.963,0.85,155338.8,高,乐观,男+女合计
2027,25-29,混合,348327.7,0.915,0.963,0.85,260888.2,高,乐观,男+女合计
2027,30-34,混合,435266.8,0.909,0.963,0.85,323865.5,高,乐观,男+女合计
2027,35-39,混合,482239.5,0.88,0.963,0.85,347368.6,高,乐观,男+女合计
2027,40-44,混合,514261.0,0.852,0.963,0.85,358648.0,高,乐观,男+女合计
2027,45-49,混合,524912.0,0.84,0.963,0.85,360920.1,高,乐观,男+女合计
2027,50-54,混合,548403.0,0.817,0.963,0.85,366747.5,高,乐观,男+女合计
2027,55-59,混合,558253.0,0.7205,0.963,0.85,329238.2,高,乐观,男+女合计
2027,60-64,混合,608846.2,0.5275,0.963,0.85,262890.7,高,乐观,男+女合计
2028,15-19,男,154071.0,0.22,0.963,0.85,27745.3,高,乐观,Pop×LFPR×就业率×覆盖率；LFPR分性别由表230-28001合计+性别差还原
2028,15-19,女,143733.6,0.1786,0.963,0.85,21008.3,高,乐观,Pop×LFPR×就业率×覆盖率；LFPR分性别由表230-28001合计+性别差还原
2028,20-24,男,153063.0,0.67,0.963,0.85,83944.1,高,乐观,Pop×LFPR×就业率×覆盖率；LFPR分性别由表230-28001合计+性别差还原
2028,20-24,女,147923.5,0.609,0.963,0.85,73734.3,高,乐观,Pop×LFPR×就业率×覆盖率；LFPR分性别由表230-28001合计+性别差还原
2028,25-29,男,173817.8,0.955,0.963,0.85,135876.0,高,乐观,Pop×LFPR×就业率×覆盖率；LFPR分性别由表230-28001合计+性别差还原
2028,25-29,女,166888.0,0.8733,0.963,0.85,119303.5,高,乐观,Pop×LFPR×就业率×覆盖率；LFPR分性别由表230-28001合计+性别差还原
2028,30-34,男,214357.4,0.959,0.963,0.85,168268.3,高,乐观,Pop×LFPR×就业率×覆盖率；LFPR分性别由表230-28001合计+性别差还原
2028,30-34,女,207443.0,0.8573,0.963,0.85,145577.3,高,乐观,Pop×LFPR×就业率×覆盖率；LFPR分性别由表230-28001合计+性别差还原
2028,35-39,男,238555.4,0.94,0.963,0.85,183553.4,高,乐观,Pop×LFPR×就业率×覆盖率；LFPR分性别由表230-28001合计+性别差还原
2028,35-39,女,241579.9,0.8208,0.963,0.85,162299.6,高,乐观,Pop×LFPR×就业率×覆盖率；LFPR分性别由表230-28001合计+性别差还原
2028,40-44,男,244968.8,0.922,0.963,0.85,184878.7,高,乐观,Pop×LFPR×就业率×覆盖率；LFPR分性别由表230-28001合计+性别差还原
2028,40-44,女,267929.6,0.788,0.963,0.85,172819.0,高,乐观,Pop×LFPR×就业率×覆盖率；LFPR分性别由表230-28001合计+性别差还原
2028,45-49,男,240143.2,0.93,0.963,0.85,182809.4,高,乐观,Pop×LFPR×就业率×覆盖率；LFPR分性别由表230-28001合计+性别差还原
2028,45-49,女,286175.9,0.7645,0.963,0.85,179078.2,高,乐观,Pop×LFPR×就业率×覆盖率；LFPR分性别由表230-28001合计+性别差还原
2028,50-54,男,242159.2,0.927,0.963,0.85,183749.4,高,乐观,Pop×LFPR×就业率×覆盖率；LFPR分性别由表230-28001合计+性别差还原
2028,50-54,女,302917.4,0.7291,0.963,0.85,180773.5,高,乐观,Pop×LFPR×就业率×覆盖率；LFPR分性别由表230-28001合计+性别差还原
2028,55-59,男,244701.8,0.855,0.963,0.85,171257.1,高,乐观,Pop×LFPR×就业率×覆盖率；LFPR分性别由表230-28001合计+性别差还原
2028,55-59,女,313998.5,0.6148,0.963,0.85,158016.3,高,乐观,Pop×LFPR×就业率×覆盖率；LFPR分性别由表230-28001合计+性别差还原
2028,60-64,男,266053.8,0.687,0.963,0.85,149613.7,高,乐观,Pop×LFPR×就业率×覆盖率；LFPR分性别由表230-28001合计+性别差还原
2028,60-64,女,330927.7,0.3984,0.963,0.85,107909.7,高,乐观,Pop×LFPR×就业率×覆盖率；LFPR分性别由表230-28001合计+性别差还原
2028,15-19,混合,297804.6,0.2,0.963,0.85,48753.6,高,乐观,男+女合计
2028,20-24,混合,300986.5,0.64,0.963,0.85,157678.4,高,乐观,男+女合计
2028,25-29,混合,340705.8,0.915,0.963,0.85,255179.5,高,乐观,男+女合计
2028,30-34,混合,421800.4,0.909,0.963,0.85,313845.6,高,乐观,男+女合计
2028,35-39,混合,480135.3,0.88,0.963,0.85,345853.0,高,乐观,男+女合计
2028,40-44,混合,512898.4,0.852,0.963,0.85,357697.7,高,乐观,男+女合计
2028,45-49,混合,526319.1,0.84,0.963,0.85,361887.6,高,乐观,男+女合计
2028,50-54,混合,545076.6,0.817,0.963,0.85,364522.9,高,乐观,男+女合计
2028,55-59,混合,558700.3,0.72,0.963,0.85,329273.4,高,乐观,男+女合计
2028,60-64,混合,596981.5,0.527,0.963,0.85,257523.4,高,乐观,男+女合计
2029,15-19,男,155925.7,0.22,0.963,0.85,28079.3,高,乐观,Pop×LFPR×就业率×覆盖率；LFPR分性别由表230-28001合计+性别差还原
2029,15-19,女,145633.1,0.1786,0.963,0.85,21288.9,高,乐观,Pop×LFPR×就业率×覆盖率；LFPR分性别由表230-28001合计+性别差还原
2029,20-24,男,156121.0,0.67,0.963,0.85,85621.2,高,乐观,Pop×LFPR×就业率×覆盖率；LFPR分性别由表230-28001合计+性别差还原
2029,20-24,女,149577.0,0.6087,0.963,0.85,74525.4,高,乐观,Pop×LFPR×就业率×覆盖率；LFPR分性别由表230-28001合计+性别差还原
2029,25-29,男,169161.9,0.955,0.963,0.85,132236.4,高,乐观,Pop×LFPR×就业率×覆盖率；LFPR分性别由表230-28001合计+性别差还原
2029,25-29,女,164172.2,0.8738,0.963,0.85,117421.9,高,乐观,Pop×LFPR×就业率×覆盖率；LFPR分性别由表230-28001合计+性别差还原
2029,30-34,男,208184.9,0.959,0.963,0.85,163423.0,高,乐观,Pop×LFPR×就业率×覆盖率；LFPR分性别由表230-28001合计+性别差还原
2029,30-34,女,200415.2,0.8571,0.963,0.85,140600.8,高,乐观,Pop×LFPR×就业率×覆盖率；LFPR分性别由表230-28001合计+性别差还原
2029,35-39,男,238767.8,0.94,0.963,0.85,183716.8,高,乐观,Pop×LFPR×就业率×覆盖率；LFPR分性别由表230-28001合计+性别差还原
2029,35-39,女,239519.3,0.8202,0.963,0.85,160804.9,高,乐观,Pop×LFPR×就业率×覆盖率；LFPR分性别由表230-28001合计+性别差还原
2029,40-44,男,246714.4,0.922,0.963,0.85,186196.1,高,乐观,Pop×LFPR×就业率×覆盖率；LFPR分性别由表230-28001合计+性别差还原
2029,40-44,女,265097.4,0.7869,0.963,0.85,170743.8,高,乐观,Pop×LFPR×就业率×覆盖率；LFPR分性别由表230-28001合计+性别差还原
2029,45-49,男,243203.7,0.93,0.963,0.85,185139.2,高,乐观,Pop×LFPR×就业率×覆盖率；LFPR分性别由表230-28001合计+性别差还原
2029,45-49,女,285133.8,0.7632,0.963,0.85,178136.2,高,乐观,Pop×LFPR×就业率×覆盖率；LFPR分性别由表230-28001合计+性别差还原
2029,50-54,男,241403.4,0.927,0.963,0.85,183175.9,高,乐观,Pop×LFPR×就业率×覆盖率；LFPR分性别由表230-28001合计+性别差还原
2029,50-54,女,300615.6,0.7287,0.963,0.85,179302.2,高,乐观,Pop×LFPR×就业率×覆盖率；LFPR分性别由表230-28001合计+性别差还原
2029,55-59,男,245584.9,0.8545,0.963,0.85,171774.6,高,乐观,Pop×LFPR×就业率×覆盖率；LFPR分性别由表230-28001合计+性别差还原
2029,55-59,女,313854.0,0.6139,0.963,0.85,157705.1,高,乐观,Pop×LFPR×就业率×覆盖率；LFPR分性别由表230-28001合计+性别差还原
2029,60-64,男,258765.0,0.6865,0.963,0.85,145409.0,高,乐观,Pop×LFPR×就业率×覆盖率；LFPR分性别由表230-28001合计+性别差还原
2029,60-64,女,326834.1,0.3998,0.963,0.85,106964.6,高,乐观,Pop×LFPR×就业率×覆盖率；LFPR分性别由表230-28001合计+性别差还原
2029,15-19,混合,301558.8,0.2,0.963,0.85,49368.2,高,乐观,男+女合计
2029,20-24,混合,305698.0,0.64,0.963,0.85,160146.6,高,乐观,男+女合计
2029,25-29,混合,333334.1,0.915,0.963,0.85,249658.3,高,乐观,男+女合计
2029,30-34,混合,408600.1,0.909,0.963,0.85,304023.8,高,乐观,男+女合计
2029,35-39,混合,478287.1,0.88,0.963,0.85,344521.7,高,乐观,男+女合计
2029,40-44,混合,511811.8,0.852,0.963,0.85,356939.9,高,乐观,男+女合计
2029,45-49,混合,528337.5,0.84,0.963,0.85,363275.4,高,乐观,男+女合计
2029,50-54,混合,542019.0,0.817,0.963,0.85,362478.1,高,乐观,男+女合计
2029,55-59,混合,559438.9,0.7195,0.963,0.85,329479.7,高,乐观,男+女合计
2029,60-64,混合,585599.1,0.5265,0.963,0.85,252373.6,高,乐观,男+女合计
2030,15-19,男,157503.7,0.22,0.963,0.85,28363.4,高,乐观,Pop×LFPR×就业率×覆盖率；LFPR分性别由表230-28001合计+性别差还原
2030,15-19,女,147229.6,0.1786,0.963,0.85,21524.5,高,乐观,Pop×LFPR×就业率×覆盖率；LFPR分性别由表230-28001合计+性别差还原
2030,20-24,男,159296.7,0.67,0.963,0.85,87362.9,高,乐观,Pop×LFPR×就业率×覆盖率；LFPR分性别由表230-28001合计+性别差还原
2030,20-24,女,151358.3,0.6084,0.963,0.85,75380.6,高,乐观,Pop×LFPR×就业率×覆盖率；LFPR分性别由表230-28001合计+性别差还原
2030,25-29,男,164629.5,0.955,0.963,0.85,128693.4,高,乐观,Pop×LFPR×就业率×覆盖率；LFPR分性别由表230-28001合计+性别差还原
2030,25-29,女,161583.1,0.8742,0.963,0.85,115631.1,高,乐观,Pop×LFPR×就业率×覆盖率；LFPR分性别由表230-28001合计+性别差还原
2030,30-34,男,202144.8,0.959,0.963,0.85,158681.5,高,乐观,Pop×LFPR×就业率×覆盖率；LFPR分性别由表230-28001合计+性别差还原
2030,30-34,女,193521.0,0.8568,0.963,0.85,135718.3,高,乐观,Pop×LFPR×就业率×覆盖率；LFPR分性别由表230-28001合计+性别差还原
2030,35-39,男,239103.0,0.94,0.963,0.85,183974.7,高,乐观,Pop×LFPR×就业率×覆盖率；LFPR分性别由表230-28001合计+性别差还原
2030,35-39,女,237591.5,0.8196,0.963,0.85,159399.8,高,乐观,Pop×LFPR×就业率×覆盖率；LFPR分性别由表230-28001合计+性别差还原
2030,40-44,男,248600.4,0.922,0.963,0.85,187619.5,高,乐观,Pop×LFPR×就业率×覆盖率；LFPR分性别由表230-28001合计+性别差还原
2030,40-44,女,262400.2,0.7857,0.963,0.85,168754.7,高,乐观,Pop×LFPR×就业率×覆盖率；LFPR分性别由表230-28001合计+性别差还原
2030,45-49,男,246567.1,0.93,0.963,0.85,187699.6,高,乐观,Pop×LFPR×就业率×覆盖率；LFPR分性别由表230-28001合计+性别差还原
2030,45-49,女,284416.9,0.762,0.963,0.85,177395.5,高,乐观,Pop×LFPR×就业率×覆盖率；LFPR分性别由表230-28001合计+性别差还原
2030,50-54,男,240789.3,0.927,0.963,0.85,182709.9,高,乐观,Pop×LFPR×就业率×覆盖率；LFPR分性别由表230-28001合计+性别差还原
2030,50-54,女,298439.2,0.7282,0.963,0.85,177902.0,高,乐观,Pop×LFPR×就业率×覆盖率；LFPR分性别由表230-28001合计+性别差还原
2030,55-59,男,246620.6,0.854,0.963,0.85,172398.1,高,乐观,Pop×LFPR×就业率×覆盖率；LFPR分性别由表230-28001合计+性别差还原
2030,55-59,女,313845.8,0.6129,0.963,0.85,157457.4,高,乐观,Pop×LFPR×就业率×覆盖率；LFPR分性别由表230-28001合计+性别差还原
2030,60-64,男,251758.5,0.686,0.963,0.85,141368.8,高,乐观,Pop×LFPR×就业率×覆盖率；LFPR分性别由表230-28001合计+性别差还原
2030,60-64,女,322934.0,0.4013,0.963,0.85,106069.3,高,乐观,Pop×LFPR×就业率×覆盖率；LFPR分性别由表230-28001合计+性别差还原
2030,15-19,混合,304733.3,0.2,0.963,0.85,49887.9,高,乐观,男+女合计
2030,20-24,混合,310655.0,0.64,0.963,0.85,162743.5,高,乐观,男+女合计
2030,25-29,混合,326212.6,0.915,0.963,0.85,244324.5,高,乐观,男+女合计
2030,30-34,混合,395665.8,0.909,0.963,0.85,294399.8,高,乐观,男+女合计
2030,35-39,混合,476694.5,0.88,0.963,0.85,343374.5,高,乐观,男+女合计
2030,40-44,混合,511000.6,0.852,0.963,0.85,356374.2,高,乐观,男+女合计
2030,45-49,混合,530984.0,0.84,0.963,0.85,365095.1,高,乐观,男+女合计
2030,50-54,混合,539228.5,0.817,0.963,0.85,360611.9,高,乐观,男+女合计
2030,55-59,混合,560466.4,0.719,0.963,0.85,329855.5,高,乐观,男+女合计
2030,60-64,混合,574692.5,0.526,0.963,0.85,247438.1,高,乐观,男+女合计
2031,15-19,男,158787.7,0.22,0.963,0.85,28594.6,高,乐观,Pop×LFPR×就业率×覆盖率；LFPR分性别由表230-28001合计+性别差还原
2031,15-19,女,148504.5,0.1786,0.963,0.85,21712.2,高,乐观,Pop×LFPR×就业率×覆盖率；LFPR分性别由表230-28001合计+性别差还原
2031,20-24,男,162590.0,0.67,0.963,0.85,89169.0,高,乐观,Pop×LFPR×就业率×覆盖率；LFPR分性别由表230-28001合计+性别差还原
2031,20-24,女,153267.3,0.6082,0.963,0.85,76299.8,高,乐观,Pop×LFPR×就业率×覆盖率；LFPR分性别由表230-28001合计+性别差还原
2031,25-29,男,160220.3,0.955,0.963,0.85,125246.7,高,乐观,Pop×LFPR×就业率×覆盖率；LFPR分性别由表230-28001合计+性别差还原
2031,25-29,女,159120.7,0.8747,0.963,0.85,113931.2,高,乐观,Pop×LFPR×就业率×覆盖率；LFPR分性别由表230-28001合计+性别差还原
2031,30-34,男,196236.6,0.959,0.963,0.85,154043.7,高,乐观,Pop×LFPR×就业率×覆盖率；LFPR分性别由表230-28001合计+性别差还原
2031,30-34,女,186760.4,0.8565,0.963,0.85,130929.8,高,乐观,Pop×LFPR×就业率×覆盖率；LFPR分性别由表230-28001合计+性别差还原
2031,35-39,男,239561.1,0.94,0.963,0.85,184327.2,高,乐观,Pop×LFPR×就业率×覆盖率；LFPR分性别由表230-28001合计+性别差还原
2031,35-39,女,235796.4,0.819,0.963,0.85,158084.2,高,乐观,Pop×LFPR×就业率×覆盖率；LFPR分性别由表230-28001合计+性别差还原
2031,40-44,男,250626.7,0.922,0.963,0.85,189148.7,高,乐观,Pop×LFPR×就业率×覆盖率；LFPR分性别由表230-28001合计+性别差还原
2031,40-44,女,259837.9,0.7845,0.963,0.85,166851.6,高,乐观,Pop×LFPR×就业率×覆盖率；LFPR分性别由表230-28001合计+性别差还原
2031,45-49,男,250241.1,0.93,0.963,0.85,190496.4,高,乐观,Pop×LFPR×就业率×覆盖率；LFPR分性别由表230-28001合计+性别差还原
2031,45-49,女,284033.6,0.7607,0.963,0.85,176861.3,高,乐观,Pop×LFPR×就业率×覆盖率；LFPR分性别由表230-28001合计+性别差还原
2031,50-54,男,240316.1,0.927,0.963,0.85,182350.9,高,乐观,Pop×LFPR×就业率×覆盖率；LFPR分性别由表230-28001合计+性别差还原
2031,50-54,女,296387.7,0.7278,0.963,0.85,176572.7,高,乐观,Pop×LFPR×就业率×覆盖率；LFPR分性别由表230-28001合计+性别差还原
2031,55-59,男,247807.6,0.8535,0.963,0.85,173126.4,高,乐观,Pop×LFPR×就业率×覆盖率；LFPR分性别由表230-28001合计+性别差还原
2031,55-59,女,313973.1,0.6119,0.963,0.85,157272.6,高,乐观,Pop×LFPR×就业率×覆盖率；LFPR分性别由表230-28001合计+性别差还原
2031,60-64,男,245029.3,0.6855,0.963,0.85,137489.9,高,乐观,Pop×LFPR×就业率×覆盖率；LFPR分性别由表230-28001合计+性别差还原
2031,60-64,女,319226.2,0.4027,0.963,0.85,105223.5,高,乐观,Pop×LFPR×就业率×覆盖率；LFPR分性别由表230-28001合计+性别差还原
2031,15-19,混合,307292.2,0.2,0.963,0.85,50306.8,高,乐观,男+女合计
2031,20-24,混合,315857.3,0.64,0.963,0.85,165468.8,高,乐观,男+女合计
2031,25-29,混合,319341.0,0.915,0.963,0.85,239177.9,高,乐观,男+女合计
2031,30-34,混合,382997.0,0.909,0.963,0.85,284973.5,高,乐观,男+女合计
2031,35-39,混合,475357.5,0.88,0.963,0.85,342411.4,高,乐观,男+女合计
2031,40-44,混合,510464.6,0.852,0.963,0.85,356000.3,高,乐观,男+女合计
2031,45-49,混合,534274.7,0.84,0.963,0.85,367357.7,高,乐观,男+女合计
2031,50-54,混合,536703.8,0.817,0.963,0.85,358923.6,高,乐观,男+女合计
2031,55-59,混合,561780.7,0.7185,0.963,0.85,330399.0,高,乐观,男+女合计
2031,60-64,混合,564255.5,0.5255,0.963,0.85,242713.4,高,乐观,男+女合计
2032,15-19,男,154780.6,0.22,0.963,0.85,27873.0,高,乐观,Pop×LFPR×就业率×覆盖率；LFPR分性别由表230-28001合计+性别差还原
2032,15-19,女,145041.6,0.1787,0.963,0.85,21210.8,高,乐观,Pop×LFPR×就业率×覆盖率；LFPR分性别由表230-28001合计+性别差还原
2032,20-24,男,165521.8,0.67,0.963,0.85,90776.9,高,乐观,Pop×LFPR×就业率×覆盖率；LFPR分性别由表230-28001合计+性别差还原
2032,20-24,女,156340.2,0.6082,0.963,0.85,77837.6,高,乐观,Pop×LFPR×就业率×覆盖率；LFPR分性别由表230-28001合计+性别差还原
2032,25-29,男,163617.1,0.955,0.963,0.85,127902.0,高,乐观,Pop×LFPR×就业率×覆盖率；LFPR分性别由表230-28001合计+性别差还原
2032,25-29,女,161142.6,0.8744,0.963,0.85,115334.3,高,乐观,Pop×LFPR×就业率×覆盖率；LFPR分性别由表230-28001合计+性别差还原
2032,30-34,男,191922.7,0.959,0.963,0.85,150657.3,高,乐观,Pop×LFPR×就业率×覆盖率；LFPR分性别由表230-28001合计+性别差还原
2032,30-34,女,184419.4,0.857,0.963,0.85,129364.5,高,乐观,Pop×LFPR×就业率×覆盖率；LFPR分性别由表230-28001合计+性别差还原
2032,35-39,男,233725.1,0.94,0.963,0.85,179836.7,高,乐观,Pop×LFPR×就业率×覆盖率；LFPR分性别由表230-28001合计+性别差还原
2032,35-39,女,229138.8,0.8188,0.963,0.85,153575.2,高,乐观,Pop×LFPR×就业率×覆盖率；LFPR分性别由表230-28001合计+性别差还原
2032,40-44,男,251178.6,0.922,0.963,0.85,189565.3,高,乐观,Pop×LFPR×就业率×覆盖率；LFPR分性别由表230-28001合计+性别差还原
2032,40-44,女,258145.2,0.7839,0.963,0.85,165639.5,高,乐观,Pop×LFPR×就业率×覆盖率；LFPR分性别由表230-28001合计+性别差还原
2032,45-49,男,252159.5,0.93,0.963,0.85,191956.8,高,乐观,Pop×LFPR×就业率×覆盖率；LFPR分性别由表230-28001合计+性别差还原
2032,45-49,女,281429.4,0.7594,0.963,0.85,174929.3,高,乐观,Pop×LFPR×就业率×覆盖率；LFPR分性别由表230-28001合计+性别差还原
2032,50-54,男,243156.5,0.927,0.963,0.85,184506.1,高,乐观,Pop×LFPR×就业率×覆盖率；LFPR分性别由表230-28001合计+性别差还原
2032,50-54,女,295136.7,0.7264,0.963,0.85,175480.3,高,乐观,Pop×LFPR×就业率×覆盖率；LFPR分性别由表230-28001合计+性别差还原
2032,55-59,男,247181.4,0.853,0.963,0.85,172587.8,高,乐观,Pop×LFPR×就业率×覆盖率；LFPR分性别由表230-28001合计+性别差还原
2032,55-59,女,311856.5,0.611,0.963,0.85,155969.4,高,乐观,Pop×LFPR×就业率×覆盖率；LFPR分性别由表230-28001合计+性别差还原
2032,60-64,男,246009.8,0.685,0.963,0.85,137939.4,高,乐观,Pop×LFPR×就业率×覆盖率；LFPR分性别由表230-28001合计+性别差还原
2032,60-64,女,319238.0,0.4017,0.963,0.85,104969.5,高,乐观,Pop×LFPR×就业率×覆盖率；LFPR分性别由表230-28001合计+性别差还原
2032,15-19,混合,299822.2,0.2,0.963,0.85,49083.8,高,乐观,男+女合计
2032,20-24,混合,321862.0,0.64,0.963,0.85,168614.5,高,乐观,男+女合计
2032,25-29,混合,324759.7,0.915,0.963,0.85,243236.3,高,乐观,男+女合计
2032,30-34,混合,376342.1,0.909,0.963,0.85,280021.8,高,乐观,男+女合计
2032,35-39,混合,462863.9,0.88,0.963,0.85,333411.9,高,乐观,男+女合计
2032,40-44,混合,509323.8,0.852,0.963,0.85,355204.8,高,乐观,男+女合计
2032,45-49,混合,533588.9,0.84,0.963,0.85,366886.1,高,乐观,男+女合计
2032,50-54,混合,538293.2,0.817,0.963,0.85,359986.4,高,乐观,男+女合计
2032,55-59,混合,559037.9,0.718,0.963,0.85,328557.2,高,乐观,男+女合计
2032,60-64,混合,565247.8,0.525,0.963,0.85,242908.9,高,乐观,男+女合计
2033,15-19,男,150803.8,0.22,0.963,0.85,27156.9,高,乐观,Pop×LFPR×就业率×覆盖率；LFPR分性别由表230-28001合计+性别差还原
2033,15-19,女,141610.7,0.1787,0.963,0.85,20714.3,高,乐观,Pop×LFPR×就业率×覆盖率；LFPR分性别由表230-28001合计+性别差还原
2033,20-24,男,168211.5,0.67,0.963,0.85,92252.0,高,乐观,Pop×LFPR×就业率×覆盖率；LFPR分性别由表230-28001合计+性别差还原
2033,20-24,女,159147.5,0.6083,0.963,0.85,79242.2,高,乐观,Pop×LFPR×就业率×覆盖率；LFPR分性别由表230-28001合计+性别差还原
2033,25-29,男,167131.4,0.955,0.963,0.85,130649.2,高,乐观,Pop×LFPR×就业率×覆盖率；LFPR分性别由表230-28001合计+性别差还原
2033,25-29,女,163292.3,0.8741,0.963,0.85,116829.3,高,乐观,Pop×LFPR×就业率×覆盖率；LFPR分性别由表230-28001合计+性别差还原
2033,30-34,男,187733.1,0.959,0.963,0.85,147368.5,高,乐观,Pop×LFPR×就业率×覆盖率；LFPR分性别由表230-28001合计+性别差还原
2033,30-34,女,182205.5,0.8575,0.963,0.85,127888.7,高,乐观,Pop×LFPR×就业率×覆盖率；LFPR分性别由表230-28001合计+性别差还原
2033,35-39,男,228021.7,0.94,0.963,0.85,175448.3,高,乐观,Pop×LFPR×就业率×覆盖率；LFPR分性别由表230-28001合计+性别差还原
2033,35-39,女,222615.4,0.8185,0.963,0.85,149156.4,高,乐观,Pop×LFPR×就业率×覆盖率；LFPR分性别由表230-28001合计+性别差还原
2033,40-44,男,251854.2,0.922,0.963,0.85,190075.1,高,乐观,Pop×LFPR×就业率×覆盖率；LFPR分性别由表230-28001合计+性别差还原
2033,40-44,女,256585.4,0.7833,0.963,0.85,164513.0,高,乐观,Pop×LFPR×就业率×覆盖率；LFPR分性别由表230-28001合计+性别差还原
2033,45-49,男,254218.5,0.93,0.963,0.85,193524.2,高,乐观,Pop×LFPR×就业率×覆盖率；LFPR分性别由表230-28001合计+性别差还原
2033,45-49,女,278962.5,0.758,0.963,0.85,173081.4,高,乐观,Pop×LFPR×就业率×覆盖率；LFPR分性别由表230-28001合计+性别差还原
2033,50-54,男,246280.1,0.927,0.963,0.85,186876.3,高,乐观,Pop×LFPR×就业率×覆盖率；LFPR分性别由表230-28001合计+性别差还原
2033,50-54,女,294193.1,0.7249,0.963,0.85,174568.0,高,乐观,Pop×LFPR×就业率×覆盖率；LFPR分性别由表230-28001合计+性别差还原
2033,55-59,男,246698.5,0.8525,0.963,0.85,172149.6,高,乐观,Pop×LFPR×就业率×覆盖率；LFPR分性别由表230-28001合计+性别差还原
2033,55-59,女,309867.7,0.61,0.963,0.85,154727.0,高,乐观,Pop×LFPR×就业率×覆盖率；LFPR分性别由表230-28001合计+性别差还原
2033,60-64,男,247141.8,0.6845,0.963,0.85,138472.9,高,乐观,Pop×LFPR×就业率×覆盖率；LFPR分性别由表230-28001合计+性别差还原
2033,60-64,女,319387.3,0.4007,0.963,0.85,104754.7,高,乐观,Pop×LFPR×就业率×覆盖率；LFPR分性别由表230-28001合计+性别差还原
2033,15-19,混合,292414.5,0.2,0.963,0.85,47871.2,高,乐观,男+女合计
2033,20-24,混合,327359.0,0.64,0.963,0.85,171494.2,高,乐观,男+女合计
2033,25-29,混合,330423.7,0.915,0.963,0.85,247478.5,高,乐观,男+女合计
2033,30-34,混合,369938.6,0.909,0.963,0.85,275257.2,高,乐观,男+女合计
2033,35-39,混合,450637.1,0.88,0.963,0.85,324604.7,高,乐观,男+女合计
2033,40-44,混合,508439.6,0.852,0.963,0.85,354588.1,高,乐观,男+女合计
2033,45-49,混合,533181.0,0.84,0.963,0.85,366605.6,高,乐观,男+女合计
2033,50-54,混合,540473.2,0.817,0.963,0.85,361444.3,高,乐观,男+女合计
2033,55-59,混合,556566.2,0.7175,0.963,0.85,326876.6,高,乐观,男+女合计
2033,60-64,混合,566529.1,0.5245,0.963,0.85,243227.6,高,乐观,男+女合计
2034,15-19,男,146857.1,0.22,0.963,0.85,26446.2,高,乐观,Pop×LFPR×就业率×覆盖率；LFPR分性别由表230-28001合计+性别差还原
2034,15-19,女,138212.0,0.1787,0.963,0.85,20222.5,高,乐观,Pop×LFPR×就业率×覆盖率；LFPR分性别由表230-28001合计+性别差还原
2034,20-24,男,170641.9,0.67,0.963,0.85,93584.9,高,乐观,Pop×LFPR×就业率×覆盖率；LFPR分性别由表230-28001合计+性别差还原
2034,20-24,女,161670.6,0.6083,0.963,0.85,80504.3,高,乐观,Pop×LFPR×就业率×覆盖率；LFPR分性别由表230-28001合计+性别差还原
2034,25-29,男,170763.3,0.955,0.963,0.85,133488.3,高,乐观,Pop×LFPR×就业率×覆盖率；LFPR分性别由表230-28001合计+性别差还原
2034,25-29,女,165569.7,0.8737,0.963,0.85,118416.1,高,乐观,Pop×LFPR×就业率×覆盖率；LFPR分性别由表230-28001合计+性别差还原
2034,30-34,男,183667.9,0.959,0.963,0.85,144177.4,高,乐观,Pop×LFPR×就业率×覆盖率；LFPR分性别由表230-28001合计+性别差还原
2034,30-34,女,180118.7,0.858,0.963,0.85,126502.4,高,乐观,Pop×LFPR×就业率×覆盖率；LFPR分性别由表230-28001合计+性别差还原
2034,35-39,男,222450.6,0.94,0.963,0.85,171161.7,高,乐观,Pop×LFPR×就业率×覆盖率；LFPR分性别由表230-28001合计+性别差还原
2034,35-39,女,216226.2,0.8183,0.963,0.85,144827.7,高,乐观,Pop×LFPR×就业率×覆盖率；LFPR分性别由表230-28001合计+性别差还原
2034,40-44,男,252653.2,0.922,0.963,0.85,190678.2,高,乐观,Pop×LFPR×就业率×覆盖率；LFPR分性别由表230-28001合计+性别差还原
2034,40-44,女,255158.6,0.7827,0.963,0.85,163472.1,高,乐观,Pop×LFPR×就业率×覆盖率；LFPR分性别由表230-28001合计+性别差还原
2034,45-49,男,256417.7,0.93,0.963,0.85,195198.4,高,乐观,Pop×LFPR×就业率×覆盖率；LFPR分性别由表230-28001合计+性别差还原
2034,45-49,女,276632.6,0.7566,0.963,0.85,171317.4,高,乐观,Pop×LFPR×就业率×覆盖率；LFPR分性别由表230-28001合计+性别差还原
2034,50-54,男,249694.5,0.927,0.963,0.85,189467.2,高,乐观,Pop×LFPR×就业率×覆盖率；LFPR分性别由表230-28001合计+性别差还原
2034,50-54,女,293565.3,0.7234,0.963,0.85,173840.7,高,乐观,Pop×LFPR×就业率×覆盖率；LFPR分性别由表230-28001合计+性别差还原
2034,55-59,男,246357.9,0.852,0.963,0.85,171811.1,高,乐观,Pop×LFPR×就业率×覆盖率；LFPR分性别由表230-28001合计+性别差还原
2034,55-59,女,308005.7,0.609,0.963,0.85,153545.1,高,乐观,Pop×LFPR×就业率×覆盖率；LFPR分性别由表230-28001合计+性别差还原
2034,60-64,男,248423.5,0.684,0.963,0.85,139089.4,高,乐观,Pop×LFPR×就业率×覆盖率；LFPR分性别由表230-28001合计+性别差还原
2034,60-64,女,319673.1,0.3997,0.963,0.85,104578.7,高,乐观,Pop×LFPR×就业率×覆盖率；LFPR分性别由表230-28001合计+性别差还原
2034,15-19,混合,285069.1,0.2,0.963,0.85,46668.7,高,乐观,男+女合计
2034,20-24,混合,332312.5,0.64,0.963,0.85,174089.2,高,乐观,男+女合计
2034,25-29,混合,336333.0,0.915,0.963,0.85,251904.4,高,乐观,男+女合计
2034,30-34,混合,363786.6,0.909,0.963,0.85,270679.8,高,乐观,男+女合计
2034,35-39,混合,438676.8,0.88,0.963,0.85,315989.4,高,乐观,男+女合计
2034,40-44,混合,507811.8,0.852,0.963,0.85,354150.3,高,乐观,男+女合计
2034,45-49,混合,533050.3,0.84,0.963,0.85,366515.8,高,乐观,男+女合计
2034,50-54,混合,543259.8,0.817,0.963,0.85,363307.9,高,乐观,男+女合计
2034,55-59,混合,554363.6,0.717,0.963,0.85,325356.2,高,乐观,男+女合计
2034,60-64,混合,568096.6,0.524,0.963,0.85,243668.1,高,乐观,男+女合计
2035,15-19,男,142940.7,0.22,0.963,0.85,25740.9,高,乐观,Pop×LFPR×就业率×覆盖率；LFPR分性别由表230-28001合计+性别差还原
2035,15-19,女,134845.3,0.1788,0.963,0.85,19735.4,高,乐观,Pop×LFPR×就业率×覆盖率；LFPR分性别由表230-28001合计+性别差还原
2035,20-24,男,172795.9,0.67,0.963,0.85,94766.2,高,乐观,Pop×LFPR×就业率×覆盖率；LFPR分性别由表230-28001合计+性别差还原
2035,20-24,女,163890.9,0.6084,0.963,0.85,81614.6,高,乐观,Pop×LFPR×就业率×覆盖率；LFPR分性别由表230-28001合计+性别差还原
2035,25-29,男,174512.7,0.955,0.963,0.85,136419.2,高,乐观,Pop×LFPR×就业率×覆盖率；LFPR分性别由表230-28001合计+性别差还原
2035,25-29,女,167974.7,0.8734,0.963,0.85,120094.7,高,乐观,Pop×LFPR×就业率×覆盖率；LFPR分性别由表230-28001合计+性别差还原
2035,30-34,男,179726.7,0.959,0.963,0.85,141083.6,高,乐观,Pop×LFPR×就业率×覆盖率；LFPR分性别由表230-28001合计+性别差还原
2035,30-34,女,178158.8,0.8586,0.963,0.85,125205.4,高,乐观,Pop×LFPR×就业率×覆盖率；LFPR分性别由表230-28001合计+性别差还原
2035,35-39,男,217011.7,0.94,0.963,0.85,166976.8,高,乐观,Pop×LFPR×就业率×覆盖率；LFPR分性别由表230-28001合计+性别差还原
2035,35-39,女,209971.1,0.818,0.963,0.85,140589.1,高,乐观,Pop×LFPR×就业率×覆盖率；LFPR分性别由表230-28001合计+性别差还原
2035,40-44,男,253575.5,0.922,0.963,0.85,191374.2,高,乐观,Pop×LFPR×就业率×覆盖率；LFPR分性别由表230-28001合计+性别差还原
2035,40-44,女,253864.7,0.7821,0.963,0.85,162516.9,高,乐观,Pop×LFPR×就业率×覆盖率；LFPR分性别由表230-28001合计+性别差还原
2035,45-49,男,258757.0,0.93,0.963,0.85,196979.2,高,乐观,Pop×LFPR×就业率×覆盖率；LFPR分性别由表230-28001合计+性别差还原
2035,45-49,女,274439.7,0.7551,0.963,0.85,169637.3,高,乐观,Pop×LFPR×就业率×覆盖率；LFPR分性别由表230-28001合计+性别差还原
2035,50-54,男,253407.3,0.927,0.963,0.85,192284.4,高,乐观,Pop×LFPR×就业率×覆盖率；LFPR分性别由表230-28001合计+性别差还原
2035,50-54,女,293262.1,0.7219,0.963,0.85,173303.7,高,乐观,Pop×LFPR×就业率×覆盖率；LFPR分性别由表230-28001合计+性别差还原
2035,55-59,男,246158.4,0.8515,0.963,0.85,171571.3,高,乐观,Pop×LFPR×就业率×覆盖率；LFPR分性别由表230-28001合计+性别差还原
2035,55-59,女,306270.1,0.608,0.963,0.85,152423.1,高,乐观,Pop×LFPR×就业率×覆盖率；LFPR分性别由表230-28001合计+性别差还原
2035,60-64,男,249853.5,0.6835,0.963,0.85,139787.8,高,乐观,Pop×LFPR×就业率×覆盖率；LFPR分性别由表230-28001合计+性别差还原
2035,60-64,女,320094.7,0.3986,0.963,0.85,104441.3,高,乐观,Pop×LFPR×就业率×覆盖率；LFPR分性别由表230-28001合计+性别差还原
2035,15-19,混合,277786.0,0.2,0.963,0.85,45476.3,高,乐观,男+女合计
2035,20-24,混合,336686.8,0.64,0.963,0.85,176380.8,高,乐观,男+女合计
2035,25-29,混合,342487.4,0.915,0.963,0.85,256513.9,高,乐观,男+女合计
2035,30-34,混合,357885.5,0.909,0.963,0.85,266289.0,高,乐观,男+女合计
2035,35-39,混合,426982.8,0.88,0.963,0.85,307565.9,高,乐观,男+女合计
2035,40-44,混合,507440.2,0.852,0.963,0.85,353891.1,高,乐观,男+女合计
2035,45-49,混合,533196.7,0.84,0.963,0.85,366616.5,高,乐观,男+女合计
2035,50-54,混合,546669.4,0.817,0.963,0.85,365588.1,高,乐观,男+女合计
2035,55-59,混合,552428.5,0.7165,0.963,0.85,323994.4,高,乐观,男+女合计
2035,60-64,混合,569948.2,0.5235,0.963,0.85,244229.1,高,乐观,男+女合计
2036,15-19,男,139054.3,0.22,0.963,0.85,25041.0,高,乐观,Pop×LFPR×就业率×覆盖率；LFPR分性别由表230-28001合计+性别差还原
2036,15-19,女,131510.6,0.1789,0.963,0.85,19253.1,高,乐观,Pop×LFPR×就业率×覆盖率；LFPR分性别由表230-28001合计+性别差还原
2036,20-24,男,174656.4,0.67,0.963,0.85,95786.5,高,乐观,Pop×LFPR×就业率×覆盖率；LFPR分性别由表230-28001合计+性别差还原
2036,20-24,女,165789.9,0.6084,0.963,0.85,82563.7,高,乐观,Pop×LFPR×就业率×覆盖率；LFPR分性别由表230-28001合计+性别差还原
2036,25-29,男,178379.7,0.955,0.963,0.85,139442.1,高,乐观,Pop×LFPR×就业率×覆盖率；LFPR分性别由表230-28001合计+性别差还原
2036,25-29,女,170507.5,0.8732,0.963,0.85,121865.0,高,乐观,Pop×LFPR×就业率×覆盖率；LFPR分性别由表230-28001合计+性别差还原
2036,30-34,男,175909.5,0.959,0.963,0.85,138087.1,高,乐观,Pop×LFPR×就业率×覆盖率；LFPR分性别由表230-28001合计+性别差还原
2036,30-34,女,176325.9,0.8591,0.963,0.85,123997.9,高,乐观,Pop×LFPR×就业率×覆盖率；LFPR分性别由表230-28001合计+性别差还原
2036,35-39,男,211704.6,0.94,0.963,0.85,162893.4,高,乐观,Pop×LFPR×就业率×覆盖率；LFPR分性别由表230-28001合计+性别差还原
2036,35-39,女,203849.8,0.8177,0.963,0.85,136440.5,高,乐观,Pop×LFPR×就业率×覆盖率；LFPR分性别由表230-28001合计+性别差还原
2036,40-44,男,254621.1,0.922,0.963,0.85,192163.3,高,乐观,Pop×LFPR×就业率×覆盖率；LFPR分性别由表230-28001合计+性别差还原
2036,40-44,女,252703.4,0.7815,0.963,0.85,161647.1,高,乐观,Pop×LFPR×就业率×覆盖率；LFPR分性别由表230-28001合计+性别差还原
2036,45-49,男,261236.1,0.93,0.963,0.85,198866.4,高,乐观,Pop×LFPR×就业率×覆盖率；LFPR分性别由表230-28001合计+性别差还原
2036,45-49,女,272383.4,0.7537,0.963,0.85,168040.8,高,乐观,Pop×LFPR×就业率×覆盖率；LFPR分性别由表230-28001合计+性别差还原
2036,50-54,男,257426.0,0.927,0.963,0.85,195333.8,高,乐观,Pop×LFPR×就业率×覆盖率；LFPR分性别由表230-28001合计+性别差还原
2036,50-54,女,293292.0,0.7205,0.963,0.85,172961.8,高,乐观,Pop×LFPR×就业率×覆盖率；LFPR分性别由表230-28001合计+性别差还原
2036,55-59,男,246099.1,0.851,0.963,0.85,171429.2,高,乐观,Pop×LFPR×就业率×覆盖率；LFPR分性别由表230-28001合计+性别差还原
2036,55-59,女,304660.0,0.6069,0.963,0.85,151360.7,高,乐观,Pop×LFPR×就业率×覆盖率；LFPR分性别由表230-28001合计+性别差还原
2036,60-64,男,251430.2,0.683,0.963,0.85,140567.0,高,乐观,Pop×LFPR×就业率×覆盖率；LFPR分性别由表230-28001合计+性别差还原
2036,60-64,女,320651.0,0.3975,0.963,0.85,104341.9,高,乐观,Pop×LFPR×就业率×覆盖率；LFPR分性别由表230-28001合计+性别差还原
2036,15-19,混合,270564.9,0.2,0.963,0.85,44294.1,高,乐观,男+女合计
2036,20-24,混合,340446.3,0.64,0.963,0.85,178350.2,高,乐观,男+女合计
2036,25-29,混合,348887.2,0.915,0.963,0.85,261307.1,高,乐观,男+女合计
2036,30-34,混合,352235.4,0.909,0.963,0.85,262085.0,高,乐观,男+女合计
2036,35-39,混合,415554.4,0.88,0.963,0.85,299333.9,高,乐观,男+女合计
2036,40-44,混合,507324.5,0.852,0.963,0.85,353810.4,高,乐观,男+女合计
2036,45-49,混合,533619.5,0.84,0.963,0.85,366907.2,高,乐观,男+女合计
2036,50-54,混合,550718.0,0.817,0.963,0.85,368295.6,高,乐观,男+女合计
2036,55-59,混合,550759.1,0.716,0.963,0.85,322789.9,高,乐观,男+女合计
2036,60-64,混合,572081.2,0.523,0.963,0.85,244908.9,高,乐观,男+女合计
2037,15-19,男,131756.0,0.22,0.963,0.85,23726.8,高,乐观,Pop×LFPR×就业率×覆盖率；LFPR分性别由表230-28001合计+性别差还原
2037,15-19,女,124713.7,0.1789,0.963,0.85,18259.9,高,乐观,Pop×LFPR×就业率×覆盖率；LFPR分性别由表230-28001合计+性别差还原
2037,20-24,男,170995.3,0.67,0.963,0.85,93778.7,高,乐观,Pop×LFPR×就业率×覆盖率；LFPR分性别由表230-28001合计+性别差还原
2037,20-24,女,162698.4,0.6085,0.963,0.85,81034.1,高,乐观,Pop×LFPR×就业率×覆盖率；LFPR分性别由表230-28001合计+性别差还原
2037,25-29,男,181650.7,0.955,0.963,0.85,141999.1,高,乐观,Pop×LFPR×就业率×覆盖率；LFPR分性别由表230-28001合计+性别差还原
2037,25-29,女,173948.4,0.8732,0.963,0.85,124335.1,高,乐观,Pop×LFPR×就业率×覆盖率；LFPR分性别由表230-28001合计+性别差还原
2037,30-34,男,179644.0,0.959,0.963,0.85,141018.6,高,乐观,Pop×LFPR×就业率×覆盖率；LFPR分性别由表230-28001合计+性别差还原
2037,30-34,女,178716.6,0.8587,0.963,0.85,125623.8,高,乐观,Pop×LFPR×就业率×覆盖率；LFPR分性别由表230-28001合计+性别差还原
2037,35-39,男,207748.9,0.94,0.963,0.85,159849.7,高,乐观,Pop×LFPR×就业率×覆盖率；LFPR分性别由表230-28001合计+性别差还原
2037,35-39,女,201883.7,0.8183,0.963,0.85,135218.5,高,乐观,Pop×LFPR×就业率×覆盖率；LFPR分性别由表230-28001合计+性别差还原
2037,40-44,男,249152.7,0.922,0.963,0.85,188036.3,高,乐观,Pop×LFPR×就业率×覆盖率；LFPR分性别由表230-28001合计+性别差还原
2037,40-44,女,246431.6,0.7812,0.963,0.85,157586.5,高,乐观,Pop×LFPR×就业率×覆盖率；LFPR分性别由表230-28001合计+性别差还原
2037,45-49,男,262099.7,0.93,0.963,0.85,199523.8,高,乐观,Pop×LFPR×就业率×覆盖率；LFPR分性别由表230-28001合计+性别差还原
2037,45-49,女,271025.0,0.753,0.963,0.85,167043.2,高,乐观,Pop×LFPR×就业率×覆盖率；LFPR分性别由表230-28001合计+性别差还原
2037,50-54,男,259563.5,0.927,0.963,0.85,196955.7,高,乐观,Pop×LFPR×就业率×覆盖率；LFPR分性别由表230-28001合计+性别差还原
2037,50-54,女,290944.3,0.7189,0.963,0.85,171199.3,高,乐观,Pop×LFPR×就业率×覆盖率；LFPR分性别由表230-28001合计+性别差还原
2037,55-59,男,249147.6,0.8505,0.963,0.85,173450.8,高,乐观,Pop×LFPR×就业率×覆盖率；LFPR分性别由表230-28001合计+性别差还原
2037,55-59,女,303674.1,0.6047,0.963,0.85,150321.7,高,乐观,Pop×LFPR×就业率×覆盖率；LFPR分性别由表230-28001合计+性别差还原
2037,60-64,男,251086.6,0.6825,0.963,0.85,140272.1,高,乐观,Pop×LFPR×就业率×覆盖率；LFPR分性别由表230-28001合计+性别差还原
2037,60-64,女,318821.2,0.3965,0.963,0.85,103473.1,高,乐观,Pop×LFPR×就业率×覆盖率；LFPR分性别由表230-28001合计+性别差还原
2037,15-19,混合,256469.7,0.2,0.963,0.85,41986.7,高,乐观,男+女合计
2037,20-24,混合,333693.7,0.64,0.963,0.85,174812.8,高,乐观,男+女合计
2037,25-29,混合,355599.1,0.915,0.963,0.85,266334.2,高,乐观,男+女合计
2037,30-34,混合,358360.6,0.909,0.963,0.85,266642.4,高,乐观,男+女合计
2037,35-39,混合,409632.6,0.88,0.963,0.85,295068.2,高,乐观,男+女合计
2037,40-44,混合,495584.3,0.852,0.963,0.85,345622.8,高,乐观,男+女合计
2037,45-49,混合,533124.7,0.84,0.963,0.85,366567.0,高,乐观,男+女合计
2037,50-54,混合,550507.8,0.817,0.963,0.85,368155.0,高,乐观,男+女合计
2037,55-59,混合,552821.7,0.7155,0.963,0.85,323772.5,高,乐观,男+女合计
2037,60-64,混合,569907.8,0.5225,0.963,0.85,243745.2,高,乐观,男+女合计
2038,15-19,男,124280.6,0.22,0.963,0.85,22380.6,高,乐观,Pop×LFPR×就业率×覆盖率；LFPR分性别由表230-28001合计+性别差还原
2038,15-19,女,117730.1,0.1789,0.963,0.85,17239.0,高,乐观,Pop×LFPR×就业率×覆盖率；LFPR分性别由表230-28001合计+性别差还原
2038,20-24,男,167129.7,0.67,0.963,0.85,91658.7,高,乐观,Pop×LFPR×就业率×覆盖率；LFPR分性别由表230-28001合计+性别差还原
2038,20-24,女,159384.8,0.6085,0.963,0.85,79393.1,高,乐观,Pop×LFPR×就业率×覆盖率；LFPR分性别由表230-28001合计+性别差还原
2038,25-29,男,184444.9,0.955,0.963,0.85,144183.4,高,乐观,Pop×LFPR×就业率×覆盖率；LFPR分性别由表230-28001合计+性别差还原
2038,25-29,女,176869.4,0.8733,0.963,0.85,126431.4,高,乐观,Pop×LFPR×就业率×覆盖率；LFPR分性别由表230-28001合计+性别差还原
2038,30-34,男,183260.8,0.959,0.963,0.85,143857.8,高,乐观,Pop×LFPR×就业率×覆盖率；LFPR分性别由表230-28001合计+性别差还原
2038,30-34,女,180980.4,0.8584,0.963,0.85,127160.2,高,乐观,Pop×LFPR×就业率×覆盖率；LFPR分性别由表230-28001合计+性别差还原
2038,35-39,男,203682.6,0.94,0.963,0.85,156720.9,高,乐观,Pop×LFPR×就业率×覆盖率；LFPR分性别由表230-28001合计+性别差还原
2038,35-39,女,199790.4,0.8188,0.963,0.85,133910.4,高,乐观,Pop×LFPR×就业率×覆盖率；LFPR分性别由表230-28001合计+性别差还原
2038,40-44,男,243584.6,0.922,0.963,0.85,183834.1,高,乐观,Pop×LFPR×就业率×覆盖率；LFPR分性别由表230-28001合计+性别差还原
2038,40-44,女,240039.6,0.781,0.963,0.85,153447.7,高,乐观,Pop×LFPR×就业率×覆盖率；LFPR分性别由表230-28001合计+性别差还原
2038,45-49,男,262923.4,0.93,0.963,0.85,200150.8,高,乐观,Pop×LFPR×就业率×覆盖率；LFPR分性别由表230-28001合计+性别差还原
2038,45-49,女,269623.1,0.7522,0.963,0.85,166018.6,高,乐观,Pop×LFPR×就业率×覆盖率；LFPR分性别由表230-28001合计+性别差还原
2038,50-54,男,261694.4,0.927,0.963,0.85,198572.6,高,乐观,Pop×LFPR×就业率×覆盖率；LFPR分性别由表230-28001合计+性别差还原
2038,50-54,女,288576.7,0.7172,0.963,0.85,169424.1,高,乐观,Pop×LFPR×就业率×覆盖率；LFPR分性别由表230-28001合计+性别差还原
2038,55-59,男,252327.4,0.85,0.963,0.85,175561.2,高,乐观,Pop×LFPR×就业率×覆盖率；LFPR分性别由表230-28001合计+性别差还原
2038,55-59,女,302836.1,0.6025,0.963,0.85,149355.6,高,乐观,Pop×LFPR×就业率×覆盖率；LFPR分性别由表230-28001合计+性别差还原
2038,60-64,男,250739.3,0.682,0.963,0.85,139975.5,高,乐观,Pop×LFPR×就业率×覆盖率；LFPR分性别由表230-28001合计+性别差还原
2038,60-64,女,316962.5,0.3954,0.963,0.85,102593.9,高,乐观,Pop×LFPR×就业率×覆盖率；LFPR分性别由表230-28001合计+性别差还原
2038,15-19,混合,242010.7,0.2,0.963,0.85,39619.6,高,乐观,男+女合计
2038,20-24,混合,326514.5,0.64,0.963,0.85,171051.8,高,乐观,男+女合计
2038,25-29,混合,361314.3,0.915,0.963,0.85,270614.8,高,乐观,男+女合计
2038,30-34,混合,364241.2,0.909,0.963,0.85,271018.0,高,乐观,男+女合计
2038,35-39,混合,403473.0,0.88,0.963,0.85,290631.3,高,乐观,男+女合计
2038,40-44,混合,483624.2,0.852,0.963,0.85,337281.8,高,乐观,男+女合计
2038,45-49,混合,532546.5,0.84,0.963,0.85,366169.4,高,乐观,男+女合计
2038,50-54,混合,550271.1,0.817,0.963,0.85,367996.7,高,乐观,男+女合计
2038,55-59,混合,555163.5,0.715,0.963,0.85,324916.8,高,乐观,男+女合计
2038,60-64,混合,567701.8,0.522,0.963,0.85,242569.4,高,乐观,男+女合计
2039,15-19,男,116663.6,0.22,0.963,0.85,21008.9,高,乐观,Pop×LFPR×就业率×覆盖率；LFPR分性别由表230-28001合计+性别差还原
2039,15-19,女,110598.0,0.1789,0.963,0.85,16196.1,高,乐观,Pop×LFPR×就业率×覆盖率；LFPR分性别由表230-28001合计+性别差还原
2039,20-24,男,163059.7,0.67,0.963,0.85,89426.6,高,乐观,Pop×LFPR×就业率×覆盖率；LFPR分性别由表230-28001合计+性别差还原
2039,20-24,女,155848.9,0.6086,0.963,0.85,77640.7,高,乐观,Pop×LFPR×就业率×覆盖率；LFPR分性别由表230-28001合计+性别差还原
2039,25-29,男,186745.4,0.955,0.963,0.85,145981.7,高,乐观,Pop×LFPR×就业率×覆盖率；LFPR分性别由表230-28001合计+性别差还原
2039,25-29,女,179251.8,0.8733,0.963,0.85,128140.4,高,乐观,Pop×LFPR×就业率×覆盖率；LFPR分性别由表230-28001合计+性别差还原
2039,30-34,男,186760.1,0.959,0.963,0.85,146604.7,高,乐观,Pop×LFPR×就业率×覆盖率；LFPR分性别由表230-28001合计+性别差还原
2039,30-34,女,183117.3,0.858,0.963,0.85,128607.0,高,乐观,Pop×LFPR×就业率×覆盖率；LFPR分性别由表230-28001合计+性别差还原
2039,35-39,男,199505.6,0.94,0.963,0.85,153507.0,高,乐观,Pop×LFPR×就业率×覆盖率；LFPR分性别由表230-28001合计+性别差还原
2039,35-39,女,197569.7,0.8194,0.963,0.85,132515.9,高,乐观,Pop×LFPR×就业率×覆盖率；LFPR分性别由表230-28001合计+性别差还原
2039,40-44,男,237916.8,0.922,0.963,0.85,179556.5,高,乐观,Pop×LFPR×就业率×覆盖率；LFPR分性别由表230-28001合计+性别差还原
2039,40-44,女,233527.6,0.7807,0.963,0.85,149230.9,高,乐观,Pop×LFPR×就业率×覆盖率；LFPR分性别由表230-28001合计+性别差还原
2039,45-49,男,263689.5,0.93,0.963,0.85,200734.0,高,乐观,Pop×LFPR×就业率×覆盖率；LFPR分性别由表230-28001合计+性别差还原
2039,45-49,女,268158.5,0.7515,0.963,0.85,164955.1,高,乐观,Pop×LFPR×就业率×覆盖率；LFPR分性别由表230-28001合计+性别差还原
2039,50-54,男,263818.7,0.927,0.963,0.85,200184.5,高,乐观,Pop×LFPR×就业率×覆盖率；LFPR分性别由表230-28001合计+性别差还原
2039,50-54,女,286189.1,0.7156,0.963,0.85,167636.1,高,乐观,Pop×LFPR×就业率×覆盖率；LFPR分性别由表230-28001合计+性别差还原
2039,55-59,男,255646.2,0.8495,0.963,0.85,177765.7,高,乐观,Pop×LFPR×就业率×覆盖率；LFPR分性别由表230-28001合计+性别差还原
2039,55-59,女,302154.5,0.6003,0.963,0.85,148466.3,高,乐观,Pop×LFPR×就业率×覆盖率；LFPR分性别由表230-28001合计+性别差还原
2039,60-64,男,250387.9,0.6815,0.963,0.85,139676.8,高,乐观,Pop×LFPR×就业率×覆盖率；LFPR分性别由表230-28001合计+性别差还原
2039,60-64,女,315074.3,0.3943,0.963,0.85,101704.2,高,乐观,Pop×LFPR×就业率×覆盖率；LFPR分性别由表230-28001合计+性别差还原
2039,15-19,混合,227261.6,0.2,0.963,0.85,37205.0,高,乐观,男+女合计
2039,20-24,混合,318908.6,0.64,0.963,0.85,167067.3,高,乐观,男+女合计
2039,25-29,混合,365997.2,0.915,0.963,0.85,274122.1,高,乐观,男+女合计
2039,30-34,混合,369877.4,0.909,0.963,0.85,275211.7,高,乐观,男+女合计
2039,35-39,混合,397075.3,0.88,0.963,0.85,286022.9,高,乐观,男+女合计
2039,40-44,混合,471444.4,0.852,0.963,0.85,328787.4,高,乐观,男+女合计
2039,45-49,混合,531848.0,0.84,0.963,0.85,365689.1,高,乐观,男+女合计
2039,50-54,混合,550007.8,0.817,0.963,0.85,367820.6,高,乐观,男+女合计
2039,55-59,混合,557800.7,0.7145,0.963,0.85,326232.0,高,乐观,男+女合计
2039,60-64,混合,565462.2,0.5215,0.963,0.85,241381.0,高,乐观,男+女合计
2040,15-19,男,108940.2,0.22,0.963,0.85,19618.1,高,乐观,Pop×LFPR×就业率×覆盖率；LFPR分性别由表230-28001合计+性别差还原
2040,15-19,女,103355.6,0.1789,0.963,0.85,15136.9,高,乐观,Pop×LFPR×就业率×覆盖率；LFPR分性别由表230-28001合计+性别差还原
2040,20-24,男,158785.1,0.67,0.963,0.85,87082.3,高,乐观,Pop×LFPR×就业率×覆盖率；LFPR分性别由表230-28001合计+性别差还原
2040,20-24,女,152090.8,0.6087,0.963,0.85,75776.9,高,乐观,Pop×LFPR×就业率×覆盖率；LFPR分性别由表230-28001合计+性别差还原
2040,25-29,男,188534.9,0.955,0.963,0.85,147380.6,高,乐观,Pop×LFPR×就业率×覆盖率；LFPR分性别由表230-28001合计+性别差还原
2040,25-29,女,181077.2,0.8734,0.963,0.85,129449.0,高,乐观,Pop×LFPR×就业率×覆盖率；LFPR分性别由表230-28001合计+性别差还原
2040,30-34,男,190142.0,0.959,0.963,0.85,149259.5,高,乐观,Pop×LFPR×就业率×覆盖率；LFPR分性别由表230-28001合计+性别差还原
2040,30-34,女,185127.4,0.8576,0.963,0.85,129964.2,高,乐观,Pop×LFPR×就业率×覆盖率；LFPR分性别由表230-28001合计+性别差还原
2040,35-39,男,195217.8,0.94,0.963,0.85,150207.8,高,乐观,Pop×LFPR×就业率×覆盖率；LFPR分性别由表230-28001合计+性别差还原
2040,35-39,女,195221.7,0.82,0.963,0.85,131035.1,高,乐观,Pop×LFPR×就业率×覆盖率；LFPR分性别由表230-28001合计+性别差还原
2040,40-44,男,232149.1,0.922,0.963,0.85,175203.6,高,乐观,Pop×LFPR×就业率×覆盖率；LFPR分性别由表230-28001合计+性别差还原
2040,40-44,女,226895.4,0.7804,0.963,0.85,144936.1,高,乐观,Pop×LFPR×就业率×覆盖率；LFPR分性别由表230-28001合计+性别差还原
2040,45-49,男,264380.6,0.93,0.963,0.85,201260.1,高,乐观,Pop×LFPR×就业率×覆盖率；LFPR分性别由表230-28001合计+性别差还原
2040,45-49,女,266612.2,0.7508,0.963,0.85,163841.0,高,乐观,Pop×LFPR×就业率×覆盖率；LFPR分性别由表230-28001合计+性别差还原
2040,50-54,男,265936.6,0.927,0.963,0.85,201791.6,高,乐观,Pop×LFPR×就业率×覆盖率；LFPR分性别由表230-28001合计+性别差还原
2040,50-54,女,283781.3,0.7139,0.963,0.85,165835.2,高,乐观,Pop×LFPR×就业率×覆盖率；LFPR分性别由表230-28001合计+性别差还原
2040,55-59,男,259111.9,0.849,0.963,0.85,180069.5,高,乐观,Pop×LFPR×就业率×覆盖率；LFPR分性别由表230-28001合计+性别差还原
2040,55-59,女,301638.0,0.598,0.963,0.85,147657.8,高,乐观,Pop×LFPR×就业率×覆盖率；LFPR分性别由表230-28001合计+性别差还原
2040,60-64,男,250031.9,0.681,0.963,0.85,139375.9,高,乐观,Pop×LFPR×就业率×覆盖率；LFPR分性别由表230-28001合计+性别差还原
2040,60-64,女,313156.4,0.3933,0.963,0.85,100803.9,高,乐观,Pop×LFPR×就业率×覆盖率；LFPR分性别由表230-28001合计+性别差还原
2040,15-19,混合,212295.8,0.2,0.963,0.85,34755.0,高,乐观,男+女合计
2040,20-24,混合,310875.9,0.64,0.963,0.85,162859.2,高,乐观,男+女合计
2040,25-29,混合,369612.1,0.915,0.963,0.85,276829.6,高,乐观,男+女合计
2040,30-34,混合,375269.4,0.909,0.963,0.85,279223.7,高,乐观,男+女合计
2040,35-39,混合,390439.5,0.88,0.963,0.85,281242.9,高,乐观,男+女合计
2040,40-44,混合,459044.5,0.852,0.963,0.85,320139.7,高,乐观,男+女合计
2040,45-49,混合,530992.8,0.84,0.963,0.85,365101.1,高,乐观,男+女合计
2040,50-54,混合,549717.9,0.817,0.963,0.85,367626.8,高,乐观,男+女合计
2040,55-59,混合,560749.9,0.714,0.963,0.85,327727.3,高,乐观,男+女合计
2040,60-64,混合,563188.3,0.521,0.963,0.85,240179.8,高,乐观,男+女合计
2041,15-19,男,101145.7,0.22,0.963,0.85,18214.4,高,乐观,Pop×LFPR×就业率×覆盖率；LFPR分性别由表230-28001合计+性别差还原
2041,15-19,女,96041.3,0.1789,0.963,0.85,14067.1,高,乐观,Pop×LFPR×就业率×覆盖率；LFPR分性别由表230-28001合计+性别差还原
2041,20-24,男,154306.0,0.67,0.963,0.85,84625.8,高,乐观,Pop×LFPR×就业率×覆盖率；LFPR分性别由表230-28001合计+性别差还原
2041,20-24,女,148110.5,0.6087,0.963,0.85,73801.7,高,乐观,Pop×LFPR×就业率×覆盖率；LFPR分性别由表230-28001合计+性别差还原
2041,25-29,男,189796.6,0.955,0.963,0.85,148366.9,高,乐观,Pop×LFPR×就业率×覆盖率；LFPR分性别由表230-28001合计+性别差还原
2041,25-29,女,182326.9,0.8734,0.963,0.85,130343.7,高,乐观,Pop×LFPR×就业率×覆盖率；LFPR分性别由表230-28001合计+性别差还原
2041,30-34,男,193406.5,0.959,0.963,0.85,151822.1,高,乐观,Pop×LFPR×就业率×覆盖率；LFPR分性别由表230-28001合计+性别差还原
2041,30-34,女,187010.7,0.8573,0.963,0.85,131231.9,高,乐观,Pop×LFPR×就业率×覆盖率；LFPR分性别由表230-28001合计+性别差还原
2041,35-39,男,190819.4,0.94,0.963,0.85,146823.5,高,乐观,Pop×LFPR×就业率×覆盖率；LFPR分性别由表230-28001合计+性别差还原
2041,35-39,女,192746.4,0.8206,0.963,0.85,129468.1,高,乐观,Pop×LFPR×就业率×覆盖率；LFPR分性别由表230-28001合计+性别差还原
2041,40-44,男,226281.3,0.922,0.963,0.85,170775.2,高,乐观,Pop×LFPR×就业率×覆盖率；LFPR分性别由表230-28001合计+性别差还原
2041,40-44,女,220142.9,0.78,0.963,0.85,140563.1,高,乐观,Pop×LFPR×就业率×覆盖率；LFPR分性别由表230-28001合计+性别差还原
2041,45-49,男,264979.2,0.93,0.963,0.85,201715.8,高,乐观,Pop×LFPR×就业率×覆盖率；LFPR分性别由表230-28001合计+性别差还原
2041,45-49,女,264965.0,0.75,0.963,0.85,162664.3,高,乐观,Pop×LFPR×就业率×覆盖率；LFPR分性别由表230-28001合计+性别差还原
2041,50-54,男,268047.9,0.927,0.963,0.85,203393.6,高,乐观,Pop×LFPR×就业率×覆盖率；LFPR分性别由表230-28001合计+性别差还原
2041,50-54,女,281353.4,0.7122,0.963,0.85,164021.4,高,乐观,Pop×LFPR×就业率×覆盖率；LFPR分性别由表230-28001合计+性别差还原
2041,55-59,男,262732.1,0.8485,0.963,0.85,182477.9,高,乐观,Pop×LFPR×就业率×覆盖率；LFPR分性别由表230-28001合计+性别差还原
2041,55-59,女,301295.2,0.5958,0.963,0.85,146934.1,高,乐观,Pop×LFPR×就业率×覆盖率；LFPR分性别由表230-28001合计+性别差还原
2041,60-64,男,249670.9,0.6805,0.963,0.85,139072.5,高,乐观,Pop×LFPR×就业率×覆盖率；LFPR分性别由表230-28001合计+性别差还原
2041,60-64,女,311208.4,0.3921,0.963,0.85,99893.1,高,乐观,Pop×LFPR×就业率×覆盖率；LFPR分性别由表230-28001合计+性别差还原
2041,15-19,混合,197187.0,0.2,0.963,0.85,32281.5,高,乐观,男+女合计
2041,20-24,混合,302416.5,0.64,0.963,0.85,158427.5,高,乐观,男+女合计
2041,25-29,混合,372123.5,0.915,0.963,0.85,278710.6,高,乐观,男+女合计
2041,30-34,混合,380417.2,0.909,0.963,0.85,283054.0,高,乐观,男+女合计
2041,35-39,混合,383565.8,0.88,0.963,0.85,276291.6,高,乐观,男+女合计
2041,40-44,混合,446424.2,0.852,0.963,0.85,311338.3,高,乐观,男+女合计
2041,45-49,混合,529944.2,0.84,0.963,0.85,364380.1,高,乐观,男+女合计
2041,50-54,混合,549401.3,0.817,0.963,0.85,367415.0,高,乐观,男+女合计
2041,55-59,混合,564027.3,0.7135,0.963,0.85,329412.0,高,乐观,男+女合计
2041,60-64,混合,560879.3,0.5205,0.963,0.85,238965.6,高,乐观,男+女合计
2042,15-19,男,101853.0,0.22,0.963,0.85,18341.8,高,乐观,Pop×LFPR×就业率×覆盖率；LFPR分性别由表230-28001合计+性别差还原
2042,15-19,女,97182.2,0.179,0.963,0.85,14242.3,高,乐观,Pop×LFPR×就业率×覆盖率；LFPR分性别由表230-28001合计+性别差还原
2042,20-24,男,146416.0,0.67,0.963,0.85,80298.7,高,乐观,Pop×LFPR×就业率×覆盖率；LFPR分性别由表230-28001合计+性别差还原
2042,20-24,女,140667.8,0.6088,0.963,0.85,70096.5,高,乐观,Pop×LFPR×就业率×覆盖率；LFPR分性别由表230-28001合计+性别差还原
2042,25-29,男,185543.7,0.955,0.963,0.85,145042.3,高,乐观,Pop×LFPR×就业率×覆盖率；LFPR分性别由表230-28001合计+性别差还原
2042,25-29,女,178590.4,0.8734,0.963,0.85,127684.4,高,乐观,Pop×LFPR×就业率×覆盖率；LFPR分性别由表230-28001合计+性别差还原
2042,30-34,男,196076.5,0.959,0.963,0.85,153918.0,高,乐观,Pop×LFPR×就业率×覆盖率；LFPR分性别由表230-28001合计+性别差还原
2042,30-34,女,189801.0,0.8573,0.963,0.85,133198.8,高,乐观,Pop×LFPR×就业率×覆盖率；LFPR分性别由表230-28001合计+性别差还原
2042,35-39,男,193951.2,0.94,0.963,0.85,149233.2,高,乐观,Pop×LFPR×就业率×覆盖率；LFPR分性别由表230-28001合计+性别差还原
2042,35-39,女,194487.6,0.8202,0.963,0.85,130568.6,高,乐观,Pop×LFPR×就业率×覆盖率；LFPR分性别由表230-28001合计+性别差还原
2042,40-44,男,221746.0,0.922,0.963,0.85,167352.4,高,乐观,Pop×LFPR×就业率×覆盖率；LFPR分性别由表230-28001合计+性别差还原
2042,40-44,女,217535.3,0.7806,0.963,0.85,139004.4,高,乐观,Pop×LFPR×就业率×覆盖率；LFPR分性别由表230-28001合计+性别差还原
2042,45-49,男,259090.0,0.93,0.963,0.85,197232.7,高,乐观,Pop×LFPR×就业率×覆盖率；LFPR分性别由表230-28001合计+性别差还原
2042,45-49,女,258209.4,0.7497,0.963,0.85,158453.1,高,乐观,Pop×LFPR×就业率×覆盖率；LFPR分性别由表230-28001合计+性别差还原
2042,50-54,男,268554.9,0.927,0.963,0.85,203778.3,高,乐观,Pop×LFPR×就业率×覆盖率；LFPR分性别由表230-28001合计+性别差还原
2042,50-54,女,279608.7,0.7113,0.963,0.85,162809.0,高,乐观,Pop×LFPR×就业率×覆盖率；LFPR分性别由表230-28001合计+性别差还原
2042,55-59,男,264504.3,0.848,0.963,0.85,183600.5,高,乐观,Pop×LFPR×就业率×覆盖率；LFPR分性别由表230-28001合计+性别差还原
2042,55-59,女,298582.1,0.5934,0.963,0.85,145031.5,高,乐观,Pop×LFPR×就业率×覆盖率；LFPR分性别由表230-28001合计+性别差还原
2042,60-64,男,252341.1,0.68,0.963,0.85,140456.6,高,乐观,Pop×LFPR×就业率×覆盖率；LFPR分性别由表230-28001合计+性别差还原
2042,60-64,女,309860.4,0.3897,0.963,0.85,98842.2,高,乐观,Pop×LFPR×就业率×覆盖率；LFPR分性别由表230-28001合计+性别差还原
2042,15-19,混合,199035.2,0.2,0.963,0.85,32584.1,高,乐观,男+女合计
2042,20-24,混合,287083.8,0.64,0.963,0.85,150395.2,高,乐观,男+女合计
2042,25-29,混合,364134.1,0.915,0.963,0.85,272726.7,高,乐观,男+女合计
2042,30-34,混合,385877.5,0.909,0.963,0.85,287116.8,高,乐观,男+女合计
2042,35-39,混合,388438.8,0.88,0.963,0.85,279801.8,高,乐观,男+女合计
2042,40-44,混合,439281.3,0.852,0.963,0.85,306356.8,高,乐观,男+女合计
2042,45-49,混合,517299.4,0.84,0.963,0.85,355685.8,高,乐观,男+女合计
2042,50-54,混合,548163.6,0.817,0.963,0.85,366587.3,高,乐观,男+女合计
2042,55-59,混合,563086.4,0.713,0.963,0.85,328632.0,高,乐观,男+女合计
2042,60-64,混合,562201.5,0.52,0.963,0.85,239298.8,高,乐观,男+女合计
2043,15-19,男,102257.1,0.22,0.963,0.85,18414.6,高,乐观,Pop×LFPR×就业率×覆盖率；LFPR分性别由表230-28001合计+性别差还原
2043,15-19,女,98010.8,0.1791,0.963,0.85,14371.3,高,乐观,Pop×LFPR×就业率×覆盖率；LFPR分性别由表230-28001合计+性别差还原
2043,20-24,男,138349.6,0.67,0.963,0.85,75874.9,高,乐观,Pop×LFPR×就业率×覆盖率；LFPR分性别由表230-28001合计+性别差还原
2043,20-24,女,133039.0,0.6088,0.963,0.85,66298.0,高,乐观,Pop×LFPR×就业率×覆盖率；LFPR分性别由表230-28001合计+性别差还原
2043,25-29,男,181086.9,0.955,0.963,0.85,141558.4,高,乐观,Pop×LFPR×就业率×覆盖率；LFPR分性别由表230-28001合计+性别差还原
2043,25-29,女,174631.8,0.8735,0.963,0.85,124865.4,高,乐观,Pop×LFPR×就业率×覆盖率；LFPR分性别由表230-28001合计+性别差还原
2043,30-34,男,198270.7,0.959,0.963,0.85,155640.4,高,乐观,Pop×LFPR×就业率×覆盖率；LFPR分性别由表230-28001合计+性别差还原
2043,30-34,女,192071.9,0.8574,0.963,0.85,134798.7,高,乐观,Pop×LFPR×就业率×覆盖率；LFPR分性别由表230-28001合计+性别差还原
2043,35-39,男,196965.7,0.94,0.963,0.85,151552.7,高,乐观,Pop×LFPR×就业率×覆盖率；LFPR分性别由表230-28001合计+性别差还原
2043,35-39,女,196102.1,0.8197,0.963,0.85,131583.5,高,乐观,Pop×LFPR×就业率×覆盖率；LFPR分性别由表230-28001合计+性别差还原
2043,40-44,男,217102.9,0.922,0.963,0.85,163848.2,高,乐观,Pop×LFPR×就业率×覆盖率；LFPR分性别由表230-28001合计+性别差还原
2043,40-44,女,214800.9,0.7812,0.963,0.85,137363.5,高,乐观,Pop×LFPR×就业率×覆盖率；LFPR分性别由表230-28001合计+性别差还原
2043,45-49,男,253106.7,0.93,0.963,0.85,192677.9,高,乐观,Pop×LFPR×就业率×覆盖率；LFPR分性别由表230-28001合计+性别差还原
2043,45-49,女,251337.8,0.7494,0.963,0.85,154169.1,高,乐观,Pop×LFPR×就业率×覆盖率；LFPR分性别由表230-28001合计+性别差还原
2043,50-54,男,269024.4,0.927,0.963,0.85,204134.6,高,乐观,Pop×LFPR×就业率×覆盖率；LFPR分性别由表230-28001合计+性别差还原
2043,50-54,女,277822.9,0.7105,0.963,0.85,161572.5,高,乐观,Pop×LFPR×就业率×覆盖率；LFPR分性别由表230-28001合计+性别差还原
2043,55-59,男,266271.2,0.8475,0.963,0.85,184718.0,高,乐观,Pop×LFPR×就业率×覆盖率；LFPR分性别由表230-28001合计+性别差还原
2043,55-59,女,295852.1,0.591,0.963,0.85,143121.8,高,乐观,Pop×LFPR×就业率×覆盖率；LFPR分性别由表230-28001合计+性别差还原
2043,60-64,男,255138.4,0.6795,0.963,0.85,141909.2,高,乐观,Pop×LFPR×就业率×覆盖率；LFPR分性别由表230-28001合计+性别差还原
2043,60-64,女,308661.9,0.3872,0.963,0.85,97839.4,高,乐观,Pop×LFPR×就业率×覆盖率；LFPR分性别由表230-28001合计+性别差还原
2043,15-19,混合,200267.9,0.2,0.963,0.85,32785.9,高,乐观,男+女合计
2043,20-24,混合,271388.6,0.64,0.963,0.85,142172.9,高,乐观,男+女合计
2043,25-29,混合,355718.7,0.915,0.963,0.85,266423.8,高,乐观,男+女合计
2043,30-34,混合,390342.6,0.909,0.963,0.85,290439.1,高,乐观,男+女合计
2043,35-39,混合,393067.8,0.88,0.963,0.85,283136.2,高,乐观,男+女合计
2043,40-44,混合,431903.8,0.852,0.963,0.85,301211.7,高,乐观,男+女合计
2043,45-49,混合,504444.5,0.84,0.963,0.85,346847.0,高,乐观,男+女合计
2043,50-54,混合,546847.3,0.817,0.963,0.85,365707.1,高,乐观,男+女合计
2043,55-59,混合,562123.3,0.7125,0.963,0.85,327839.8,高,乐观,男+女合计
2043,60-64,混合,563800.3,0.5195,0.963,0.85,239748.6,高,乐观,男+女合计
2044,15-19,男,102356.0,0.22,0.963,0.85,18432.4,高,乐观,Pop×LFPR×就业率×覆盖率；LFPR分性别由表230-28001合计+性别差还原
2044,15-19,女,98524.6,0.1792,0.963,0.85,14453.8,高,乐观,Pop×LFPR×就业率×覆盖率；LFPR分性别由表230-28001合计+性别差还原
2044,20-24,男,130142.2,0.67,0.963,0.85,71373.7,高,乐观,Pop×LFPR×就业率×覆盖率；LFPR分性别由表230-28001合计+性别差还原
2044,20-24,女,125262.3,0.6088,0.963,0.85,62425.6,高,乐观,Pop×LFPR×就业率×覆盖率；LFPR分性别由表230-28001合计+性别差还原
2044,25-29,男,176426.1,0.955,0.963,0.85,137915.0,高,乐观,Pop×LFPR×就业率×覆盖率；LFPR分性别由表230-28001合计+性别差还原
2044,25-29,女,170451.0,0.8736,0.963,0.85,121886.7,高,乐观,Pop×LFPR×就业率×覆盖率；LFPR分性别由表230-28001合计+性别差还原
2044,30-34,男,199972.0,0.959,0.963,0.85,156975.9,高,乐观,Pop×LFPR×就业率×覆盖率；LFPR分性别由表230-28001合计+性别差还原
2044,30-34,女,193804.8,0.8574,0.963,0.85,136018.4,高,乐观,Pop×LFPR×就业率×覆盖率；LFPR分性别由表230-28001合计+性别差还原
2044,35-39,男,199863.1,0.94,0.963,0.85,153782.1,高,乐观,Pop×LFPR×就业率×覆盖率；LFPR分性别由表230-28001合计+性别差还原
2044,35-39,女,197590.1,0.8193,0.963,0.85,132513.0,高,乐观,Pop×LFPR×就业率×覆盖率；LFPR分性别由表230-28001合计+性别差还原
2044,40-44,男,212352.0,0.922,0.963,0.85,160262.7,高,乐观,Pop×LFPR×就业率×覆盖率；LFPR分性别由表230-28001合计+性别差还原
2044,40-44,女,211939.6,0.7819,0.963,0.85,135640.2,高,乐观,Pop×LFPR×就业率×覆盖率；LFPR分性别由表230-28001合计+性别差还原
2044,45-49,男,247029.1,0.93,0.963,0.85,188051.3,高,乐观,Pop×LFPR×就业率×覆盖率；LFPR分性别由表230-28001合计+性别差还原
2044,45-49,女,244350.0,0.749,0.963,0.85,149812.2,高,乐观,Pop×LFPR×就业率×覆盖率；LFPR分性别由表230-28001合计+性别差还原
2044,50-54,男,269439.2,0.927,0.963,0.85,204449.3,高,乐观,Pop×LFPR×就业率×覆盖率；LFPR分性别由表230-28001合计+性别差还原
2044,50-54,女,275976.6,0.7096,0.963,0.85,160300.4,高,乐观,Pop×LFPR×就业率×覆盖率；LFPR分性别由表230-28001合计+性别差还原
2044,55-59,男,268032.7,0.847,0.963,0.85,185830.2,高,乐观,Pop×LFPR×就业率×覆盖率；LFPR分性别由表230-28001合计+性别差还原
2044,55-59,女,293105.1,0.5885,0.963,0.85,141205.1,高,乐观,Pop×LFPR×就业率×覆盖率；LFPR分性别由表230-28001合计+性别差还原
2044,60-64,男,258070.3,0.679,0.963,0.85,143434.3,高,乐观,Pop×LFPR×就业率×覆盖率；LFPR分性别由表230-28001合计+性别差还原
2044,60-64,女,307621.1,0.3848,0.963,0.85,96886.9,高,乐观,Pop×LFPR×就业率×覆盖率；LFPR分性别由表230-28001合计+性别差还原
2044,15-19,混合,200880.6,0.2,0.963,0.85,32886.2,高,乐观,男+女合计
2044,20-24,混合,255404.5,0.64,0.963,0.85,133799.3,高,乐观,男+女合计
2044,25-29,混合,346877.1,0.915,0.963,0.85,259801.7,高,乐观,男+女合计
2044,30-34,混合,393776.8,0.909,0.963,0.85,292994.3,高,乐观,男+女合计
2044,35-39,混合,397453.2,0.88,0.963,0.85,286295.1,高,乐观,男+女合计
2044,40-44,混合,424291.6,0.852,0.963,0.85,295902.9,高,乐观,男+女合计
2044,45-49,混合,491379.1,0.84,0.963,0.85,337863.5,高,乐观,男+女合计
2044,50-54,混合,545415.8,0.817,0.963,0.85,364749.7,高,乐观,男+女合计
2044,55-59,混合,561137.8,0.712,0.963,0.85,327035.3,高,乐观,男+女合计
2044,60-64,混合,565691.4,0.519,0.963,0.85,240321.2,高,乐观,男+女合计
2045,15-19,男,102147.9,0.22,0.963,0.85,18394.9,高,乐观,Pop×LFPR×就业率×覆盖率；LFPR分性别由表230-28001合计+性别差还原
2045,15-19,女,98720.9,0.1793,0.963,0.85,14489.3,高,乐观,Pop×LFPR×就业率×覆盖率；LFPR分性别由表230-28001合计+性别差还原
2045,20-24,男,121828.9,0.67,0.963,0.85,66814.4,高,乐观,Pop×LFPR×就业率×覆盖率；LFPR分性别由表230-28001合计+性别差还原
2045,20-24,女,117376.0,0.6089,0.963,0.85,58498.3,高,乐观,Pop×LFPR×就业率×覆盖率；LFPR分性别由表230-28001合计+性别差还原
2045,25-29,男,171561.3,0.955,0.963,0.85,134112.1,高,乐观,Pop×LFPR×就业率×覆盖率；LFPR分性别由表230-28001合计+性别差还原
2045,25-29,女,166048.1,0.8737,0.963,0.85,118748.3,高,乐观,Pop×LFPR×就业率×覆盖率；LFPR分性别由表230-28001合计+性别差还原
2045,30-34,男,201163.4,0.959,0.963,0.85,157911.1,高,乐观,Pop×LFPR×就业率×覆盖率；LFPR分性别由表230-28001合计+性别差还原
2045,30-34,女,194981.2,0.8574,0.963,0.85,136845.0,高,乐观,Pop×LFPR×就业率×覆盖率；LFPR分性别由表230-28001合计+性别差还原
2045,35-39,男,202643.5,0.94,0.963,0.85,155921.4,高,乐观,Pop×LFPR×就业率×覆盖率；LFPR分性别由表230-28001合计+性别差还原
2045,35-39,女,198951.6,0.8189,0.963,0.85,133357.2,高,乐观,Pop×LFPR×就业率×覆盖率；LFPR分性别由表230-28001合计+性别差还原
2045,40-44,男,207493.1,0.922,0.963,0.85,156595.7,高,乐观,Pop×LFPR×就业率×覆盖率；LFPR分性别由表230-28001合计+性别差还原
2045,40-44,女,208951.5,0.7825,0.963,0.85,133834.7,高,乐观,Pop×LFPR×就业率×覆盖率；LFPR分性别由表230-28001合计+性别差还原
2045,45-49,男,240856.8,0.93,0.963,0.85,183352.6,高,乐观,Pop×LFPR×就业率×覆盖率；LFPR分性别由表230-28001合计+性别差还原
2045,45-49,女,237245.8,0.7486,0.963,0.85,145382.1,高,乐观,Pop×LFPR×就业率×覆盖率；LFPR分性别由表230-28001合计+性别差还原
2045,50-54,男,269781.8,0.927,0.963,0.85,204709.3,高,乐观,Pop×LFPR×就业率×覆盖率；LFPR分性别由表230-28001合计+性别差还原
2045,50-54,女,274051.0,0.7087,0.963,0.85,158981.8,高,乐观,Pop×LFPR×就业率×覆盖率；LFPR分性别由表230-28001合计+性别差还原
2045,55-59,男,269788.9,0.8465,0.963,0.85,186937.4,高,乐观,Pop×LFPR×就业率×覆盖率；LFPR分性别由表230-28001合计+性别差还原
2045,55-59,女,290341.0,0.5861,0.963,0.85,139281.3,高,乐观,Pop×LFPR×就业率×覆盖率；LFPR分性别由表230-28001合计+性别差还原
2045,60-64,男,261144.1,0.6785,0.963,0.85,145035.8,高,乐观,Pop×LFPR×就业率×覆盖率；LFPR分性别由表230-28001合计+性别差还原
2045,60-64,女,306746.4,0.3823,0.963,0.85,95987.2,高,乐观,Pop×LFPR×就业率×覆盖率；LFPR分性别由表230-28001合计+性别差还原
2045,15-19,混合,200868.8,0.2,0.963,0.85,32884.2,高,乐观,男+女合计
2045,20-24,混合,239204.9,0.64,0.963,0.85,125312.7,高,乐观,男+女合计
2045,25-29,混合,337609.4,0.915,0.963,0.85,252860.4,高,乐观,男+女合计
2045,30-34,混合,396144.6,0.909,0.963,0.85,294756.1,高,乐观,男+女合计
2045,35-39,混合,401595.1,0.88,0.963,0.85,289278.6,高,乐观,男+女合计
2045,40-44,混合,416444.6,0.852,0.963,0.85,290430.4,高,乐观,男+女合计
2045,45-49,混合,478102.6,0.84,0.963,0.85,328734.7,高,乐观,男+女合计
2045,50-54,混合,543832.8,0.817,0.963,0.85,363691.1,高,乐观,男+女合计
2045,55-59,混合,560129.9,0.7115,0.963,0.85,326218.7,高,乐观,男+女合计
2045,60-64,混合,567890.5,0.5185,0.963,0.85,241023.0,高,乐观,男+女合计
2046,15-19,男,101631.5,0.22,0.963,0.85,18301.9,高,乐观,Pop×LFPR×就业率×覆盖率；LFPR分性别由表230-28001合计+性别差还原
2046,15-19,女,98597.7,0.1794,0.963,0.85,14477.6,高,乐观,Pop×LFPR×就业率×覆盖率；LFPR分性别由表230-28001合计+性别差还原
2046,20-24,男,113445.0,0.67,0.963,0.85,62216.5,高,乐观,Pop×LFPR×就业率×覆盖率；LFPR分性别由表230-28001合计+性别差还原
2046,20-24,女,109418.3,0.6089,0.963,0.85,54535.4,高,乐观,Pop×LFPR×就业率×覆盖率；LFPR分性别由表230-28001合计+性别差还原
2046,25-29,男,166492.5,0.955,0.963,0.85,130149.7,高,乐观,Pop×LFPR×就业率×覆盖率；LFPR分性别由表230-28001合计+性别差还原
2046,25-29,女,161423.1,0.8737,0.963,0.85,115450.3,高,乐观,Pop×LFPR×就业率×覆盖率；LFPR分性别由表230-28001合计+性别差还原
2046,30-34,男,201828.0,0.959,0.963,0.85,158432.9,高,乐观,Pop×LFPR×就业率×覆盖率；LFPR分性别由表230-28001合计+性别差还原
2046,30-34,女,195582.6,0.8574,0.963,0.85,137265.3,高,乐观,Pop×LFPR×就业率×覆盖率；LFPR分性别由表230-28001合计+性别差还原
2046,35-39,男,205306.8,0.94,0.963,0.85,157970.6,高,乐观,Pop×LFPR×就业率×覆盖率；LFPR分性别由表230-28001合计+性别差还原
2046,35-39,女,200186.5,0.8185,0.963,0.85,134115.9,高,乐观,Pop×LFPR×就业率×覆盖率；LFPR分性别由表230-28001合计+性别差还原
2046,40-44,男,202526.1,0.922,0.963,0.85,152847.1,高,乐观,Pop×LFPR×就业率×覆盖率；LFPR分性别由表230-28001合计+性别差还原
2046,40-44,女,205836.6,0.7831,0.963,0.85,131946.9,高,乐观,Pop×LFPR×就业率×覆盖率；LFPR分性别由表230-28001合计+性别差还原
2046,45-49,男,234589.6,0.93,0.963,0.85,178581.7,高,乐观,Pop×LFPR×就业率×覆盖率；LFPR分性别由表230-28001合计+性别差还原
2046,45-49,女,230025.2,0.7482,0.963,0.85,140879.1,高,乐观,Pop×LFPR×就业率×覆盖率；LFPR分性别由表230-28001合计+性别差还原
2046,50-54,男,270034.8,0.927,0.963,0.85,204901.3,高,乐观,Pop×LFPR×就业率×覆盖率；LFPR分性别由表230-28001合计+性别差还原
2046,50-54,女,272026.9,0.7078,0.963,0.85,157605.4,高,乐观,Pop×LFPR×就业率×覆盖率；LFPR分性别由表230-28001合计+性别差还原
2046,55-59,男,271539.7,0.846,0.963,0.85,188039.4,高,乐观,Pop×LFPR×就业率×覆盖率；LFPR分性别由表230-28001合计+性别差还原
2046,55-59,女,287559.6,0.5835,0.963,0.85,137350.2,高,乐观,Pop×LFPR×就业率×覆盖率；LFPR分性别由表230-28001合计+性别差还原
2046,60-64,男,264367.2,0.678,0.963,0.85,146717.7,高,乐观,Pop×LFPR×就业率×覆盖率；LFPR分性别由表230-28001合计+性别差还原
2046,60-64,女,306046.0,0.3798,0.963,0.85,95142.6,高,乐观,Pop×LFPR×就业率×覆盖率；LFPR分性别由表230-28001合计+性别差还原
2046,15-19,混合,200229.2,0.2,0.963,0.85,32779.5,高,乐观,男+女合计
2046,20-24,混合,222863.3,0.64,0.963,0.85,116751.9,高,乐观,男+女合计
2046,25-29,混合,327915.6,0.915,0.963,0.85,245600.0,高,乐观,男+女合计
2046,30-34,混合,397410.6,0.909,0.963,0.85,295698.2,高,乐观,男+女合计
2046,35-39,混合,405493.3,0.88,0.963,0.85,292086.5,高,乐观,男+女合计
2046,40-44,混合,408362.7,0.852,0.963,0.85,284794.0,高,乐观,男+女合计
2046,45-49,混合,464614.8,0.84,0.963,0.85,319460.8,高,乐观,男+女合计
2046,50-54,混合,542061.7,0.817,0.963,0.85,362506.7,高,乐观,男+女合计
2046,55-59,混合,559099.3,0.711,0.963,0.85,325389.6,高,乐观,男+女合计
2046,60-64,混合,570413.2,0.518,0.963,0.85,241860.3,高,乐观,男+女合计
2047,15-19,男,100461.2,0.22,0.963,0.85,18091.2,高,乐观,Pop×LFPR×就业率×覆盖率；LFPR分性别由表230-28001合计+性别差还原
2047,15-19,女,97436.4,0.1794,0.963,0.85,14306.7,高,乐观,Pop×LFPR×就业率×覆盖率；LFPR分性别由表230-28001合计+性别差还原
2047,20-24,男,113553.5,0.67,0.963,0.85,62276.0,高,乐观,Pop×LFPR×就业率×覆盖率；LFPR分性别由表230-28001合计+性别差还原
2047,20-24,女,109909.8,0.609,0.963,0.85,54790.2,高,乐观,Pop×LFPR×就业率×覆盖率；LFPR分性别由表230-28001合计+性别差还原
2047,25-29,男,158014.9,0.955,0.963,0.85,123522.7,高,乐观,Pop×LFPR×就业率×覆盖率；LFPR分性别由表230-28001合计+性别差还原
2047,25-29,女,153338.2,0.8738,0.963,0.85,109672.5,高,乐观,Pop×LFPR×就业率×覆盖率；LFPR分性别由表230-28001合计+性别差还原
2047,30-34,男,196987.0,0.959,0.963,0.85,154632.7,高,乐观,Pop×LFPR×就业率×覆盖率；LFPR分性别由表230-28001合计+性别差还原
2047,30-34,女,191201.7,0.8575,0.963,0.85,134203.7,高,乐观,Pop×LFPR×就业率×覆盖率；LFPR分性别由表230-28001合计+性别差还原
2047,35-39,男,207377.4,0.94,0.963,0.85,159563.8,高,乐观,Pop×LFPR×就业率×覆盖率；LFPR分性别由表230-28001合计+性别差还原
2047,35-39,女,202327.1,0.8185,0.963,0.85,135556.1,高,乐观,Pop×LFPR×就业率×覆盖率；LFPR分性别由表230-28001合计+性别差还原
2047,40-44,男,205057.2,0.922,0.963,0.85,154757.3,高,乐观,Pop×LFPR×就业率×覆盖率；LFPR分性别由表230-28001合计+性别差还原
2047,40-44,女,206929.7,0.7826,0.963,0.85,132564.3,高,乐观,Pop×LFPR×就业率×覆盖率；LFPR分性别由表230-28001合计+性别差还原
2047,45-49,男,229625.1,0.93,0.963,0.85,174802.5,高,乐观,Pop×LFPR×就业率×覆盖率；LFPR分性别由表230-28001合计+性别差还原
2047,45-49,女,226924.9,0.7489,0.963,0.85,139113.1,高,乐观,Pop×LFPR×就业率×覆盖率；LFPR分性别由表230-28001合计+性别差还原
2047,50-54,男,263842.3,0.927,0.963,0.85,200202.4,高,乐观,Pop×LFPR×就业率×覆盖率；LFPR分性别由表230-28001合计+性别差还原
2047,50-54,女,264905.2,0.7074,0.963,0.85,153400.3,高,乐观,Pop×LFPR×就业率×覆盖率；LFPR分性别由表230-28001合计+性别差还原
2047,55-59,男,271703.7,0.8455,0.963,0.85,188041.8,高,乐观,Pop×LFPR×就业率×覆盖率；LFPR分性别由表230-28001合计+性别差还原
2047,55-59,女,285442.4,0.582,0.963,0.85,135983.1,高,乐观,Pop×LFPR×就业率×覆盖率；LFPR分性别由表230-28001合计+性别差还原
2047,60-64,男,265787.3,0.6775,0.963,0.85,147397.0,高,乐观,Pop×LFPR×就业率×覆盖率；LFPR分性别由表230-28001合计+性别差还原
2047,60-64,女,302982.5,0.3771,0.963,0.85,93533.6,高,乐观,Pop×LFPR×就业率×覆盖率；LFPR分性别由表230-28001合计+性别差还原
2047,15-19,混合,197897.6,0.2,0.963,0.85,32397.9,高,乐观,男+女合计
2047,20-24,混合,223463.3,0.64,0.963,0.85,117066.2,高,乐观,男+女合计
2047,25-29,混合,311353.1,0.915,0.963,0.85,233195.2,高,乐观,男+女合计
2047,30-34,混合,388188.7,0.909,0.963,0.85,288836.4,高,乐观,男+女合计
2047,35-39,混合,409704.5,0.88,0.963,0.85,295119.9,高,乐观,男+女合计
2047,40-44,混合,411986.9,0.852,0.963,0.85,287321.6,高,乐观,男+女合计
2047,45-49,混合,456550.0,0.84,0.963,0.85,313915.6,高,乐观,男+女合计
2047,50-54,混合,528747.5,0.817,0.963,0.85,353602.7,高,乐观,男+女合计
2047,55-59,混合,557146.1,0.7105,0.963,0.85,324024.9,高,乐观,男+女合计
2047,60-64,混合,568769.8,0.5175,0.963,0.85,240930.6,高,乐观,男+女合计
2048,15-19,男,99457.5,0.22,0.963,0.85,17910.4,高,乐观,Pop×LFPR×就业率×覆盖率；LFPR分性别由表230-28001合计+性别差还原
2048,15-19,女,96434.3,0.1794,0.963,0.85,14159.0,高,乐观,Pop×LFPR×就业率×覆盖率；LFPR分性别由表230-28001合计+性别差还原
2048,20-24,男,113431.9,0.67,0.963,0.85,62209.3,高,乐观,Pop×LFPR×就业率×覆盖率；LFPR分性别由表230-28001合计+性别差还原
2048,20-24,女,110168.2,0.6091,0.963,0.85,54928.5,高,乐观,Pop×LFPR×就业率×覆盖率；LFPR分性别由表230-28001合计+性别差还原
2048,25-29,男,149434.4,0.955,0.963,0.85,116815.1,高,乐观,Pop×LFPR×就业率×覆盖率；LFPR分性别由表230-28001合计+性别差还原
2048,25-29,女,145146.1,0.8738,0.963,0.85,103817.8,高,乐观,Pop×LFPR×就业率×覆盖率；LFPR分性别由表230-28001合计+性别差还原
2048,30-34,男,192015.6,0.959,0.963,0.85,150730.2,高,乐观,Pop×LFPR×就业率×覆盖率；LFPR分性别由表230-28001合计+性别差还原
2048,30-34,女,186678.0,0.8576,0.963,0.85,131041.3,高,乐观,Pop×LFPR×就业率×覆盖率；LFPR分性别由表230-28001合计+性别差还原
2048,35-39,男,209046.1,0.94,0.963,0.85,160847.8,高,乐观,Pop×LFPR×就业率×覆盖率；LFPR分性别由表230-28001合计+性别差还原
2048,35-39,女,204027.8,0.8185,0.963,0.85,136699.2,高,乐观,Pop×LFPR×就业率×覆盖率；LFPR分性别由表230-28001合计+性别差还原
2048,40-44,男,207544.3,0.922,0.963,0.85,156634.3,高,乐观,Pop×LFPR×就业率×覆盖率；LFPR分性别由表230-28001合计+性别差还原
2048,40-44,女,207975.4,0.7821,0.963,0.85,133151.0,高,乐观,Pop×LFPR×就业率×覆盖率；LFPR分性别由表230-28001合计+性别差还原
2048,45-49,男,224602.8,0.93,0.963,0.85,170979.2,高,乐观,Pop×LFPR×就业率×覆盖率；LFPR分性别由表230-28001合计+性别差还原
2048,45-49,女,223749.4,0.7497,0.963,0.85,137299.7,高,乐观,Pop×LFPR×就业率×覆盖率；LFPR分性别由表230-28001合计+性别差还原
2048,50-54,男,257609.5,0.927,0.963,0.85,195473.0,高,乐观,Pop×LFPR×就业率×覆盖率；LFPR分性别由表230-28001合计+性别差还原
2048,50-54,女,257721.2,0.707,0.963,0.85,149157.1,高,乐观,Pop×LFPR×就业率×覆盖率；LFPR分性别由表230-28001合计+性别差还原
2048,55-59,男,271879.0,0.845,0.963,0.85,188051.8,高,乐观,Pop×LFPR×就业率×覆盖率；LFPR分性别由表230-28001合计+性别差还原
2048,55-59,女,283336.0,0.5805,0.963,0.85,134622.7,高,乐观,Pop×LFPR×就业率×覆盖率；LFPR分性别由表230-28001合计+性别差还原
2048,60-64,男,267249.0,0.677,0.963,0.85,148098.3,高,乐观,Pop×LFPR×就业率×覆盖率；LFPR分性别由表230-28001合计+性别差还原
2048,60-64,女,299957.3,0.3744,0.963,0.85,91938.0,高,乐观,Pop×LFPR×就业率×覆盖率；LFPR分性别由表230-28001合计+性别差还原
2048,15-19,混合,195891.8,0.2,0.963,0.85,32069.4,高,乐观,男+女合计
2048,20-24,混合,223600.1,0.64,0.963,0.85,117137.8,高,乐观,男+女合计
2048,25-29,混合,294580.5,0.915,0.963,0.85,220632.9,高,乐观,男+女合计
2048,30-34,混合,378693.6,0.909,0.963,0.85,281771.5,高,乐观,男+女合计
2048,35-39,混合,413073.9,0.88,0.963,0.85,297547.0,高,乐观,男+女合计
2048,40-44,混合,415519.7,0.852,0.963,0.85,289785.3,高,乐观,男+女合计
2048,45-49,混合,448352.2,0.84,0.963,0.85,308278.9,高,乐观,男+女合计
2048,50-54,混合,515330.7,0.817,0.963,0.85,344630.1,高,乐观,男+女合计
2048,55-59,混合,555215.0,0.71,0.963,0.85,322674.5,高,乐观,男+女合计
2048,60-64,混合,567206.3,0.517,0.963,0.85,240036.3,高,乐观,男+女合计
2049,15-19,男,98612.8,0.22,0.963,0.85,17758.3,高,乐观,Pop×LFPR×就业率×覆盖率；LFPR分性别由表230-28001合计+性别差还原
2049,15-19,女,95582.8,0.1794,0.963,0.85,14033.5,高,乐观,Pop×LFPR×就业率×覆盖率；LFPR分性别由表230-28001合计+性别差还原
2049,20-24,男,113078.1,0.67,0.963,0.85,62015.3,高,乐观,Pop×LFPR×就业率×覆盖率；LFPR分性别由表230-28001合计+性别差还原
2049,20-24,女,110190.6,0.6092,0.963,0.85,54949.0,高,乐观,Pop×LFPR×就业率×覆盖率；LFPR分性别由表230-28001合计+性别差还原
2049,25-29,男,140786.1,0.955,0.963,0.85,110054.6,高,乐观,Pop×LFPR×就业率×覆盖率；LFPR分性别由表230-28001合计+性别差还原
2049,25-29,女,136885.0,0.8739,0.963,0.85,97913.6,高,乐观,Pop×LFPR×就业率×覆盖率；LFPR分性别由表230-28001合计+性别差还原
2049,30-34,男,186914.0,0.959,0.963,0.85,146725.5,高,乐观,Pop×LFPR×就业率×覆盖率；LFPR分性别由表230-28001合计+性别差还原
2049,30-34,女,182011.5,0.8577,0.963,0.85,127777.9,高,乐观,Pop×LFPR×就业率×覆盖率；LFPR分性别由表230-28001合计+性别差还原
2049,35-39,男,210296.0,0.94,0.963,0.85,161809.5,高,乐观,Pop×LFPR×就业率×覆盖率；LFPR分性别由表230-28001合计+性别差还原
2049,35-39,女,205270.0,0.8185,0.963,0.85,137532.6,高,乐观,Pop×LFPR×就业率×覆盖率；LFPR分性别由表230-28001合计+性别差还原
2049,40-44,男,209987.4,0.922,0.963,0.85,158478.1,高,乐观,Pop×LFPR×就业率×覆盖率；LFPR分性别由表230-28001合计+性别差还原
2049,40-44,女,208973.7,0.7817,0.963,0.85,133707.3,高,乐观,Pop×LFPR×就业率×覆盖率；LFPR分性别由表230-28001合计+性别差还原
2049,45-49,男,219528.0,0.93,0.963,0.85,167116.0,高,乐观,Pop×LFPR×就业率×覆盖率；LFPR分性别由表230-28001合计+性别差还原
2049,45-49,女,220504.6,0.7504,0.963,0.85,135442.5,高,乐观,Pop×LFPR×就业率×覆盖率；LFPR分性别由表230-28001合计+性别差还原
2049,50-54,男,251335.7,0.927,0.963,0.85,190712.5,高,乐观,Pop×LFPR×就业率×覆盖率；LFPR分性别由表230-28001合计+性别差还原
2049,50-54,女,250474.4,0.7066,0.963,0.85,144875.7,高,乐观,Pop×LFPR×就业率×覆盖率；LFPR分性别由表230-28001合计+性别差还原
2049,55-59,男,272048.2,0.8445,0.963,0.85,188057.5,高,乐观,Pop×LFPR×就业率×覆盖率；LFPR分性别由表230-28001合计+性别差还原
2049,55-59,女,281221.3,0.5789,0.963,0.85,133259.9,高,乐观,Pop×LFPR×就业率×覆盖率；LFPR分性别由表230-28001合计+性别差还原
2049,60-64,男,268751.9,0.6765,0.963,0.85,148821.1,高,乐观,Pop×LFPR×就业率×覆盖率；LFPR分性别由表230-28001合计+性别差还原
2049,60-64,女,296969.9,0.3717,0.963,0.85,90355.4,高,乐观,Pop×LFPR×就业率×覆盖率；LFPR分性别由表230-28001合计+性别差还原
2049,15-19,混合,194195.6,0.2,0.963,0.85,31791.8,高,乐观,男+女合计
2049,20-24,混合,223268.7,0.64,0.963,0.85,116964.3,高,乐观,男+女合计
2049,25-29,混合,277671.1,0.915,0.963,0.85,207968.2,高,乐观,男+女合计
2049,30-34,混合,368925.5,0.909,0.963,0.85,274503.4,高,乐观,男+女合计
2049,35-39,混合,415566.0,0.88,0.963,0.85,299342.1,高,乐观,男+女合计
2049,40-44,混合,418961.1,0.852,0.963,0.85,292185.4,高,乐观,男+女合计
2049,45-49,混合,440032.6,0.84,0.963,0.85,302558.5,高,乐观,男+女合计
2049,50-54,混合,501810.1,0.817,0.963,0.85,335588.2,高,乐观,男+女合计
2049,55-59,混合,553269.5,0.7095,0.963,0.85,321317.4,高,乐观,男+女合计
2049,60-64,混合,565721.8,0.5165,0.963,0.85,239176.5,高,乐观,男+女合计
2050,15-19,男,97919.2,0.22,0.963,0.85,17633.4,高,乐观,Pop×LFPR×就业率×覆盖率；LFPR分性别由表230-28001合计+性别差还原
2050,15-19,女,94873.1,0.1794,0.963,0.85,13928.6,高,乐观,Pop×LFPR×就业率×覆盖率；LFPR分性别由表230-28001合计+性别差还原
2050,20-24,男,112490.3,0.67,0.963,0.85,61692.9,高,乐观,Pop×LFPR×就业率×覆盖率；LFPR分性别由表230-28001合计+性别差还原
2050,20-24,女,109974.6,0.6093,0.963,0.85,54850.2,高,乐观,Pop×LFPR×就业率×覆盖率；LFPR分性别由表230-28001合计+性别差还原
2050,25-29,男,132105.2,0.955,0.963,0.85,103268.6,高,乐观,Pop×LFPR×就业率×覆盖率；LFPR分性别由表230-28001合计+性别差还原
2050,25-29,女,128593.0,0.8739,0.963,0.85,91987.3,高,乐观,Pop×LFPR×就业率×覆盖率；LFPR分性别由表230-28001合计+性别差还原
2050,30-34,男,181681.9,0.959,0.963,0.85,142618.4,高,乐观,Pop×LFPR×就业率×覆盖率；LFPR分性别由表230-28001合计+性别差还原
2050,30-34,女,177202.1,0.8577,0.963,0.85,124413.6,高,乐观,Pop×LFPR×就业率×覆盖率；LFPR分性别由表230-28001合计+性别差还原
2050,35-39,男,211109.9,0.94,0.963,0.85,162435.8,高,乐观,Pop×LFPR×就业率×覆盖率；LFPR分性别由表230-28001合计+性别差还原
2050,35-39,女,206035.4,0.8185,0.963,0.85,138044.0,高,乐观,Pop×LFPR×就业率×覆盖率；LFPR分性别由表230-28001合计+性别差还原
2050,40-44,男,212386.4,0.922,0.963,0.85,160288.7,高,乐观,Pop×LFPR×就业率×覆盖率；LFPR分性别由表230-28001合计+性别差还原
2050,40-44,女,209924.6,0.7812,0.963,0.85,134233.0,高,乐观,Pop×LFPR×就业率×覆盖率；LFPR分性别由表230-28001合计+性别差还原
2050,45-49,男,214405.9,0.93,0.963,0.85,163216.8,高,乐观,Pop×LFPR×就业率×覆盖率；LFPR分性别由表230-28001合计+性别差还原
2050,45-49,女,217196.2,0.7512,0.963,0.85,133545.0,高,乐观,Pop×LFPR×就业率×覆盖率；LFPR分性别由表230-28001合计+性别差还原
2050,50-54,男,245020.3,0.927,0.963,0.85,185920.4,高,乐观,Pop×LFPR×就业率×覆盖率；LFPR分性别由表230-28001合计+性别差还原
2050,50-54,女,243164.6,0.7062,0.963,0.85,140555.9,高,乐观,Pop×LFPR×就业率×覆盖率；LFPR分性别由表230-28001合计+性别差还原
2050,55-59,男,272193.8,0.844,0.963,0.85,188046.8,高,乐观,Pop×LFPR×就业率×覆盖率；LFPR分性别由表230-28001合计+性别差还原
2050,55-59,女,279079.3,0.5773,0.963,0.85,131885.6,高,乐观,Pop×LFPR×就业率×覆盖率；LFPR分性别由表230-28001合计+性别差还原
2050,60-64,男,270295.8,0.676,0.963,0.85,149565.4,高,乐观,Pop×LFPR×就业率×覆盖率；LFPR分性别由表230-28001合计+性别差还原
2050,60-64,女,294020.0,0.3689,0.963,0.85,88785.7,高,乐观,Pop×LFPR×就业率×覆盖率；LFPR分性别由表230-28001合计+性别差还原
2050,15-19,混合,192792.3,0.2,0.963,0.85,31562.0,高,乐观,男+女合计
2050,20-24,混合,222464.9,0.64,0.963,0.85,116543.1,高,乐观,男+女合计
2050,25-29,混合,260698.2,0.915,0.963,0.85,195255.9,高,乐观,男+女合计
2050,30-34,混合,358884.0,0.909,0.963,0.85,267032.0,高,乐观,男+女合计
2050,35-39,混合,417145.3,0.88,0.963,0.85,300479.8,高,乐观,男+女合计
2050,40-44,混合,422311.0,0.852,0.963,0.85,294521.7,高,乐观,男+女合计
2050,45-49,混合,431602.1,0.84,0.963,0.85,296761.8,高,乐观,男+女合计
2050,50-54,混合,488184.9,0.817,0.963,0.85,326476.3,高,乐观,男+女合计
2050,55-59,混合,551273.1,0.709,0.963,0.85,319932.4,高,乐观,男+女合计
2050,60-64,混合,564315.8,0.516,0.963,0.85,238351.1,高,乐观,男+女合计
2051,15-19,男,97368.6,0.22,0.963,0.85,17534.2,高,乐观,Pop×LFPR×就业率×覆盖率；LFPR分性别由表230-28001合计+性别差还原
2051,15-19,女,94295.9,0.1793,0.963,0.85,13843.2,高,乐观,Pop×LFPR×就业率×覆盖率；LFPR分性别由表230-28001合计+性别差还原
2051,20-24,男,111667.2,0.67,0.963,0.85,61241.5,高,乐观,Pop×LFPR×就业率×覆盖率；LFPR分性别由表230-28001合计+性别差还原
2051,20-24,女,109518.0,0.6094,0.963,0.85,54631.3,高,乐观,Pop×LFPR×就业率×覆盖率；LFPR分性别由表230-28001合计+性别差还原
2051,25-29,男,123426.9,0.955,0.963,0.85,96484.7,高,乐观,Pop×LFPR×就业率×覆盖率；LFPR分性别由表230-28001合计+性别差还原
2051,25-29,女,120308.3,0.874,0.963,0.85,86066.5,高,乐观,Pop×LFPR×就业率×覆盖率；LFPR分性别由表230-28001合计+性别差还原
2051,30-34,男,176319.3,0.959,0.963,0.85,138408.8,高,乐观,Pop×LFPR×就业率×覆盖率；LFPR分性别由表230-28001合计+性别差还原
2051,30-34,女,172249.8,0.8578,0.963,0.85,120948.2,高,乐观,Pop×LFPR×就业率×覆盖率；LFPR分性别由表230-28001合计+性别差还原
2051,35-39,男,211471.0,0.94,0.963,0.85,162713.6,高,乐观,Pop×LFPR×就业率×覆盖率；LFPR分性别由表230-28001合计+性别差还原
2051,35-39,女,206305.2,0.8185,0.963,0.85,138220.6,高,乐观,Pop×LFPR×就业率×覆盖率；LFPR分性别由表230-28001合计+性别差还原
2051,40-44,男,214741.5,0.922,0.963,0.85,162066.1,高,乐观,Pop×LFPR×就业率×覆盖率；LFPR分性别由表230-28001合计+性别差还原
2051,40-44,女,210828.1,0.7807,0.963,0.85,134728.1,高,乐观,Pop×LFPR×就业率×覆盖率；LFPR分性别由表230-28001合计+性别差还原
2051,45-49,男,209241.5,0.93,0.963,0.85,159285.4,高,乐观,Pop×LFPR×就业率×覆盖率；LFPR分性别由表230-28001合计+性别差还原
2051,45-49,女,213830.1,0.7519,0.963,0.85,131611.0,高,乐观,Pop×LFPR×就业率×覆盖率；LFPR分性别由表230-28001合计+性别差还原
2051,50-54,男,238662.9,0.927,0.963,0.85,181096.4,高,乐观,Pop×LFPR×就业率×覆盖率；LFPR分性别由表230-28001合计+性别差还原
2051,50-54,女,235791.4,0.7057,0.963,0.85,136197.4,高,乐观,Pop×LFPR×就业率×覆盖率；LFPR分性别由表230-28001合计+性别差还原
2051,55-59,男,272298.5,0.8435,0.963,0.85,188007.7,高,乐观,Pop×LFPR×就业率×覆盖率；LFPR分性别由表230-28001合计+性别差还原
2051,55-59,女,276890.7,0.5757,0.963,0.85,130490.6,高,乐观,Pop×LFPR×就业率×覆盖率；LFPR分性别由表230-28001合计+性别差还原
2051,60-64,男,271880.4,0.6755,0.963,0.85,150331.0,高,乐观,Pop×LFPR×就业率×覆盖率；LFPR分性别由表230-28001合计+性别差还原
2051,60-64,女,291107.3,0.3661,0.963,0.85,87228.7,高,乐观,Pop×LFPR×就业率×覆盖率；LFPR分性别由表230-28001合计+性别差还原
2051,15-19,混合,191664.5,0.2,0.963,0.85,31377.4,高,乐观,男+女合计
2051,20-24,混合,221185.2,0.64,0.963,0.85,115872.8,高,乐观,男+女合计
2051,25-29,混合,243735.2,0.915,0.963,0.85,182551.2,高,乐观,男+女合计
2051,30-34,混合,348569.1,0.909,0.963,0.85,259357.0,高,乐观,男+女合计
2051,35-39,混合,417776.2,0.88,0.963,0.85,300934.2,高,乐观,男+女合计
2051,40-44,混合,425569.6,0.852,0.963,0.85,296794.2,高,乐观,男+女合计
2051,45-49,混合,423071.6,0.84,0.963,0.85,290896.4,高,乐观,男+女合计
2051,50-54,混合,474454.3,0.817,0.963,0.85,317293.8,高,乐观,男+女合计
2051,55-59,混合,549189.2,0.7085,0.963,0.85,318498.3,高,乐观,男+女合计
2051,60-64,混合,562987.7,0.5155,0.963,0.85,237559.7,高,乐观,男+女合计
2052,15-19,男,96952.9,0.22,0.963,0.85,17459.4,高,乐观,Pop×LFPR×就业率×覆盖率；LFPR分性别由表230-28001合计+性别差还原
2052,15-19,女,93842.0,0.1793,0.963,0.85,13775.7,高,乐观,Pop×LFPR×就业率×覆盖率；LFPR分性别由表230-28001合计+性别差还原
2052,20-24,男,110263.6,0.67,0.963,0.85,60471.7,高,乐观,Pop×LFPR×就业率×覆盖率；LFPR分性别由表230-28001合计+性别差还原
2052,20-24,女,108102.7,0.6094,0.963,0.85,53924.3,高,乐观,Pop×LFPR×就业率×覆盖率；LFPR分性别由表230-28001合计+性别差还原
2052,25-29,男,123301.8,0.955,0.963,0.85,96386.9,高,乐观,Pop×LFPR×就业率×覆盖率；LFPR分性别由表230-28001合计+性别差还原
2052,25-29,女,120545.4,0.8741,0.963,0.85,86248.1,高,乐观,Pop×LFPR×就业率×覆盖率；LFPR分性别由表230-28001合计+性别差还原
2052,30-34,男,167622.5,0.959,0.963,0.85,131581.9,高,乐观,Pop×LFPR×就业率×覆盖率；LFPR分性别由表230-28001合计+性别差还原
2052,30-34,女,163917.5,0.8579,0.963,0.85,115104.4,高,乐观,Pop×LFPR×就业率×覆盖率；LFPR分性别由表230-28001合计+性别差还原
2052,35-39,男,206411.2,0.94,0.963,0.85,158820.4,高,乐观,Pop×LFPR×就业率×覆盖率；LFPR分性别由表230-28001合计+性别差还原
2052,35-39,女,201677.2,0.8186,0.963,0.85,135135.5,高,乐观,Pop×LFPR×就业率×覆盖率；LFPR分性别由表230-28001合计+性别差还原
2052,40-44,男,216578.7,0.922,0.963,0.85,163452.6,高,乐观,Pop×LFPR×就业率×覆盖率；LFPR分性别由表230-28001合计+性别差还原
2052,40-44,女,212714.3,0.7807,0.963,0.85,135938.3,高,乐观,Pop×LFPR×就业率×覆盖率；LFPR分性别由表230-28001合计+性别差还原
2052,45-49,男,211590.8,0.93,0.963,0.85,161073.8,高,乐观,Pop×LFPR×就业率×覆盖率；LFPR分性别由表230-28001合计+性别差还原
2052,45-49,女,214728.5,0.7513,0.963,0.85,132055.7,高,乐观,Pop×LFPR×就业率×覆盖率；LFPR分性别由表230-28001合计+性别差还原
2052,50-54,男,233608.8,0.927,0.963,0.85,177261.4,高,乐观,Pop×LFPR×就业率×覆盖率；LFPR分性别由表230-28001合计+性别差还原
2052,50-54,女,232553.8,0.7065,0.963,0.85,134487.3,高,乐观,Pop×LFPR×就业率×覆盖率；LFPR分性别由表230-28001合计+性别差还原
2052,55-59,男,266071.3,0.843,0.963,0.85,183599.2,高,乐观,Pop×LFPR×就业率×覆盖率；LFPR分性别由表230-28001合计+性别差还原
2052,55-59,女,269672.2,0.5748,0.963,0.85,126882.0,高,乐观,Pop×LFPR×就业率×覆盖率；LFPR分性别由表230-28001合计+性别差还原
2052,60-64,男,271948.3,0.675,0.963,0.85,150257.2,高,乐观,Pop×LFPR×就业率×覆盖率；LFPR分性别由表230-28001合计+性别差还原
2052,60-64,女,288875.5,0.3644,0.963,0.85,86159.9,高,乐观,Pop×LFPR×就业率×覆盖率；LFPR分性别由表230-28001合计+性别差还原
2052,15-19,混合,190794.9,0.2,0.963,0.85,31235.1,高,乐观,男+女合计
2052,20-24,混合,218366.3,0.64,0.963,0.85,114396.0,高,乐观,男+女合计
2052,25-29,混合,243847.2,0.915,0.963,0.85,182635.0,高,乐观,男+女合计
2052,30-34,混合,331540.0,0.909,0.963,0.85,246686.3,高,乐观,男+女合计
2052,35-39,混合,408088.4,0.88,0.963,0.85,293955.9,高,乐观,男+女合计
2052,40-44,混合,429293.0,0.852,0.963,0.85,299390.9,高,乐观,男+女合计
2052,45-49,混合,426319.3,0.84,0.963,0.85,293129.5,高,乐观,男+女合计
2052,50-54,混合,466162.6,0.817,0.963,0.85,311748.7,高,乐观,男+女合计
2052,55-59,混合,535743.5,0.708,0.963,0.85,310481.2,高,乐观,男+女合计
2052,60-64,混合,560823.8,0.515,0.963,0.85,236417.1,高,乐观,男+女合计
2053,15-19,男,96726.2,0.22,0.963,0.85,17418.6,高,乐观,Pop×LFPR×就业率×覆盖率；LFPR分性别由表230-28001合计+性别差还原
2053,15-19,女,93562.7,0.1793,0.963,0.85,13733.6,高,乐观,Pop×LFPR×就业率×覆盖率；LFPR分性别由表230-28001合计+性别差还原
2053,20-24,男,109026.5,0.67,0.963,0.85,59793.2,高,乐观,Pop×LFPR×就业率×覆盖率；LFPR分性别由表230-28001合计+性别差还原
2053,20-24,女,106846.7,0.6094,0.963,0.85,53296.7,高,乐观,Pop×LFPR×就业率×覆盖率；LFPR分性别由表230-28001合计+性别差还原
2053,25-29,男,122946.7,0.955,0.963,0.85,96109.3,高,乐观,Pop×LFPR×就业率×覆盖率；LFPR分性别由表230-28001合计+性别差还原
2053,25-29,女,120549.5,0.8742,0.963,0.85,86262.8,高,乐观,Pop×LFPR×就业率×覆盖率；LFPR分性别由表230-28001合计+性别差还原
2053,30-34,男,158823.8,0.959,0.963,0.85,124675.0,高,乐观,Pop×LFPR×就业率×覆盖率；LFPR分性别由表230-28001合计+性别差还原
2053,30-34,女,155478.6,0.8579,0.963,0.85,109185.4,高,乐观,Pop×LFPR×就业率×覆盖率；LFPR分性别由表230-28001合计+性别差还原
2053,35-39,男,201221.5,0.94,0.963,0.85,154827.3,高,乐观,Pop×LFPR×就业率×覆盖率；LFPR分性别由表230-28001合计+性别差还原
2053,35-39,女,196906.6,0.8187,0.963,0.85,131954.0,高,乐观,Pop×LFPR×就业率×覆盖率；LFPR分性别由表230-28001合计+性别差还原
2053,40-44,男,218015.2,0.922,0.963,0.85,164536.7,高,乐观,Pop×LFPR×就业率×覆盖率；LFPR分性别由表230-28001合计+性别差还原
2053,40-44,女,214161.4,0.7807,0.963,0.85,136865.2,高,乐观,Pop×LFPR×就业率×覆盖率；LFPR分性别由表230-28001合计+性别差还原
2053,45-49,男,213896.1,0.93,0.963,0.85,162828.7,高,乐观,Pop×LFPR×就业率×覆盖率；LFPR分性别由表230-28001合计+性别差还原
2053,45-49,女,215580.0,0.7507,0.963,0.85,132471.3,高,乐观,Pop×LFPR×就业率×覆盖率；LFPR分性别由表230-28001合计+性别差还原
2053,50-54,男,228503.2,0.927,0.963,0.85,173387.3,高,乐观,Pop×LFPR×就业率×覆盖率；LFPR分性别由表230-28001合计+性别差还原
2053,50-54,女,229243.3,0.7074,0.963,0.85,132733.1,高,乐观,Pop×LFPR×就业率×覆盖率；LFPR分性别由表230-28001合计+性别差还原
2053,55-59,男,259812.7,0.8425,0.963,0.85,179174.2,高,乐观,Pop×LFPR×就业率×覆盖率；LFPR分性别由表230-28001合计+性别差还原
2053,55-59,女,262396.2,0.5738,0.963,0.85,123249.6,高,乐观,Pop×LFPR×就业率×覆盖率；LFPR分性别由表230-28001合计+性别差还原
2053,60-64,男,272030.2,0.6745,0.963,0.85,150191.1,高,乐观,Pop×LFPR×就业率×覆盖率；LFPR分性别由表230-28001合计+性别差还原
2053,60-64,女,286659.1,0.3627,0.963,0.85,85097.5,高,乐观,Pop×LFPR×就业率×覆盖率；LFPR分性别由表230-28001合计+性别差还原
2053,15-19,混合,190288.9,0.2,0.963,0.85,31152.2,高,乐观,男+女合计
2053,20-24,混合,215873.2,0.64,0.963,0.85,113089.9,高,乐观,男+女合计
2053,25-29,混合,243496.2,0.915,0.963,0.85,182372.1,高,乐观,男+女合计
2053,30-34,混合,314302.4,0.909,0.963,0.85,233860.4,高,乐观,男+女合计
2053,35-39,混合,398128.1,0.88,0.963,0.85,286781.3,高,乐观,男+女合计
2053,40-44,混合,432176.6,0.852,0.963,0.85,301401.9,高,乐观,男+女合计
2053,45-49,混合,429476.1,0.84,0.963,0.85,295300.0,高,乐观,男+女合计
2053,50-54,混合,457746.5,0.817,0.963,0.85,306120.4,高,乐观,男+女合计
2053,55-59,混合,522208.9,0.7075,0.963,0.85,302423.8,高,乐观,男+女合计
2053,60-64,混合,558689.3,0.5145,0.963,0.85,235288.6,高,乐观,男+女合计
2054,15-19,男,96674.3,0.22,0.963,0.85,17409.2,高,乐观,Pop×LFPR×就业率×覆盖率；LFPR分性别由表230-28001合计+性别差还原
2054,15-19,女,93446.2,0.1793,0.963,0.85,13715.4,高,乐观,Pop×LFPR×就业率×覆盖率；LFPR分性别由表230-28001合计+性别差还原
2054,20-24,男,107948.1,0.67,0.963,0.85,59201.8,高,乐观,Pop×LFPR×就业率×覆盖率；LFPR分性别由表230-28001合计+性别差还原
2054,20-24,女,105741.2,0.6094,0.963,0.85,52744.0,高,乐观,Pop×LFPR×就业率×覆盖率；LFPR分性别由表230-28001合计+性别差还原
2054,25-29,男,122359.5,0.955,0.963,0.85,95650.3,高,乐观,Pop×LFPR×就业率×覆盖率；LFPR分性别由表230-28001合计+性别差还原
2054,25-29,女,120317.8,0.8743,0.963,0.85,86108.5,高,乐观,Pop×LFPR×就业率×覆盖率；LFPR分性别由表230-28001合计+性别差还原
2054,30-34,男,149958.2,0.959,0.963,0.85,117715.6,高,乐观,Pop×LFPR×就业率×覆盖率；LFPR分性别由表230-28001合计+性别差还原
2054,30-34,女,146971.0,0.858,0.963,0.85,103218.1,高,乐观,Pop×LFPR×就业率×覆盖率；LFPR分性别由表230-28001合计+性别差还原
2054,35-39,男,195901.7,0.94,0.963,0.85,150734.0,高,乐观,Pop×LFPR×就业率×覆盖率；LFPR分性别由表230-28001合计+性别差还原
2054,35-39,女,191993.6,0.8188,0.963,0.85,128676.3,高,乐观,Pop×LFPR×就业率×覆盖率；LFPR分性别由表230-28001合计+性别差还原
2054,40-44,男,219034.0,0.922,0.963,0.85,165305.6,高,乐观,Pop×LFPR×就业率×覆盖率；LFPR分性别由表230-28001合计+性别差还原
2054,40-44,女,215150.7,0.7807,0.963,0.85,137496.8,高,乐观,Pop×LFPR×就业率×覆盖率；LFPR分性别由表230-28001合计+性别差还原
2054,45-49,男,216157.6,0.93,0.963,0.85,164550.3,高,乐观,Pop×LFPR×就业率×覆盖率；LFPR分性别由表230-28001合计+性别差还原
2054,45-49,女,216384.7,0.7501,0.963,0.85,132858.0,高,乐观,Pop×LFPR×就业率×覆盖率；LFPR分性别由表230-28001合计+性别差还原
2054,50-54,男,223351.2,0.927,0.963,0.85,169478.0,高,乐观,Pop×LFPR×就业率×覆盖率；LFPR分性别由表230-28001合计+性别差还原
2054,50-54,女,225865.8,0.7082,0.963,0.85,130938.3,高,乐观,Pop×LFPR×就业率×覆盖率；LFPR分性别由表230-28001合计+性别差还原
2054,55-59,男,253521.9,0.842,0.963,0.85,174732.1,高,乐观,Pop×LFPR×就业率×覆盖率；LFPR分性别由表230-28001合计+性别差还原
2054,55-59,女,255062.3,0.5728,0.963,0.85,119593.1,高,乐观,Pop×LFPR×就业率×覆盖率；LFPR分性别由表230-28001合计+性别差还原
2054,60-64,男,272108.9,0.674,0.963,0.85,150123.2,高,乐观,Pop×LFPR×就业率×覆盖率；LFPR分性别由表230-28001合计+性别差还原
2054,60-64,女,284439.2,0.3609,0.963,0.85,84035.9,高,乐观,Pop×LFPR×就业率×覆盖率；LFPR分性别由表230-28001合计+性别差还原
2054,15-19,混合,190120.5,0.2,0.963,0.85,31124.6,高,乐观,男+女合计
2054,20-24,混合,213689.3,0.64,0.963,0.85,111945.8,高,乐观,男+女合计
2054,25-29,混合,242677.3,0.915,0.963,0.85,181758.8,高,乐观,男+女合计
2054,30-34,混合,296929.2,0.909,0.963,0.85,220933.7,高,乐观,男+女合计
2054,35-39,混合,387895.3,0.88,0.963,0.85,279410.3,高,乐观,男+女合计
2054,40-44,混合,434184.7,0.852,0.963,0.85,302802.4,高,乐观,男+女合计
2054,45-49,混合,432542.3,0.84,0.963,0.85,297408.3,高,乐观,男+女合计
2054,50-54,混合,449217.0,0.817,0.963,0.85,300416.3,高,乐观,男+女合计
2054,55-59,混合,508584.2,0.707,0.963,0.85,294325.2,高,乐观,男+女合计
2054,60-64,混合,556548.1,0.514,0.963,0.85,234159.1,高,乐观,男+女合计
2055,15-19,男,96782.1,0.22,0.963,0.85,17428.6,高,乐观,Pop×LFPR×就业率×覆盖率；LFPR分性别由表230-28001合计+性别差还原
2055,15-19,女,93479.8,0.1793,0.963,0.85,13719.2,高,乐观,Pop×LFPR×就业率×覆盖率；LFPR分性别由表230-28001合计+性别差还原
2055,20-24,男,107020.7,0.67,0.963,0.85,58693.2,高,乐观,Pop×LFPR×就业率×覆盖率；LFPR分性别由表230-28001合计+性别差还原
2055,20-24,女,104777.3,0.6094,0.963,0.85,52261.8,高,乐观,Pop×LFPR×就业率×覆盖率；LFPR分性别由表230-28001合计+性别差还原
2055,25-29,男,121538.7,0.955,0.963,0.85,95008.7,高,乐观,Pop×LFPR×就业率×覆盖率；LFPR分性别由表230-28001合计+性别差还原
2055,25-29,女,119847.8,0.8744,0.963,0.85,85783.4,高,乐观,Pop×LFPR×就业率×覆盖率；LFPR分性别由表230-28001合计+性别差还原
2055,30-34,男,141060.9,0.959,0.963,0.85,110731.3,高,乐观,Pop×LFPR×就业率×覆盖率；LFPR分性别由表230-28001合计+性别差还原
2055,30-34,女,138433.0,0.8581,0.963,0.85,97229.5,高,乐观,Pop×LFPR×就业率×覆盖率；LFPR分性别由表230-28001合计+性别差还原
2055,35-39,男,190451.8,0.94,0.963,0.85,146540.7,高,乐观,Pop×LFPR×就业率×覆盖率；LFPR分性别由表230-28001合计+性别差还原
2055,35-39,女,186938.0,0.8189,0.963,0.85,125302.3,高,乐观,Pop×LFPR×就业率×覆盖率；LFPR分性别由表230-28001合计+性别差还原
2055,40-44,男,219618.3,0.922,0.963,0.85,165746.6,高,乐观,Pop×LFPR×就业率×覆盖率；LFPR分性别由表230-28001合计+性别差还原
2055,40-44,女,215663.8,0.7807,0.963,0.85,137821.1,高,乐观,Pop×LFPR×就业率×覆盖率；LFPR分性别由表230-28001合计+性别差还原
2055,45-49,男,218375.1,0.93,0.963,0.85,166238.4,高,乐观,Pop×LFPR×就业率×覆盖率；LFPR分性别由表230-28001合计+性别差还原
2055,45-49,女,217142.4,0.7495,0.963,0.85,133215.6,高,乐观,Pop×LFPR×就业率×覆盖率；LFPR分性别由表230-28001合计+性别差还原
2055,50-54,男,218157.8,0.927,0.963,0.85,165537.2,高,乐观,Pop×LFPR×就业率×覆盖率；LFPR分性别由表230-28001合计+性别差还原
2055,50-54,女,222427.0,0.7091,0.963,0.85,129106.2,高,乐观,Pop×LFPR×就业率×覆盖率；LFPR分性别由表230-28001合计+性别差还原
2055,55-59,男,247197.9,0.8415,0.963,0.85,170272.3,高,乐观,Pop×LFPR×就业率×覆盖率；LFPR分性别由表230-28001合计+性别差还原
2055,55-59,女,247670.0,0.5718,0.963,0.85,115912.5,高,乐观,Pop×LFPR×就业率×覆盖率；LFPR分性别由表230-28001合计+性别差还原
2055,60-64,男,272167.4,0.6735,0.963,0.85,150044.1,高,乐观,Pop×LFPR×就业率×覆盖率；LFPR分性别由表230-28001合计+性别差还原
2055,60-64,女,282196.8,0.3592,0.963,0.85,82969.3,高,乐观,Pop×LFPR×就业率×覆盖率；LFPR分性别由表230-28001合计+性别差还原
2055,15-19,混合,190261.9,0.2,0.963,0.85,31147.8,高,乐观,男+女合计
2055,20-24,混合,211798.0,0.64,0.963,0.85,110955.0,高,乐观,男+女合计
2055,25-29,混合,241386.5,0.915,0.963,0.85,180792.1,高,乐观,男+女合计
2055,30-34,混合,279493.9,0.909,0.963,0.85,207960.8,高,乐观,男+女合计
2055,35-39,混合,377389.8,0.88,0.963,0.85,271843.0,高,乐观,男+女合计
2055,40-44,混合,435282.1,0.852,0.963,0.85,303567.7,高,乐观,男+女合计
2055,45-49,混合,435517.5,0.84,0.963,0.85,299454.0,高,乐观,男+女合计
2055,50-54,混合,440584.8,0.817,0.963,0.85,294643.4,高,乐观,男+女合计
2055,55-59,混合,494867.9,0.7065,0.963,0.85,286184.8,高,乐观,男+女合计
2055,60-64,混合,554364.2,0.5135,0.963,0.85,233013.4,高,乐观,男+女合计
2056,15-19,男,97033.0,0.22,0.963,0.85,17473.8,高,乐观,Pop×LFPR×就业率×覆盖率；LFPR分性别由表230-28001合计+性别差还原
2056,15-19,女,93649.5,0.1793,0.963,0.85,13742.8,高,乐观,Pop×LFPR×就业率×覆盖率；LFPR分性别由表230-28001合计+性别差还原
2056,20-24,男,106236.2,0.67,0.963,0.85,58263.0,高,乐观,Pop×LFPR×就业率×覆盖率；LFPR分性别由表230-28001合计+性别差还原
2056,20-24,女,103945.9,0.6093,0.963,0.85,51845.6,高,乐观,Pop×LFPR×就业率×覆盖率；LFPR分性别由表230-28001合计+性别差还原
2056,25-29,男,120482.8,0.955,0.963,0.85,94183.2,高,乐观,Pop×LFPR×就业率×覆盖率；LFPR分性别由表230-28001合计+性别差还原
2056,25-29,女,119137.4,0.8745,0.963,0.85,85285.9,高,乐观,Pop×LFPR×就业率×覆盖率；LFPR分性别由表230-28001合计+性别差还原
2056,30-34,男,132166.7,0.959,0.963,0.85,103749.5,高,乐观,Pop×LFPR×就业率×覆盖率；LFPR分性别由表230-28001合计+性别差还原
2056,30-34,女,129902.6,0.8581,0.963,0.85,91246.3,高,乐观,Pop×LFPR×就业率×覆盖率；LFPR分性别由表230-28001合计+性别差还原
2056,35-39,男,184871.7,0.94,0.963,0.85,142247.1,高,乐观,Pop×LFPR×就业率×覆盖率；LFPR分性别由表230-28001合计+性别差还原
2056,35-39,女,181739.7,0.819,0.963,0.85,121831.9,高,乐观,Pop×LFPR×就业率×覆盖率；LFPR分性别由表230-28001合计+性别差还原
2056,40-44,男,219751.2,0.922,0.963,0.85,165846.9,高,乐观,Pop×LFPR×就业率×覆盖率；LFPR分性别由表230-28001合计+性别差还原
2056,40-44,女,215682.2,0.7807,0.963,0.85,137826.3,高,乐观,Pop×LFPR×就业率×覆盖率；LFPR分性别由表230-28001合计+性别差还原
2056,45-49,男,220548.8,0.93,0.963,0.85,167893.1,高,乐观,Pop×LFPR×就业率×覆盖率；LFPR分性别由表230-28001合计+性别差还原
2056,45-49,女,217853.3,0.7489,0.963,0.85,133544.3,高,乐观,Pop×LFPR×就业率×覆盖率；LFPR分性别由表230-28001合计+性别差还原
2056,50-54,男,212927.9,0.927,0.963,0.85,161568.8,高,乐观,Pop×LFPR×就业率×覆盖率；LFPR分性别由表230-28001合计+性别差还原
2056,50-54,女,218932.6,0.71,0.963,0.85,127240.2,高,乐观,Pop×LFPR×就业率×覆盖率；LFPR分性别由表230-28001合计+性别差还原
2056,55-59,男,240840.1,0.841,0.963,0.85,165794.5,高,乐观,Pop×LFPR×就业率×覆盖率；LFPR分性别由表230-28001合计+性别差还原
2056,55-59,女,240218.8,0.5707,0.963,0.85,112207.7,高,乐观,Pop×LFPR×就业率×覆盖率；LFPR分性别由表230-28001合计+性别差还原
2056,60-64,男,272188.5,0.673,0.963,0.85,149944.3,高,乐观,Pop×LFPR×就业率×覆盖率；LFPR分性别由表230-28001合计+性别差还原
2056,60-64,女,279913.1,0.3574,0.963,0.85,81892.0,高,乐观,Pop×LFPR×就业率×覆盖率；LFPR分性别由表230-28001合计+性别差还原
2056,15-19,混合,190682.5,0.2,0.963,0.85,31216.6,高,乐观,男+女合计
2056,20-24,混合,210182.1,0.64,0.963,0.85,110108.6,高,乐观,男+女合计
2056,25-29,混合,239620.2,0.915,0.963,0.85,179469.1,高,乐观,男+女合计
2056,30-34,混合,262069.3,0.909,0.963,0.85,194995.8,高,乐观,男+女合计
2056,35-39,混合,366611.4,0.88,0.963,0.85,264079.0,高,乐观,男+女合计
2056,40-44,混合,435433.4,0.852,0.963,0.85,303673.2,高,乐观,男+女合计
2056,45-49,混合,438402.1,0.84,0.963,0.85,301437.4,高,乐观,男+女合计
2056,50-54,混合,431860.5,0.817,0.963,0.85,288809.0,高,乐观,男+女合计
2056,55-59,混合,481058.9,0.706,0.963,0.85,278002.2,高,乐观,男+女合计
2056,60-64,混合,552101.6,0.513,0.963,0.85,231836.3,高,乐观,男+女合计
