年份,性别,年龄组,死亡率_每千人,年化改善率,数据类型,真实或假设,来源或假设
2020,女,0-4,0.44,0.025,实际,真实数据,[真实数据] C&SD表115-01023年龄性别死亡率；2022为疫情年，改善率估计已剔除
2020,女,10-14,0.1,0.0125,实际,真实数据,[真实数据] C&SD表115-01023年龄性别死亡率；2022为疫情年，改善率估计已剔除
2020,女,15-19,0.1,0.0125,实际,真实数据,[真实数据] C&SD表115-01023年龄性别死亡率；2022为疫情年，改善率估计已剔除
2020,女,20-24,0.2,0.0125,实际,真实数据,[真实数据] C&SD表115-01023年龄性别死亡率；2022为疫情年，改善率估计已剔除
2020,女,25-29,0.2,0.0125,实际,真实数据,[真实数据] C&SD表115-01023年龄性别死亡率；2022为疫情年，改善率估计已剔除
2020,女,30-34,0.2,0.0125,实际,真实数据,[真实数据] C&SD表115-01023年龄性别死亡率；2022为疫情年，改善率估计已剔除
2020,女,35-39,0.4,0.0125,实际,真实数据,[真实数据] C&SD表115-01023年龄性别死亡率；2022为疫情年，改善率估计已剔除
2020,女,40-44,0.6,0.0125,实际,真实数据,[真实数据] C&SD表115-01023年龄性别死亡率；2022为疫情年，改善率估计已剔除
2020,女,45-49,1.0,0.011375,实际,真实数据,[真实数据] C&SD表115-01023年龄性别死亡率；2022为疫情年，改善率估计已剔除
2020,女,5-9,0.1,0.0125,实际,真实数据,[真实数据] C&SD表115-01023年龄性别死亡率；2022为疫情年，改善率估计已剔除
2020,女,50-54,1.8,0.011375,实际,真实数据,[真实数据] C&SD表115-01023年龄性别死亡率；2022为疫情年，改善率估计已剔除
2020,女,55-59,2.5,0.011375,实际,真实数据,[真实数据] C&SD表115-01023年龄性别死亡率；2022为疫情年，改善率估计已剔除
2020,女,60-64,3.4,0.007625,实际,真实数据,[真实数据] C&SD表115-01023年龄性别死亡率；2022为疫情年，改善率估计已剔除
2020,女,65-69,5.7,0.007625,实际,真实数据,[真实数据] C&SD表115-01023年龄性别死亡率；2022为疫情年，改善率估计已剔除
2020,女,70-74,9.0,0.007625,实际,真实数据,[真实数据] C&SD表115-01023年龄性别死亡率；2022为疫情年，改善率估计已剔除
2020,女,75-79,17.2,0.007625,实际,真实数据,[真实数据] C&SD表115-01023年龄性别死亡率；2022为疫情年，改善率估计已剔除
2020,女,80-84,33.6,0.007625,实际,真实数据,[真实数据] C&SD表115-01023年龄性别死亡率；2022为疫情年，改善率估计已剔除
2020,女,85+,85.3,0.006816,实际,真实数据,[真实数据] C&SD表115-01023年龄性别死亡率；2022为疫情年，改善率估计已剔除
2020,男,0-4,0.52,0.0125,实际,真实数据,[真实数据] C&SD表115-01023年龄性别死亡率；2022为疫情年，改善率估计已剔除
2020,男,10-14,0.1,0.0125,实际,真实数据,[真实数据] C&SD表115-01023年龄性别死亡率；2022为疫情年，改善率估计已剔除
2020,男,15-19,0.2,0.0125,实际,真实数据,[真实数据] C&SD表115-01023年龄性别死亡率；2022为疫情年，改善率估计已剔除
2020,男,20-24,0.3,0.0125,实际,真实数据,[真实数据] C&SD表115-01023年龄性别死亡率；2022为疫情年，改善率估计已剔除
2020,男,25-29,0.4,0.0125,实际,真实数据,[真实数据] C&SD表115-01023年龄性别死亡率；2022为疫情年，改善率估计已剔除
2020,男,30-34,0.5,0.0125,实际,真实数据,[真实数据] C&SD表115-01023年龄性别死亡率；2022为疫情年，改善率估计已剔除
2020,男,35-39,0.8,0.0125,实际,真实数据,[真实数据] C&SD表115-01023年龄性别死亡率；2022为疫情年，改善率估计已剔除
2020,男,40-44,1.2,0.0125,实际,真实数据,[真实数据] C&SD表115-01023年龄性别死亡率；2022为疫情年，改善率估计已剔除
2020,男,45-49,2.0,0.011375,实际,真实数据,[真实数据] C&SD表115-01023年龄性别死亡率；2022为疫情年，改善率估计已剔除
2020,男,5-9,0.1,0.0125,实际,真实数据,[真实数据] C&SD表115-01023年龄性别死亡率；2022为疫情年，改善率估计已剔除
2020,男,50-54,3.2,0.010125,实际,真实数据,[真实数据] C&SD表115-01023年龄性别死亡率；2022为疫情年，改善率估计已剔除
2020,男,55-59,5.2,0.010125,实际,真实数据,[真实数据] C&SD表115-01023年龄性别死亡率；2022为疫情年，改善率估计已剔除
2020,男,60-64,7.3,0.010125,实际,真实数据,[真实数据] C&SD表115-01023年龄性别死亡率；2022为疫情年，改善率估计已剔除
2020,男,65-69,12.0,0.010125,实际,真实数据,[真实数据] C&SD表115-01023年龄性别死亡率；2022为疫情年，改善率估计已剔除
2020,男,70-74,18.4,0.010125,实际,真实数据,[真实数据] C&SD表115-01023年龄性别死亡率；2022为疫情年，改善率估计已剔除
2020,男,75-79,35.3,0.010125,实际,真实数据,[真实数据] C&SD表115-01023年龄性别死亡率；2022为疫情年，改善率估计已剔除
2020,男,80-84,52.2,0.00528,实际,真实数据,[真实数据] C&SD表115-01023年龄性别死亡率；2022为疫情年，改善率估计已剔除
2020,男,85+,110.1,0.00528,实际,真实数据,[真实数据] C&SD表115-01023年龄性别死亡率；2022为疫情年，改善率估计已剔除
2021,女,0-4,0.34,0.025,实际,真实数据,[真实数据] C&SD表115-01023年龄性别死亡率；2022为疫情年，改善率估计已剔除
2021,女,10-14,0.1,0.0125,实际,真实数据,[真实数据] C&SD表115-01023年龄性别死亡率；2022为疫情年，改善率估计已剔除
2021,女,15-19,0.1,0.0125,实际,真实数据,[真实数据] C&SD表115-01023年龄性别死亡率；2022为疫情年，改善率估计已剔除
2021,女,20-24,0.1,0.0125,实际,真实数据,[真实数据] C&SD表115-01023年龄性别死亡率；2022为疫情年，改善率估计已剔除
2021,女,25-29,0.2,0.0125,实际,真实数据,[真实数据] C&SD表115-01023年龄性别死亡率；2022为疫情年，改善率估计已剔除
2021,女,30-34,0.2,0.0125,实际,真实数据,[真实数据] C&SD表115-01023年龄性别死亡率；2022为疫情年，改善率估计已剔除
2021,女,35-39,0.3,0.0125,实际,真实数据,[真实数据] C&SD表115-01023年龄性别死亡率；2022为疫情年，改善率估计已剔除
2021,女,40-44,0.6,0.0125,实际,真实数据,[真实数据] C&SD表115-01023年龄性别死亡率；2022为疫情年，改善率估计已剔除
2021,女,45-49,1.1,0.011375,实际,真实数据,[真实数据] C&SD表115-01023年龄性别死亡率；2022为疫情年，改善率估计已剔除
2021,女,5-9,0.1,0.0125,实际,真实数据,[真实数据] C&SD表115-01023年龄性别死亡率；2022为疫情年，改善率估计已剔除
2021,女,50-54,1.7,0.011375,实际,真实数据,[真实数据] C&SD表115-01023年龄性别死亡率；2022为疫情年，改善率估计已剔除
2021,女,55-59,2.5,0.011375,实际,真实数据,[真实数据] C&SD表115-01023年龄性别死亡率；2022为疫情年，改善率估计已剔除
2021,女,60-64,3.6,0.007625,实际,真实数据,[真实数据] C&SD表115-01023年龄性别死亡率；2022为疫情年，改善率估计已剔除
2021,女,65-69,5.4,0.007625,实际,真实数据,[真实数据] C&SD表115-01023年龄性别死亡率；2022为疫情年，改善率估计已剔除
2021,女,70-74,8.4,0.007625,实际,真实数据,[真实数据] C&SD表115-01023年龄性别死亡率；2022为疫情年，改善率估计已剔除
2021,女,75-79,16.5,0.007625,实际,真实数据,[真实数据] C&SD表115-01023年龄性别死亡率；2022为疫情年，改善率估计已剔除
2021,女,80-84,33.4,0.007625,实际,真实数据,[真实数据] C&SD表115-01023年龄性别死亡率；2022为疫情年，改善率估计已剔除
2021,女,85+,85.4,0.006816,实际,真实数据,[真实数据] C&SD表115-01023年龄性别死亡率；2022为疫情年，改善率估计已剔除
2021,男,0-4,0.36,0.0125,实际,真实数据,[真实数据] C&SD表115-01023年龄性别死亡率；2022为疫情年，改善率估计已剔除
2021,男,10-14,0.1,0.0125,实际,真实数据,[真实数据] C&SD表115-01023年龄性别死亡率；2022为疫情年，改善率估计已剔除
2021,男,15-19,0.2,0.0125,实际,真实数据,[真实数据] C&SD表115-01023年龄性别死亡率；2022为疫情年，改善率估计已剔除
2021,男,20-24,0.4,0.0125,实际,真实数据,[真实数据] C&SD表115-01023年龄性别死亡率；2022为疫情年，改善率估计已剔除
2021,男,25-29,0.4,0.0125,实际,真实数据,[真实数据] C&SD表115-01023年龄性别死亡率；2022为疫情年，改善率估计已剔除
2021,男,30-34,0.5,0.0125,实际,真实数据,[真实数据] C&SD表115-01023年龄性别死亡率；2022为疫情年，改善率估计已剔除
2021,男,35-39,0.7,0.0125,实际,真实数据,[真实数据] C&SD表115-01023年龄性别死亡率；2022为疫情年，改善率估计已剔除
2021,男,40-44,1.1,0.0125,实际,真实数据,[真实数据] C&SD表115-01023年龄性别死亡率；2022为疫情年，改善率估计已剔除
2021,男,45-49,2.0,0.011375,实际,真实数据,[真实数据] C&SD表115-01023年龄性别死亡率；2022为疫情年，改善率估计已剔除
2021,男,5-9,0.1,0.0125,实际,真实数据,[真实数据] C&SD表115-01023年龄性别死亡率；2022为疫情年，改善率估计已剔除
2021,男,50-54,3.1,0.010125,实际,真实数据,[真实数据] C&SD表115-01023年龄性别死亡率；2022为疫情年，改善率估计已剔除
2021,男,55-59,4.9,0.010125,实际,真实数据,[真实数据] C&SD表115-01023年龄性别死亡率；2022为疫情年，改善率估计已剔除
2021,男,60-64,7.2,0.010125,实际,真实数据,[真实数据] C&SD表115-01023年龄性别死亡率；2022为疫情年，改善率估计已剔除
2021,男,65-69,11.8,0.010125,实际,真实数据,[真实数据] C&SD表115-01023年龄性别死亡率；2022为疫情年，改善率估计已剔除
2021,男,70-74,18.5,0.010125,实际,真实数据,[真实数据] C&SD表115-01023年龄性别死亡率；2022为疫情年，改善率估计已剔除
2021,男,75-79,32.9,0.010125,实际,真实数据,[真实数据] C&SD表115-01023年龄性别死亡率；2022为疫情年，改善率估计已剔除
2021,男,80-84,51.9,0.00528,实际,真实数据,[真实数据] C&SD表115-01023年龄性别死亡率；2022为疫情年，改善率估计已剔除
2021,男,85+,109.0,0.00528,实际,真实数据,[真实数据] C&SD表115-01023年龄性别死亡率；2022为疫情年，改善率估计已剔除
2022,女,0-4,0.44,0.025,实际_疫情年,真实数据,[真实数据] C&SD表115-01023年龄性别死亡率；2022为疫情年，改善率估计已剔除
2022,女,10-14,0.1,0.0125,实际_疫情年,真实数据,[真实数据] C&SD表115-01023年龄性别死亡率；2022为疫情年，改善率估计已剔除
2022,女,15-19,0.2,0.0125,实际_疫情年,真实数据,[真实数据] C&SD表115-01023年龄性别死亡率；2022为疫情年，改善率估计已剔除
2022,女,20-24,0.2,0.0125,实际_疫情年,真实数据,[真实数据] C&SD表115-01023年龄性别死亡率；2022为疫情年，改善率估计已剔除
2022,女,25-29,0.2,0.0125,实际_疫情年,真实数据,[真实数据] C&SD表115-01023年龄性别死亡率；2022为疫情年，改善率估计已剔除
2022,女,30-34,0.3,0.0125,实际_疫情年,真实数据,[真实数据] C&SD表115-01023年龄性别死亡率；2022为疫情年，改善率估计已剔除
2022,女,35-39,0.4,0.0125,实际_疫情年,真实数据,[真实数据] C&SD表115-01023年龄性别死亡率；2022为疫情年，改善率估计已剔除
2022,女,40-44,0.6,0.0125,实际_疫情年,真实数据,[真实数据] C&SD表115-01023年龄性别死亡率；2022为疫情年，改善率估计已剔除
2022,女,45-49,1.1,0.011375,实际_疫情年,真实数据,[真实数据] C&SD表115-01023年龄性别死亡率；2022为疫情年，改善率估计已剔除
2022,女,5-9,0.1,0.0125,实际_疫情年,真实数据,[真实数据] C&SD表115-01023年龄性别死亡率；2022为疫情年，改善率估计已剔除
2022,女,50-54,1.8,0.011375,实际_疫情年,真实数据,[真实数据] C&SD表115-01023年龄性别死亡率；2022为疫情年，改善率估计已剔除
2022,女,55-59,2.8,0.011375,实际_疫情年,真实数据,[真实数据] C&SD表115-01023年龄性别死亡率；2022为疫情年，改善率估计已剔除
2022,女,60-64,3.9,0.007625,实际_疫情年,真实数据,[真实数据] C&SD表115-01023年龄性别死亡率；2022为疫情年，改善率估计已剔除
2022,女,65-69,5.8,0.007625,实际_疫情年,真实数据,[真实数据] C&SD表115-01023年龄性别死亡率；2022为疫情年，改善率估计已剔除
2022,女,70-74,9.4,0.007625,实际_疫情年,真实数据,[真实数据] C&SD表115-01023年龄性别死亡率；2022为疫情年，改善率估计已剔除
2022,女,75-79,18.6,0.007625,实际_疫情年,真实数据,[真实数据] C&SD表115-01023年龄性别死亡率；2022为疫情年，改善率估计已剔除
2022,女,80-84,38.7,0.007625,实际_疫情年,真实数据,[真实数据] C&SD表115-01023年龄性别死亡率；2022为疫情年，改善率估计已剔除
2022,女,85+,109.0,0.006816,实际_疫情年,真实数据,[真实数据] C&SD表115-01023年龄性别死亡率；2022为疫情年，改善率估计已剔除
2022,男,0-4,0.46,0.0125,实际_疫情年,真实数据,[真实数据] C&SD表115-01023年龄性别死亡率；2022为疫情年，改善率估计已剔除
2022,男,10-14,0.1,0.0125,实际_疫情年,真实数据,[真实数据] C&SD表115-01023年龄性别死亡率；2022为疫情年，改善率估计已剔除
2022,男,15-19,0.3,0.0125,实际_疫情年,真实数据,[真实数据] C&SD表115-01023年龄性别死亡率；2022为疫情年，改善率估计已剔除
2022,男,20-24,0.4,0.0125,实际_疫情年,真实数据,[真实数据] C&SD表115-01023年龄性别死亡率；2022为疫情年，改善率估计已剔除
2022,男,25-29,0.4,0.0125,实际_疫情年,真实数据,[真实数据] C&SD表115-01023年龄性别死亡率；2022为疫情年，改善率估计已剔除
2022,男,30-34,0.6,0.0125,实际_疫情年,真实数据,[真实数据] C&SD表115-01023年龄性别死亡率；2022为疫情年，改善率估计已剔除
2022,男,35-39,0.8,0.0125,实际_疫情年,真实数据,[真实数据] C&SD表115-01023年龄性别死亡率；2022为疫情年，改善率估计已剔除
2022,男,40-44,1.4,0.0125,实际_疫情年,真实数据,[真实数据] C&SD表115-01023年龄性别死亡率；2022为疫情年，改善率估计已剔除
2022,男,45-49,2.1,0.011375,实际_疫情年,真实数据,[真实数据] C&SD表115-01023年龄性别死亡率；2022为疫情年，改善率估计已剔除
2022,男,5-9,0.1,0.0125,实际_疫情年,真实数据,[真实数据] C&SD表115-01023年龄性别死亡率；2022为疫情年，改善率估计已剔除
2022,男,50-54,3.6,0.010125,实际_疫情年,真实数据,[真实数据] C&SD表115-01023年龄性别死亡率；2022为疫情年，改善率估计已剔除
2022,男,55-59,5.4,0.010125,实际_疫情年,真实数据,[真实数据] C&SD表115-01023年龄性别死亡率；2022为疫情年，改善率估计已剔除
2022,男,60-64,8.4,0.010125,实际_疫情年,真实数据,[真实数据] C&SD表115-01023年龄性别死亡率；2022为疫情年，改善率估计已剔除
2022,男,65-69,13.0,0.010125,实际_疫情年,真实数据,[真实数据] C&SD表115-01023年龄性别死亡率；2022为疫情年，改善率估计已剔除
2022,男,70-74,21.8,0.010125,实际_疫情年,真实数据,[真实数据] C&SD表115-01023年龄性别死亡率；2022为疫情年，改善率估计已剔除
2022,男,75-79,38.4,0.010125,实际_疫情年,真实数据,[真实数据] C&SD表115-01023年龄性别死亡率；2022为疫情年，改善率估计已剔除
2022,男,80-84,67.7,0.00528,实际_疫情年,真实数据,[真实数据] C&SD表115-01023年龄性别死亡率；2022为疫情年，改善率估计已剔除
2022,男,85+,143.5,0.00528,实际_疫情年,真实数据,[真实数据] C&SD表115-01023年龄性别死亡率；2022为疫情年，改善率估计已剔除
2023,女,0-4,0.42,0.025,实际,真实数据,[真实数据] C&SD表115-01023年龄性别死亡率；2022为疫情年，改善率估计已剔除
2023,女,10-14,0.1,0.0125,实际,真实数据,[真实数据] C&SD表115-01023年龄性别死亡率；2022为疫情年，改善率估计已剔除
2023,女,15-19,0.1,0.0125,实际,真实数据,[真实数据] C&SD表115-01023年龄性别死亡率；2022为疫情年，改善率估计已剔除
2023,女,20-24,0.2,0.0125,实际,真实数据,[真实数据] C&SD表115-01023年龄性别死亡率；2022为疫情年，改善率估计已剔除
2023,女,25-29,0.3,0.0125,实际,真实数据,[真实数据] C&SD表115-01023年龄性别死亡率；2022为疫情年，改善率估计已剔除
2023,女,30-34,0.3,0.0125,实际,真实数据,[真实数据] C&SD表115-01023年龄性别死亡率；2022为疫情年，改善率估计已剔除
2023,女,35-39,0.4,0.0125,实际,真实数据,[真实数据] C&SD表115-01023年龄性别死亡率；2022为疫情年，改善率估计已剔除
2023,女,40-44,0.6,0.0125,实际,真实数据,[真实数据] C&SD表115-01023年龄性别死亡率；2022为疫情年，改善率估计已剔除
2023,女,45-49,1.0,0.011375,实际,真实数据,[真实数据] C&SD表115-01023年龄性别死亡率；2022为疫情年，改善率估计已剔除
2023,女,5-9,0.1,0.0125,实际,真实数据,[真实数据] C&SD表115-01023年龄性别死亡率；2022为疫情年，改善率估计已剔除
2023,女,50-54,1.6,0.011375,实际,真实数据,[真实数据] C&SD表115-01023年龄性别死亡率；2022为疫情年，改善率估计已剔除
2023,女,55-59,2.5,0.011375,实际,真实数据,[真实数据] C&SD表115-01023年龄性别死亡率；2022为疫情年，改善率估计已剔除
2023,女,60-64,3.5,0.007625,实际,真实数据,[真实数据] C&SD表115-01023年龄性别死亡率；2022为疫情年，改善率估计已剔除
2023,女,65-69,5.2,0.007625,实际,真实数据,[真实数据] C&SD表115-01023年龄性别死亡率；2022为疫情年，改善率估计已剔除
2023,女,70-74,8.6,0.007625,实际,真实数据,[真实数据] C&SD表115-01023年龄性别死亡率；2022为疫情年，改善率估计已剔除
2023,女,75-79,15.6,0.007625,实际,真实数据,[真实数据] C&SD表115-01023年龄性别死亡率；2022为疫情年，改善率估计已剔除
2023,女,80-84,31.7,0.007625,实际,真实数据,[真实数据] C&SD表115-01023年龄性别死亡率；2022为疫情年，改善率估计已剔除
2023,女,85+,88.9,0.006816,实际,真实数据,[真实数据] C&SD表115-01023年龄性别死亡率；2022为疫情年，改善率估计已剔除
2023,男,0-4,0.42,0.0125,实际,真实数据,[真实数据] C&SD表115-01023年龄性别死亡率；2022为疫情年，改善率估计已剔除
2023,男,10-14,0.1,0.0125,实际,真实数据,[真实数据] C&SD表115-01023年龄性别死亡率；2022为疫情年，改善率估计已剔除
2023,男,15-19,0.3,0.0125,实际,真实数据,[真实数据] C&SD表115-01023年龄性别死亡率；2022为疫情年，改善率估计已剔除
2023,男,20-24,0.4,0.0125,实际,真实数据,[真实数据] C&SD表115-01023年龄性别死亡率；2022为疫情年，改善率估计已剔除
2023,男,25-29,0.5,0.0125,实际,真实数据,[真实数据] C&SD表115-01023年龄性别死亡率；2022为疫情年，改善率估计已剔除
2023,男,30-34,0.6,0.0125,实际,真实数据,[真实数据] C&SD表115-01023年龄性别死亡率；2022为疫情年，改善率估计已剔除
2023,男,35-39,0.8,0.0125,实际,真实数据,[真实数据] C&SD表115-01023年龄性别死亡率；2022为疫情年，改善率估计已剔除
2023,男,40-44,1.2,0.0125,实际,真实数据,[真实数据] C&SD表115-01023年龄性别死亡率；2022为疫情年，改善率估计已剔除
2023,男,45-49,2.2,0.011375,实际,真实数据,[真实数据] C&SD表115-01023年龄性别死亡率；2022为疫情年，改善率估计已剔除
2023,男,5-9,0.1,0.0125,实际,真实数据,[真实数据] C&SD表115-01023年龄性别死亡率；2022为疫情年，改善率估计已剔除
2023,男,50-54,3.3,0.010125,实际,真实数据,[真实数据] C&SD表115-01023年龄性别死亡率；2022为疫情年，改善率估计已剔除
2023,男,55-59,4.8,0.010125,实际,真实数据,[真实数据] C&SD表115-01023年龄性别死亡率；2022为疫情年，改善率估计已剔除
2023,男,60-64,7.4,0.010125,实际,真实数据,[真实数据] C&SD表115-01023年龄性别死亡率；2022为疫情年，改善率估计已剔除
2023,男,65-69,11.3,0.010125,实际,真实数据,[真实数据] C&SD表115-01023年龄性别死亡率；2022为疫情年，改善率估计已剔除
2023,男,70-74,17.7,0.010125,实际,真实数据,[真实数据] C&SD表115-01023年龄性别死亡率；2022为疫情年，改善率估计已剔除
2023,男,75-79,30.8,0.010125,实际,真实数据,[真实数据] C&SD表115-01023年龄性别死亡率；2022为疫情年，改善率估计已剔除
2023,男,80-84,54.1,0.00528,实际,真实数据,[真实数据] C&SD表115-01023年龄性别死亡率；2022为疫情年，改善率估计已剔除
2023,男,85+,109.5,0.00528,实际,真实数据,[真实数据] C&SD表115-01023年龄性别死亡率；2022为疫情年，改善率估计已剔除
2024,女,0-4,0.3,0.025,实际,真实数据,[真实数据] C&SD表115-01023年龄性别死亡率；2022为疫情年，改善率估计已剔除
2024,女,10-14,0.1,0.0125,实际,真实数据,[真实数据] C&SD表115-01023年龄性别死亡率；2022为疫情年，改善率估计已剔除
2024,女,15-19,0.1,0.0125,实际,真实数据,[真实数据] C&SD表115-01023年龄性别死亡率；2022为疫情年，改善率估计已剔除
2024,女,20-24,0.2,0.0125,实际,真实数据,[真实数据] C&SD表115-01023年龄性别死亡率；2022为疫情年，改善率估计已剔除
2024,女,25-29,0.2,0.0125,实际,真实数据,[真实数据] C&SD表115-01023年龄性别死亡率；2022为疫情年，改善率估计已剔除
2024,女,30-34,0.3,0.0125,实际,真实数据,[真实数据] C&SD表115-01023年龄性别死亡率；2022为疫情年，改善率估计已剔除
2024,女,35-39,0.4,0.0125,实际,真实数据,[真实数据] C&SD表115-01023年龄性别死亡率；2022为疫情年，改善率估计已剔除
2024,女,40-44,0.5,0.0125,实际,真实数据,[真实数据] C&SD表115-01023年龄性别死亡率；2022为疫情年，改善率估计已剔除
2024,女,45-49,1.0,0.011375,实际,真实数据,[真实数据] C&SD表115-01023年龄性别死亡率；2022为疫情年，改善率估计已剔除
2024,女,5-9,0.1,0.0125,实际,真实数据,[真实数据] C&SD表115-01023年龄性别死亡率；2022为疫情年，改善率估计已剔除
2024,女,50-54,1.6,0.011375,实际,真实数据,[真实数据] C&SD表115-01023年龄性别死亡率；2022为疫情年，改善率估计已剔除
2024,女,55-59,2.4,0.011375,实际,真实数据,[真实数据] C&SD表115-01023年龄性别死亡率；2022为疫情年，改善率估计已剔除
2024,女,60-64,3.6,0.007625,实际,真实数据,[真实数据] C&SD表115-01023年龄性别死亡率；2022为疫情年，改善率估计已剔除
2024,女,65-69,5.0,0.007625,实际,真实数据,[真实数据] C&SD表115-01023年龄性别死亡率；2022为疫情年，改善率估计已剔除
2024,女,70-74,8.4,0.007625,实际,真实数据,[真实数据] C&SD表115-01023年龄性别死亡率；2022为疫情年，改善率估计已剔除
2024,女,75-79,13.7,0.007625,实际,真实数据,[真实数据] C&SD表115-01023年龄性别死亡率；2022为疫情年，改善率估计已剔除
2024,女,80-84,29.4,0.007625,实际,真实数据,[真实数据] C&SD表115-01023年龄性别死亡率；2022为疫情年，改善率估计已剔除
2024,女,85+,81.4,0.006816,实际,真实数据,[真实数据] C&SD表115-01023年龄性别死亡率；2022为疫情年，改善率估计已剔除
2024,男,0-4,0.6,0.0125,实际,真实数据,[真实数据] C&SD表115-01023年龄性别死亡率；2022为疫情年，改善率估计已剔除
2024,男,10-14,0.1,0.0125,实际,真实数据,[真实数据] C&SD表115-01023年龄性别死亡率；2022为疫情年，改善率估计已剔除
2024,男,15-19,0.2,0.0125,实际,真实数据,[真实数据] C&SD表115-01023年龄性别死亡率；2022为疫情年，改善率估计已剔除
2024,男,20-24,0.3,0.0125,实际,真实数据,[真实数据] C&SD表115-01023年龄性别死亡率；2022为疫情年，改善率估计已剔除
2024,男,25-29,0.4,0.0125,实际,真实数据,[真实数据] C&SD表115-01023年龄性别死亡率；2022为疫情年，改善率估计已剔除
2024,男,30-34,0.6,0.0125,实际,真实数据,[真实数据] C&SD表115-01023年龄性别死亡率；2022为疫情年，改善率估计已剔除
2024,男,35-39,0.7,0.0125,实际,真实数据,[真实数据] C&SD表115-01023年龄性别死亡率；2022为疫情年，改善率估计已剔除
2024,男,40-44,1.2,0.0125,实际,真实数据,[真实数据] C&SD表115-01023年龄性别死亡率；2022为疫情年，改善率估计已剔除
2024,男,45-49,2.0,0.011375,实际,真实数据,[真实数据] C&SD表115-01023年龄性别死亡率；2022为疫情年，改善率估计已剔除
2024,男,5-9,0.1,0.0125,实际,真实数据,[真实数据] C&SD表115-01023年龄性别死亡率；2022为疫情年，改善率估计已剔除
2024,男,50-54,3.2,0.010125,实际,真实数据,[真实数据] C&SD表115-01023年龄性别死亡率；2022为疫情年，改善率估计已剔除
2024,男,55-59,4.8,0.010125,实际,真实数据,[真实数据] C&SD表115-01023年龄性别死亡率；2022为疫情年，改善率估计已剔除
2024,男,60-64,6.9,0.010125,实际,真实数据,[真实数据] C&SD表115-01023年龄性别死亡率；2022为疫情年，改善率估计已剔除
2024,男,65-69,11.1,0.010125,实际,真实数据,[真实数据] C&SD表115-01023年龄性别死亡率；2022为疫情年，改善率估计已剔除
2024,男,70-74,17.3,0.010125,实际,真实数据,[真实数据] C&SD表115-01023年龄性别死亡率；2022为疫情年，改善率估计已剔除
2024,男,75-79,26.6,0.010125,实际,真实数据,[真实数据] C&SD表115-01023年龄性别死亡率；2022为疫情年，改善率估计已剔除
2024,男,80-84,51.1,0.00528,实际,真实数据,[真实数据] C&SD表115-01023年龄性别死亡率；2022为疫情年，改善率估计已剔除
2024,男,85+,96.9,0.00528,实际,真实数据,[真实数据] C&SD表115-01023年龄性别死亡率；2022为疫情年，改善率估计已剔除
2025,女,0-4,0.52,0.025,实际,真实数据,[真实数据] C&SD表115-01023年龄性别死亡率；2022为疫情年，改善率估计已剔除
2025,女,10-14,0.1,0.0125,实际,真实数据,[真实数据] C&SD表115-01023年龄性别死亡率；2022为疫情年，改善率估计已剔除
2025,女,15-19,0.2,0.0125,实际,真实数据,[真实数据] C&SD表115-01023年龄性别死亡率；2022为疫情年，改善率估计已剔除
2025,女,20-24,0.2,0.0125,实际,真实数据,[真实数据] C&SD表115-01023年龄性别死亡率；2022为疫情年，改善率估计已剔除
2025,女,25-29,0.2,0.0125,实际,真实数据,[真实数据] C&SD表115-01023年龄性别死亡率；2022为疫情年，改善率估计已剔除
2025,女,30-34,0.3,0.0125,实际,真实数据,[真实数据] C&SD表115-01023年龄性别死亡率；2022为疫情年，改善率估计已剔除
2025,女,35-39,0.3,0.0125,实际,真实数据,[真实数据] C&SD表115-01023年龄性别死亡率；2022为疫情年，改善率估计已剔除
2025,女,40-44,0.6,0.0125,实际,真实数据,[真实数据] C&SD表115-01023年龄性别死亡率；2022为疫情年，改善率估计已剔除
2025,女,45-49,1.0,0.011375,实际,真实数据,[真实数据] C&SD表115-01023年龄性别死亡率；2022为疫情年，改善率估计已剔除
2025,女,5-9,0.1,0.0125,实际,真实数据,[真实数据] C&SD表115-01023年龄性别死亡率；2022为疫情年，改善率估计已剔除
2025,女,50-54,1.5,0.011375,实际,真实数据,[真实数据] C&SD表115-01023年龄性别死亡率；2022为疫情年，改善率估计已剔除
2025,女,55-59,2.2,0.011375,实际,真实数据,[真实数据] C&SD表115-01023年龄性别死亡率；2022为疫情年，改善率估计已剔除
2025,女,60-64,3.3,0.007625,实际,真实数据,[真实数据] C&SD表115-01023年龄性别死亡率；2022为疫情年，改善率估计已剔除
2025,女,65-69,4.8,0.007625,实际,真实数据,[真实数据] C&SD表115-01023年龄性别死亡率；2022为疫情年，改善率估计已剔除
2025,女,70-74,7.8,0.007625,实际,真实数据,[真实数据] C&SD表115-01023年龄性别死亡率；2022为疫情年，改善率估计已剔除
2025,女,75-79,12.4,0.007625,实际,真实数据,[真实数据] C&SD表115-01023年龄性别死亡率；2022为疫情年，改善率估计已剔除
2025,女,80-84,26.1,0.007625,实际,真实数据,[真实数据] C&SD表115-01023年龄性别死亡率；2022为疫情年，改善率估计已剔除
2025,女,85+,76.1,0.006816,实际,真实数据,[真实数据] C&SD表115-01023年龄性别死亡率；2022为疫情年，改善率估计已剔除
2025,男,0-4,0.46,0.0125,实际,真实数据,[真实数据] C&SD表115-01023年龄性别死亡率；2022为疫情年，改善率估计已剔除
2025,男,10-14,0.1,0.0125,实际,真实数据,[真实数据] C&SD表115-01023年龄性别死亡率；2022为疫情年，改善率估计已剔除
2025,男,15-19,0.2,0.0125,实际,真实数据,[真实数据] C&SD表115-01023年龄性别死亡率；2022为疫情年，改善率估计已剔除
2025,男,20-24,0.4,0.0125,实际,真实数据,[真实数据] C&SD表115-01023年龄性别死亡率；2022为疫情年，改善率估计已剔除
2025,男,25-29,0.4,0.0125,实际,真实数据,[真实数据] C&SD表115-01023年龄性别死亡率；2022为疫情年，改善率估计已剔除
2025,男,30-34,0.6,0.0125,实际,真实数据,[真实数据] C&SD表115-01023年龄性别死亡率；2022为疫情年，改善率估计已剔除
2025,男,35-39,0.8,0.0125,实际,真实数据,[真实数据] C&SD表115-01023年龄性别死亡率；2022为疫情年，改善率估计已剔除
2025,男,40-44,1.1,0.0125,实际,真实数据,[真实数据] C&SD表115-01023年龄性别死亡率；2022为疫情年，改善率估计已剔除
2025,男,45-49,2.0,0.011375,实际,真实数据,[真实数据] C&SD表115-01023年龄性别死亡率；2022为疫情年，改善率估计已剔除
2025,男,5-9,0.1,0.0125,实际,真实数据,[真实数据] C&SD表115-01023年龄性别死亡率；2022为疫情年，改善率估计已剔除
2025,男,50-54,2.8,0.010125,实际,真实数据,[真实数据] C&SD表115-01023年龄性别死亡率；2022为疫情年，改善率估计已剔除
2025,男,55-59,4.5,0.010125,实际,真实数据,[真实数据] C&SD表115-01023年龄性别死亡率；2022为疫情年，改善率估计已剔除
2025,男,60-64,7.0,0.010125,实际,真实数据,[真实数据] C&SD表115-01023年龄性别死亡率；2022为疫情年，改善率估计已剔除
2025,男,65-69,9.9,0.010125,实际,真实数据,[真实数据] C&SD表115-01023年龄性别死亡率；2022为疫情年，改善率估计已剔除
2025,男,70-74,15.8,0.010125,实际,真实数据,[真实数据] C&SD表115-01023年龄性别死亡率；2022为疫情年，改善率估计已剔除
2025,男,75-79,25.0,0.010125,实际,真实数据,[真实数据] C&SD表115-01023年龄性别死亡率；2022为疫情年，改善率估计已剔除
2025,男,80-84,47.3,0.00528,实际,真实数据,[真实数据] C&SD表115-01023年龄性别死亡率；2022为疫情年，改善率估计已剔除
2025,男,85+,94.6,0.00528,实际,真实数据,[真实数据] C&SD表115-01023年龄性别死亡率；2022为疫情年，改善率估计已剔除
2026,女,0-4,0.2852,0.025,预测,假设,[假设] 以2024实际为锚，按2020-2024剔2022经验+年龄递减先验各半的年化改善率外推；改善率随年龄组上升而递减
2026,女,10-14,0.0975,0.0125,预测,假设,[假设] 以2024实际为锚，按2020-2024剔2022经验+年龄递减先验各半的年化改善率外推；改善率随年龄组上升而递减
2026,女,15-19,0.0975,0.0125,预测,假设,[假设] 以2024实际为锚，按2020-2024剔2022经验+年龄递减先验各半的年化改善率外推；改善率随年龄组上升而递减
2026,女,20-24,0.195,0.0125,预测,假设,[假设] 以2024实际为锚，按2020-2024剔2022经验+年龄递减先验各半的年化改善率外推；改善率随年龄组上升而递减
2026,女,25-29,0.195,0.0125,预测,假设,[假设] 以2024实际为锚，按2020-2024剔2022经验+年龄递减先验各半的年化改善率外推；改善率随年龄组上升而递减
2026,女,30-34,0.2925,0.0125,预测,假设,[假设] 以2024实际为锚，按2020-2024剔2022经验+年龄递减先验各半的年化改善率外推；改善率随年龄组上升而递减
2026,女,35-39,0.3901,0.0125,预测,假设,[假设] 以2024实际为锚，按2020-2024剔2022经验+年龄递减先验各半的年化改善率外推；改善率随年龄组上升而递减
2026,女,40-44,0.4876,0.0125,预测,假设,[假设] 以2024实际为锚，按2020-2024剔2022经验+年龄递减先验各半的年化改善率外推；改善率随年龄组上升而递减
2026,女,45-49,0.9774,0.011375,预测,假设,[假设] 以2024实际为锚，按2020-2024剔2022经验+年龄递减先验各半的年化改善率外推；改善率随年龄组上升而递减
2026,女,5-9,0.0975,0.0125,预测,假设,[假设] 以2024实际为锚，按2020-2024剔2022经验+年龄递减先验各半的年化改善率外推；改善率随年龄组上升而递减
2026,女,50-54,1.5638,0.011375,预测,假设,[假设] 以2024实际为锚，按2020-2024剔2022经验+年龄递减先验各半的年化改善率外推；改善率随年龄组上升而递减
2026,女,55-59,2.3457,0.011375,预测,假设,[假设] 以2024实际为锚，按2020-2024剔2022经验+年龄递减先验各半的年化改善率外推；改善率随年龄组上升而递减
2026,女,60-64,3.5453,0.007625,预测,假设,[假设] 以2024实际为锚，按2020-2024剔2022经验+年龄递减先验各半的年化改善率外推；改善率随年龄组上升而递减
2026,女,65-69,4.924,0.007625,预测,假设,[假设] 以2024实际为锚，按2020-2024剔2022经验+年龄递减先验各半的年化改善率外推；改善率随年龄组上升而递减
2026,女,70-74,8.2724,0.007625,预测,假设,[假设] 以2024实际为锚，按2020-2024剔2022经验+年龄递减先验各半的年化改善率外推；改善率随年龄组上升而递减
2026,女,75-79,13.4919,0.007625,预测,假设,[假设] 以2024实际为锚，按2020-2024剔2022经验+年龄递减先验各半的年化改善率外推；改善率随年龄组上升而递减
2026,女,80-84,28.9534,0.007625,预测,假设,[假设] 以2024实际为锚，按2020-2024剔2022经验+年龄递减先验各半的年化改善率外推；改善率随年龄组上升而递减
2026,女,85+,80.2941,0.006816,预测,假设,[假设] 以2024实际为锚，按2020-2024剔2022经验+年龄递减先验各半的年化改善率外推；改善率随年龄组上升而递减
2026,男,0-4,0.5851,0.0125,预测,假设,[假设] 以2024实际为锚，按2020-2024剔2022经验+年龄递减先验各半的年化改善率外推；改善率随年龄组上升而递减
2026,男,10-14,0.0975,0.0125,预测,假设,[假设] 以2024实际为锚，按2020-2024剔2022经验+年龄递减先验各半的年化改善率外推；改善率随年龄组上升而递减
2026,男,15-19,0.195,0.0125,预测,假设,[假设] 以2024实际为锚，按2020-2024剔2022经验+年龄递减先验各半的年化改善率外推；改善率随年龄组上升而递减
2026,男,20-24,0.2925,0.0125,预测,假设,[假设] 以2024实际为锚，按2020-2024剔2022经验+年龄递减先验各半的年化改善率外推；改善率随年龄组上升而递减
2026,男,25-29,0.3901,0.0125,预测,假设,[假设] 以2024实际为锚，按2020-2024剔2022经验+年龄递减先验各半的年化改善率外推；改善率随年龄组上升而递减
2026,男,30-34,0.5851,0.0125,预测,假设,[假设] 以2024实际为锚，按2020-2024剔2022经验+年龄递减先验各半的年化改善率外推；改善率随年龄组上升而递减
2026,男,35-39,0.6826,0.0125,预测,假设,[假设] 以2024实际为锚，按2020-2024剔2022经验+年龄递减先验各半的年化改善率外推；改善率随年龄组上升而递减
2026,男,40-44,1.1702,0.0125,预测,假设,[假设] 以2024实际为锚，按2020-2024剔2022经验+年龄递减先验各半的年化改善率外推；改善率随年龄组上升而递减
2026,男,45-49,1.9548,0.011375,预测,假设,[假设] 以2024实际为锚，按2020-2024剔2022经验+年龄递减先验各半的年化改善率外推；改善率随年龄组上升而递减
2026,男,5-9,0.0975,0.0125,预测,假设,[假设] 以2024实际为锚，按2020-2024剔2022经验+年龄递减先验各半的年化改善率外推；改善率随年龄组上升而递减
2026,男,50-54,3.1355,0.010125,预测,假设,[假设] 以2024实际为锚，按2020-2024剔2022经验+年龄递减先验各半的年化改善率外推；改善率随年龄组上升而递减
2026,男,55-59,4.7033,0.010125,预测,假设,[假设] 以2024实际为锚，按2020-2024剔2022经验+年龄递减先验各半的年化改善率外推；改善率随年龄组上升而递减
2026,男,60-64,6.761,0.010125,预测,假设,[假设] 以2024实际为锚，按2020-2024剔2022经验+年龄递减先验各半的年化改善率外推；改善率随年龄组上升而递减
2026,男,65-69,10.8764,0.010125,预测,假设,[假设] 以2024实际为锚，按2020-2024剔2022经验+年龄递减先验各半的年化改善率外推；改善率随年龄组上升而递减
2026,男,70-74,16.9514,0.010125,预测,假设,[假设] 以2024实际为锚，按2020-2024剔2022经验+年龄递减先验各半的年化改善率外推；改善率随年龄组上升而递减
2026,男,75-79,26.0641,0.010125,预测,假设,[假设] 以2024实际为锚，按2020-2024剔2022经验+年龄递减先验各半的年化改善率外推；改善率随年龄组上升而递减
2026,男,80-84,50.5618,0.00528,预测,假设,[假设] 以2024实际为锚，按2020-2024剔2022经验+年龄递减先验各半的年化改善率外推；改善率随年龄组上升而递减
2026,男,85+,95.8794,0.00528,预测,假设,[假设] 以2024实际为锚，按2020-2024剔2022经验+年龄递减先验各半的年化改善率外推；改善率随年龄组上升而递减
2027,女,0-4,0.2781,0.025,预测,假设,[假设] 以2024实际为锚，按2020-2024剔2022经验+年龄递减先验各半的年化改善率外推；改善率随年龄组上升而递减
2027,女,10-14,0.0963,0.0125,预测,假设,[假设] 以2024实际为锚，按2020-2024剔2022经验+年龄递减先验各半的年化改善率外推；改善率随年龄组上升而递减
2027,女,15-19,0.0963,0.0125,预测,假设,[假设] 以2024实际为锚，按2020-2024剔2022经验+年龄递减先验各半的年化改善率外推；改善率随年龄组上升而递减
2027,女,20-24,0.1926,0.0125,预测,假设,[假设] 以2024实际为锚，按2020-2024剔2022经验+年龄递减先验各半的年化改善率外推；改善率随年龄组上升而递减
2027,女,25-29,0.1926,0.0125,预测,假设,[假设] 以2024实际为锚，按2020-2024剔2022经验+年龄递减先验各半的年化改善率外推；改善率随年龄组上升而递减
2027,女,30-34,0.2889,0.0125,预测,假设,[假设] 以2024实际为锚，按2020-2024剔2022经验+年龄递减先验各半的年化改善率外推；改善率随年龄组上升而递减
2027,女,35-39,0.3852,0.0125,预测,假设,[假设] 以2024实际为锚，按2020-2024剔2022经验+年龄递减先验各半的年化改善率外推；改善率随年龄组上升而递减
2027,女,40-44,0.4815,0.0125,预测,假设,[假设] 以2024实际为锚，按2020-2024剔2022经验+年龄递减先验各半的年化改善率外推；改善率随年龄组上升而递减
2027,女,45-49,0.9663,0.011375,预测,假设,[假设] 以2024实际为锚，按2020-2024剔2022经验+年龄递减先验各半的年化改善率外推；改善率随年龄组上升而递减
2027,女,5-9,0.0963,0.0125,预测,假设,[假设] 以2024实际为锚，按2020-2024剔2022经验+年龄递减先验各半的年化改善率外推；改善率随年龄组上升而递减
2027,女,50-54,1.546,0.011375,预测,假设,[假设] 以2024实际为锚，按2020-2024剔2022经验+年龄递减先验各半的年化改善率外推；改善率随年龄组上升而递减
2027,女,55-59,2.319,0.011375,预测,假设,[假设] 以2024实际为锚，按2020-2024剔2022经验+年龄递减先验各半的年化改善率外推；改善率随年龄组上升而递减
2027,女,60-64,3.5183,0.007625,预测,假设,[假设] 以2024实际为锚，按2020-2024剔2022经验+年龄递减先验各半的年化改善率外推；改善率随年龄组上升而递减
2027,女,65-69,4.8865,0.007625,预测,假设,[假设] 以2024实际为锚，按2020-2024剔2022经验+年龄递减先验各半的年化改善率外推；改善率随年龄组上升而递减
2027,女,70-74,8.2093,0.007625,预测,假设,[假设] 以2024实际为锚，按2020-2024剔2022经验+年龄递减先验各半的年化改善率外推；改善率随年龄组上升而递减
2027,女,75-79,13.389,0.007625,预测,假设,[假设] 以2024实际为锚，按2020-2024剔2022经验+年龄递减先验各半的年化改善率外推；改善率随年龄组上升而递减
2027,女,80-84,28.7326,0.007625,预测,假设,[假设] 以2024实际为锚，按2020-2024剔2022经验+年龄递减先验各半的年化改善率外推；改善率随年龄组上升而递减
2027,女,85+,79.7469,0.006816,预测,假设,[假设] 以2024实际为锚，按2020-2024剔2022经验+年龄递减先验各半的年化改善率外推；改善率随年龄组上升而递减
2027,男,0-4,0.5778,0.0125,预测,假设,[假设] 以2024实际为锚，按2020-2024剔2022经验+年龄递减先验各半的年化改善率外推；改善率随年龄组上升而递减
2027,男,10-14,0.0963,0.0125,预测,假设,[假设] 以2024实际为锚，按2020-2024剔2022经验+年龄递减先验各半的年化改善率外推；改善率随年龄组上升而递减
2027,男,15-19,0.1926,0.0125,预测,假设,[假设] 以2024实际为锚，按2020-2024剔2022经验+年龄递减先验各半的年化改善率外推；改善率随年龄组上升而递减
2027,男,20-24,0.2889,0.0125,预测,假设,[假设] 以2024实际为锚，按2020-2024剔2022经验+年龄递减先验各半的年化改善率外推；改善率随年龄组上升而递减
2027,男,25-29,0.3852,0.0125,预测,假设,[假设] 以2024实际为锚，按2020-2024剔2022经验+年龄递减先验各半的年化改善率外推；改善率随年龄组上升而递减
2027,男,30-34,0.5778,0.0125,预测,假设,[假设] 以2024实际为锚，按2020-2024剔2022经验+年龄递减先验各半的年化改善率外推；改善率随年龄组上升而递减
2027,男,35-39,0.6741,0.0125,预测,假设,[假设] 以2024实际为锚，按2020-2024剔2022经验+年龄递减先验各半的年化改善率外推；改善率随年龄组上升而递减
2027,男,40-44,1.1556,0.0125,预测,假设,[假设] 以2024实际为锚，按2020-2024剔2022经验+年龄递减先验各半的年化改善率外推；改善率随年龄组上升而递减
2027,男,45-49,1.9325,0.011375,预测,假设,[假设] 以2024实际为锚，按2020-2024剔2022经验+年龄递减先验各半的年化改善率外推；改善率随年龄组上升而递减
2027,男,5-9,0.0963,0.0125,预测,假设,[假设] 以2024实际为锚，按2020-2024剔2022经验+年龄递减先验各半的年化改善率外推；改善率随年龄组上升而递减
2027,男,50-54,3.1038,0.010125,预测,假设,[假设] 以2024实际为锚，按2020-2024剔2022经验+年龄递减先验各半的年化改善率外推；改善率随年龄组上升而递减
2027,男,55-59,4.6557,0.010125,预测,假设,[假设] 以2024实际为锚，按2020-2024剔2022经验+年龄递减先验各半的年化改善率外推；改善率随年龄组上升而递减
2027,男,60-64,6.6925,0.010125,预测,假设,[假设] 以2024实际为锚，按2020-2024剔2022经验+年龄递减先验各半的年化改善率外推；改善率随年龄组上升而递减
2027,男,65-69,10.7662,0.010125,预测,假设,[假设] 以2024实际为锚，按2020-2024剔2022经验+年龄递减先验各半的年化改善率外推；改善率随年龄组上升而递减
2027,男,70-74,16.7798,0.010125,预测,假设,[假设] 以2024实际为锚，按2020-2024剔2022经验+年龄递减先验各半的年化改善率外推；改善率随年龄组上升而递减
2027,男,75-79,25.8002,0.010125,预测,假设,[假设] 以2024实际为锚，按2020-2024剔2022经验+年龄递减先验各半的年化改善率外推；改善率随年龄组上升而递减
2027,男,80-84,50.2948,0.00528,预测,假设,[假设] 以2024实际为锚，按2020-2024剔2022经验+年龄递减先验各半的年化改善率外推；改善率随年龄组上升而递减
2027,男,85+,95.3732,0.00528,预测,假设,[假设] 以2024实际为锚，按2020-2024剔2022经验+年龄递减先验各半的年化改善率外推；改善率随年龄组上升而递减
2028,女,0-4,0.2711,0.025,预测,假设,[假设] 以2024实际为锚，按2020-2024剔2022经验+年龄递减先验各半的年化改善率外推；改善率随年龄组上升而递减
2028,女,10-14,0.0951,0.0125,预测,假设,[假设] 以2024实际为锚，按2020-2024剔2022经验+年龄递减先验各半的年化改善率外推；改善率随年龄组上升而递减
2028,女,15-19,0.0951,0.0125,预测,假设,[假设] 以2024实际为锚，按2020-2024剔2022经验+年龄递减先验各半的年化改善率外推；改善率随年龄组上升而递减
2028,女,20-24,0.1902,0.0125,预测,假设,[假设] 以2024实际为锚，按2020-2024剔2022经验+年龄递减先验各半的年化改善率外推；改善率随年龄组上升而递减
2028,女,25-29,0.1902,0.0125,预测,假设,[假设] 以2024实际为锚，按2020-2024剔2022经验+年龄递减先验各半的年化改善率外推；改善率随年龄组上升而递减
2028,女,30-34,0.2853,0.0125,预测,假设,[假设] 以2024实际为锚，按2020-2024剔2022经验+年龄递减先验各半的年化改善率外推；改善率随年龄组上升而递减
2028,女,35-39,0.3804,0.0125,预测,假设,[假设] 以2024实际为锚，按2020-2024剔2022经验+年龄递减先验各半的年化改善率外推；改善率随年龄组上升而递减
2028,女,40-44,0.4755,0.0125,预测,假设,[假设] 以2024实际为锚，按2020-2024剔2022经验+年龄递减先验各半的年化改善率外推；改善率随年龄组上升而递减
2028,女,45-49,0.9553,0.011375,预测,假设,[假设] 以2024实际为锚，按2020-2024剔2022经验+年龄递减先验各半的年化改善率外推；改善率随年龄组上升而递减
2028,女,5-9,0.0951,0.0125,预测,假设,[假设] 以2024实际为锚，按2020-2024剔2022经验+年龄递减先验各半的年化改善率外推；改善率随年龄组上升而递减
2028,女,50-54,1.5284,0.011375,预测,假设,[假设] 以2024实际为锚，按2020-2024剔2022经验+年龄递减先验各半的年化改善率外推；改善率随年龄组上升而递减
2028,女,55-59,2.2926,0.011375,预测,假设,[假设] 以2024实际为锚，按2020-2024剔2022经验+年龄递减先验各半的年化改善率外推；改善率随年龄组上升而递减
2028,女,60-64,3.4914,0.007625,预测,假设,[假设] 以2024实际为锚，按2020-2024剔2022经验+年龄递减先验各半的年化改善率外推；改善率随年龄组上升而递减
2028,女,65-69,4.8492,0.007625,预测,假设,[假设] 以2024实际为锚，按2020-2024剔2022经验+年龄递减先验各半的年化改善率外推；改善率随年龄组上升而递减
2028,女,70-74,8.1467,0.007625,预测,假设,[假设] 以2024实际为锚，按2020-2024剔2022经验+年龄递减先验各半的年化改善率外推；改善率随年龄组上升而递减
2028,女,75-79,13.2869,0.007625,预测,假设,[假设] 以2024实际为锚，按2020-2024剔2022经验+年龄递减先验各半的年化改善率外推；改善率随年龄组上升而递减
2028,女,80-84,28.5135,0.007625,预测,假设,[假设] 以2024实际为锚，按2020-2024剔2022经验+年龄递减先验各半的年化改善率外推；改善率随年龄组上升而递减
2028,女,85+,79.2033,0.006816,预测,假设,[假设] 以2024实际为锚，按2020-2024剔2022经验+年龄递减先验各半的年化改善率外推；改善率随年龄组上升而递减
2028,男,0-4,0.5706,0.0125,预测,假设,[假设] 以2024实际为锚，按2020-2024剔2022经验+年龄递减先验各半的年化改善率外推；改善率随年龄组上升而递减
2028,男,10-14,0.0951,0.0125,预测,假设,[假设] 以2024实际为锚，按2020-2024剔2022经验+年龄递减先验各半的年化改善率外推；改善率随年龄组上升而递减
2028,男,15-19,0.1902,0.0125,预测,假设,[假设] 以2024实际为锚，按2020-2024剔2022经验+年龄递减先验各半的年化改善率外推；改善率随年龄组上升而递减
2028,男,20-24,0.2853,0.0125,预测,假设,[假设] 以2024实际为锚，按2020-2024剔2022经验+年龄递减先验各半的年化改善率外推；改善率随年龄组上升而递减
2028,男,25-29,0.3804,0.0125,预测,假设,[假设] 以2024实际为锚，按2020-2024剔2022经验+年龄递减先验各半的年化改善率外推；改善率随年龄组上升而递减
2028,男,30-34,0.5706,0.0125,预测,假设,[假设] 以2024实际为锚，按2020-2024剔2022经验+年龄递减先验各半的年化改善率外推；改善率随年龄组上升而递减
2028,男,35-39,0.6657,0.0125,预测,假设,[假设] 以2024实际为锚，按2020-2024剔2022经验+年龄递减先验各半的年化改善率外推；改善率随年龄组上升而递减
2028,男,40-44,1.1411,0.0125,预测,假设,[假设] 以2024实际为锚，按2020-2024剔2022经验+年龄递减先验各半的年化改善率外推；改善率随年龄组上升而递减
2028,男,45-49,1.9105,0.011375,预测,假设,[假设] 以2024实际为锚，按2020-2024剔2022经验+年龄递减先验各半的年化改善率外推；改善率随年龄组上升而递减
2028,男,5-9,0.0951,0.0125,预测,假设,[假设] 以2024实际为锚，按2020-2024剔2022经验+年龄递减先验各半的年化改善率外推；改善率随年龄组上升而递减
2028,男,50-54,3.0724,0.010125,预测,假设,[假设] 以2024实际为锚，按2020-2024剔2022经验+年龄递减先验各半的年化改善率外推；改善率随年龄组上升而递减
2028,男,55-59,4.6085,0.010125,预测,假设,[假设] 以2024实际为锚，按2020-2024剔2022经验+年龄递减先验各半的年化改善率外推；改善率随年龄组上升而递减
2028,男,60-64,6.6248,0.010125,预测,假设,[假设] 以2024实际为锚，按2020-2024剔2022经验+年龄递减先验各半的年化改善率外推；改善率随年龄组上升而递减
2028,男,65-69,10.6572,0.010125,预测,假设,[假设] 以2024实际为锚，按2020-2024剔2022经验+年龄递减先验各半的年化改善率外推；改善率随年龄组上升而递减
2028,男,70-74,16.6099,0.010125,预测,假设,[假设] 以2024实际为锚，按2020-2024剔2022经验+年龄递减先验各半的年化改善率外推；改善率随年龄组上升而递减
2028,男,75-79,25.539,0.010125,预测,假设,[假设] 以2024实际为锚，按2020-2024剔2022经验+年龄递减先验各半的年化改善率外推；改善率随年龄组上升而递减
2028,男,80-84,50.0293,0.00528,预测,假设,[假设] 以2024实际为锚，按2020-2024剔2022经验+年龄递减先验各半的年化改善率外推；改善率随年龄组上升而递减
2028,男,85+,94.8696,0.00528,预测,假设,[假设] 以2024实际为锚，按2020-2024剔2022经验+年龄递减先验各半的年化改善率外推；改善率随年龄组上升而递减
2029,女,0-4,0.2643,0.025,预测,假设,[假设] 以2024实际为锚，按2020-2024剔2022经验+年龄递减先验各半的年化改善率外推；改善率随年龄组上升而递减
2029,女,10-14,0.0939,0.0125,预测,假设,[假设] 以2024实际为锚，按2020-2024剔2022经验+年龄递减先验各半的年化改善率外推；改善率随年龄组上升而递减
2029,女,15-19,0.0939,0.0125,预测,假设,[假设] 以2024实际为锚，按2020-2024剔2022经验+年龄递减先验各半的年化改善率外推；改善率随年龄组上升而递减
2029,女,20-24,0.1878,0.0125,预测,假设,[假设] 以2024实际为锚，按2020-2024剔2022经验+年龄递减先验各半的年化改善率外推；改善率随年龄组上升而递减
2029,女,25-29,0.1878,0.0125,预测,假设,[假设] 以2024实际为锚，按2020-2024剔2022经验+年龄递减先验各半的年化改善率外推；改善率随年龄组上升而递减
2029,女,30-34,0.2817,0.0125,预测,假设,[假设] 以2024实际为锚，按2020-2024剔2022经验+年龄递减先验各半的年化改善率外推；改善率随年龄组上升而递减
2029,女,35-39,0.3756,0.0125,预测,假设,[假设] 以2024实际为锚，按2020-2024剔2022经验+年龄递减先验各半的年化改善率外推；改善率随年龄组上升而递减
2029,女,40-44,0.4695,0.0125,预测,假设,[假设] 以2024实际为锚，按2020-2024剔2022经验+年龄递减先验各半的年化改善率外推；改善率随年龄组上升而递减
2029,女,45-49,0.9444,0.011375,预测,假设,[假设] 以2024实际为锚，按2020-2024剔2022经验+年龄递减先验各半的年化改善率外推；改善率随年龄组上升而递减
2029,女,5-9,0.0939,0.0125,预测,假设,[假设] 以2024实际为锚，按2020-2024剔2022经验+年龄递减先验各半的年化改善率外推；改善率随年龄组上升而递减
2029,女,50-54,1.511,0.011375,预测,假设,[假设] 以2024实际为锚，按2020-2024剔2022经验+年龄递减先验各半的年化改善率外推；改善率随年龄组上升而递减
2029,女,55-59,2.2666,0.011375,预测,假设,[假设] 以2024实际为锚，按2020-2024剔2022经验+年龄递减先验各半的年化改善率外推；改善率随年龄组上升而递减
2029,女,60-64,3.4648,0.007625,预测,假设,[假设] 以2024实际为锚，按2020-2024剔2022经验+年龄递减先验各半的年化改善率外推；改善率随年龄组上升而递减
2029,女,65-69,4.8123,0.007625,预测,假设,[假设] 以2024实际为锚，按2020-2024剔2022经验+年龄递减先验各半的年化改善率外推；改善率随年龄组上升而递减
2029,女,70-74,8.0846,0.007625,预测,假设,[假设] 以2024实际为锚，按2020-2024剔2022经验+年龄递减先验各半的年化改善率外推；改善率随年龄组上升而递减
2029,女,75-79,13.1856,0.007625,预测,假设,[假设] 以2024实际为锚，按2020-2024剔2022经验+年龄递减先验各半的年化改善率外推；改善率随年龄组上升而递减
2029,女,80-84,28.2961,0.007625,预测,假设,[假设] 以2024实际为锚，按2020-2024剔2022经验+年龄递减先验各半的年化改善率外推；改善率随年龄组上升而递减
2029,女,85+,78.6634,0.006816,预测,假设,[假设] 以2024实际为锚，按2020-2024剔2022经验+年龄递减先验各半的年化改善率外推；改善率随年龄组上升而递减
2029,男,0-4,0.5634,0.0125,预测,假设,[假设] 以2024实际为锚，按2020-2024剔2022经验+年龄递减先验各半的年化改善率外推；改善率随年龄组上升而递减
2029,男,10-14,0.0939,0.0125,预测,假设,[假设] 以2024实际为锚，按2020-2024剔2022经验+年龄递减先验各半的年化改善率外推；改善率随年龄组上升而递减
2029,男,15-19,0.1878,0.0125,预测,假设,[假设] 以2024实际为锚，按2020-2024剔2022经验+年龄递减先验各半的年化改善率外推；改善率随年龄组上升而递减
2029,男,20-24,0.2817,0.0125,预测,假设,[假设] 以2024实际为锚，按2020-2024剔2022经验+年龄递减先验各半的年化改善率外推；改善率随年龄组上升而递减
2029,男,25-29,0.3756,0.0125,预测,假设,[假设] 以2024实际为锚，按2020-2024剔2022经验+年龄递减先验各半的年化改善率外推；改善率随年龄组上升而递减
2029,男,30-34,0.5634,0.0125,预测,假设,[假设] 以2024实际为锚，按2020-2024剔2022经验+年龄递减先验各半的年化改善率外推；改善率随年龄组上升而递减
2029,男,35-39,0.6573,0.0125,预测,假设,[假设] 以2024实际为锚，按2020-2024剔2022经验+年龄递减先验各半的年化改善率外推；改善率随年龄组上升而递减
2029,男,40-44,1.1269,0.0125,预测,假设,[假设] 以2024实际为锚，按2020-2024剔2022经验+年龄递减先验各半的年化改善率外推；改善率随年龄组上升而递减
2029,男,45-49,1.8888,0.011375,预测,假设,[假设] 以2024实际为锚，按2020-2024剔2022经验+年龄递减先验各半的年化改善率外推；改善率随年龄组上升而递减
2029,男,5-9,0.0939,0.0125,预测,假设,[假设] 以2024实际为锚，按2020-2024剔2022经验+年龄递减先验各半的年化改善率外推；改善率随年龄组上升而递减
2029,男,50-54,3.0412,0.010125,预测,假设,[假设] 以2024实际为锚，按2020-2024剔2022经验+年龄递减先验各半的年化改善率外推；改善率随年龄组上升而递减
2029,男,55-59,4.5619,0.010125,预测,假设,[假设] 以2024实际为锚，按2020-2024剔2022经验+年龄递减先验各半的年化改善率外推；改善率随年龄组上升而递减
2029,男,60-64,6.5577,0.010125,预测,假设,[假设] 以2024实际为锚，按2020-2024剔2022经验+年龄递减先验各半的年化改善率外推；改善率随年龄组上升而递减
2029,男,65-69,10.5493,0.010125,预测,假设,[假设] 以2024实际为锚，按2020-2024剔2022经验+年龄递减先验各半的年化改善率外推；改善率随年龄组上升而递减
2029,男,70-74,16.4417,0.010125,预测,假设,[假设] 以2024实际为锚，按2020-2024剔2022经验+年龄递减先验各半的年化改善率外推；改善率随年龄组上升而递减
2029,男,75-79,25.2804,0.010125,预测,假设,[假设] 以2024实际为锚，按2020-2024剔2022经验+年龄递减先验各半的年化改善率外推；改善率随年龄组上升而递减
2029,男,80-84,49.7651,0.00528,预测,假设,[假设] 以2024实际为锚，按2020-2024剔2022经验+年龄递减先验各半的年化改善率外推；改善率随年龄组上升而递减
2029,男,85+,94.3687,0.00528,预测,假设,[假设] 以2024实际为锚，按2020-2024剔2022经验+年龄递减先验各半的年化改善率外推；改善率随年龄组上升而递减
2030,女,0-4,0.2577,0.025,预测,假设,[假设] 以2024实际为锚，按2020-2024剔2022经验+年龄递减先验各半的年化改善率外推；改善率随年龄组上升而递减
2030,女,10-14,0.0927,0.0125,预测,假设,[假设] 以2024实际为锚，按2020-2024剔2022经验+年龄递减先验各半的年化改善率外推；改善率随年龄组上升而递减
2030,女,15-19,0.0927,0.0125,预测,假设,[假设] 以2024实际为锚，按2020-2024剔2022经验+年龄递减先验各半的年化改善率外推；改善率随年龄组上升而递减
2030,女,20-24,0.1855,0.0125,预测,假设,[假设] 以2024实际为锚，按2020-2024剔2022经验+年龄递减先验各半的年化改善率外推；改善率随年龄组上升而递减
2030,女,25-29,0.1855,0.0125,预测,假设,[假设] 以2024实际为锚，按2020-2024剔2022经验+年龄递减先验各半的年化改善率外推；改善率随年龄组上升而递减
2030,女,30-34,0.2782,0.0125,预测,假设,[假设] 以2024实际为锚，按2020-2024剔2022经验+年龄递减先验各半的年化改善率外推；改善率随年龄组上升而递减
2030,女,35-39,0.3709,0.0125,预测,假设,[假设] 以2024实际为锚，按2020-2024剔2022经验+年龄递减先验各半的年化改善率外推；改善率随年龄组上升而递减
2030,女,40-44,0.4637,0.0125,预测,假设,[假设] 以2024实际为锚，按2020-2024剔2022经验+年龄递减先验各半的年化改善率外推；改善率随年龄组上升而递减
2030,女,45-49,0.9337,0.011375,预测,假设,[假设] 以2024实际为锚，按2020-2024剔2022经验+年龄递减先验各半的年化改善率外推；改善率随年龄组上升而递减
2030,女,5-9,0.0927,0.0125,预测,假设,[假设] 以2024实际为锚，按2020-2024剔2022经验+年龄递减先验各半的年化改善率外推；改善率随年龄组上升而递减
2030,女,50-54,1.4939,0.011375,预测,假设,[假设] 以2024实际为锚，按2020-2024剔2022经验+年龄递减先验各半的年化改善率外推；改善率随年龄组上升而递减
2030,女,55-59,2.2408,0.011375,预测,假设,[假设] 以2024实际为锚，按2020-2024剔2022经验+年龄递减先验各半的年化改善率外推；改善率随年龄组上升而递减
2030,女,60-64,3.4384,0.007625,预测,假设,[假设] 以2024实际为锚，按2020-2024剔2022经验+年龄递减先验各半的年化改善率外推；改善率随年龄组上升而递减
2030,女,65-69,4.7756,0.007625,预测,假设,[假设] 以2024实际为锚，按2020-2024剔2022经验+年龄递减先验各半的年化改善率外推；改善率随年龄组上升而递减
2030,女,70-74,8.023,0.007625,预测,假设,[假设] 以2024实际为锚，按2020-2024剔2022经验+年龄递减先验各半的年化改善率外推；改善率随年龄组上升而递减
2030,女,75-79,13.0851,0.007625,预测,假设,[假设] 以2024实际为锚，按2020-2024剔2022经验+年龄递减先验各半的年化改善率外推；改善率随年龄组上升而递减
2030,女,80-84,28.0803,0.007625,预测,假设,[假设] 以2024实际为锚，按2020-2024剔2022经验+年龄递减先验各半的年化改善率外推；改善率随年龄组上升而递减
2030,女,85+,78.1273,0.006816,预测,假设,[假设] 以2024实际为锚，按2020-2024剔2022经验+年龄递减先验各半的年化改善率外推；改善率随年龄组上升而递减
2030,男,0-4,0.5564,0.0125,预测,假设,[假设] 以2024实际为锚，按2020-2024剔2022经验+年龄递减先验各半的年化改善率外推；改善率随年龄组上升而递减
2030,男,10-14,0.0927,0.0125,预测,假设,[假设] 以2024实际为锚，按2020-2024剔2022经验+年龄递减先验各半的年化改善率外推；改善率随年龄组上升而递减
2030,男,15-19,0.1855,0.0125,预测,假设,[假设] 以2024实际为锚，按2020-2024剔2022经验+年龄递减先验各半的年化改善率外推；改善率随年龄组上升而递减
2030,男,20-24,0.2782,0.0125,预测,假设,[假设] 以2024实际为锚，按2020-2024剔2022经验+年龄递减先验各半的年化改善率外推；改善率随年龄组上升而递减
2030,男,25-29,0.3709,0.0125,预测,假设,[假设] 以2024实际为锚，按2020-2024剔2022经验+年龄递减先验各半的年化改善率外推；改善率随年龄组上升而递减
2030,男,30-34,0.5564,0.0125,预测,假设,[假设] 以2024实际为锚，按2020-2024剔2022经验+年龄递减先验各半的年化改善率外推；改善率随年龄组上升而递减
2030,男,35-39,0.6491,0.0125,预测,假设,[假设] 以2024实际为锚，按2020-2024剔2022经验+年龄递减先验各半的年化改善率外推；改善率随年龄组上升而递减
2030,男,40-44,1.1128,0.0125,预测,假设,[假设] 以2024实际为锚，按2020-2024剔2022经验+年龄递减先验各半的年化改善率外推；改善率随年龄组上升而递减
2030,男,45-49,1.8673,0.011375,预测,假设,[假设] 以2024实际为锚，按2020-2024剔2022经验+年龄递减先验各半的年化改善率外推；改善率随年龄组上升而递减
2030,男,5-9,0.0927,0.0125,预测,假设,[假设] 以2024实际为锚，按2020-2024剔2022经验+年龄递减先验各半的年化改善率外推；改善率随年龄组上升而递减
2030,男,50-54,3.0105,0.010125,预测,假设,[假设] 以2024实际为锚，按2020-2024剔2022经验+年龄递减先验各半的年化改善率外推；改善率随年龄组上升而递减
2030,男,55-59,4.5157,0.010125,预测,假设,[假设] 以2024实际为锚，按2020-2024剔2022经验+年龄递减先验各半的年化改善率外推；改善率随年龄组上升而递减
2030,男,60-64,6.4913,0.010125,预测,假设,[假设] 以2024实际为锚，按2020-2024剔2022经验+年龄递减先验各半的年化改善率外推；改善率随年龄组上升而递减
2030,男,65-69,10.4425,0.010125,预测,假设,[假设] 以2024实际为锚，按2020-2024剔2022经验+年龄递减先验各半的年化改善率外推；改善率随年龄组上升而递减
2030,男,70-74,16.2753,0.010125,预测,假设,[假设] 以2024实际为锚，按2020-2024剔2022经验+年龄递减先验各半的年化改善率外推；改善率随年龄组上升而递减
2030,男,75-79,25.0244,0.010125,预测,假设,[假设] 以2024实际为锚，按2020-2024剔2022经验+年龄递减先验各半的年化改善率外推；改善率随年龄组上升而递减
2030,男,80-84,49.5024,0.00528,预测,假设,[假设] 以2024实际为锚，按2020-2024剔2022经验+年龄递减先验各半的年化改善率外推；改善率随年龄组上升而递减
2030,男,85+,93.8704,0.00528,预测,假设,[假设] 以2024实际为锚，按2020-2024剔2022经验+年龄递减先验各半的年化改善率外推；改善率随年龄组上升而递减
2031,女,0-4,0.2513,0.025,预测,假设,[假设] 以2024实际为锚，按2020-2024剔2022经验+年龄递减先验各半的年化改善率外推；改善率随年龄组上升而递减
2031,女,10-14,0.0916,0.0125,预测,假设,[假设] 以2024实际为锚，按2020-2024剔2022经验+年龄递减先验各半的年化改善率外推；改善率随年龄组上升而递减
2031,女,15-19,0.0916,0.0125,预测,假设,[假设] 以2024实际为锚，按2020-2024剔2022经验+年龄递减先验各半的年化改善率外推；改善率随年龄组上升而递减
2031,女,20-24,0.1831,0.0125,预测,假设,[假设] 以2024实际为锚，按2020-2024剔2022经验+年龄递减先验各半的年化改善率外推；改善率随年龄组上升而递减
2031,女,25-29,0.1831,0.0125,预测,假设,[假设] 以2024实际为锚，按2020-2024剔2022经验+年龄递减先验各半的年化改善率外推；改善率随年龄组上升而递减
2031,女,30-34,0.2747,0.0125,预测,假设,[假设] 以2024实际为锚，按2020-2024剔2022经验+年龄递减先验各半的年化改善率外推；改善率随年龄组上升而递减
2031,女,35-39,0.3663,0.0125,预测,假设,[假设] 以2024实际为锚，按2020-2024剔2022经验+年龄递减先验各半的年化改善率外推；改善率随年龄组上升而递减
2031,女,40-44,0.4579,0.0125,预测,假设,[假设] 以2024实际为锚，按2020-2024剔2022经验+年龄递减先验各半的年化改善率外推；改善率随年龄组上升而递减
2031,女,45-49,0.923,0.011375,预测,假设,[假设] 以2024实际为锚，按2020-2024剔2022经验+年龄递减先验各半的年化改善率外推；改善率随年龄组上升而递减
2031,女,5-9,0.0916,0.0125,预测,假设,[假设] 以2024实际为锚，按2020-2024剔2022经验+年龄递减先验各半的年化改善率外推；改善率随年龄组上升而递减
2031,女,50-54,1.4769,0.011375,预测,假设,[假设] 以2024实际为锚，按2020-2024剔2022经验+年龄递减先验各半的年化改善率外推；改善率随年龄组上升而递减
2031,女,55-59,2.2153,0.011375,预测,假设,[假设] 以2024实际为锚，按2020-2024剔2022经验+年龄递减先验各半的年化改善率外推；改善率随年龄组上升而递减
2031,女,60-64,3.4122,0.007625,预测,假设,[假设] 以2024实际为锚，按2020-2024剔2022经验+年龄递减先验各半的年化改善率外推；改善率随年龄组上升而递减
2031,女,65-69,4.7392,0.007625,预测,假设,[假设] 以2024实际为锚，按2020-2024剔2022经验+年龄递减先验各半的年化改善率外推；改善率随年龄组上升而递减
2031,女,70-74,7.9618,0.007625,预测,假设,[假设] 以2024实际为锚，按2020-2024剔2022经验+年龄递减先验各半的年化改善率外推；改善率随年龄组上升而递减
2031,女,75-79,12.9853,0.007625,预测,假设,[假设] 以2024实际为锚，按2020-2024剔2022经验+年龄递减先验各半的年化改善率外推；改善率随年龄组上升而递减
2031,女,80-84,27.8662,0.007625,预测,假设,[假设] 以2024实际为锚，按2020-2024剔2022经验+年龄递减先验各半的年化改善率外推；改善率随年龄组上升而递减
2031,女,85+,77.5948,0.006816,预测,假设,[假设] 以2024实际为锚，按2020-2024剔2022经验+年龄递减先验各半的年化改善率外推；改善率随年龄组上升而递减
2031,男,0-4,0.5494,0.0125,预测,假设,[假设] 以2024实际为锚，按2020-2024剔2022经验+年龄递减先验各半的年化改善率外推；改善率随年龄组上升而递减
2031,男,10-14,0.0916,0.0125,预测,假设,[假设] 以2024实际为锚，按2020-2024剔2022经验+年龄递减先验各半的年化改善率外推；改善率随年龄组上升而递减
2031,男,15-19,0.1831,0.0125,预测,假设,[假设] 以2024实际为锚，按2020-2024剔2022经验+年龄递减先验各半的年化改善率外推；改善率随年龄组上升而递减
2031,男,20-24,0.2747,0.0125,预测,假设,[假设] 以2024实际为锚，按2020-2024剔2022经验+年龄递减先验各半的年化改善率外推；改善率随年龄组上升而递减
2031,男,25-29,0.3663,0.0125,预测,假设,[假设] 以2024实际为锚，按2020-2024剔2022经验+年龄递减先验各半的年化改善率外推；改善率随年龄组上升而递减
2031,男,30-34,0.5494,0.0125,预测,假设,[假设] 以2024实际为锚，按2020-2024剔2022经验+年龄递减先验各半的年化改善率外推；改善率随年龄组上升而递减
2031,男,35-39,0.641,0.0125,预测,假设,[假设] 以2024实际为锚，按2020-2024剔2022经验+年龄递减先验各半的年化改善率外推；改善率随年龄组上升而递减
2031,男,40-44,1.0989,0.0125,预测,假设,[假设] 以2024实际为锚，按2020-2024剔2022经验+年龄递减先验各半的年化改善率外推；改善率随年龄组上升而递减
2031,男,45-49,1.8461,0.011375,预测,假设,[假设] 以2024实际为锚，按2020-2024剔2022经验+年龄递减先验各半的年化改善率外推；改善率随年龄组上升而递减
2031,男,5-9,0.0916,0.0125,预测,假设,[假设] 以2024实际为锚，按2020-2024剔2022经验+年龄递减先验各半的年化改善率外推；改善率随年龄组上升而递减
2031,男,50-54,2.98,0.010125,预测,假设,[假设] 以2024实际为锚，按2020-2024剔2022经验+年龄递减先验各半的年化改善率外推；改善率随年龄组上升而递减
2031,男,55-59,4.47,0.010125,预测,假设,[假设] 以2024实际为锚，按2020-2024剔2022经验+年龄递减先验各半的年化改善率外推；改善率随年龄组上升而递减
2031,男,60-64,6.4256,0.010125,预测,假设,[假设] 以2024实际为锚，按2020-2024剔2022经验+年龄递减先验各半的年化改善率外推；改善率随年龄组上升而递减
2031,男,65-69,10.3368,0.010125,预测,假设,[假设] 以2024实际为锚，按2020-2024剔2022经验+年龄递减先验各半的年化改善率外推；改善率随年龄组上升而递减
2031,男,70-74,16.1105,0.010125,预测,假设,[假设] 以2024实际为锚，按2020-2024剔2022经验+年龄递减先验各半的年化改善率外推；改善率随年龄组上升而递减
2031,男,75-79,24.771,0.010125,预测,假设,[假设] 以2024实际为锚，按2020-2024剔2022经验+年龄递减先验各半的年化改善率外推；改善率随年龄组上升而递减
2031,男,80-84,49.241,0.00528,预测,假设,[假设] 以2024实际为锚，按2020-2024剔2022经验+年龄递减先验各半的年化改善率外推；改善率随年龄组上升而递减
2031,男,85+,93.3748,0.00528,预测,假设,[假设] 以2024实际为锚，按2020-2024剔2022经验+年龄递减先验各半的年化改善率外推；改善率随年龄组上升而递减
2032,女,0-4,0.245,0.025,预测,假设,[假设] 以2024实际为锚，按2020-2024剔2022经验+年龄递减先验各半的年化改善率外推；改善率随年龄组上升而递减
2032,女,10-14,0.0904,0.0125,预测,假设,[假设] 以2024实际为锚，按2020-2024剔2022经验+年龄递减先验各半的年化改善率外推；改善率随年龄组上升而递减
2032,女,15-19,0.0904,0.0125,预测,假设,[假设] 以2024实际为锚，按2020-2024剔2022经验+年龄递减先验各半的年化改善率外推；改善率随年龄组上升而递减
2032,女,20-24,0.1809,0.0125,预测,假设,[假设] 以2024实际为锚，按2020-2024剔2022经验+年龄递减先验各半的年化改善率外推；改善率随年龄组上升而递减
2032,女,25-29,0.1809,0.0125,预测,假设,[假设] 以2024实际为锚，按2020-2024剔2022经验+年龄递减先验各半的年化改善率外推；改善率随年龄组上升而递减
2032,女,30-34,0.2713,0.0125,预测,假设,[假设] 以2024实际为锚，按2020-2024剔2022经验+年龄递减先验各半的年化改善率外推；改善率随年龄组上升而递减
2032,女,35-39,0.3617,0.0125,预测,假设,[假设] 以2024实际为锚，按2020-2024剔2022经验+年龄递减先验各半的年化改善率外推；改善率随年龄组上升而递减
2032,女,40-44,0.4521,0.0125,预测,假设,[假设] 以2024实际为锚，按2020-2024剔2022经验+年龄递减先验各半的年化改善率外推；改善率随年龄组上升而递减
2032,女,45-49,0.9125,0.011375,预测,假设,[假设] 以2024实际为锚，按2020-2024剔2022经验+年龄递减先验各半的年化改善率外推；改善率随年龄组上升而递减
2032,女,5-9,0.0904,0.0125,预测,假设,[假设] 以2024实际为锚，按2020-2024剔2022经验+年龄递减先验各半的年化改善率外推；改善率随年龄组上升而递减
2032,女,50-54,1.4601,0.011375,预测,假设,[假设] 以2024实际为锚，按2020-2024剔2022经验+年龄递减先验各半的年化改善率外推；改善率随年龄组上升而递减
2032,女,55-59,2.1901,0.011375,预测,假设,[假设] 以2024实际为锚，按2020-2024剔2022经验+年龄递减先验各半的年化改善率外推；改善率随年龄组上升而递减
2032,女,60-64,3.3862,0.007625,预测,假设,[假设] 以2024实际为锚，按2020-2024剔2022经验+年龄递减先验各半的年化改善率外推；改善率随年龄组上升而递减
2032,女,65-69,4.703,0.007625,预测,假设,[假设] 以2024实际为锚，按2020-2024剔2022经验+年龄递减先验各半的年化改善率外推；改善率随年龄组上升而递减
2032,女,70-74,7.9011,0.007625,预测,假设,[假设] 以2024实际为锚，按2020-2024剔2022经验+年龄递减先验各半的年化改善率外推；改善率随年龄组上升而递减
2032,女,75-79,12.8863,0.007625,预测,假设,[假设] 以2024实际为锚，按2020-2024剔2022经验+年龄递减先验各半的年化改善率外推；改善率随年龄组上升而递减
2032,女,80-84,27.6537,0.007625,预测,假设,[假设] 以2024实际为锚，按2020-2024剔2022经验+年龄递减先验各半的年化改善率外推；改善率随年龄组上升而递减
2032,女,85+,77.0659,0.006816,预测,假设,[假设] 以2024实际为锚，按2020-2024剔2022经验+年龄递减先验各半的年化改善率外推；改善率随年龄组上升而递减
2032,男,0-4,0.5426,0.0125,预测,假设,[假设] 以2024实际为锚，按2020-2024剔2022经验+年龄递减先验各半的年化改善率外推；改善率随年龄组上升而递减
2032,男,10-14,0.0904,0.0125,预测,假设,[假设] 以2024实际为锚，按2020-2024剔2022经验+年龄递减先验各半的年化改善率外推；改善率随年龄组上升而递减
2032,男,15-19,0.1809,0.0125,预测,假设,[假设] 以2024实际为锚，按2020-2024剔2022经验+年龄递减先验各半的年化改善率外推；改善率随年龄组上升而递减
2032,男,20-24,0.2713,0.0125,预测,假设,[假设] 以2024实际为锚，按2020-2024剔2022经验+年龄递减先验各半的年化改善率外推；改善率随年龄组上升而递减
2032,男,25-29,0.3617,0.0125,预测,假设,[假设] 以2024实际为锚，按2020-2024剔2022经验+年龄递减先验各半的年化改善率外推；改善率随年龄组上升而递减
2032,男,30-34,0.5426,0.0125,预测,假设,[假设] 以2024实际为锚，按2020-2024剔2022经验+年龄递减先验各半的年化改善率外推；改善率随年龄组上升而递减
2032,男,35-39,0.633,0.0125,预测,假设,[假设] 以2024实际为锚，按2020-2024剔2022经验+年龄递减先验各半的年化改善率外推；改善率随年龄组上升而递减
2032,男,40-44,1.0851,0.0125,预测,假设,[假设] 以2024实际为锚，按2020-2024剔2022经验+年龄递减先验各半的年化改善率外推；改善率随年龄组上升而递减
2032,男,45-49,1.8251,0.011375,预测,假设,[假设] 以2024实际为锚，按2020-2024剔2022经验+年龄递减先验各半的年化改善率外推；改善率随年龄组上升而递减
2032,男,5-9,0.0904,0.0125,预测,假设,[假设] 以2024实际为锚，按2020-2024剔2022经验+年龄递减先验各半的年化改善率外推；改善率随年龄组上升而递减
2032,男,50-54,2.9498,0.010125,预测,假设,[假设] 以2024实际为锚，按2020-2024剔2022经验+年龄递减先验各半的年化改善率外推；改善率随年龄组上升而递减
2032,男,55-59,4.4247,0.010125,预测,假设,[假设] 以2024实际为锚，按2020-2024剔2022经验+年龄递减先验各半的年化改善率外推；改善率随年龄组上升而递减
2032,男,60-64,6.3605,0.010125,预测,假设,[假设] 以2024实际为锚，按2020-2024剔2022经验+年龄递减先验各半的年化改善率外推；改善率随年龄组上升而递减
2032,男,65-69,10.2321,0.010125,预测,假设,[假设] 以2024实际为锚，按2020-2024剔2022经验+年龄递减先验各半的年化改善率外推；改善率随年龄组上升而递减
2032,男,70-74,15.9474,0.010125,预测,假设,[假设] 以2024实际为锚，按2020-2024剔2022经验+年龄递减先验各半的年化改善率外推；改善率随年龄组上升而递减
2032,男,75-79,24.5202,0.010125,预测,假设,[假设] 以2024实际为锚，按2020-2024剔2022经验+年龄递减先验各半的年化改善率外推；改善率随年龄组上升而递减
2032,男,80-84,48.981,0.00528,预测,假设,[假设] 以2024实际为锚，按2020-2024剔2022经验+年龄递减先验各半的年化改善率外推；改善率随年龄组上升而递减
2032,男,85+,92.8818,0.00528,预测,假设,[假设] 以2024实际为锚，按2020-2024剔2022经验+年龄递减先验各半的年化改善率外推；改善率随年龄组上升而递减
2033,女,0-4,0.2389,0.025,预测,假设,[假设] 以2024实际为锚，按2020-2024剔2022经验+年龄递减先验各半的年化改善率外推；改善率随年龄组上升而递减
2033,女,10-14,0.0893,0.0125,预测,假设,[假设] 以2024实际为锚，按2020-2024剔2022经验+年龄递减先验各半的年化改善率外推；改善率随年龄组上升而递减
2033,女,15-19,0.0893,0.0125,预测,假设,[假设] 以2024实际为锚，按2020-2024剔2022经验+年龄递减先验各半的年化改善率外推；改善率随年龄组上升而递减
2033,女,20-24,0.1786,0.0125,预测,假设,[假设] 以2024实际为锚，按2020-2024剔2022经验+年龄递减先验各半的年化改善率外推；改善率随年龄组上升而递减
2033,女,25-29,0.1786,0.0125,预测,假设,[假设] 以2024实际为锚，按2020-2024剔2022经验+年龄递减先验各半的年化改善率外推；改善率随年龄组上升而递减
2033,女,30-34,0.2679,0.0125,预测,假设,[假设] 以2024实际为锚，按2020-2024剔2022经验+年龄递减先验各半的年化改善率外推；改善率随年龄组上升而递减
2033,女,35-39,0.3572,0.0125,预测,假设,[假设] 以2024实际为锚，按2020-2024剔2022经验+年龄递减先验各半的年化改善率外推；改善率随年龄组上升而递减
2033,女,40-44,0.4465,0.0125,预测,假设,[假设] 以2024实际为锚，按2020-2024剔2022经验+年龄递减先验各半的年化改善率外推；改善率随年龄组上升而递减
2033,女,45-49,0.9022,0.011375,预测,假设,[假设] 以2024实际为锚，按2020-2024剔2022经验+年龄递减先验各半的年化改善率外推；改善率随年龄组上升而递减
2033,女,5-9,0.0893,0.0125,预测,假设,[假设] 以2024实际为锚，按2020-2024剔2022经验+年龄递减先验各半的年化改善率外推；改善率随年龄组上升而递减
2033,女,50-54,1.4435,0.011375,预测,假设,[假设] 以2024实际为锚，按2020-2024剔2022经验+年龄递减先验各半的年化改善率外推；改善率随年龄组上升而递减
2033,女,55-59,2.1652,0.011375,预测,假设,[假设] 以2024实际为锚，按2020-2024剔2022经验+年龄递减先验各半的年化改善率外推；改善率随年龄组上升而递减
2033,女,60-64,3.3604,0.007625,预测,假设,[假设] 以2024实际为锚，按2020-2024剔2022经验+年龄递减先验各半的年化改善率外推；改善率随年龄组上升而递减
2033,女,65-69,4.6672,0.007625,预测,假设,[假设] 以2024实际为锚，按2020-2024剔2022经验+年龄递减先验各半的年化改善率外推；改善率随年龄组上升而递减
2033,女,70-74,7.8408,0.007625,预测,假设,[假设] 以2024实际为锚，按2020-2024剔2022经验+年龄递减先验各半的年化改善率外推；改善率随年龄组上升而递减
2033,女,75-79,12.788,0.007625,预测,假设,[假设] 以2024实际为锚，按2020-2024剔2022经验+年龄递减先验各半的年化改善率外推；改善率随年龄组上升而递减
2033,女,80-84,27.4429,0.007625,预测,假设,[假设] 以2024实际为锚，按2020-2024剔2022经验+年龄递减先验各半的年化改善率外推；改善率随年龄组上升而递减
2033,女,85+,76.5406,0.006816,预测,假设,[假设] 以2024实际为锚，按2020-2024剔2022经验+年龄递减先验各半的年化改善率外推；改善率随年龄组上升而递减
2033,男,0-4,0.5358,0.0125,预测,假设,[假设] 以2024实际为锚，按2020-2024剔2022经验+年龄递减先验各半的年化改善率外推；改善率随年龄组上升而递减
2033,男,10-14,0.0893,0.0125,预测,假设,[假设] 以2024实际为锚，按2020-2024剔2022经验+年龄递减先验各半的年化改善率外推；改善率随年龄组上升而递减
2033,男,15-19,0.1786,0.0125,预测,假设,[假设] 以2024实际为锚，按2020-2024剔2022经验+年龄递减先验各半的年化改善率外推；改善率随年龄组上升而递减
2033,男,20-24,0.2679,0.0125,预测,假设,[假设] 以2024实际为锚，按2020-2024剔2022经验+年龄递减先验各半的年化改善率外推；改善率随年龄组上升而递减
2033,男,25-29,0.3572,0.0125,预测,假设,[假设] 以2024实际为锚，按2020-2024剔2022经验+年龄递减先验各半的年化改善率外推；改善率随年龄组上升而递减
2033,男,30-34,0.5358,0.0125,预测,假设,[假设] 以2024实际为锚，按2020-2024剔2022经验+年龄递减先验各半的年化改善率外推；改善率随年龄组上升而递减
2033,男,35-39,0.6251,0.0125,预测,假设,[假设] 以2024实际为锚，按2020-2024剔2022经验+年龄递减先验各半的年化改善率外推；改善率随年龄组上升而递减
2033,男,40-44,1.0716,0.0125,预测,假设,[假设] 以2024实际为锚，按2020-2024剔2022经验+年龄递减先验各半的年化改善率外推；改善率随年龄组上升而递减
2033,男,45-49,1.8043,0.011375,预测,假设,[假设] 以2024实际为锚，按2020-2024剔2022经验+年龄递减先验各半的年化改善率外推；改善率随年龄组上升而递减
2033,男,5-9,0.0893,0.0125,预测,假设,[假设] 以2024实际为锚，按2020-2024剔2022经验+年龄递减先验各半的年化改善率外推；改善率随年龄组上升而递减
2033,男,50-54,2.9199,0.010125,预测,假设,[假设] 以2024实际为锚，按2020-2024剔2022经验+年龄递减先验各半的年化改善率外推；改善率随年龄组上升而递减
2033,男,55-59,4.3799,0.010125,预测,假设,[假设] 以2024实际为锚，按2020-2024剔2022经验+年龄递减先验各半的年化改善率外推；改善率随年龄组上升而递减
2033,男,60-64,6.2961,0.010125,预测,假设,[假设] 以2024实际为锚，按2020-2024剔2022经验+年龄递减先验各半的年化改善率外推；改善率随年龄组上升而递减
2033,男,65-69,10.1285,0.010125,预测,假设,[假设] 以2024实际为锚，按2020-2024剔2022经验+年龄递减先验各半的年化改善率外推；改善率随年龄组上升而递减
2033,男,70-74,15.7859,0.010125,预测,假设,[假设] 以2024实际为锚，按2020-2024剔2022经验+年龄递减先验各半的年化改善率外推；改善率随年龄组上升而递减
2033,男,75-79,24.272,0.010125,预测,假设,[假设] 以2024实际为锚，按2020-2024剔2022经验+年龄递减先验各半的年化改善率外推；改善率随年龄组上升而递减
2033,男,80-84,48.7224,0.00528,预测,假设,[假设] 以2024实际为锚，按2020-2024剔2022经验+年龄递减先验各半的年化改善率外推；改善率随年龄组上升而递减
2033,男,85+,92.3914,0.00528,预测,假设,[假设] 以2024实际为锚，按2020-2024剔2022经验+年龄递减先验各半的年化改善率外推；改善率随年龄组上升而递减
2034,女,0-4,0.2329,0.025,预测,假设,[假设] 以2024实际为锚，按2020-2024剔2022经验+年龄递减先验各半的年化改善率外推；改善率随年龄组上升而递减
2034,女,10-14,0.0882,0.0125,预测,假设,[假设] 以2024实际为锚，按2020-2024剔2022经验+年龄递减先验各半的年化改善率外推；改善率随年龄组上升而递减
2034,女,15-19,0.0882,0.0125,预测,假设,[假设] 以2024实际为锚，按2020-2024剔2022经验+年龄递减先验各半的年化改善率外推；改善率随年龄组上升而递减
2034,女,20-24,0.1764,0.0125,预测,假设,[假设] 以2024实际为锚，按2020-2024剔2022经验+年龄递减先验各半的年化改善率外推；改善率随年龄组上升而递减
2034,女,25-29,0.1764,0.0125,预测,假设,[假设] 以2024实际为锚，按2020-2024剔2022经验+年龄递减先验各半的年化改善率外推；改善率随年龄组上升而递减
2034,女,30-34,0.2645,0.0125,预测,假设,[假设] 以2024实际为锚，按2020-2024剔2022经验+年龄递减先验各半的年化改善率外推；改善率随年龄组上升而递减
2034,女,35-39,0.3527,0.0125,预测,假设,[假设] 以2024实际为锚，按2020-2024剔2022经验+年龄递减先验各半的年化改善率外推；改善率随年龄组上升而递减
2034,女,40-44,0.4409,0.0125,预测,假设,[假设] 以2024实际为锚，按2020-2024剔2022经验+年龄递减先验各半的年化改善率外推；改善率随年龄组上升而递减
2034,女,45-49,0.8919,0.011375,预测,假设,[假设] 以2024实际为锚，按2020-2024剔2022经验+年龄递减先验各半的年化改善率外推；改善率随年龄组上升而递减
2034,女,5-9,0.0882,0.0125,预测,假设,[假设] 以2024实际为锚，按2020-2024剔2022经验+年龄递减先验各半的年化改善率外推；改善率随年龄组上升而递减
2034,女,50-54,1.427,0.011375,预测,假设,[假设] 以2024实际为锚，按2020-2024剔2022经验+年龄递减先验各半的年化改善率外推；改善率随年龄组上升而递减
2034,女,55-59,2.1406,0.011375,预测,假设,[假设] 以2024实际为锚，按2020-2024剔2022经验+年龄递减先验各半的年化改善率外推；改善率随年龄组上升而递减
2034,女,60-64,3.3347,0.007625,预测,假设,[假设] 以2024实际为锚，按2020-2024剔2022经验+年龄递减先验各半的年化改善率外推；改善率随年龄组上升而递减
2034,女,65-69,4.6316,0.007625,预测,假设,[假设] 以2024实际为锚，按2020-2024剔2022经验+年龄递减先验各半的年化改善率外推；改善率随年龄组上升而递减
2034,女,70-74,7.781,0.007625,预测,假设,[假设] 以2024实际为锚，按2020-2024剔2022经验+年龄递减先验各半的年化改善率外推；改善率随年龄组上升而递减
2034,女,75-79,12.6905,0.007625,预测,假设,[假设] 以2024实际为锚，按2020-2024剔2022经验+年龄递减先验各半的年化改善率外推；改善率随年龄组上升而递减
2034,女,80-84,27.2336,0.007625,预测,假设,[假设] 以2024实际为锚，按2020-2024剔2022经验+年龄递减先验各半的年化改善率外推；改善率随年龄组上升而递减
2034,女,85+,76.0189,0.006816,预测,假设,[假设] 以2024实际为锚，按2020-2024剔2022经验+年龄递减先验各半的年化改善率外推；改善率随年龄组上升而递减
2034,男,0-4,0.5291,0.0125,预测,假设,[假设] 以2024实际为锚，按2020-2024剔2022经验+年龄递减先验各半的年化改善率外推；改善率随年龄组上升而递减
2034,男,10-14,0.0882,0.0125,预测,假设,[假设] 以2024实际为锚，按2020-2024剔2022经验+年龄递减先验各半的年化改善率外推；改善率随年龄组上升而递减
2034,男,15-19,0.1764,0.0125,预测,假设,[假设] 以2024实际为锚，按2020-2024剔2022经验+年龄递减先验各半的年化改善率外推；改善率随年龄组上升而递减
2034,男,20-24,0.2645,0.0125,预测,假设,[假设] 以2024实际为锚，按2020-2024剔2022经验+年龄递减先验各半的年化改善率外推；改善率随年龄组上升而递减
2034,男,25-29,0.3527,0.0125,预测,假设,[假设] 以2024实际为锚，按2020-2024剔2022经验+年龄递减先验各半的年化改善率外推；改善率随年龄组上升而递减
2034,男,30-34,0.5291,0.0125,预测,假设,[假设] 以2024实际为锚，按2020-2024剔2022经验+年龄递减先验各半的年化改善率外推；改善率随年龄组上升而递减
2034,男,35-39,0.6173,0.0125,预测,假设,[假设] 以2024实际为锚，按2020-2024剔2022经验+年龄递减先验各半的年化改善率外推；改善率随年龄组上升而递减
2034,男,40-44,1.0582,0.0125,预测,假设,[假设] 以2024实际为锚，按2020-2024剔2022经验+年龄递减先验各半的年化改善率外推；改善率随年龄组上升而递减
2034,男,45-49,1.7838,0.011375,预测,假设,[假设] 以2024实际为锚，按2020-2024剔2022经验+年龄递减先验各半的年化改善率外推；改善率随年龄组上升而递减
2034,男,5-9,0.0882,0.0125,预测,假设,[假设] 以2024实际为锚，按2020-2024剔2022经验+年龄递减先验各半的年化改善率外推；改善率随年龄组上升而递减
2034,男,50-54,2.8904,0.010125,预测,假设,[假设] 以2024实际为锚，按2020-2024剔2022经验+年龄递减先验各半的年化改善率外推；改善率随年龄组上升而递减
2034,男,55-59,4.3356,0.010125,预测,假设,[假设] 以2024实际为锚，按2020-2024剔2022经验+年龄递减先验各半的年化改善率外推；改善率随年龄组上升而递减
2034,男,60-64,6.2324,0.010125,预测,假设,[假设] 以2024实际为锚，按2020-2024剔2022经验+年龄递减先验各半的年化改善率外推；改善率随年龄组上升而递减
2034,男,65-69,10.026,0.010125,预测,假设,[假设] 以2024实际为锚，按2020-2024剔2022经验+年龄递减先验各半的年化改善率外推；改善率随年龄组上升而递减
2034,男,70-74,15.6261,0.010125,预测,假设,[假设] 以2024实际为锚，按2020-2024剔2022经验+年龄递减先验各半的年化改善率外推；改善率随年龄组上升而递减
2034,男,75-79,24.0262,0.010125,预测,假设,[假设] 以2024实际为锚，按2020-2024剔2022经验+年龄递减先验各半的年化改善率外推；改善率随年龄组上升而递减
2034,男,80-84,48.4651,0.00528,预测,假设,[假设] 以2024实际为锚，按2020-2024剔2022经验+年龄递减先验各半的年化改善率外推；改善率随年龄组上升而递减
2034,男,85+,91.9035,0.00528,预测,假设,[假设] 以2024实际为锚，按2020-2024剔2022经验+年龄递减先验各半的年化改善率外推；改善率随年龄组上升而递减
2035,女,0-4,0.2271,0.025,预测,假设,[假设] 以2024实际为锚，按2020-2024剔2022经验+年龄递减先验各半的年化改善率外推；改善率随年龄组上升而递减
2035,女,10-14,0.0871,0.0125,预测,假设,[假设] 以2024实际为锚，按2020-2024剔2022经验+年龄递减先验各半的年化改善率外推；改善率随年龄组上升而递减
2035,女,15-19,0.0871,0.0125,预测,假设,[假设] 以2024实际为锚，按2020-2024剔2022经验+年龄递减先验各半的年化改善率外推；改善率随年龄组上升而递减
2035,女,20-24,0.1742,0.0125,预测,假设,[假设] 以2024实际为锚，按2020-2024剔2022经验+年龄递减先验各半的年化改善率外推；改善率随年龄组上升而递减
2035,女,25-29,0.1742,0.0125,预测,假设,[假设] 以2024实际为锚，按2020-2024剔2022经验+年龄递减先验各半的年化改善率外推；改善率随年龄组上升而递减
2035,女,30-34,0.2612,0.0125,预测,假设,[假设] 以2024实际为锚，按2020-2024剔2022经验+年龄递减先验各半的年化改善率外推；改善率随年龄组上升而递减
2035,女,35-39,0.3483,0.0125,预测,假设,[假设] 以2024实际为锚，按2020-2024剔2022经验+年龄递减先验各半的年化改善率外推；改善率随年龄组上升而递减
2035,女,40-44,0.4354,0.0125,预测,假设,[假设] 以2024实际为锚，按2020-2024剔2022经验+年龄递减先验各半的年化改善率外推；改善率随年龄组上升而递减
2035,女,45-49,0.8818,0.011375,预测,假设,[假设] 以2024实际为锚，按2020-2024剔2022经验+年龄递减先验各半的年化改善率外推；改善率随年龄组上升而递减
2035,女,5-9,0.0871,0.0125,预测,假设,[假设] 以2024实际为锚，按2020-2024剔2022经验+年龄递减先验各半的年化改善率外推；改善率随年龄组上升而递减
2035,女,50-54,1.4108,0.011375,预测,假设,[假设] 以2024实际为锚，按2020-2024剔2022经验+年龄递减先验各半的年化改善率外推；改善率随年龄组上升而递减
2035,女,55-59,2.1162,0.011375,预测,假设,[假设] 以2024实际为锚，按2020-2024剔2022经验+年龄递减先验各半的年化改善率外推；改善率随年龄组上升而递减
2035,女,60-64,3.3093,0.007625,预测,假设,[假设] 以2024实际为锚，按2020-2024剔2022经验+年龄递减先验各半的年化改善率外推；改善率随年龄组上升而递减
2035,女,65-69,4.5963,0.007625,预测,假设,[假设] 以2024实际为锚，按2020-2024剔2022经验+年龄递减先验各半的年化改善率外推；改善率随年龄组上升而递减
2035,女,70-74,7.7217,0.007625,预测,假设,[假设] 以2024实际为锚，按2020-2024剔2022经验+年龄递减先验各半的年化改善率外推；改善率随年龄组上升而递减
2035,女,75-79,12.5937,0.007625,预测,假设,[假设] 以2024实际为锚，按2020-2024剔2022经验+年龄递减先验各半的年化改善率外推；改善率随年龄组上升而递减
2035,女,80-84,27.026,0.007625,预测,假设,[假设] 以2024实际为锚，按2020-2024剔2022经验+年龄递减先验各半的年化改善率外推；改善率随年龄组上升而递减
2035,女,85+,75.5007,0.006816,预测,假设,[假设] 以2024实际为锚，按2020-2024剔2022经验+年龄递减先验各半的年化改善率外推；改善率随年龄组上升而递减
2035,男,0-4,0.5225,0.0125,预测,假设,[假设] 以2024实际为锚，按2020-2024剔2022经验+年龄递减先验各半的年化改善率外推；改善率随年龄组上升而递减
2035,男,10-14,0.0871,0.0125,预测,假设,[假设] 以2024实际为锚，按2020-2024剔2022经验+年龄递减先验各半的年化改善率外推；改善率随年龄组上升而递减
2035,男,15-19,0.1742,0.0125,预测,假设,[假设] 以2024实际为锚，按2020-2024剔2022经验+年龄递减先验各半的年化改善率外推；改善率随年龄组上升而递减
2035,男,20-24,0.2612,0.0125,预测,假设,[假设] 以2024实际为锚，按2020-2024剔2022经验+年龄递减先验各半的年化改善率外推；改善率随年龄组上升而递减
2035,男,25-29,0.3483,0.0125,预测,假设,[假设] 以2024实际为锚，按2020-2024剔2022经验+年龄递减先验各半的年化改善率外推；改善率随年龄组上升而递减
2035,男,30-34,0.5225,0.0125,预测,假设,[假设] 以2024实际为锚，按2020-2024剔2022经验+年龄递减先验各半的年化改善率外推；改善率随年龄组上升而递减
2035,男,35-39,0.6095,0.0125,预测,假设,[假设] 以2024实际为锚，按2020-2024剔2022经验+年龄递减先验各半的年化改善率外推；改善率随年龄组上升而递减
2035,男,40-44,1.0449,0.0125,预测,假设,[假设] 以2024实际为锚，按2020-2024剔2022经验+年龄递减先验各半的年化改善率外推；改善率随年龄组上升而递减
2035,男,45-49,1.7635,0.011375,预测,假设,[假设] 以2024实际为锚，按2020-2024剔2022经验+年龄递减先验各半的年化改善率外推；改善率随年龄组上升而递减
2035,男,5-9,0.0871,0.0125,预测,假设,[假设] 以2024实际为锚，按2020-2024剔2022经验+年龄递减先验各半的年化改善率外推；改善率随年龄组上升而递减
2035,男,50-54,2.8611,0.010125,预测,假设,[假设] 以2024实际为锚，按2020-2024剔2022经验+年龄递减先验各半的年化改善率外推；改善率随年龄组上升而递减
2035,男,55-59,4.2917,0.010125,预测,假设,[假设] 以2024实际为锚，按2020-2024剔2022经验+年龄递减先验各半的年化改善率外推；改善率随年龄组上升而递减
2035,男,60-64,6.1693,0.010125,预测,假设,[假设] 以2024实际为锚，按2020-2024剔2022经验+年龄递减先验各半的年化改善率外推；改善率随年龄组上升而递减
2035,男,65-69,9.9245,0.010125,预测,假设,[假设] 以2024实际为锚，按2020-2024剔2022经验+年龄递减先验各半的年化改善率外推；改善率随年龄组上升而递减
2035,男,70-74,15.4679,0.010125,预测,假设,[假设] 以2024实际为锚，按2020-2024剔2022经验+年龄递减先验各半的年化改善率外推；改善率随年龄组上升而递减
2035,男,75-79,23.7829,0.010125,预测,假设,[假设] 以2024实际为锚，按2020-2024剔2022经验+年龄递减先验各半的年化改善率外推；改善率随年龄组上升而递减
2035,男,80-84,48.2092,0.00528,预测,假设,[假设] 以2024实际为锚，按2020-2024剔2022经验+年龄递减先验各半的年化改善率外推；改善率随年龄组上升而递减
2035,男,85+,91.4183,0.00528,预测,假设,[假设] 以2024实际为锚，按2020-2024剔2022经验+年龄递减先验各半的年化改善率外推；改善率随年龄组上升而递减
2036,女,0-4,0.2214,0.025,预测,假设,[假设] 以2024实际为锚，按2020-2024剔2022经验+年龄递减先验各半的年化改善率外推；改善率随年龄组上升而递减
2036,女,10-14,0.086,0.0125,预测,假设,[假设] 以2024实际为锚，按2020-2024剔2022经验+年龄递减先验各半的年化改善率外推；改善率随年龄组上升而递减
2036,女,15-19,0.086,0.0125,预测,假设,[假设] 以2024实际为锚，按2020-2024剔2022经验+年龄递减先验各半的年化改善率外推；改善率随年龄组上升而递减
2036,女,20-24,0.172,0.0125,预测,假设,[假设] 以2024实际为锚，按2020-2024剔2022经验+年龄递减先验各半的年化改善率外推；改善率随年龄组上升而递减
2036,女,25-29,0.172,0.0125,预测,假设,[假设] 以2024实际为锚，按2020-2024剔2022经验+年龄递减先验各半的年化改善率外推；改善率随年龄组上升而递减
2036,女,30-34,0.258,0.0125,预测,假设,[假设] 以2024实际为锚，按2020-2024剔2022经验+年龄递减先验各半的年化改善率外推；改善率随年龄组上升而递减
2036,女,35-39,0.344,0.0125,预测,假设,[假设] 以2024实际为锚，按2020-2024剔2022经验+年龄递减先验各半的年化改善率外推；改善率随年龄组上升而递减
2036,女,40-44,0.4299,0.0125,预测,假设,[假设] 以2024实际为锚，按2020-2024剔2022经验+年龄递减先验各半的年化改善率外推；改善率随年龄组上升而递减
2036,女,45-49,0.8717,0.011375,预测,假设,[假设] 以2024实际为锚，按2020-2024剔2022经验+年龄递减先验各半的年化改善率外推；改善率随年龄组上升而递减
2036,女,5-9,0.086,0.0125,预测,假设,[假设] 以2024实际为锚，按2020-2024剔2022经验+年龄递减先验各半的年化改善率外推；改善率随年龄组上升而递减
2036,女,50-54,1.3948,0.011375,预测,假设,[假设] 以2024实际为锚，按2020-2024剔2022经验+年龄递减先验各半的年化改善率外推；改善率随年龄组上升而递减
2036,女,55-59,2.0921,0.011375,预测,假设,[假设] 以2024实际为锚，按2020-2024剔2022经验+年龄递减先验各半的年化改善率外推；改善率随年龄组上升而递减
2036,女,60-64,3.2841,0.007625,预测,假设,[假设] 以2024实际为锚，按2020-2024剔2022经验+年龄递减先验各半的年化改善率外推；改善率随年龄组上升而递减
2036,女,65-69,4.5612,0.007625,预测,假设,[假设] 以2024实际为锚，按2020-2024剔2022经验+年龄递减先验各半的年化改善率外推；改善率随年龄组上升而递减
2036,女,70-74,7.6628,0.007625,预测,假设,[假设] 以2024实际为锚，按2020-2024剔2022经验+年龄递减先验各半的年化改善率外推；改善率随年龄组上升而递减
2036,女,75-79,12.4977,0.007625,预测,假设,[假设] 以2024实际为锚，按2020-2024剔2022经验+年龄递减先验各半的年化改善率外推；改善率随年龄组上升而递减
2036,女,80-84,26.8199,0.007625,预测,假设,[假设] 以2024实际为锚，按2020-2024剔2022经验+年龄递减先验各半的年化改善率外推；改善率随年龄组上升而递减
2036,女,85+,74.9861,0.006816,预测,假设,[假设] 以2024实际为锚，按2020-2024剔2022经验+年龄递减先验各半的年化改善率外推；改善率随年龄组上升而递减
2036,男,0-4,0.5159,0.0125,预测,假设,[假设] 以2024实际为锚，按2020-2024剔2022经验+年龄递减先验各半的年化改善率外推；改善率随年龄组上升而递减
2036,男,10-14,0.086,0.0125,预测,假设,[假设] 以2024实际为锚，按2020-2024剔2022经验+年龄递减先验各半的年化改善率外推；改善率随年龄组上升而递减
2036,男,15-19,0.172,0.0125,预测,假设,[假设] 以2024实际为锚，按2020-2024剔2022经验+年龄递减先验各半的年化改善率外推；改善率随年龄组上升而递减
2036,男,20-24,0.258,0.0125,预测,假设,[假设] 以2024实际为锚，按2020-2024剔2022经验+年龄递减先验各半的年化改善率外推；改善率随年龄组上升而递减
2036,男,25-29,0.344,0.0125,预测,假设,[假设] 以2024实际为锚，按2020-2024剔2022经验+年龄递减先验各半的年化改善率外推；改善率随年龄组上升而递减
2036,男,30-34,0.5159,0.0125,预测,假设,[假设] 以2024实际为锚，按2020-2024剔2022经验+年龄递减先验各半的年化改善率外推；改善率随年龄组上升而递减
2036,男,35-39,0.6019,0.0125,预测,假设,[假设] 以2024实际为锚，按2020-2024剔2022经验+年龄递减先验各半的年化改善率外推；改善率随年龄组上升而递减
2036,男,40-44,1.0319,0.0125,预测,假设,[假设] 以2024实际为锚，按2020-2024剔2022经验+年龄递减先验各半的年化改善率外推；改善率随年龄组上升而递减
2036,男,45-49,1.7434,0.011375,预测,假设,[假设] 以2024实际为锚，按2020-2024剔2022经验+年龄递减先验各半的年化改善率外推；改善率随年龄组上升而递减
2036,男,5-9,0.086,0.0125,预测,假设,[假设] 以2024实际为锚，按2020-2024剔2022经验+年龄递减先验各半的年化改善率外推；改善率随年龄组上升而递减
2036,男,50-54,2.8321,0.010125,预测,假设,[假设] 以2024实际为锚，按2020-2024剔2022经验+年龄递减先验各半的年化改善率外推；改善率随年龄组上升而递减
2036,男,55-59,4.2482,0.010125,预测,假设,[假设] 以2024实际为锚，按2020-2024剔2022经验+年龄递减先验各半的年化改善率外推；改善率随年龄组上升而递减
2036,男,60-64,6.1068,0.010125,预测,假设,[假设] 以2024实际为锚，按2020-2024剔2022经验+年龄递减先验各半的年化改善率外推；改善率随年龄组上升而递减
2036,男,65-69,9.824,0.010125,预测,假设,[假设] 以2024实际为锚，按2020-2024剔2022经验+年龄递减先验各半的年化改善率外推；改善率随年龄组上升而递减
2036,男,70-74,15.3112,0.010125,预测,假设,[假设] 以2024实际为锚，按2020-2024剔2022经验+年龄递减先验各半的年化改善率外推；改善率随年龄组上升而递减
2036,男,75-79,23.5421,0.010125,预测,假设,[假设] 以2024实际为锚，按2020-2024剔2022经验+年龄递减先验各半的年化改善率外推；改善率随年龄组上升而递减
2036,男,80-84,47.9547,0.00528,预测,假设,[假设] 以2024实际为锚，按2020-2024剔2022经验+年龄递减先验各半的年化改善率外推；改善率随年龄组上升而递减
2036,男,85+,90.9356,0.00528,预测,假设,[假设] 以2024实际为锚，按2020-2024剔2022经验+年龄递减先验各半的年化改善率外推；改善率随年龄组上升而递减
2037,女,0-4,0.2159,0.025,预测,假设,[假设] 以2024实际为锚，按2020-2024剔2022经验+年龄递减先验各半的年化改善率外推；改善率随年龄组上升而递减
2037,女,10-14,0.0849,0.0125,预测,假设,[假设] 以2024实际为锚，按2020-2024剔2022经验+年龄递减先验各半的年化改善率外推；改善率随年龄组上升而递减
2037,女,15-19,0.0849,0.0125,预测,假设,[假设] 以2024实际为锚，按2020-2024剔2022经验+年龄递减先验各半的年化改善率外推；改善率随年龄组上升而递减
2037,女,20-24,0.1698,0.0125,预测,假设,[假设] 以2024实际为锚，按2020-2024剔2022经验+年龄递减先验各半的年化改善率外推；改善率随年龄组上升而递减
2037,女,25-29,0.1698,0.0125,预测,假设,[假设] 以2024实际为锚，按2020-2024剔2022经验+年龄递减先验各半的年化改善率外推；改善率随年龄组上升而递减
2037,女,30-34,0.2547,0.0125,预测,假设,[假设] 以2024实际为锚，按2020-2024剔2022经验+年龄递减先验各半的年化改善率外推；改善率随年龄组上升而递减
2037,女,35-39,0.3397,0.0125,预测,假设,[假设] 以2024实际为锚，按2020-2024剔2022经验+年龄递减先验各半的年化改善率外推；改善率随年龄组上升而递减
2037,女,40-44,0.4246,0.0125,预测,假设,[假设] 以2024实际为锚，按2020-2024剔2022经验+年龄递减先验各半的年化改善率外推；改善率随年龄组上升而递减
2037,女,45-49,0.8618,0.011375,预测,假设,[假设] 以2024实际为锚，按2020-2024剔2022经验+年龄递减先验各半的年化改善率外推；改善率随年龄组上升而递减
2037,女,5-9,0.0849,0.0125,预测,假设,[假设] 以2024实际为锚，按2020-2024剔2022经验+年龄递减先验各半的年化改善率外推；改善率随年龄组上升而递减
2037,女,50-54,1.3789,0.011375,预测,假设,[假设] 以2024实际为锚，按2020-2024剔2022经验+年龄递减先验各半的年化改善率外推；改善率随年龄组上升而递减
2037,女,55-59,2.0683,0.011375,预测,假设,[假设] 以2024实际为锚，按2020-2024剔2022经验+年龄递减先验各半的年化改善率外推；改善率随年龄组上升而递减
2037,女,60-64,3.259,0.007625,预测,假设,[假设] 以2024实际为锚，按2020-2024剔2022经验+年龄递减先验各半的年化改善率外推；改善率随年龄组上升而递减
2037,女,65-69,4.5264,0.007625,预测,假设,[假设] 以2024实际为锚，按2020-2024剔2022经验+年龄递减先验各半的年化改善率外推；改善率随年龄组上升而递减
2037,女,70-74,7.6044,0.007625,预测,假设,[假设] 以2024实际为锚，按2020-2024剔2022经验+年龄递减先验各半的年化改善率外推；改善率随年龄组上升而递减
2037,女,75-79,12.4024,0.007625,预测,假设,[假设] 以2024实际为锚，按2020-2024剔2022经验+年龄递减先验各半的年化改善率外推；改善率随年龄组上升而递减
2037,女,80-84,26.6154,0.007625,预测,假设,[假设] 以2024实际为锚，按2020-2024剔2022经验+年龄递减先验各半的年化改善率外推；改善率随年龄组上升而递减
2037,女,85+,74.475,0.006816,预测,假设,[假设] 以2024实际为锚，按2020-2024剔2022经验+年龄递减先验各半的年化改善率外推；改善率随年龄组上升而递减
2037,男,0-4,0.5095,0.0125,预测,假设,[假设] 以2024实际为锚，按2020-2024剔2022经验+年龄递减先验各半的年化改善率外推；改善率随年龄组上升而递减
2037,男,10-14,0.0849,0.0125,预测,假设,[假设] 以2024实际为锚，按2020-2024剔2022经验+年龄递减先验各半的年化改善率外推；改善率随年龄组上升而递减
2037,男,15-19,0.1698,0.0125,预测,假设,[假设] 以2024实际为锚，按2020-2024剔2022经验+年龄递减先验各半的年化改善率外推；改善率随年龄组上升而递减
2037,男,20-24,0.2547,0.0125,预测,假设,[假设] 以2024实际为锚，按2020-2024剔2022经验+年龄递减先验各半的年化改善率外推；改善率随年龄组上升而递减
2037,男,25-29,0.3397,0.0125,预测,假设,[假设] 以2024实际为锚，按2020-2024剔2022经验+年龄递减先验各半的年化改善率外推；改善率随年龄组上升而递减
2037,男,30-34,0.5095,0.0125,预测,假设,[假设] 以2024实际为锚，按2020-2024剔2022经验+年龄递减先验各半的年化改善率外推；改善率随年龄组上升而递减
2037,男,35-39,0.5944,0.0125,预测,假设,[假设] 以2024实际为锚，按2020-2024剔2022经验+年龄递减先验各半的年化改善率外推；改善率随年龄组上升而递减
2037,男,40-44,1.019,0.0125,预测,假设,[假设] 以2024实际为锚，按2020-2024剔2022经验+年龄递减先验各半的年化改善率外推；改善率随年龄组上升而递减
2037,男,45-49,1.7236,0.011375,预测,假设,[假设] 以2024实际为锚，按2020-2024剔2022经验+年龄递减先验各半的年化改善率外推；改善率随年龄组上升而递减
2037,男,5-9,0.0849,0.0125,预测,假设,[假设] 以2024实际为锚，按2020-2024剔2022经验+年龄递减先验各半的年化改善率外推；改善率随年龄组上升而递减
2037,男,50-54,2.8035,0.010125,预测,假设,[假设] 以2024实际为锚，按2020-2024剔2022经验+年龄递减先验各半的年化改善率外推；改善率随年龄组上升而递减
2037,男,55-59,4.2052,0.010125,预测,假设,[假设] 以2024实际为锚，按2020-2024剔2022经验+年龄递减先验各半的年化改善率外推；改善率随年龄组上升而递减
2037,男,60-64,6.045,0.010125,预测,假设,[假设] 以2024实际为锚，按2020-2024剔2022经验+年龄递减先验各半的年化改善率外推；改善率随年龄组上升而递减
2037,男,65-69,9.7245,0.010125,预测,假设,[假设] 以2024实际为锚，按2020-2024剔2022经验+年龄递减先验各半的年化改善率外推；改善率随年龄组上升而递减
2037,男,70-74,15.1562,0.010125,预测,假设,[假设] 以2024实际为锚，按2020-2024剔2022经验+年龄递减先验各半的年化改善率外推；改善率随年龄组上升而递减
2037,男,75-79,23.3038,0.010125,预测,假设,[假设] 以2024实际为锚，按2020-2024剔2022经验+年龄递减先验各半的年化改善率外推；改善率随年龄组上升而递减
2037,男,80-84,47.7015,0.00528,预测,假设,[假设] 以2024实际为锚，按2020-2024剔2022经验+年龄递减先验各半的年化改善率外推；改善率随年龄组上升而递减
2037,男,85+,90.4555,0.00528,预测,假设,[假设] 以2024实际为锚，按2020-2024剔2022经验+年龄递减先验各半的年化改善率外推；改善率随年龄组上升而递减
2038,女,0-4,0.2105,0.025,预测,假设,[假设] 以2024实际为锚，按2020-2024剔2022经验+年龄递减先验各半的年化改善率外推；改善率随年龄组上升而递减
2038,女,10-14,0.0839,0.0125,预测,假设,[假设] 以2024实际为锚，按2020-2024剔2022经验+年龄递减先验各半的年化改善率外推；改善率随年龄组上升而递减
2038,女,15-19,0.0839,0.0125,预测,假设,[假设] 以2024实际为锚，按2020-2024剔2022经验+年龄递减先验各半的年化改善率外推；改善率随年龄组上升而递减
2038,女,20-24,0.1677,0.0125,预测,假设,[假设] 以2024实际为锚，按2020-2024剔2022经验+年龄递减先验各半的年化改善率外推；改善率随年龄组上升而递减
2038,女,25-29,0.1677,0.0125,预测,假设,[假设] 以2024实际为锚，按2020-2024剔2022经验+年龄递减先验各半的年化改善率外推；改善率随年龄组上升而递减
2038,女,30-34,0.2516,0.0125,预测,假设,[假设] 以2024实际为锚，按2020-2024剔2022经验+年龄递减先验各半的年化改善率外推；改善率随年龄组上升而递减
2038,女,35-39,0.3354,0.0125,预测,假设,[假设] 以2024实际为锚，按2020-2024剔2022经验+年龄递减先验各半的年化改善率外推；改善率随年龄组上升而递减
2038,女,40-44,0.4193,0.0125,预测,假设,[假设] 以2024实际为锚，按2020-2024剔2022经验+年龄递减先验各半的年化改善率外推；改善率随年龄组上升而递减
2038,女,45-49,0.852,0.011375,预测,假设,[假设] 以2024实际为锚，按2020-2024剔2022经验+年龄递减先验各半的年化改善率外推；改善率随年龄组上升而递减
2038,女,5-9,0.0839,0.0125,预测,假设,[假设] 以2024实际为锚，按2020-2024剔2022经验+年龄递减先验各半的年化改善率外推；改善率随年龄组上升而递减
2038,女,50-54,1.3632,0.011375,预测,假设,[假设] 以2024实际为锚，按2020-2024剔2022经验+年龄递减先验各半的年化改善率外推；改善率随年龄组上升而递减
2038,女,55-59,2.0448,0.011375,预测,假设,[假设] 以2024实际为锚，按2020-2024剔2022经验+年龄递减先验各半的年化改善率外推；改善率随年龄组上升而递减
2038,女,60-64,3.2342,0.007625,预测,假设,[假设] 以2024实际为锚，按2020-2024剔2022经验+年龄递减先验各半的年化改善率外推；改善率随年龄组上升而递减
2038,女,65-69,4.4919,0.007625,预测,假设,[假设] 以2024实际为锚，按2020-2024剔2022经验+年龄递减先验各半的年化改善率外推；改善率随年龄组上升而递减
2038,女,70-74,7.5464,0.007625,预测,假设,[假设] 以2024实际为锚，按2020-2024剔2022经验+年龄递减先验各半的年化改善率外推；改善率随年龄组上升而递减
2038,女,75-79,12.3078,0.007625,预测,假设,[假设] 以2024实际为锚，按2020-2024剔2022经验+年龄递减先验各半的年化改善率外推；改善率随年龄组上升而递减
2038,女,80-84,26.4125,0.007625,预测,假设,[假设] 以2024实际为锚，按2020-2024剔2022经验+年龄递减先验各半的年化改善率外推；改善率随年龄组上升而递减
2038,女,85+,73.9674,0.006816,预测,假设,[假设] 以2024实际为锚，按2020-2024剔2022经验+年龄递减先验各半的年化改善率外推；改善率随年龄组上升而递减
2038,男,0-4,0.5031,0.0125,预测,假设,[假设] 以2024实际为锚，按2020-2024剔2022经验+年龄递减先验各半的年化改善率外推；改善率随年龄组上升而递减
2038,男,10-14,0.0839,0.0125,预测,假设,[假设] 以2024实际为锚，按2020-2024剔2022经验+年龄递减先验各半的年化改善率外推；改善率随年龄组上升而递减
2038,男,15-19,0.1677,0.0125,预测,假设,[假设] 以2024实际为锚，按2020-2024剔2022经验+年龄递减先验各半的年化改善率外推；改善率随年龄组上升而递减
2038,男,20-24,0.2516,0.0125,预测,假设,[假设] 以2024实际为锚，按2020-2024剔2022经验+年龄递减先验各半的年化改善率外推；改善率随年龄组上升而递减
2038,男,25-29,0.3354,0.0125,预测,假设,[假设] 以2024实际为锚，按2020-2024剔2022经验+年龄递减先验各半的年化改善率外推；改善率随年龄组上升而递减
2038,男,30-34,0.5031,0.0125,预测,假设,[假设] 以2024实际为锚，按2020-2024剔2022经验+年龄递减先验各半的年化改善率外推；改善率随年龄组上升而递减
2038,男,35-39,0.587,0.0125,预测,假设,[假设] 以2024实际为锚，按2020-2024剔2022经验+年龄递减先验各半的年化改善率外推；改善率随年龄组上升而递减
2038,男,40-44,1.0062,0.0125,预测,假设,[假设] 以2024实际为锚，按2020-2024剔2022经验+年龄递减先验各半的年化改善率外推；改善率随年龄组上升而递减
2038,男,45-49,1.704,0.011375,预测,假设,[假设] 以2024实际为锚，按2020-2024剔2022经验+年龄递减先验各半的年化改善率外推；改善率随年龄组上升而递减
2038,男,5-9,0.0839,0.0125,预测,假设,[假设] 以2024实际为锚，按2020-2024剔2022经验+年龄递减先验各半的年化改善率外推；改善率随年龄组上升而递减
2038,男,50-54,2.7751,0.010125,预测,假设,[假设] 以2024实际为锚，按2020-2024剔2022经验+年龄递减先验各半的年化改善率外推；改善率随年龄组上升而递减
2038,男,55-59,4.1626,0.010125,预测,假设,[假设] 以2024实际为锚，按2020-2024剔2022经验+年龄递减先验各半的年化改善率外推；改善率随年龄组上升而递减
2038,男,60-64,5.9838,0.010125,预测,假设,[假设] 以2024实际为锚，按2020-2024剔2022经验+年龄递减先验各半的年化改善率外推；改善率随年龄组上升而递减
2038,男,65-69,9.626,0.010125,预测,假设,[假设] 以2024实际为锚，按2020-2024剔2022经验+年龄递减先验各半的年化改善率外推；改善率随年龄组上升而递减
2038,男,70-74,15.0028,0.010125,预测,假设,[假设] 以2024实际为锚，按2020-2024剔2022经验+年龄递减先验各半的年化改善率外推；改善率随年龄组上升而递减
2038,男,75-79,23.0678,0.010125,预测,假设,[假设] 以2024实际为锚，按2020-2024剔2022经验+年龄递减先验各半的年化改善率外推；改善率随年龄组上升而递减
2038,男,80-84,47.4496,0.00528,预测,假设,[假设] 以2024实际为锚，按2020-2024剔2022经验+年龄递减先验各半的年化改善率外推；改善率随年龄组上升而递减
2038,男,85+,89.9779,0.00528,预测,假设,[假设] 以2024实际为锚，按2020-2024剔2022经验+年龄递减先验各半的年化改善率外推；改善率随年龄组上升而递减
2039,女,0-4,0.2052,0.025,预测,假设,[假设] 以2024实际为锚，按2020-2024剔2022经验+年龄递减先验各半的年化改善率外推；改善率随年龄组上升而递减
2039,女,10-14,0.0828,0.0125,预测,假设,[假设] 以2024实际为锚，按2020-2024剔2022经验+年龄递减先验各半的年化改善率外推；改善率随年龄组上升而递减
2039,女,15-19,0.0828,0.0125,预测,假设,[假设] 以2024实际为锚，按2020-2024剔2022经验+年龄递减先验各半的年化改善率外推；改善率随年龄组上升而递减
2039,女,20-24,0.1656,0.0125,预测,假设,[假设] 以2024实际为锚，按2020-2024剔2022经验+年龄递减先验各半的年化改善率外推；改善率随年龄组上升而递减
2039,女,25-29,0.1656,0.0125,预测,假设,[假设] 以2024实际为锚，按2020-2024剔2022经验+年龄递减先验各半的年化改善率外推；改善率随年龄组上升而递减
2039,女,30-34,0.2484,0.0125,预测,假设,[假设] 以2024实际为锚，按2020-2024剔2022经验+年龄递减先验各半的年化改善率外推；改善率随年龄组上升而递减
2039,女,35-39,0.3312,0.0125,预测,假设,[假设] 以2024实际为锚，按2020-2024剔2022经验+年龄递减先验各半的年化改善率外推；改善率随年龄组上升而递减
2039,女,40-44,0.414,0.0125,预测,假设,[假设] 以2024实际为锚，按2020-2024剔2022经验+年龄递减先验各半的年化改善率外推；改善率随年龄组上升而递减
2039,女,45-49,0.8423,0.011375,预测,假设,[假设] 以2024实际为锚，按2020-2024剔2022经验+年龄递减先验各半的年化改善率外推；改善率随年龄组上升而递减
2039,女,5-9,0.0828,0.0125,预测,假设,[假设] 以2024实际为锚，按2020-2024剔2022经验+年龄递减先验各半的年化改善率外推；改善率随年龄组上升而递减
2039,女,50-54,1.3477,0.011375,预测,假设,[假设] 以2024实际为锚，按2020-2024剔2022经验+年龄递减先验各半的年化改善率外推；改善率随年龄组上升而递减
2039,女,55-59,2.0216,0.011375,预测,假设,[假设] 以2024实际为锚，按2020-2024剔2022经验+年龄递减先验各半的年化改善率外推；改善率随年龄组上升而递减
2039,女,60-64,3.2095,0.007625,预测,假设,[假设] 以2024实际为锚，按2020-2024剔2022经验+年龄递减先验各半的年化改善率外推；改善率随年龄组上升而递减
2039,女,65-69,4.4577,0.007625,预测,假设,[假设] 以2024实际为锚，按2020-2024剔2022经验+年龄递减先验各半的年化改善率外推；改善率随年龄组上升而递减
2039,女,70-74,7.4889,0.007625,预测,假设,[假设] 以2024实际为锚，按2020-2024剔2022经验+年龄递减先验各半的年化改善率外推；改善率随年龄组上升而递减
2039,女,75-79,12.214,0.007625,预测,假设,[假设] 以2024实际为锚，按2020-2024剔2022经验+年龄递减先验各半的年化改善率外推；改善率随年龄组上升而递减
2039,女,80-84,26.2111,0.007625,预测,假设,[假设] 以2024实际为锚，按2020-2024剔2022经验+年龄递减先验各半的年化改善率外推；改善率随年龄组上升而递减
2039,女,85+,73.4632,0.006816,预测,假设,[假设] 以2024实际为锚，按2020-2024剔2022经验+年龄递减先验各半的年化改善率外推；改善率随年龄组上升而递减
2039,男,0-4,0.4968,0.0125,预测,假设,[假设] 以2024实际为锚，按2020-2024剔2022经验+年龄递减先验各半的年化改善率外推；改善率随年龄组上升而递减
2039,男,10-14,0.0828,0.0125,预测,假设,[假设] 以2024实际为锚，按2020-2024剔2022经验+年龄递减先验各半的年化改善率外推；改善率随年龄组上升而递减
2039,男,15-19,0.1656,0.0125,预测,假设,[假设] 以2024实际为锚，按2020-2024剔2022经验+年龄递减先验各半的年化改善率外推；改善率随年龄组上升而递减
2039,男,20-24,0.2484,0.0125,预测,假设,[假设] 以2024实际为锚，按2020-2024剔2022经验+年龄递减先验各半的年化改善率外推；改善率随年龄组上升而递减
2039,男,25-29,0.3312,0.0125,预测,假设,[假设] 以2024实际为锚，按2020-2024剔2022经验+年龄递减先验各半的年化改善率外推；改善率随年龄组上升而递减
2039,男,30-34,0.4968,0.0125,预测,假设,[假设] 以2024实际为锚，按2020-2024剔2022经验+年龄递减先验各半的年化改善率外推；改善率随年龄组上升而递减
2039,男,35-39,0.5796,0.0125,预测,假设,[假设] 以2024实际为锚，按2020-2024剔2022经验+年龄递减先验各半的年化改善率外推；改善率随年龄组上升而递减
2039,男,40-44,0.9937,0.0125,预测,假设,[假设] 以2024实际为锚，按2020-2024剔2022经验+年龄递减先验各半的年化改善率外推；改善率随年龄组上升而递减
2039,男,45-49,1.6846,0.011375,预测,假设,[假设] 以2024实际为锚，按2020-2024剔2022经验+年龄递减先验各半的年化改善率外推；改善率随年龄组上升而递减
2039,男,5-9,0.0828,0.0125,预测,假设,[假设] 以2024实际为锚，按2020-2024剔2022经验+年龄递减先验各半的年化改善率外推；改善率随年龄组上升而递减
2039,男,50-54,2.747,0.010125,预测,假设,[假设] 以2024实际为锚，按2020-2024剔2022经验+年龄递减先验各半的年化改善率外推；改善率随年龄组上升而递减
2039,男,55-59,4.1205,0.010125,预测,假设,[假设] 以2024实际为锚，按2020-2024剔2022经验+年龄递减先验各半的年化改善率外推；改善率随年龄组上升而递减
2039,男,60-64,5.9232,0.010125,预测,假设,[假设] 以2024实际为锚，按2020-2024剔2022经验+年龄递减先验各半的年化改善率外推；改善率随年龄组上升而递减
2039,男,65-69,9.5286,0.010125,预测,假设,[假设] 以2024实际为锚，按2020-2024剔2022经验+年龄递减先验各半的年化改善率外推；改善率随年龄组上升而递减
2039,男,70-74,14.8509,0.010125,预测,假设,[假设] 以2024实际为锚，按2020-2024剔2022经验+年龄递减先验各半的年化改善率外推；改善率随年龄组上升而递减
2039,男,75-79,22.8343,0.010125,预测,假设,[假设] 以2024实际为锚，按2020-2024剔2022经验+年龄递减先验各半的年化改善率外推；改善率随年龄组上升而递减
2039,男,80-84,47.1991,0.00528,预测,假设,[假设] 以2024实际为锚，按2020-2024剔2022经验+年龄递减先验各半的年化改善率外推；改善率随年龄组上升而递减
2039,男,85+,89.5028,0.00528,预测,假设,[假设] 以2024实际为锚，按2020-2024剔2022经验+年龄递减先验各半的年化改善率外推；改善率随年龄组上升而递减
2040,女,0-4,0.2001,0.025,预测,假设,[假设] 以2024实际为锚，按2020-2024剔2022经验+年龄递减先验各半的年化改善率外推；改善率随年龄组上升而递减
2040,女,10-14,0.0818,0.0125,预测,假设,[假设] 以2024实际为锚，按2020-2024剔2022经验+年龄递减先验各半的年化改善率外推；改善率随年龄组上升而递减
2040,女,15-19,0.0818,0.0125,预测,假设,[假设] 以2024实际为锚，按2020-2024剔2022经验+年龄递减先验各半的年化改善率外推；改善率随年龄组上升而递减
2040,女,20-24,0.1635,0.0125,预测,假设,[假设] 以2024实际为锚，按2020-2024剔2022经验+年龄递减先验各半的年化改善率外推；改善率随年龄组上升而递减
2040,女,25-29,0.1635,0.0125,预测,假设,[假设] 以2024实际为锚，按2020-2024剔2022经验+年龄递减先验各半的年化改善率外推；改善率随年龄组上升而递减
2040,女,30-34,0.2453,0.0125,预测,假设,[假设] 以2024实际为锚，按2020-2024剔2022经验+年龄递减先验各半的年化改善率外推；改善率随年龄组上升而递减
2040,女,35-39,0.3271,0.0125,预测,假设,[假设] 以2024实际为锚，按2020-2024剔2022经验+年龄递减先验各半的年化改善率外推；改善率随年龄组上升而递减
2040,女,40-44,0.4088,0.0125,预测,假设,[假设] 以2024实际为锚，按2020-2024剔2022经验+年龄递减先验各半的年化改善率外推；改善率随年龄组上升而递减
2040,女,45-49,0.8327,0.011375,预测,假设,[假设] 以2024实际为锚，按2020-2024剔2022经验+年龄递减先验各半的年化改善率外推；改善率随年龄组上升而递减
2040,女,5-9,0.0818,0.0125,预测,假设,[假设] 以2024实际为锚，按2020-2024剔2022经验+年龄递减先验各半的年化改善率外推；改善率随年龄组上升而递减
2040,女,50-54,1.3324,0.011375,预测,假设,[假设] 以2024实际为锚，按2020-2024剔2022经验+年龄递减先验各半的年化改善率外推；改善率随年龄组上升而递减
2040,女,55-59,1.9986,0.011375,预测,假设,[假设] 以2024实际为锚，按2020-2024剔2022经验+年龄递减先验各半的年化改善率外推；改善率随年龄组上升而递减
2040,女,60-64,3.185,0.007625,预测,假设,[假设] 以2024实际为锚，按2020-2024剔2022经验+年龄递减先验各半的年化改善率外推；改善率随年龄组上升而递减
2040,女,65-69,4.4237,0.007625,预测,假设,[假设] 以2024实际为锚，按2020-2024剔2022经验+年龄递减先验各半的年化改善率外推；改善率随年龄组上升而递减
2040,女,70-74,7.4318,0.007625,预测,假设,[假设] 以2024实际为锚，按2020-2024剔2022经验+年龄递减先验各半的年化改善率外推；改善率随年龄组上升而递减
2040,女,75-79,12.1209,0.007625,预测,假设,[假设] 以2024实际为锚，按2020-2024剔2022经验+年龄递减先验各半的年化改善率外推；改善率随年龄组上升而递减
2040,女,80-84,26.0112,0.007625,预测,假设,[假设] 以2024实际为锚，按2020-2024剔2022经验+年龄递减先验各半的年化改善率外推；改善率随年龄组上升而递减
2040,女,85+,72.9625,0.006816,预测,假设,[假设] 以2024实际为锚，按2020-2024剔2022经验+年龄递减先验各半的年化改善率外推；改善率随年龄组上升而递减
2040,男,0-4,0.4906,0.0125,预测,假设,[假设] 以2024实际为锚，按2020-2024剔2022经验+年龄递减先验各半的年化改善率外推；改善率随年龄组上升而递减
2040,男,10-14,0.0818,0.0125,预测,假设,[假设] 以2024实际为锚，按2020-2024剔2022经验+年龄递减先验各半的年化改善率外推；改善率随年龄组上升而递减
2040,男,15-19,0.1635,0.0125,预测,假设,[假设] 以2024实际为锚，按2020-2024剔2022经验+年龄递减先验各半的年化改善率外推；改善率随年龄组上升而递减
2040,男,20-24,0.2453,0.0125,预测,假设,[假设] 以2024实际为锚，按2020-2024剔2022经验+年龄递减先验各半的年化改善率外推；改善率随年龄组上升而递减
2040,男,25-29,0.3271,0.0125,预测,假设,[假设] 以2024实际为锚，按2020-2024剔2022经验+年龄递减先验各半的年化改善率外推；改善率随年龄组上升而递减
2040,男,30-34,0.4906,0.0125,预测,假设,[假设] 以2024实际为锚，按2020-2024剔2022经验+年龄递减先验各半的年化改善率外推；改善率随年龄组上升而递减
2040,男,35-39,0.5724,0.0125,预测,假设,[假设] 以2024实际为锚，按2020-2024剔2022经验+年龄递减先验各半的年化改善率外推；改善率随年龄组上升而递减
2040,男,40-44,0.9812,0.0125,预测,假设,[假设] 以2024实际为锚，按2020-2024剔2022经验+年龄递减先验各半的年化改善率外推；改善率随年龄组上升而递减
2040,男,45-49,1.6655,0.011375,预测,假设,[假设] 以2024实际为锚，按2020-2024剔2022经验+年龄递减先验各半的年化改善率外推；改善率随年龄组上升而递减
2040,男,5-9,0.0818,0.0125,预测,假设,[假设] 以2024实际为锚，按2020-2024剔2022经验+年龄递减先验各半的年化改善率外推；改善率随年龄组上升而递减
2040,男,50-54,2.7192,0.010125,预测,假设,[假设] 以2024实际为锚，按2020-2024剔2022经验+年龄递减先验各半的年化改善率外推；改善率随年龄组上升而递减
2040,男,55-59,4.0787,0.010125,预测,假设,[假设] 以2024实际为锚，按2020-2024剔2022经验+年龄递减先验各半的年化改善率外推；改善率随年龄组上升而递减
2040,男,60-64,5.8632,0.010125,预测,假设,[假设] 以2024实际为锚，按2020-2024剔2022经验+年龄递减先验各半的年化改善率外推；改善率随年龄组上升而递减
2040,男,65-69,9.4321,0.010125,预测,假设,[假设] 以2024实际为锚，按2020-2024剔2022经验+年龄递减先验各半的年化改善率外推；改善率随年龄组上升而递减
2040,男,70-74,14.7005,0.010125,预测,假设,[假设] 以2024实际为锚，按2020-2024剔2022经验+年龄递减先验各半的年化改善率外推；改善率随年龄组上升而递减
2040,男,75-79,22.6031,0.010125,预测,假设,[假设] 以2024实际为锚，按2020-2024剔2022经验+年龄递减先验各半的年化改善率外推；改善率随年龄组上升而递减
2040,男,80-84,46.9499,0.00528,预测,假设,[假设] 以2024实际为锚，按2020-2024剔2022经验+年龄递减先验各半的年化改善率外推；改善率随年龄组上升而递减
2040,男,85+,89.0302,0.00528,预测,假设,[假设] 以2024实际为锚，按2020-2024剔2022经验+年龄递减先验各半的年化改善率外推；改善率随年龄组上升而递减
2041,女,0-4,0.1951,0.025,预测,假设,[假设] 以2024实际为锚，按2020-2024剔2022经验+年龄递减先验各半的年化改善率外推；改善率随年龄组上升而递减
2041,女,10-14,0.0807,0.0125,预测,假设,[假设] 以2024实际为锚，按2020-2024剔2022经验+年龄递减先验各半的年化改善率外推；改善率随年龄组上升而递减
2041,女,15-19,0.0807,0.0125,预测,假设,[假设] 以2024实际为锚，按2020-2024剔2022经验+年龄递减先验各半的年化改善率外推；改善率随年龄组上升而递减
2041,女,20-24,0.1615,0.0125,预测,假设,[假设] 以2024实际为锚，按2020-2024剔2022经验+年龄递减先验各半的年化改善率外推；改善率随年龄组上升而递减
2041,女,25-29,0.1615,0.0125,预测,假设,[假设] 以2024实际为锚，按2020-2024剔2022经验+年龄递减先验各半的年化改善率外推；改善率随年龄组上升而递减
2041,女,30-34,0.2422,0.0125,预测,假设,[假设] 以2024实际为锚，按2020-2024剔2022经验+年龄递减先验各半的年化改善率外推；改善率随年龄组上升而递减
2041,女,35-39,0.323,0.0125,预测,假设,[假设] 以2024实际为锚，按2020-2024剔2022经验+年龄递减先验各半的年化改善率外推；改善率随年龄组上升而递减
2041,女,40-44,0.4037,0.0125,预测,假设,[假设] 以2024实际为锚，按2020-2024剔2022经验+年龄递减先验各半的年化改善率外推；改善率随年龄组上升而递减
2041,女,45-49,0.8233,0.011375,预测,假设,[假设] 以2024实际为锚，按2020-2024剔2022经验+年龄递减先验各半的年化改善率外推；改善率随年龄组上升而递减
2041,女,5-9,0.0807,0.0125,预测,假设,[假设] 以2024实际为锚，按2020-2024剔2022经验+年龄递减先验各半的年化改善率外推；改善率随年龄组上升而递减
2041,女,50-54,1.3172,0.011375,预测,假设,[假设] 以2024实际为锚，按2020-2024剔2022经验+年龄递减先验各半的年化改善率外推；改善率随年龄组上升而递减
2041,女,55-59,1.9758,0.011375,预测,假设,[假设] 以2024实际为锚，按2020-2024剔2022经验+年龄递减先验各半的年化改善率外推；改善率随年龄组上升而递减
2041,女,60-64,3.1608,0.007625,预测,假设,[假设] 以2024实际为锚，按2020-2024剔2022经验+年龄递减先验各半的年化改善率外推；改善率随年龄组上升而递减
2041,女,65-69,4.3899,0.007625,预测,假设,[假设] 以2024实际为锚，按2020-2024剔2022经验+年龄递减先验各半的年化改善率外推；改善率随年龄组上升而递减
2041,女,70-74,7.3751,0.007625,预测,假设,[假设] 以2024实际为锚，按2020-2024剔2022经验+年龄递减先验各半的年化改善率外推；改善率随年龄组上升而递减
2041,女,75-79,12.0284,0.007625,预测,假设,[假设] 以2024实际为锚，按2020-2024剔2022经验+年龄递减先验各半的年化改善率外推；改善率随年龄组上升而递减
2041,女,80-84,25.8129,0.007625,预测,假设,[假设] 以2024实际为锚，按2020-2024剔2022经验+年龄递减先验各半的年化改善率外推；改善率随年龄组上升而递减
2041,女,85+,72.4652,0.006816,预测,假设,[假设] 以2024实际为锚，按2020-2024剔2022经验+年龄递减先验各半的年化改善率外推；改善率随年龄组上升而递减
2041,男,0-4,0.4845,0.0125,预测,假设,[假设] 以2024实际为锚，按2020-2024剔2022经验+年龄递减先验各半的年化改善率外推；改善率随年龄组上升而递减
2041,男,10-14,0.0807,0.0125,预测,假设,[假设] 以2024实际为锚，按2020-2024剔2022经验+年龄递减先验各半的年化改善率外推；改善率随年龄组上升而递减
2041,男,15-19,0.1615,0.0125,预测,假设,[假设] 以2024实际为锚，按2020-2024剔2022经验+年龄递减先验各半的年化改善率外推；改善率随年龄组上升而递减
2041,男,20-24,0.2422,0.0125,预测,假设,[假设] 以2024实际为锚，按2020-2024剔2022经验+年龄递减先验各半的年化改善率外推；改善率随年龄组上升而递减
2041,男,25-29,0.323,0.0125,预测,假设,[假设] 以2024实际为锚，按2020-2024剔2022经验+年龄递减先验各半的年化改善率外推；改善率随年龄组上升而递减
2041,男,30-34,0.4845,0.0125,预测,假设,[假设] 以2024实际为锚，按2020-2024剔2022经验+年龄递减先验各半的年化改善率外推；改善率随年龄组上升而递减
2041,男,35-39,0.5652,0.0125,预测,假设,[假设] 以2024实际为锚，按2020-2024剔2022经验+年龄递减先验各半的年化改善率外推；改善率随年龄组上升而递减
2041,男,40-44,0.969,0.0125,预测,假设,[假设] 以2024实际为锚，按2020-2024剔2022经验+年龄递减先验各半的年化改善率外推；改善率随年龄组上升而递减
2041,男,45-49,1.6465,0.011375,预测,假设,[假设] 以2024实际为锚，按2020-2024剔2022经验+年龄递减先验各半的年化改善率外推；改善率随年龄组上升而递减
2041,男,5-9,0.0807,0.0125,预测,假设,[假设] 以2024实际为锚，按2020-2024剔2022经验+年龄递减先验各半的年化改善率外推；改善率随年龄组上升而递减
2041,男,50-54,2.6916,0.010125,预测,假设,[假设] 以2024实际为锚，按2020-2024剔2022经验+年龄递减先验各半的年化改善率外推；改善率随年龄组上升而递减
2041,男,55-59,4.0375,0.010125,预测,假设,[假设] 以2024实际为锚，按2020-2024剔2022经验+年龄递减先验各半的年化改善率外推；改善率随年龄组上升而递减
2041,男,60-64,5.8038,0.010125,预测,假设,[假设] 以2024实际为锚，按2020-2024剔2022经验+年龄递减先验各半的年化改善率外推；改善率随年龄组上升而递减
2041,男,65-69,9.3366,0.010125,预测,假设,[假设] 以2024实际为锚，按2020-2024剔2022经验+年龄递减先验各半的年化改善率外推；改善率随年龄组上升而递减
2041,男,70-74,14.5516,0.010125,预测,假设,[假设] 以2024实际为锚，按2020-2024剔2022经验+年龄递减先验各半的年化改善率外推；改善率随年龄组上升而递减
2041,男,75-79,22.3742,0.010125,预测,假设,[假设] 以2024实际为锚，按2020-2024剔2022经验+年龄递减先验各半的年化改善率外推；改善率随年龄组上升而递减
2041,男,80-84,46.702,0.00528,预测,假设,[假设] 以2024实际为锚，按2020-2024剔2022经验+年龄递减先验各半的年化改善率外推；改善率随年龄组上升而递减
2041,男,85+,88.5601,0.00528,预测,假设,[假设] 以2024实际为锚，按2020-2024剔2022经验+年龄递减先验各半的年化改善率外推；改善率随年龄组上升而递减
2042,女,0-4,0.1902,0.025,预测,假设,[假设] 以2024实际为锚，按2020-2024剔2022经验+年龄递减先验各半的年化改善率外推；改善率随年龄组上升而递减
2042,女,10-14,0.0797,0.0125,预测,假设,[假设] 以2024实际为锚，按2020-2024剔2022经验+年龄递减先验各半的年化改善率外推；改善率随年龄组上升而递减
2042,女,15-19,0.0797,0.0125,预测,假设,[假设] 以2024实际为锚，按2020-2024剔2022经验+年龄递减先验各半的年化改善率外推；改善率随年龄组上升而递减
2042,女,20-24,0.1595,0.0125,预测,假设,[假设] 以2024实际为锚，按2020-2024剔2022经验+年龄递减先验各半的年化改善率外推；改善率随年龄组上升而递减
2042,女,25-29,0.1595,0.0125,预测,假设,[假设] 以2024实际为锚，按2020-2024剔2022经验+年龄递减先验各半的年化改善率外推；改善率随年龄组上升而递减
2042,女,30-34,0.2392,0.0125,预测,假设,[假设] 以2024实际为锚，按2020-2024剔2022经验+年龄递减先验各半的年化改善率外推；改善率随年龄组上升而递减
2042,女,35-39,0.319,0.0125,预测,假设,[假设] 以2024实际为锚，按2020-2024剔2022经验+年龄递减先验各半的年化改善率外推；改善率随年龄组上升而递减
2042,女,40-44,0.3987,0.0125,预测,假设,[假设] 以2024实际为锚，按2020-2024剔2022经验+年龄递减先验各半的年化改善率外推；改善率随年龄组上升而递减
2042,女,45-49,0.8139,0.011375,预测,假设,[假设] 以2024实际为锚，按2020-2024剔2022经验+年龄递减先验各半的年化改善率外推；改善率随年龄组上升而递减
2042,女,5-9,0.0797,0.0125,预测,假设,[假设] 以2024实际为锚，按2020-2024剔2022经验+年龄递减先验各半的年化改善率外推；改善率随年龄组上升而递减
2042,女,50-54,1.3022,0.011375,预测,假设,[假设] 以2024实际为锚，按2020-2024剔2022经验+年龄递减先验各半的年化改善率外推；改善率随年龄组上升而递减
2042,女,55-59,1.9533,0.011375,预测,假设,[假设] 以2024实际为锚，按2020-2024剔2022经验+年龄递减先验各半的年化改善率外推；改善率随年龄组上升而递减
2042,女,60-64,3.1367,0.007625,预测,假设,[假设] 以2024实际为锚，按2020-2024剔2022经验+年龄递减先验各半的年化改善率外推；改善率随年龄组上升而递减
2042,女,65-69,4.3565,0.007625,预测,假设,[假设] 以2024实际为锚，按2020-2024剔2022经验+年龄递减先验各半的年化改善率外推；改善率随年龄组上升而递减
2042,女,70-74,7.3189,0.007625,预测,假设,[假设] 以2024实际为锚，按2020-2024剔2022经验+年龄递减先验各半的年化改善率外推；改善率随年龄组上升而递减
2042,女,75-79,11.9367,0.007625,预测,假设,[假设] 以2024实际为锚，按2020-2024剔2022经验+年龄递减先验各半的年化改善率外推；改善率随年龄组上升而递减
2042,女,80-84,25.616,0.007625,预测,假设,[假设] 以2024实际为锚，按2020-2024剔2022经验+年龄递减先验各半的年化改善率外推；改善率随年龄组上升而递减
2042,女,85+,71.9713,0.006816,预测,假设,[假设] 以2024实际为锚，按2020-2024剔2022经验+年龄递减先验各半的年化改善率外推；改善率随年龄组上升而递减
2042,男,0-4,0.4784,0.0125,预测,假设,[假设] 以2024实际为锚，按2020-2024剔2022经验+年龄递减先验各半的年化改善率外推；改善率随年龄组上升而递减
2042,男,10-14,0.0797,0.0125,预测,假设,[假设] 以2024实际为锚，按2020-2024剔2022经验+年龄递减先验各半的年化改善率外推；改善率随年龄组上升而递减
2042,男,15-19,0.1595,0.0125,预测,假设,[假设] 以2024实际为锚，按2020-2024剔2022经验+年龄递减先验各半的年化改善率外推；改善率随年龄组上升而递减
2042,男,20-24,0.2392,0.0125,预测,假设,[假设] 以2024实际为锚，按2020-2024剔2022经验+年龄递减先验各半的年化改善率外推；改善率随年龄组上升而递减
2042,男,25-29,0.319,0.0125,预测,假设,[假设] 以2024实际为锚，按2020-2024剔2022经验+年龄递减先验各半的年化改善率外推；改善率随年龄组上升而递减
2042,男,30-34,0.4784,0.0125,预测,假设,[假设] 以2024实际为锚，按2020-2024剔2022经验+年龄递减先验各半的年化改善率外推；改善率随年龄组上升而递减
2042,男,35-39,0.5582,0.0125,预测,假设,[假设] 以2024实际为锚，按2020-2024剔2022经验+年龄递减先验各半的年化改善率外推；改善率随年龄组上升而递减
2042,男,40-44,0.9569,0.0125,预测,假设,[假设] 以2024实际为锚，按2020-2024剔2022经验+年龄递减先验各半的年化改善率外推；改善率随年龄组上升而递减
2042,男,45-49,1.6278,0.011375,预测,假设,[假设] 以2024实际为锚，按2020-2024剔2022经验+年龄递减先验各半的年化改善率外推；改善率随年龄组上升而递减
2042,男,5-9,0.0797,0.0125,预测,假设,[假设] 以2024实际为锚，按2020-2024剔2022经验+年龄递减先验各半的年化改善率外推；改善率随年龄组上升而递减
2042,男,50-54,2.6644,0.010125,预测,假设,[假设] 以2024实际为锚，按2020-2024剔2022经验+年龄递减先验各半的年化改善率外推；改善率随年龄组上升而递减
2042,男,55-59,3.9966,0.010125,预测,假设,[假设] 以2024实际为锚，按2020-2024剔2022经验+年龄递减先验各半的年化改善率外推；改善率随年龄组上升而递减
2042,男,60-64,5.7451,0.010125,预测,假设,[假设] 以2024实际为锚，按2020-2024剔2022经验+年龄递减先验各半的年化改善率外推；改善率随年龄组上升而递减
2042,男,65-69,9.2421,0.010125,预测,假设,[假设] 以2024实际为锚，按2020-2024剔2022经验+年龄递减先验各半的年化改善率外推；改善率随年龄组上升而递减
2042,男,70-74,14.4043,0.010125,预测,假设,[假设] 以2024实际为锚，按2020-2024剔2022经验+年龄递减先验各半的年化改善率外推；改善率随年龄组上升而递减
2042,男,75-79,22.1477,0.010125,预测,假设,[假设] 以2024实际为锚，按2020-2024剔2022经验+年龄递减先验各半的年化改善率外推；改善率随年龄组上升而递减
2042,男,80-84,46.4554,0.00528,预测,假设,[假设] 以2024实际为锚，按2020-2024剔2022经验+年龄递减先验各半的年化改善率外推；改善率随年龄组上升而递减
2042,男,85+,88.0925,0.00528,预测,假设,[假设] 以2024实际为锚，按2020-2024剔2022经验+年龄递减先验各半的年化改善率外推；改善率随年龄组上升而递减
2043,女,0-4,0.1854,0.025,预测,假设,[假设] 以2024实际为锚，按2020-2024剔2022经验+年龄递减先验各半的年化改善率外推；改善率随年龄组上升而递减
2043,女,10-14,0.0787,0.0125,预测,假设,[假设] 以2024实际为锚，按2020-2024剔2022经验+年龄递减先验各半的年化改善率外推；改善率随年龄组上升而递减
2043,女,15-19,0.0787,0.0125,预测,假设,[假设] 以2024实际为锚，按2020-2024剔2022经验+年龄递减先验各半的年化改善率外推；改善率随年龄组上升而递减
2043,女,20-24,0.1575,0.0125,预测,假设,[假设] 以2024实际为锚，按2020-2024剔2022经验+年龄递减先验各半的年化改善率外推；改善率随年龄组上升而递减
2043,女,25-29,0.1575,0.0125,预测,假设,[假设] 以2024实际为锚，按2020-2024剔2022经验+年龄递减先验各半的年化改善率外推；改善率随年龄组上升而递减
2043,女,30-34,0.2362,0.0125,预测,假设,[假设] 以2024实际为锚，按2020-2024剔2022经验+年龄递减先验各半的年化改善率外推；改善率随年龄组上升而递减
2043,女,35-39,0.315,0.0125,预测,假设,[假设] 以2024实际为锚，按2020-2024剔2022经验+年龄递减先验各半的年化改善率外推；改善率随年龄组上升而递减
2043,女,40-44,0.3937,0.0125,预测,假设,[假设] 以2024实际为锚，按2020-2024剔2022经验+年龄递减先验各半的年化改善率外推；改善率随年龄组上升而递减
2043,女,45-49,0.8046,0.011375,预测,假设,[假设] 以2024实际为锚，按2020-2024剔2022经验+年龄递减先验各半的年化改善率外推；改善率随年龄组上升而递减
2043,女,5-9,0.0787,0.0125,预测,假设,[假设] 以2024实际为锚，按2020-2024剔2022经验+年龄递减先验各半的年化改善率外推；改善率随年龄组上升而递减
2043,女,50-54,1.2874,0.011375,预测,假设,[假设] 以2024实际为锚，按2020-2024剔2022经验+年龄递减先验各半的年化改善率外推；改善率随年龄组上升而递减
2043,女,55-59,1.9311,0.011375,预测,假设,[假设] 以2024实际为锚，按2020-2024剔2022经验+年龄递减先验各半的年化改善率外推；改善率随年龄组上升而递减
2043,女,60-64,3.1127,0.007625,预测,假设,[假设] 以2024实际为锚，按2020-2024剔2022经验+年龄递减先验各半的年化改善率外推；改善率随年龄组上升而递减
2043,女,65-69,4.3233,0.007625,预测,假设,[假设] 以2024实际为锚，按2020-2024剔2022经验+年龄递减先验各半的年化改善率外推；改善率随年龄组上升而递减
2043,女,70-74,7.2631,0.007625,预测,假设,[假设] 以2024实际为锚，按2020-2024剔2022经验+年龄递减先验各半的年化改善率外推；改善率随年龄组上升而递减
2043,女,75-79,11.8457,0.007625,预测,假设,[假设] 以2024实际为锚，按2020-2024剔2022经验+年龄递减先验各半的年化改善率外推；改善率随年龄组上升而递减
2043,女,80-84,25.4207,0.007625,预测,假设,[假设] 以2024实际为锚，按2020-2024剔2022经验+年龄递减先验各半的年化改善率外推；改善率随年龄组上升而递减
2043,女,85+,71.4807,0.006816,预测,假设,[假设] 以2024实际为锚，按2020-2024剔2022经验+年龄递减先验各半的年化改善率外推；改善率随年龄组上升而递减
2043,男,0-4,0.4725,0.0125,预测,假设,[假设] 以2024实际为锚，按2020-2024剔2022经验+年龄递减先验各半的年化改善率外推；改善率随年龄组上升而递减
2043,男,10-14,0.0787,0.0125,预测,假设,[假设] 以2024实际为锚，按2020-2024剔2022经验+年龄递减先验各半的年化改善率外推；改善率随年龄组上升而递减
2043,男,15-19,0.1575,0.0125,预测,假设,[假设] 以2024实际为锚，按2020-2024剔2022经验+年龄递减先验各半的年化改善率外推；改善率随年龄组上升而递减
2043,男,20-24,0.2362,0.0125,预测,假设,[假设] 以2024实际为锚，按2020-2024剔2022经验+年龄递减先验各半的年化改善率外推；改善率随年龄组上升而递减
2043,男,25-29,0.315,0.0125,预测,假设,[假设] 以2024实际为锚，按2020-2024剔2022经验+年龄递减先验各半的年化改善率外推；改善率随年龄组上升而递减
2043,男,30-34,0.4725,0.0125,预测,假设,[假设] 以2024实际为锚，按2020-2024剔2022经验+年龄递减先验各半的年化改善率外推；改善率随年龄组上升而递减
2043,男,35-39,0.5512,0.0125,预测,假设,[假设] 以2024实际为锚，按2020-2024剔2022经验+年龄递减先验各半的年化改善率外推；改善率随年龄组上升而递减
2043,男,40-44,0.9449,0.0125,预测,假设,[假设] 以2024实际为锚，按2020-2024剔2022经验+年龄递减先验各半的年化改善率外推；改善率随年龄组上升而递减
2043,男,45-49,1.6093,0.011375,预测,假设,[假设] 以2024实际为锚，按2020-2024剔2022经验+年龄递减先验各半的年化改善率外推；改善率随年龄组上升而递减
2043,男,5-9,0.0787,0.0125,预测,假设,[假设] 以2024实际为锚，按2020-2024剔2022经验+年龄递减先验各半的年化改善率外推；改善率随年龄组上升而递减
2043,男,50-54,2.6374,0.010125,预测,假设,[假设] 以2024实际为锚，按2020-2024剔2022经验+年龄递减先验各半的年化改善率外推；改善率随年龄组上升而递减
2043,男,55-59,3.9561,0.010125,预测,假设,[假设] 以2024实际为锚，按2020-2024剔2022经验+年龄递减先验各半的年化改善率外推；改善率随年龄组上升而递减
2043,男,60-64,5.6869,0.010125,预测,假设,[假设] 以2024实际为锚，按2020-2024剔2022经验+年龄递减先验各半的年化改善率外推；改善率随年龄组上升而递减
2043,男,65-69,9.1485,0.010125,预测,假设,[假设] 以2024实际为锚，按2020-2024剔2022经验+年龄递减先验各半的年化改善率外推；改善率随年龄组上升而递减
2043,男,70-74,14.2585,0.010125,预测,假设,[假设] 以2024实际为锚，按2020-2024剔2022经验+年龄递减先验各半的年化改善率外推；改善率随年龄组上升而递减
2043,男,75-79,21.9234,0.010125,预测,假设,[假设] 以2024实际为锚，按2020-2024剔2022经验+年龄递减先验各半的年化改善率外推；改善率随年龄组上升而递减
2043,男,80-84,46.2101,0.00528,预测,假设,[假设] 以2024实际为锚，按2020-2024剔2022经验+年龄递减先验各半的年化改善率外推；改善率随年龄组上升而递减
2043,男,85+,87.6274,0.00528,预测,假设,[假设] 以2024实际为锚，按2020-2024剔2022经验+年龄递减先验各半的年化改善率外推；改善率随年龄组上升而递减
2044,女,0-4,0.1808,0.025,预测,假设,[假设] 以2024实际为锚，按2020-2024剔2022经验+年龄递减先验各半的年化改善率外推；改善率随年龄组上升而递减
2044,女,10-14,0.0778,0.0125,预测,假设,[假设] 以2024实际为锚，按2020-2024剔2022经验+年龄递减先验各半的年化改善率外推；改善率随年龄组上升而递减
2044,女,15-19,0.0778,0.0125,预测,假设,[假设] 以2024实际为锚，按2020-2024剔2022经验+年龄递减先验各半的年化改善率外推；改善率随年龄组上升而递减
2044,女,20-24,0.1555,0.0125,预测,假设,[假设] 以2024实际为锚，按2020-2024剔2022经验+年龄递减先验各半的年化改善率外推；改善率随年龄组上升而递减
2044,女,25-29,0.1555,0.0125,预测,假设,[假设] 以2024实际为锚，按2020-2024剔2022经验+年龄递减先验各半的年化改善率外推；改善率随年龄组上升而递减
2044,女,30-34,0.2333,0.0125,预测,假设,[假设] 以2024实际为锚，按2020-2024剔2022经验+年龄递减先验各半的年化改善率外推；改善率随年龄组上升而递减
2044,女,35-39,0.311,0.0125,预测,假设,[假设] 以2024实际为锚，按2020-2024剔2022经验+年龄递减先验各半的年化改善率外推；改善率随年龄组上升而递减
2044,女,40-44,0.3888,0.0125,预测,假设,[假设] 以2024实际为锚，按2020-2024剔2022经验+年龄递减先验各半的年化改善率外推；改善率随年龄组上升而递减
2044,女,45-49,0.7955,0.011375,预测,假设,[假设] 以2024实际为锚，按2020-2024剔2022经验+年龄递减先验各半的年化改善率外推；改善率随年龄组上升而递减
2044,女,5-9,0.0778,0.0125,预测,假设,[假设] 以2024实际为锚，按2020-2024剔2022经验+年龄递减先验各半的年化改善率外推；改善率随年龄组上升而递减
2044,女,50-54,1.2728,0.011375,预测,假设,[假设] 以2024实际为锚，按2020-2024剔2022经验+年龄递减先验各半的年化改善率外推；改善率随年龄组上升而递减
2044,女,55-59,1.9092,0.011375,预测,假设,[假设] 以2024实际为锚，按2020-2024剔2022经验+年龄递减先验各半的年化改善率外推；改善率随年龄组上升而递减
2044,女,60-64,3.089,0.007625,预测,假设,[假设] 以2024实际为锚，按2020-2024剔2022经验+年龄递减先验各半的年化改善率外推；改善率随年龄组上升而递减
2044,女,65-69,4.2903,0.007625,预测,假设,[假设] 以2024实际为锚，按2020-2024剔2022经验+年龄递减先验各半的年化改善率外推；改善率随年龄组上升而递减
2044,女,70-74,7.2077,0.007625,预测,假设,[假设] 以2024实际为锚，按2020-2024剔2022经验+年龄递减先验各半的年化改善率外推；改善率随年龄组上升而递减
2044,女,75-79,11.7554,0.007625,预测,假设,[假设] 以2024实际为锚，按2020-2024剔2022经验+年龄递减先验各半的年化改善率外推；改善率随年龄组上升而递减
2044,女,80-84,25.2269,0.007625,预测,假设,[假设] 以2024实际为锚，按2020-2024剔2022经验+年龄递减先验各半的年化改善率外推；改善率随年龄组上升而递减
2044,女,85+,70.9935,0.006816,预测,假设,[假设] 以2024实际为锚，按2020-2024剔2022经验+年龄递减先验各半的年化改善率外推；改善率随年龄组上升而递减
2044,男,0-4,0.4665,0.0125,预测,假设,[假设] 以2024实际为锚，按2020-2024剔2022经验+年龄递减先验各半的年化改善率外推；改善率随年龄组上升而递减
2044,男,10-14,0.0778,0.0125,预测,假设,[假设] 以2024实际为锚，按2020-2024剔2022经验+年龄递减先验各半的年化改善率外推；改善率随年龄组上升而递减
2044,男,15-19,0.1555,0.0125,预测,假设,[假设] 以2024实际为锚，按2020-2024剔2022经验+年龄递减先验各半的年化改善率外推；改善率随年龄组上升而递减
2044,男,20-24,0.2333,0.0125,预测,假设,[假设] 以2024实际为锚，按2020-2024剔2022经验+年龄递减先验各半的年化改善率外推；改善率随年龄组上升而递减
2044,男,25-29,0.311,0.0125,预测,假设,[假设] 以2024实际为锚，按2020-2024剔2022经验+年龄递减先验各半的年化改善率外推；改善率随年龄组上升而递减
2044,男,30-34,0.4665,0.0125,预测,假设,[假设] 以2024实际为锚，按2020-2024剔2022经验+年龄递减先验各半的年化改善率外推；改善率随年龄组上升而递减
2044,男,35-39,0.5443,0.0125,预测,假设,[假设] 以2024实际为锚，按2020-2024剔2022经验+年龄递减先验各半的年化改善率外推；改善率随年龄组上升而递减
2044,男,40-44,0.9331,0.0125,预测,假设,[假设] 以2024实际为锚，按2020-2024剔2022经验+年龄递减先验各半的年化改善率外推；改善率随年龄组上升而递减
2044,男,45-49,1.591,0.011375,预测,假设,[假设] 以2024实际为锚，按2020-2024剔2022经验+年龄递减先验各半的年化改善率外推；改善率随年龄组上升而递减
2044,男,5-9,0.0778,0.0125,预测,假设,[假设] 以2024实际为锚，按2020-2024剔2022经验+年龄递减先验各半的年化改善率外推；改善率随年龄组上升而递减
2044,男,50-54,2.6107,0.010125,预测,假设,[假设] 以2024实际为锚，按2020-2024剔2022经验+年龄递减先验各半的年化改善率外推；改善率随年龄组上升而递减
2044,男,55-59,3.9161,0.010125,预测,假设,[假设] 以2024实际为锚，按2020-2024剔2022经验+年龄递减先验各半的年化改善率外推；改善率随年龄组上升而递减
2044,男,60-64,5.6293,0.010125,预测,假设,[假设] 以2024实际为锚，按2020-2024剔2022经验+年龄递减先验各半的年化改善率外推；改善率随年龄组上升而递减
2044,男,65-69,9.0559,0.010125,预测,假设,[假设] 以2024实际为锚，按2020-2024剔2022经验+年龄递减先验各半的年化改善率外推；改善率随年龄组上升而递减
2044,男,70-74,14.1141,0.010125,预测,假设,[假设] 以2024实际为锚，按2020-2024剔2022经验+年龄递减先验各半的年化改善率外推；改善率随年龄组上升而递减
2044,男,75-79,21.7015,0.010125,预测,假设,[假设] 以2024实际为锚，按2020-2024剔2022经验+年龄递减先验各半的年化改善率外推；改善率随年龄组上升而递减
2044,男,80-84,45.9661,0.00528,预测,假设,[假设] 以2024实际为锚，按2020-2024剔2022经验+年龄递减先验各半的年化改善率外推；改善率随年龄组上升而递减
2044,男,85+,87.1647,0.00528,预测,假设,[假设] 以2024实际为锚，按2020-2024剔2022经验+年龄递减先验各半的年化改善率外推；改善率随年龄组上升而递减
2045,女,0-4,0.1763,0.025,预测,假设,[假设] 以2024实际为锚，按2020-2024剔2022经验+年龄递减先验各半的年化改善率外推；改善率随年龄组上升而递减
2045,女,10-14,0.0768,0.0125,预测,假设,[假设] 以2024实际为锚，按2020-2024剔2022经验+年龄递减先验各半的年化改善率外推；改善率随年龄组上升而递减
2045,女,15-19,0.0768,0.0125,预测,假设,[假设] 以2024实际为锚，按2020-2024剔2022经验+年龄递减先验各半的年化改善率外推；改善率随年龄组上升而递减
2045,女,20-24,0.1536,0.0125,预测,假设,[假设] 以2024实际为锚，按2020-2024剔2022经验+年龄递减先验各半的年化改善率外推；改善率随年龄组上升而递减
2045,女,25-29,0.1536,0.0125,预测,假设,[假设] 以2024实际为锚，按2020-2024剔2022经验+年龄递减先验各半的年化改善率外推；改善率随年龄组上升而递减
2045,女,30-34,0.2304,0.0125,预测,假设,[假设] 以2024实际为锚，按2020-2024剔2022经验+年龄递减先验各半的年化改善率外推；改善率随年龄组上升而递减
2045,女,35-39,0.3071,0.0125,预测,假设,[假设] 以2024实际为锚，按2020-2024剔2022经验+年龄递减先验各半的年化改善率外推；改善率随年龄组上升而递减
2045,女,40-44,0.3839,0.0125,预测,假设,[假设] 以2024实际为锚，按2020-2024剔2022经验+年龄递减先验各半的年化改善率外推；改善率随年龄组上升而递减
2045,女,45-49,0.7864,0.011375,预测,假设,[假设] 以2024实际为锚，按2020-2024剔2022经验+年龄递减先验各半的年化改善率外推；改善率随年龄组上升而递减
2045,女,5-9,0.0768,0.0125,预测,假设,[假设] 以2024实际为锚，按2020-2024剔2022经验+年龄递减先验各半的年化改善率外推；改善率随年龄组上升而递减
2045,女,50-54,1.2583,0.011375,预测,假设,[假设] 以2024实际为锚，按2020-2024剔2022经验+年龄递减先验各半的年化改善率外推；改善率随年龄组上升而递减
2045,女,55-59,1.8874,0.011375,预测,假设,[假设] 以2024实际为锚，按2020-2024剔2022经验+年龄递减先验各半的年化改善率外推；改善率随年龄组上升而递减
2045,女,60-64,3.0655,0.007625,预测,假设,[假设] 以2024实际为锚，按2020-2024剔2022经验+年龄递减先验各半的年化改善率外推；改善率随年龄组上升而递减
2045,女,65-69,4.2576,0.007625,预测,假设,[假设] 以2024实际为锚，按2020-2024剔2022经验+年龄递减先验各半的年化改善率外推；改善率随年龄组上升而递减
2045,女,70-74,7.1527,0.007625,预测,假设,[假设] 以2024实际为锚，按2020-2024剔2022经验+年龄递减先验各半的年化改善率外推；改善率随年龄组上升而递减
2045,女,75-79,11.6658,0.007625,预测,假设,[假设] 以2024实际为锚，按2020-2024剔2022经验+年龄递减先验各半的年化改善率外推；改善率随年龄组上升而递减
2045,女,80-84,25.0345,0.007625,预测,假设,[假设] 以2024实际为锚，按2020-2024剔2022经验+年龄递减先验各半的年化改善率外推；改善率随年龄组上升而递减
2045,女,85+,70.5096,0.006816,预测,假设,[假设] 以2024实际为锚，按2020-2024剔2022经验+年龄递减先验各半的年化改善率外推；改善率随年龄组上升而递减
2045,男,0-4,0.4607,0.0125,预测,假设,[假设] 以2024实际为锚，按2020-2024剔2022经验+年龄递减先验各半的年化改善率外推；改善率随年龄组上升而递减
2045,男,10-14,0.0768,0.0125,预测,假设,[假设] 以2024实际为锚，按2020-2024剔2022经验+年龄递减先验各半的年化改善率外推；改善率随年龄组上升而递减
2045,男,15-19,0.1536,0.0125,预测,假设,[假设] 以2024实际为锚，按2020-2024剔2022经验+年龄递减先验各半的年化改善率外推；改善率随年龄组上升而递减
2045,男,20-24,0.2304,0.0125,预测,假设,[假设] 以2024实际为锚，按2020-2024剔2022经验+年龄递减先验各半的年化改善率外推；改善率随年龄组上升而递减
2045,男,25-29,0.3071,0.0125,预测,假设,[假设] 以2024实际为锚，按2020-2024剔2022经验+年龄递减先验各半的年化改善率外推；改善率随年龄组上升而递减
2045,男,30-34,0.4607,0.0125,预测,假设,[假设] 以2024实际为锚，按2020-2024剔2022经验+年龄递减先验各半的年化改善率外推；改善率随年龄组上升而递减
2045,男,35-39,0.5375,0.0125,预测,假设,[假设] 以2024实际为锚，按2020-2024剔2022经验+年龄递减先验各半的年化改善率外推；改善率随年龄组上升而递减
2045,男,40-44,0.9214,0.0125,预测,假设,[假设] 以2024实际为锚，按2020-2024剔2022经验+年龄递减先验各半的年化改善率外推；改善率随年龄组上升而递减
2045,男,45-49,1.5729,0.011375,预测,假设,[假设] 以2024实际为锚，按2020-2024剔2022经验+年龄递减先验各半的年化改善率外推；改善率随年龄组上升而递减
2045,男,5-9,0.0768,0.0125,预测,假设,[假设] 以2024实际为锚，按2020-2024剔2022经验+年龄递减先验各半的年化改善率外推；改善率随年龄组上升而递减
2045,男,50-54,2.5843,0.010125,预测,假设,[假设] 以2024实际为锚，按2020-2024剔2022经验+年龄递减先验各半的年化改善率外推；改善率随年龄组上升而递减
2045,男,55-59,3.8764,0.010125,预测,假设,[假设] 以2024实际为锚，按2020-2024剔2022经验+年龄递减先验各半的年化改善率外推；改善率随年龄组上升而递减
2045,男,60-64,5.5723,0.010125,预测,假设,[假设] 以2024实际为锚，按2020-2024剔2022经验+年龄递减先验各半的年化改善率外推；改善率随年龄组上升而递减
2045,男,65-69,8.9642,0.010125,预测,假设,[假设] 以2024实际为锚，按2020-2024剔2022经验+年龄递减先验各半的年化改善率外推；改善率随年龄组上升而递减
2045,男,70-74,13.9712,0.010125,预测,假设,[假设] 以2024实际为锚，按2020-2024剔2022经验+年龄递减先验各半的年化改善率外推；改善率随年龄组上升而递减
2045,男,75-79,21.4817,0.010125,预测,假设,[假设] 以2024实际为锚，按2020-2024剔2022经验+年龄递减先验各半的年化改善率外推；改善率随年龄组上升而递减
2045,男,80-84,45.7234,0.00528,预测,假设,[假设] 以2024实际为锚，按2020-2024剔2022经验+年龄递减先验各半的年化改善率外推；改善率随年龄组上升而递减
2045,男,85+,86.7045,0.00528,预测,假设,[假设] 以2024实际为锚，按2020-2024剔2022经验+年龄递减先验各半的年化改善率外推；改善率随年龄组上升而递减
2046,女,0-4,0.1719,0.025,预测,假设,[假设] 以2024实际为锚，按2020-2024剔2022经验+年龄递减先验各半的年化改善率外推；改善率随年龄组上升而递减
2046,女,10-14,0.0758,0.0125,预测,假设,[假设] 以2024实际为锚，按2020-2024剔2022经验+年龄递减先验各半的年化改善率外推；改善率随年龄组上升而递减
2046,女,15-19,0.0758,0.0125,预测,假设,[假设] 以2024实际为锚，按2020-2024剔2022经验+年龄递减先验各半的年化改善率外推；改善率随年龄组上升而递减
2046,女,20-24,0.1517,0.0125,预测,假设,[假设] 以2024实际为锚，按2020-2024剔2022经验+年龄递减先验各半的年化改善率外推；改善率随年龄组上升而递减
2046,女,25-29,0.1517,0.0125,预测,假设,[假设] 以2024实际为锚，按2020-2024剔2022经验+年龄递减先验各半的年化改善率外推；改善率随年龄组上升而递减
2046,女,30-34,0.2275,0.0125,预测,假设,[假设] 以2024实际为锚，按2020-2024剔2022经验+年龄递减先验各半的年化改善率外推；改善率随年龄组上升而递减
2046,女,35-39,0.3033,0.0125,预测,假设,[假设] 以2024实际为锚，按2020-2024剔2022经验+年龄递减先验各半的年化改善率外推；改善率随年龄组上升而递减
2046,女,40-44,0.3791,0.0125,预测,假设,[假设] 以2024实际为锚，按2020-2024剔2022经验+年龄递减先验各半的年化改善率外推；改善率随年龄组上升而递减
2046,女,45-49,0.7775,0.011375,预测,假设,[假设] 以2024实际为锚，按2020-2024剔2022经验+年龄递减先验各半的年化改善率外推；改善率随年龄组上升而递减
2046,女,5-9,0.0758,0.0125,预测,假设,[假设] 以2024实际为锚，按2020-2024剔2022经验+年龄递减先验各半的年化改善率外推；改善率随年龄组上升而递减
2046,女,50-54,1.244,0.011375,预测,假设,[假设] 以2024实际为锚，按2020-2024剔2022经验+年龄递减先验各半的年化改善率外推；改善率随年龄组上升而递减
2046,女,55-59,1.866,0.011375,预测,假设,[假设] 以2024实际为锚，按2020-2024剔2022经验+年龄递减先验各半的年化改善率外推；改善率随年龄组上升而递减
2046,女,60-64,3.0421,0.007625,预测,假设,[假设] 以2024实际为锚，按2020-2024剔2022经验+年龄递减先验各半的年化改善率外推；改善率随年龄组上升而递减
2046,女,65-69,4.2251,0.007625,预测,假设,[假设] 以2024实际为锚，按2020-2024剔2022经验+年龄递减先验各半的年化改善率外推；改善率随年龄组上升而递减
2046,女,70-74,7.0982,0.007625,预测,假设,[假设] 以2024实际为锚，按2020-2024剔2022经验+年龄递减先验各半的年化改善率外推；改善率随年龄组上升而递减
2046,女,75-79,11.5768,0.007625,预测,假设,[假设] 以2024实际为锚，按2020-2024剔2022经验+年龄递减先验各半的年化改善率外推；改善率随年龄组上升而递减
2046,女,80-84,24.8436,0.007625,预测,假设,[假设] 以2024实际为锚，按2020-2024剔2022经验+年龄递减先验各半的年化改善率外推；改善率随年龄组上升而递减
2046,女,85+,70.029,0.006816,预测,假设,[假设] 以2024实际为锚，按2020-2024剔2022经验+年龄递减先验各半的年化改善率外推；改善率随年龄组上升而递减
2046,男,0-4,0.455,0.0125,预测,假设,[假设] 以2024实际为锚，按2020-2024剔2022经验+年龄递减先验各半的年化改善率外推；改善率随年龄组上升而递减
2046,男,10-14,0.0758,0.0125,预测,假设,[假设] 以2024实际为锚，按2020-2024剔2022经验+年龄递减先验各半的年化改善率外推；改善率随年龄组上升而递减
2046,男,15-19,0.1517,0.0125,预测,假设,[假设] 以2024实际为锚，按2020-2024剔2022经验+年龄递减先验各半的年化改善率外推；改善率随年龄组上升而递减
2046,男,20-24,0.2275,0.0125,预测,假设,[假设] 以2024实际为锚，按2020-2024剔2022经验+年龄递减先验各半的年化改善率外推；改善率随年龄组上升而递减
2046,男,25-29,0.3033,0.0125,预测,假设,[假设] 以2024实际为锚，按2020-2024剔2022经验+年龄递减先验各半的年化改善率外推；改善率随年龄组上升而递减
2046,男,30-34,0.455,0.0125,预测,假设,[假设] 以2024实际为锚，按2020-2024剔2022经验+年龄递减先验各半的年化改善率外推；改善率随年龄组上升而递减
2046,男,35-39,0.5308,0.0125,预测,假设,[假设] 以2024实际为锚，按2020-2024剔2022经验+年龄递减先验各半的年化改善率外推；改善率随年龄组上升而递减
2046,男,40-44,0.9099,0.0125,预测,假设,[假设] 以2024实际为锚，按2020-2024剔2022经验+年龄递减先验各半的年化改善率外推；改善率随年龄组上升而递减
2046,男,45-49,1.555,0.011375,预测,假设,[假设] 以2024实际为锚，按2020-2024剔2022经验+年龄递减先验各半的年化改善率外推；改善率随年龄组上升而递减
2046,男,5-9,0.0758,0.0125,预测,假设,[假设] 以2024实际为锚，按2020-2024剔2022经验+年龄递减先验各半的年化改善率外推；改善率随年龄组上升而递减
2046,男,50-54,2.5581,0.010125,预测,假设,[假设] 以2024实际为锚，按2020-2024剔2022经验+年龄递减先验各半的年化改善率外推；改善率随年龄组上升而递减
2046,男,55-59,3.8372,0.010125,预测,假设,[假设] 以2024实际为锚，按2020-2024剔2022经验+年龄递减先验各半的年化改善率外推；改善率随年龄组上升而递减
2046,男,60-64,5.5159,0.010125,预测,假设,[假设] 以2024实际为锚，按2020-2024剔2022经验+年龄递减先验各半的年化改善率外推；改善率随年龄组上升而递减
2046,男,65-69,8.8734,0.010125,预测,假设,[假设] 以2024实际为锚，按2020-2024剔2022经验+年龄递减先验各半的年化改善率外推；改善率随年龄组上升而递减
2046,男,70-74,13.8297,0.010125,预测,假设,[假设] 以2024实际为锚，按2020-2024剔2022经验+年龄递减先验各半的年化改善率外推；改善率随年龄组上升而递减
2046,男,75-79,21.2642,0.010125,预测,假设,[假设] 以2024实际为锚，按2020-2024剔2022经验+年龄递减先验各半的年化改善率外推；改善率随年龄组上升而递减
2046,男,80-84,45.482,0.00528,预测,假设,[假设] 以2024实际为锚，按2020-2024剔2022经验+年龄递减先验各半的年化改善率外推；改善率随年龄组上升而递减
2046,男,85+,86.2467,0.00528,预测,假设,[假设] 以2024实际为锚，按2020-2024剔2022经验+年龄递减先验各半的年化改善率外推；改善率随年龄组上升而递减
2047,女,0-4,0.1676,0.025,预测,假设,[假设] 以2024实际为锚，按2020-2024剔2022经验+年龄递减先验各半的年化改善率外推；改善率随年龄组上升而递减
2047,女,10-14,0.0749,0.0125,预测,假设,[假设] 以2024实际为锚，按2020-2024剔2022经验+年龄递减先验各半的年化改善率外推；改善率随年龄组上升而递减
2047,女,15-19,0.0749,0.0125,预测,假设,[假设] 以2024实际为锚，按2020-2024剔2022经验+年龄递减先验各半的年化改善率外推；改善率随年龄组上升而递减
2047,女,20-24,0.1498,0.0125,预测,假设,[假设] 以2024实际为锚，按2020-2024剔2022经验+年龄递减先验各半的年化改善率外推；改善率随年龄组上升而递减
2047,女,25-29,0.1498,0.0125,预测,假设,[假设] 以2024实际为锚，按2020-2024剔2022经验+年龄递减先验各半的年化改善率外推；改善率随年龄组上升而递减
2047,女,30-34,0.2246,0.0125,预测,假设,[假设] 以2024实际为锚，按2020-2024剔2022经验+年龄递减先验各半的年化改善率外推；改善率随年龄组上升而递减
2047,女,35-39,0.2995,0.0125,预测,假设,[假设] 以2024实际为锚，按2020-2024剔2022经验+年龄递减先验各半的年化改善率外推；改善率随年龄组上升而递减
2047,女,40-44,0.3744,0.0125,预测,假设,[假设] 以2024实际为锚，按2020-2024剔2022经验+年龄递减先验各半的年化改善率外推；改善率随年龄组上升而递减
2047,女,45-49,0.7686,0.011375,预测,假设,[假设] 以2024实际为锚，按2020-2024剔2022经验+年龄递减先验各半的年化改善率外推；改善率随年龄组上升而递减
2047,女,5-9,0.0749,0.0125,预测,假设,[假设] 以2024实际为锚，按2020-2024剔2022经验+年龄递减先验各半的年化改善率外推；改善率随年龄组上升而递减
2047,女,50-54,1.2298,0.011375,预测,假设,[假设] 以2024实际为锚，按2020-2024剔2022经验+年龄递减先验各半的年化改善率外推；改善率随年龄组上升而递减
2047,女,55-59,1.8448,0.011375,预测,假设,[假设] 以2024实际为锚，按2020-2024剔2022经验+年龄递减先验各半的年化改善率外推；改善率随年龄组上升而递减
2047,女,60-64,3.0189,0.007625,预测,假设,[假设] 以2024实际为锚，按2020-2024剔2022经验+年龄递减先验各半的年化改善率外推；改善率随年龄组上升而递减
2047,女,65-69,4.1929,0.007625,预测,假设,[假设] 以2024实际为锚，按2020-2024剔2022经验+年龄递减先验各半的年化改善率外推；改善率随年龄组上升而递减
2047,女,70-74,7.0441,0.007625,预测,假设,[假设] 以2024实际为锚，按2020-2024剔2022经验+年龄递减先验各半的年化改善率外推；改善率随年龄组上升而递减
2047,女,75-79,11.4885,0.007625,预测,假设,[假设] 以2024实际为锚，按2020-2024剔2022经验+年龄递减先验各半的年化改善率外推；改善率随年龄组上升而递减
2047,女,80-84,24.6542,0.007625,预测,假设,[假设] 以2024实际为锚，按2020-2024剔2022经验+年龄递减先验各半的年化改善率外推；改善率随年龄组上升而递减
2047,女,85+,69.5517,0.006816,预测,假设,[假设] 以2024实际为锚，按2020-2024剔2022经验+年龄递减先验各半的年化改善率外推；改善率随年龄组上升而递减
2047,男,0-4,0.4493,0.0125,预测,假设,[假设] 以2024实际为锚，按2020-2024剔2022经验+年龄递减先验各半的年化改善率外推；改善率随年龄组上升而递减
2047,男,10-14,0.0749,0.0125,预测,假设,[假设] 以2024实际为锚，按2020-2024剔2022经验+年龄递减先验各半的年化改善率外推；改善率随年龄组上升而递减
2047,男,15-19,0.1498,0.0125,预测,假设,[假设] 以2024实际为锚，按2020-2024剔2022经验+年龄递减先验各半的年化改善率外推；改善率随年龄组上升而递减
2047,男,20-24,0.2246,0.0125,预测,假设,[假设] 以2024实际为锚，按2020-2024剔2022经验+年龄递减先验各半的年化改善率外推；改善率随年龄组上升而递减
2047,男,25-29,0.2995,0.0125,预测,假设,[假设] 以2024实际为锚，按2020-2024剔2022经验+年龄递减先验各半的年化改善率外推；改善率随年龄组上升而递减
2047,男,30-34,0.4493,0.0125,预测,假设,[假设] 以2024实际为锚，按2020-2024剔2022经验+年龄递减先验各半的年化改善率外推；改善率随年龄组上升而递减
2047,男,35-39,0.5241,0.0125,预测,假设,[假设] 以2024实际为锚，按2020-2024剔2022经验+年龄递减先验各半的年化改善率外推；改善率随年龄组上升而递减
2047,男,40-44,0.8985,0.0125,预测,假设,[假设] 以2024实际为锚，按2020-2024剔2022经验+年龄递减先验各半的年化改善率外推；改善率随年龄组上升而递减
2047,男,45-49,1.5373,0.011375,预测,假设,[假设] 以2024实际为锚，按2020-2024剔2022经验+年龄递减先验各半的年化改善率外推；改善率随年龄组上升而递减
2047,男,5-9,0.0749,0.0125,预测,假设,[假设] 以2024实际为锚，按2020-2024剔2022经验+年龄递减先验各半的年化改善率外推；改善率随年龄组上升而递减
2047,男,50-54,2.5322,0.010125,预测,假设,[假设] 以2024实际为锚，按2020-2024剔2022经验+年龄递减先验各半的年化改善率外推；改善率随年龄组上升而递减
2047,男,55-59,3.7983,0.010125,预测,假设,[假设] 以2024实际为锚，按2020-2024剔2022经验+年龄递减先验各半的年化改善率外推；改善率随年龄组上升而递减
2047,男,60-64,5.4601,0.010125,预测,假设,[假设] 以2024实际为锚，按2020-2024剔2022经验+年龄递减先验各半的年化改善率外推；改善率随年龄组上升而递减
2047,男,65-69,8.7836,0.010125,预测,假设,[假设] 以2024实际为锚，按2020-2024剔2022经验+年龄递减先验各半的年化改善率外推；改善率随年龄组上升而递减
2047,男,70-74,13.6897,0.010125,预测,假设,[假设] 以2024实际为锚，按2020-2024剔2022经验+年龄递减先验各半的年化改善率外推；改善率随年龄组上升而递减
2047,男,75-79,21.0489,0.010125,预测,假设,[假设] 以2024实际为锚，按2020-2024剔2022经验+年龄递减先验各半的年化改善率外推；改善率随年龄组上升而递减
2047,男,80-84,45.2419,0.00528,预测,假设,[假设] 以2024实际为锚，按2020-2024剔2022经验+年龄递减先验各半的年化改善率外推；改善率随年龄组上升而递减
2047,男,85+,85.7913,0.00528,预测,假设,[假设] 以2024实际为锚，按2020-2024剔2022经验+年龄递减先验各半的年化改善率外推；改善率随年龄组上升而递减
2048,女,0-4,0.1634,0.025,预测,假设,[假设] 以2024实际为锚，按2020-2024剔2022经验+年龄递减先验各半的年化改善率外推；改善率随年龄组上升而递减
2048,女,10-14,0.0739,0.0125,预测,假设,[假设] 以2024实际为锚，按2020-2024剔2022经验+年龄递减先验各半的年化改善率外推；改善率随年龄组上升而递减
2048,女,15-19,0.0739,0.0125,预测,假设,[假设] 以2024实际为锚，按2020-2024剔2022经验+年龄递减先验各半的年化改善率外推；改善率随年龄组上升而递减
2048,女,20-24,0.1479,0.0125,预测,假设,[假设] 以2024实际为锚，按2020-2024剔2022经验+年龄递减先验各半的年化改善率外推；改善率随年龄组上升而递减
2048,女,25-29,0.1479,0.0125,预测,假设,[假设] 以2024实际为锚，按2020-2024剔2022经验+年龄递减先验各半的年化改善率外推；改善率随年龄组上升而递减
2048,女,30-34,0.2218,0.0125,预测,假设,[假设] 以2024实际为锚，按2020-2024剔2022经验+年龄递减先验各半的年化改善率外推；改善率随年龄组上升而递减
2048,女,35-39,0.2958,0.0125,预测,假设,[假设] 以2024实际为锚，按2020-2024剔2022经验+年龄递减先验各半的年化改善率外推；改善率随年龄组上升而递减
2048,女,40-44,0.3697,0.0125,预测,假设,[假设] 以2024实际为锚，按2020-2024剔2022经验+年龄递减先验各半的年化改善率外推；改善率随年龄组上升而递减
2048,女,45-49,0.7599,0.011375,预测,假设,[假设] 以2024实际为锚，按2020-2024剔2022经验+年龄递减先验各半的年化改善率外推；改善率随年龄组上升而递减
2048,女,5-9,0.0739,0.0125,预测,假设,[假设] 以2024实际为锚，按2020-2024剔2022经验+年龄递减先验各半的年化改善率外推；改善率随年龄组上升而递减
2048,女,50-54,1.2158,0.011375,预测,假设,[假设] 以2024实际为锚，按2020-2024剔2022经验+年龄递减先验各半的年化改善率外推；改善率随年龄组上升而递减
2048,女,55-59,1.8238,0.011375,预测,假设,[假设] 以2024实际为锚，按2020-2024剔2022经验+年龄递减先验各半的年化改善率外推；改善率随年龄组上升而递减
2048,女,60-64,2.9959,0.007625,预测,假设,[假设] 以2024实际为锚，按2020-2024剔2022经验+年龄递减先验各半的年化改善率外推；改善率随年龄组上升而递减
2048,女,65-69,4.1609,0.007625,预测,假设,[假设] 以2024实际为锚，按2020-2024剔2022经验+年龄递减先验各半的年化改善率外推；改善率随年龄组上升而递减
2048,女,70-74,6.9903,0.007625,预测,假设,[假设] 以2024实际为锚，按2020-2024剔2022经验+年龄递减先验各半的年化改善率外推；改善率随年龄组上升而递减
2048,女,75-79,11.4009,0.007625,预测,假设,[假设] 以2024实际为锚，按2020-2024剔2022经验+年龄递减先验各半的年化改善率外推；改善率随年龄组上升而递减
2048,女,80-84,24.4662,0.007625,预测,假设,[假设] 以2024实际为锚，按2020-2024剔2022经验+年龄递减先验各半的年化改善率外推；改善率随年龄组上升而递减
2048,女,85+,69.0776,0.006816,预测,假设,[假设] 以2024实际为锚，按2020-2024剔2022经验+年龄递减先验各半的年化改善率外推；改善率随年龄组上升而递减
2048,男,0-4,0.4437,0.0125,预测,假设,[假设] 以2024实际为锚，按2020-2024剔2022经验+年龄递减先验各半的年化改善率外推；改善率随年龄组上升而递减
2048,男,10-14,0.0739,0.0125,预测,假设,[假设] 以2024实际为锚，按2020-2024剔2022经验+年龄递减先验各半的年化改善率外推；改善率随年龄组上升而递减
2048,男,15-19,0.1479,0.0125,预测,假设,[假设] 以2024实际为锚，按2020-2024剔2022经验+年龄递减先验各半的年化改善率外推；改善率随年龄组上升而递减
2048,男,20-24,0.2218,0.0125,预测,假设,[假设] 以2024实际为锚，按2020-2024剔2022经验+年龄递减先验各半的年化改善率外推；改善率随年龄组上升而递减
2048,男,25-29,0.2958,0.0125,预测,假设,[假设] 以2024实际为锚，按2020-2024剔2022经验+年龄递减先验各半的年化改善率外推；改善率随年龄组上升而递减
2048,男,30-34,0.4437,0.0125,预测,假设,[假设] 以2024实际为锚，按2020-2024剔2022经验+年龄递减先验各半的年化改善率外推；改善率随年龄组上升而递减
2048,男,35-39,0.5176,0.0125,预测,假设,[假设] 以2024实际为锚，按2020-2024剔2022经验+年龄递减先验各半的年化改善率外推；改善率随年龄组上升而递减
2048,男,40-44,0.8873,0.0125,预测,假设,[假设] 以2024实际为锚，按2020-2024剔2022经验+年龄递减先验各半的年化改善率外推；改善率随年龄组上升而递减
2048,男,45-49,1.5198,0.011375,预测,假设,[假设] 以2024实际为锚，按2020-2024剔2022经验+年龄递减先验各半的年化改善率外推；改善率随年龄组上升而递减
2048,男,5-9,0.0739,0.0125,预测,假设,[假设] 以2024实际为锚，按2020-2024剔2022经验+年龄递减先验各半的年化改善率外推；改善率随年龄组上升而递减
2048,男,50-54,2.5066,0.010125,预测,假设,[假设] 以2024实际为锚，按2020-2024剔2022经验+年龄递减先验各半的年化改善率外推；改善率随年龄组上升而递减
2048,男,55-59,3.7598,0.010125,预测,假设,[假设] 以2024实际为锚，按2020-2024剔2022经验+年龄递减先验各半的年化改善率外推；改善率随年龄组上升而递减
2048,男,60-64,5.4048,0.010125,预测,假设,[假设] 以2024实际为锚，按2020-2024剔2022经验+年龄递减先验各半的年化改善率外推；改善率随年龄组上升而递减
2048,男,65-69,8.6946,0.010125,预测,假设,[假设] 以2024实际为锚，按2020-2024剔2022经验+年龄递减先验各半的年化改善率外推；改善率随年龄组上升而递减
2048,男,70-74,13.5511,0.010125,预测,假设,[假设] 以2024实际为锚，按2020-2024剔2022经验+年龄递减先验各半的年化改善率外推；改善率随年龄组上升而递减
2048,男,75-79,20.8358,0.010125,预测,假设,[假设] 以2024实际为锚，按2020-2024剔2022经验+年龄递减先验各半的年化改善率外推；改善率随年龄组上升而递减
2048,男,80-84,45.003,0.00528,预测,假设,[假设] 以2024实际为锚，按2020-2024剔2022经验+年龄递减先验各半的年化改善率外推；改善率随年龄组上升而递减
2048,男,85+,85.3383,0.00528,预测,假设,[假设] 以2024实际为锚，按2020-2024剔2022经验+年龄递减先验各半的年化改善率外推；改善率随年龄组上升而递减
2049,女,0-4,0.1593,0.025,预测,假设,[假设] 以2024实际为锚，按2020-2024剔2022经验+年龄递减先验各半的年化改善率外推；改善率随年龄组上升而递减
2049,女,10-14,0.073,0.0125,预测,假设,[假设] 以2024实际为锚，按2020-2024剔2022经验+年龄递减先验各半的年化改善率外推；改善率随年龄组上升而递减
2049,女,15-19,0.073,0.0125,预测,假设,[假设] 以2024实际为锚，按2020-2024剔2022经验+年龄递减先验各半的年化改善率外推；改善率随年龄组上升而递减
2049,女,20-24,0.146,0.0125,预测,假设,[假设] 以2024实际为锚，按2020-2024剔2022经验+年龄递减先验各半的年化改善率外推；改善率随年龄组上升而递减
2049,女,25-29,0.146,0.0125,预测,假设,[假设] 以2024实际为锚，按2020-2024剔2022经验+年龄递减先验各半的年化改善率外推；改善率随年龄组上升而递减
2049,女,30-34,0.2191,0.0125,预测,假设,[假设] 以2024实际为锚，按2020-2024剔2022经验+年龄递减先验各半的年化改善率外推；改善率随年龄组上升而递减
2049,女,35-39,0.2921,0.0125,预测,假设,[假设] 以2024实际为锚，按2020-2024剔2022经验+年龄递减先验各半的年化改善率外推；改善率随年龄组上升而递减
2049,女,40-44,0.3651,0.0125,预测,假设,[假设] 以2024实际为锚，按2020-2024剔2022经验+年龄递减先验各半的年化改善率外推；改善率随年龄组上升而递减
2049,女,45-49,0.7513,0.011375,预测,假设,[假设] 以2024实际为锚，按2020-2024剔2022经验+年龄递减先验各半的年化改善率外推；改善率随年龄组上升而递减
2049,女,5-9,0.073,0.0125,预测,假设,[假设] 以2024实际为锚，按2020-2024剔2022经验+年龄递减先验各半的年化改善率外推；改善率随年龄组上升而递减
2049,女,50-54,1.202,0.011375,预测,假设,[假设] 以2024实际为锚，按2020-2024剔2022经验+年龄递减先验各半的年化改善率外推；改善率随年龄组上升而递减
2049,女,55-59,1.803,0.011375,预测,假设,[假设] 以2024实际为锚，按2020-2024剔2022经验+年龄递减先验各半的年化改善率外推；改善率随年龄组上升而递减
2049,女,60-64,2.973,0.007625,预测,假设,[假设] 以2024实际为锚，按2020-2024剔2022经验+年龄递减先验各半的年化改善率外推；改善率随年龄组上升而递减
2049,女,65-69,4.1292,0.007625,预测,假设,[假设] 以2024实际为锚，按2020-2024剔2022经验+年龄递减先验各半的年化改善率外推；改善率随年龄组上升而递减
2049,女,70-74,6.937,0.007625,预测,假设,[假设] 以2024实际为锚，按2020-2024剔2022经验+年龄递减先验各半的年化改善率外推；改善率随年龄组上升而递减
2049,女,75-79,11.314,0.007625,预测,假设,[假设] 以2024实际为锚，按2020-2024剔2022经验+年龄递减先验各半的年化改善率外推；改善率随年龄组上升而递减
2049,女,80-84,24.2797,0.007625,预测,假设,[假设] 以2024实际为锚，按2020-2024剔2022经验+年龄递减先验各半的年化改善率外推；改善率随年龄组上升而递减
2049,女,85+,68.6068,0.006816,预测,假设,[假设] 以2024实际为锚，按2020-2024剔2022经验+年龄递减先验各半的年化改善率外推；改善率随年龄组上升而递减
2049,男,0-4,0.4381,0.0125,预测,假设,[假设] 以2024实际为锚，按2020-2024剔2022经验+年龄递减先验各半的年化改善率外推；改善率随年龄组上升而递减
2049,男,10-14,0.073,0.0125,预测,假设,[假设] 以2024实际为锚，按2020-2024剔2022经验+年龄递减先验各半的年化改善率外推；改善率随年龄组上升而递减
2049,男,15-19,0.146,0.0125,预测,假设,[假设] 以2024实际为锚，按2020-2024剔2022经验+年龄递减先验各半的年化改善率外推；改善率随年龄组上升而递减
2049,男,20-24,0.2191,0.0125,预测,假设,[假设] 以2024实际为锚，按2020-2024剔2022经验+年龄递减先验各半的年化改善率外推；改善率随年龄组上升而递减
2049,男,25-29,0.2921,0.0125,预测,假设,[假设] 以2024实际为锚，按2020-2024剔2022经验+年龄递减先验各半的年化改善率外推；改善率随年龄组上升而递减
2049,男,30-34,0.4381,0.0125,预测,假设,[假设] 以2024实际为锚，按2020-2024剔2022经验+年龄递减先验各半的年化改善率外推；改善率随年龄组上升而递减
2049,男,35-39,0.5111,0.0125,预测,假设,[假设] 以2024实际为锚，按2020-2024剔2022经验+年龄递减先验各半的年化改善率外推；改善率随年龄组上升而递减
2049,男,40-44,0.8762,0.0125,预测,假设,[假设] 以2024实际为锚，按2020-2024剔2022经验+年龄递减先验各半的年化改善率外推；改善率随年龄组上升而递减
2049,男,45-49,1.5025,0.011375,预测,假设,[假设] 以2024实际为锚，按2020-2024剔2022经验+年龄递减先验各半的年化改善率外推；改善率随年龄组上升而递减
2049,男,5-9,0.073,0.0125,预测,假设,[假设] 以2024实际为锚，按2020-2024剔2022经验+年龄递减先验各半的年化改善率外推；改善率随年龄组上升而递减
2049,男,50-54,2.4812,0.010125,预测,假设,[假设] 以2024实际为锚，按2020-2024剔2022经验+年龄递减先验各半的年化改善率外推；改善率随年龄组上升而递减
2049,男,55-59,3.7218,0.010125,预测,假设,[假设] 以2024实际为锚，按2020-2024剔2022经验+年龄递减先验各半的年化改善率外推；改善率随年龄组上升而递减
2049,男,60-64,5.3501,0.010125,预测,假设,[假设] 以2024实际为锚，按2020-2024剔2022经验+年龄递减先验各半的年化改善率外推；改善率随年龄组上升而递减
2049,男,65-69,8.6066,0.010125,预测,假设,[假设] 以2024实际为锚，按2020-2024剔2022经验+年龄递减先验各半的年化改善率外推；改善率随年龄组上升而递减
2049,男,70-74,13.4139,0.010125,预测,假设,[假设] 以2024实际为锚，按2020-2024剔2022经验+年龄递减先验各半的年化改善率外推；改善率随年龄组上升而递减
2049,男,75-79,20.6248,0.010125,预测,假设,[假设] 以2024实际为锚，按2020-2024剔2022经验+年龄递减先验各半的年化改善率外推；改善率随年龄组上升而递减
2049,男,80-84,44.7654,0.00528,预测,假设,[假设] 以2024实际为锚，按2020-2024剔2022经验+年龄递减先验各半的年化改善率外推；改善率随年龄组上升而递减
2049,男,85+,84.8878,0.00528,预测,假设,[假设] 以2024实际为锚，按2020-2024剔2022经验+年龄递减先验各半的年化改善率外推；改善率随年龄组上升而递减
2050,女,0-4,0.1553,0.025,预测,假设,[假设] 以2024实际为锚，按2020-2024剔2022经验+年龄递减先验各半的年化改善率外推；改善率随年龄组上升而递减
2050,女,10-14,0.0721,0.0125,预测,假设,[假设] 以2024实际为锚，按2020-2024剔2022经验+年龄递减先验各半的年化改善率外推；改善率随年龄组上升而递减
2050,女,15-19,0.0721,0.0125,预测,假设,[假设] 以2024实际为锚，按2020-2024剔2022经验+年龄递减先验各半的年化改善率外推；改善率随年龄组上升而递减
2050,女,20-24,0.1442,0.0125,预测,假设,[假设] 以2024实际为锚，按2020-2024剔2022经验+年龄递减先验各半的年化改善率外推；改善率随年龄组上升而递减
2050,女,25-29,0.1442,0.0125,预测,假设,[假设] 以2024实际为锚，按2020-2024剔2022经验+年龄递减先验各半的年化改善率外推；改善率随年龄组上升而递减
2050,女,30-34,0.2163,0.0125,预测,假设,[假设] 以2024实际为锚，按2020-2024剔2022经验+年龄递减先验各半的年化改善率外推；改善率随年龄组上升而递减
2050,女,35-39,0.2884,0.0125,预测,假设,[假设] 以2024实际为锚，按2020-2024剔2022经验+年龄递减先验各半的年化改善率外推；改善率随年龄组上升而递减
2050,女,40-44,0.3605,0.0125,预测,假设,[假设] 以2024实际为锚，按2020-2024剔2022经验+年龄递减先验各半的年化改善率外推；改善率随年龄组上升而递减
2050,女,45-49,0.7427,0.011375,预测,假设,[假设] 以2024实际为锚，按2020-2024剔2022经验+年龄递减先验各半的年化改善率外推；改善率随年龄组上升而递减
2050,女,5-9,0.0721,0.0125,预测,假设,[假设] 以2024实际为锚，按2020-2024剔2022经验+年龄递减先验各半的年化改善率外推；改善率随年龄组上升而递减
2050,女,50-54,1.1883,0.011375,预测,假设,[假设] 以2024实际为锚，按2020-2024剔2022经验+年龄递减先验各半的年化改善率外推；改善率随年龄组上升而递减
2050,女,55-59,1.7825,0.011375,预测,假设,[假设] 以2024实际为锚，按2020-2024剔2022经验+年龄递减先验各半的年化改善率外推；改善率随年龄组上升而递减
2050,女,60-64,2.9504,0.007625,预测,假设,[假设] 以2024实际为锚，按2020-2024剔2022经验+年龄递减先验各半的年化改善率外推；改善率随年龄组上升而递减
2050,女,65-69,4.0977,0.007625,预测,假设,[假设] 以2024实际为锚，按2020-2024剔2022经验+年龄递减先验各半的年化改善率外推；改善率随年龄组上升而递减
2050,女,70-74,6.8842,0.007625,预测,假设,[假设] 以2024实际为锚，按2020-2024剔2022经验+年龄递减先验各半的年化改善率外推；改善率随年龄组上升而递减
2050,女,75-79,11.2277,0.007625,预测,假设,[假设] 以2024实际为锚，按2020-2024剔2022经验+年龄递减先验各半的年化改善率外推；改善率随年龄组上升而递减
2050,女,80-84,24.0945,0.007625,预测,假设,[假设] 以2024实际为锚，按2020-2024剔2022经验+年龄递减先验各半的年化改善率外推；改善率随年龄组上升而递减
2050,女,85+,68.1392,0.006816,预测,假设,[假设] 以2024实际为锚，按2020-2024剔2022经验+年龄递减先验各半的年化改善率外推；改善率随年龄组上升而递减
2050,男,0-4,0.4326,0.0125,预测,假设,[假设] 以2024实际为锚，按2020-2024剔2022经验+年龄递减先验各半的年化改善率外推；改善率随年龄组上升而递减
2050,男,10-14,0.0721,0.0125,预测,假设,[假设] 以2024实际为锚，按2020-2024剔2022经验+年龄递减先验各半的年化改善率外推；改善率随年龄组上升而递减
2050,男,15-19,0.1442,0.0125,预测,假设,[假设] 以2024实际为锚，按2020-2024剔2022经验+年龄递减先验各半的年化改善率外推；改善率随年龄组上升而递减
2050,男,20-24,0.2163,0.0125,预测,假设,[假设] 以2024实际为锚，按2020-2024剔2022经验+年龄递减先验各半的年化改善率外推；改善率随年龄组上升而递减
2050,男,25-29,0.2884,0.0125,预测,假设,[假设] 以2024实际为锚，按2020-2024剔2022经验+年龄递减先验各半的年化改善率外推；改善率随年龄组上升而递减
2050,男,30-34,0.4326,0.0125,预测,假设,[假设] 以2024实际为锚，按2020-2024剔2022经验+年龄递减先验各半的年化改善率外推；改善率随年龄组上升而递减
2050,男,35-39,0.5047,0.0125,预测,假设,[假设] 以2024实际为锚，按2020-2024剔2022经验+年龄递减先验各半的年化改善率外推；改善率随年龄组上升而递减
2050,男,40-44,0.8653,0.0125,预测,假设,[假设] 以2024实际为锚，按2020-2024剔2022经验+年龄递减先验各半的年化改善率外推；改善率随年龄组上升而递减
2050,男,45-49,1.4854,0.011375,预测,假设,[假设] 以2024实际为锚，按2020-2024剔2022经验+年龄递减先验各半的年化改善率外推；改善率随年龄组上升而递减
2050,男,5-9,0.0721,0.0125,预测,假设,[假设] 以2024实际为锚，按2020-2024剔2022经验+年龄递减先验各半的年化改善率外推；改善率随年龄组上升而递减
2050,男,50-54,2.4561,0.010125,预测,假设,[假设] 以2024实际为锚，按2020-2024剔2022经验+年龄递减先验各半的年化改善率外推；改善率随年龄组上升而递减
2050,男,55-59,3.6841,0.010125,预测,假设,[假设] 以2024实际为锚，按2020-2024剔2022经验+年龄递减先验各半的年化改善率外推；改善率随年龄组上升而递减
2050,男,60-64,5.2959,0.010125,预测,假设,[假设] 以2024实际为锚，按2020-2024剔2022经验+年龄递减先验各半的年化改善率外推；改善率随年龄组上升而递减
2050,男,65-69,8.5195,0.010125,预测,假设,[假设] 以2024实际为锚，按2020-2024剔2022经验+年龄递减先验各半的年化改善率外推；改善率随年龄组上升而递减
2050,男,70-74,13.2781,0.010125,预测,假设,[假设] 以2024实际为锚，按2020-2024剔2022经验+年龄递减先验各半的年化改善率外推；改善率随年龄组上升而递减
2050,男,75-79,20.416,0.010125,预测,假设,[假设] 以2024实际为锚，按2020-2024剔2022经验+年龄递减先验各半的年化改善率外推；改善率随年龄组上升而递减
2050,男,80-84,44.529,0.00528,预测,假设,[假设] 以2024实际为锚，按2020-2024剔2022经验+年龄递减先验各半的年化改善率外推；改善率随年龄组上升而递减
2050,男,85+,84.4395,0.00528,预测,假设,[假设] 以2024实际为锚，按2020-2024剔2022经验+年龄递减先验各半的年化改善率外推；改善率随年龄组上升而递减
2051,女,0-4,0.1514,0.025,预测,假设,[假设] 以2024实际为锚，按2020-2024剔2022经验+年龄递减先验各半的年化改善率外推；改善率随年龄组上升而递减
2051,女,10-14,0.0712,0.0125,预测,假设,[假设] 以2024实际为锚，按2020-2024剔2022经验+年龄递减先验各半的年化改善率外推；改善率随年龄组上升而递减
2051,女,15-19,0.0712,0.0125,预测,假设,[假设] 以2024实际为锚，按2020-2024剔2022经验+年龄递减先验各半的年化改善率外推；改善率随年龄组上升而递减
2051,女,20-24,0.1424,0.0125,预测,假设,[假设] 以2024实际为锚，按2020-2024剔2022经验+年龄递减先验各半的年化改善率外推；改善率随年龄组上升而递减
2051,女,25-29,0.1424,0.0125,预测,假设,[假设] 以2024实际为锚，按2020-2024剔2022经验+年龄递减先验各半的年化改善率外推；改善率随年龄组上升而递减
2051,女,30-34,0.2136,0.0125,预测,假设,[假设] 以2024实际为锚，按2020-2024剔2022经验+年龄递减先验各半的年化改善率外推；改善率随年龄组上升而递减
2051,女,35-39,0.2848,0.0125,预测,假设,[假设] 以2024实际为锚，按2020-2024剔2022经验+年龄递减先验各半的年化改善率外推；改善率随年龄组上升而递减
2051,女,40-44,0.356,0.0125,预测,假设,[假设] 以2024实际为锚，按2020-2024剔2022经验+年龄递减先验各半的年化改善率外推；改善率随年龄组上升而递减
2051,女,45-49,0.7343,0.011375,预测,假设,[假设] 以2024实际为锚，按2020-2024剔2022经验+年龄递减先验各半的年化改善率外推；改善率随年龄组上升而递减
2051,女,5-9,0.0712,0.0125,预测,假设,[假设] 以2024实际为锚，按2020-2024剔2022经验+年龄递减先验各半的年化改善率外推；改善率随年龄组上升而递减
2051,女,50-54,1.1748,0.011375,预测,假设,[假设] 以2024实际为锚，按2020-2024剔2022经验+年龄递减先验各半的年化改善率外推；改善率随年龄组上升而递减
2051,女,55-59,1.7622,0.011375,预测,假设,[假设] 以2024实际为锚，按2020-2024剔2022经验+年龄递减先验各半的年化改善率外推；改善率随年龄组上升而递减
2051,女,60-64,2.9279,0.007625,预测,假设,[假设] 以2024实际为锚，按2020-2024剔2022经验+年龄递减先验各半的年化改善率外推；改善率随年龄组上升而递减
2051,女,65-69,4.0665,0.007625,预测,假设,[假设] 以2024实际为锚，按2020-2024剔2022经验+年龄递减先验各半的年化改善率外推；改善率随年龄组上升而递减
2051,女,70-74,6.8317,0.007625,预测,假设,[假设] 以2024实际为锚，按2020-2024剔2022经验+年龄递减先验各半的年化改善率外推；改善率随年龄组上升而递减
2051,女,75-79,11.1421,0.007625,预测,假设,[假设] 以2024实际为锚，按2020-2024剔2022经验+年龄递减先验各半的年化改善率外推；改善率随年龄组上升而递减
2051,女,80-84,23.9108,0.007625,预测,假设,[假设] 以2024实际为锚，按2020-2024剔2022经验+年龄递减先验各半的年化改善率外推；改善率随年龄组上升而递减
2051,女,85+,67.6748,0.006816,预测,假设,[假设] 以2024实际为锚，按2020-2024剔2022经验+年龄递减先验各半的年化改善率外推；改善率随年龄组上升而递减
2051,男,0-4,0.4272,0.0125,预测,假设,[假设] 以2024实际为锚，按2020-2024剔2022经验+年龄递减先验各半的年化改善率外推；改善率随年龄组上升而递减
2051,男,10-14,0.0712,0.0125,预测,假设,[假设] 以2024实际为锚，按2020-2024剔2022经验+年龄递减先验各半的年化改善率外推；改善率随年龄组上升而递减
2051,男,15-19,0.1424,0.0125,预测,假设,[假设] 以2024实际为锚，按2020-2024剔2022经验+年龄递减先验各半的年化改善率外推；改善率随年龄组上升而递减
2051,男,20-24,0.2136,0.0125,预测,假设,[假设] 以2024实际为锚，按2020-2024剔2022经验+年龄递减先验各半的年化改善率外推；改善率随年龄组上升而递减
2051,男,25-29,0.2848,0.0125,预测,假设,[假设] 以2024实际为锚，按2020-2024剔2022经验+年龄递减先验各半的年化改善率外推；改善率随年龄组上升而递减
2051,男,30-34,0.4272,0.0125,预测,假设,[假设] 以2024实际为锚，按2020-2024剔2022经验+年龄递减先验各半的年化改善率外推；改善率随年龄组上升而递减
2051,男,35-39,0.4984,0.0125,预测,假设,[假设] 以2024实际为锚，按2020-2024剔2022经验+年龄递减先验各半的年化改善率外推；改善率随年龄组上升而递减
2051,男,40-44,0.8544,0.0125,预测,假设,[假设] 以2024实际为锚，按2020-2024剔2022经验+年龄递减先验各半的年化改善率外推；改善率随年龄组上升而递减
2051,男,45-49,1.4685,0.011375,预测,假设,[假设] 以2024实际为锚，按2020-2024剔2022经验+年龄递减先验各半的年化改善率外推；改善率随年龄组上升而递减
2051,男,5-9,0.0712,0.0125,预测,假设,[假设] 以2024实际为锚，按2020-2024剔2022经验+年龄递减先验各半的年化改善率外推；改善率随年龄组上升而递减
2051,男,50-54,2.4312,0.010125,预测,假设,[假设] 以2024实际为锚，按2020-2024剔2022经验+年龄递减先验各半的年化改善率外推；改善率随年龄组上升而递减
2051,男,55-59,3.6468,0.010125,预测,假设,[假设] 以2024实际为锚，按2020-2024剔2022经验+年龄递减先验各半的年化改善率外推；改善率随年龄组上升而递减
2051,男,60-64,5.2423,0.010125,预测,假设,[假设] 以2024实际为锚，按2020-2024剔2022经验+年龄递减先验各半的年化改善率外推；改善率随年龄组上升而递减
2051,男,65-69,8.4332,0.010125,预测,假设,[假设] 以2024实际为锚，按2020-2024剔2022经验+年龄递减先验各半的年化改善率外推；改善率随年龄组上升而递减
2051,男,70-74,13.1436,0.010125,预测,假设,[假设] 以2024实际为锚，按2020-2024剔2022经验+年龄递减先验各半的年化改善率外推；改善率随年龄组上升而递减
2051,男,75-79,20.2093,0.010125,预测,假设,[假设] 以2024实际为锚，按2020-2024剔2022经验+年龄递减先验各半的年化改善率外推；改善率随年龄组上升而递减
2051,男,80-84,44.2939,0.00528,预测,假设,[假设] 以2024实际为锚，按2020-2024剔2022经验+年龄递减先验各半的年化改善率外推；改善率随年龄组上升而递减
2051,男,85+,83.9937,0.00528,预测,假设,[假设] 以2024实际为锚，按2020-2024剔2022经验+年龄递减先验各半的年化改善率外推；改善率随年龄组上升而递减
2052,女,0-4,0.1477,0.025,预测,假设,[假设] 以2024实际为锚，按2020-2024剔2022经验+年龄递减先验各半的年化改善率外推；改善率随年龄组上升而递减
2052,女,10-14,0.0703,0.0125,预测,假设,[假设] 以2024实际为锚，按2020-2024剔2022经验+年龄递减先验各半的年化改善率外推；改善率随年龄组上升而递减
2052,女,15-19,0.0703,0.0125,预测,假设,[假设] 以2024实际为锚，按2020-2024剔2022经验+年龄递减先验各半的年化改善率外推；改善率随年龄组上升而递减
2052,女,20-24,0.1406,0.0125,预测,假设,[假设] 以2024实际为锚，按2020-2024剔2022经验+年龄递减先验各半的年化改善率外推；改善率随年龄组上升而递减
2052,女,25-29,0.1406,0.0125,预测,假设,[假设] 以2024实际为锚，按2020-2024剔2022经验+年龄递减先验各半的年化改善率外推；改善率随年龄组上升而递减
2052,女,30-34,0.2109,0.0125,预测,假设,[假设] 以2024实际为锚，按2020-2024剔2022经验+年龄递减先验各半的年化改善率外推；改善率随年龄组上升而递减
2052,女,35-39,0.2813,0.0125,预测,假设,[假设] 以2024实际为锚，按2020-2024剔2022经验+年龄递减先验各半的年化改善率外推；改善率随年龄组上升而递减
2052,女,40-44,0.3516,0.0125,预测,假设,[假设] 以2024实际为锚，按2020-2024剔2022经验+年龄递减先验各半的年化改善率外推；改善率随年龄组上升而递减
2052,女,45-49,0.7259,0.011375,预测,假设,[假设] 以2024实际为锚，按2020-2024剔2022经验+年龄递减先验各半的年化改善率外推；改善率随年龄组上升而递减
2052,女,5-9,0.0703,0.0125,预测,假设,[假设] 以2024实际为锚，按2020-2024剔2022经验+年龄递减先验各半的年化改善率外推；改善率随年龄组上升而递减
2052,女,50-54,1.1615,0.011375,预测,假设,[假设] 以2024实际为锚，按2020-2024剔2022经验+年龄递减先验各半的年化改善率外推；改善率随年龄组上升而递减
2052,女,55-59,1.7422,0.011375,预测,假设,[假设] 以2024实际为锚，按2020-2024剔2022经验+年龄递减先验各半的年化改善率外推；改善率随年龄组上升而递减
2052,女,60-64,2.9055,0.007625,预测,假设,[假设] 以2024实际为锚，按2020-2024剔2022经验+年龄递减先验各半的年化改善率外推；改善率随年龄组上升而递减
2052,女,65-69,4.0355,0.007625,预测,假设,[假设] 以2024实际为锚，按2020-2024剔2022经验+年龄递减先验各半的年化改善率外推；改善率随年龄组上升而递减
2052,女,70-74,6.7796,0.007625,预测,假设,[假设] 以2024实际为锚，按2020-2024剔2022经验+年龄递减先验各半的年化改善率外推；改善率随年龄组上升而递减
2052,女,75-79,11.0572,0.007625,预测,假设,[假设] 以2024实际为锚，按2020-2024剔2022经验+年龄递减先验各半的年化改善率外推；改善率随年龄组上升而递减
2052,女,80-84,23.7285,0.007625,预测,假设,[假设] 以2024实际为锚，按2020-2024剔2022经验+年龄递减先验各半的年化改善率外推；改善率随年龄组上升而递减
2052,女,85+,67.2135,0.006816,预测,假设,[假设] 以2024实际为锚，按2020-2024剔2022经验+年龄递减先验各半的年化改善率外推；改善率随年龄组上升而递减
2052,男,0-4,0.4219,0.0125,预测,假设,[假设] 以2024实际为锚，按2020-2024剔2022经验+年龄递减先验各半的年化改善率外推；改善率随年龄组上升而递减
2052,男,10-14,0.0703,0.0125,预测,假设,[假设] 以2024实际为锚，按2020-2024剔2022经验+年龄递减先验各半的年化改善率外推；改善率随年龄组上升而递减
2052,男,15-19,0.1406,0.0125,预测,假设,[假设] 以2024实际为锚，按2020-2024剔2022经验+年龄递减先验各半的年化改善率外推；改善率随年龄组上升而递减
2052,男,20-24,0.2109,0.0125,预测,假设,[假设] 以2024实际为锚，按2020-2024剔2022经验+年龄递减先验各半的年化改善率外推；改善率随年龄组上升而递减
2052,男,25-29,0.2813,0.0125,预测,假设,[假设] 以2024实际为锚，按2020-2024剔2022经验+年龄递减先验各半的年化改善率外推；改善率随年龄组上升而递减
2052,男,30-34,0.4219,0.0125,预测,假设,[假设] 以2024实际为锚，按2020-2024剔2022经验+年龄递减先验各半的年化改善率外推；改善率随年龄组上升而递减
2052,男,35-39,0.4922,0.0125,预测,假设,[假设] 以2024实际为锚，按2020-2024剔2022经验+年龄递减先验各半的年化改善率外推；改善率随年龄组上升而递减
2052,男,40-44,0.8438,0.0125,预测,假设,[假设] 以2024实际为锚，按2020-2024剔2022经验+年龄递减先验各半的年化改善率外推；改善率随年龄组上升而递减
2052,男,45-49,1.4518,0.011375,预测,假设,[假设] 以2024实际为锚，按2020-2024剔2022经验+年龄递减先验各半的年化改善率外推；改善率随年龄组上升而递减
2052,男,5-9,0.0703,0.0125,预测,假设,[假设] 以2024实际为锚，按2020-2024剔2022经验+年龄递减先验各半的年化改善率外推；改善率随年龄组上升而递减
2052,男,50-54,2.4066,0.010125,预测,假设,[假设] 以2024实际为锚，按2020-2024剔2022经验+年龄递减先验各半的年化改善率外推；改善率随年龄组上升而递减
2052,男,55-59,3.6099,0.010125,预测,假设,[假设] 以2024实际为锚，按2020-2024剔2022经验+年龄递减先验各半的年化改善率外推；改善率随年龄组上升而递减
2052,男,60-64,5.1892,0.010125,预测,假设,[假设] 以2024实际为锚，按2020-2024剔2022经验+年龄递减先验各半的年化改善率外推；改善率随年龄组上升而递减
2052,男,65-69,8.3478,0.010125,预测,假设,[假设] 以2024实际为锚，按2020-2024剔2022经验+年龄递减先验各半的年化改善率外推；改善率随年龄组上升而递减
2052,男,70-74,13.0106,0.010125,预测,假设,[假设] 以2024实际为锚，按2020-2024剔2022经验+年龄递减先验各半的年化改善率外推；改善率随年龄组上升而递减
2052,男,75-79,20.0047,0.010125,预测,假设,[假设] 以2024实际为锚，按2020-2024剔2022经验+年龄递减先验各半的年化改善率外推；改善率随年龄组上升而递减
2052,男,80-84,44.06,0.00528,预测,假设,[假设] 以2024实际为锚，按2020-2024剔2022经验+年龄递减先验各半的年化改善率外推；改善率随年龄组上升而递减
2052,男,85+,83.5502,0.00528,预测,假设,[假设] 以2024实际为锚，按2020-2024剔2022经验+年龄递减先验各半的年化改善率外推；改善率随年龄组上升而递减
2053,女,0-4,0.144,0.025,预测,假设,[假设] 以2024实际为锚，按2020-2024剔2022经验+年龄递减先验各半的年化改善率外推；改善率随年龄组上升而递减
2053,女,10-14,0.0694,0.0125,预测,假设,[假设] 以2024实际为锚，按2020-2024剔2022经验+年龄递减先验各半的年化改善率外推；改善率随年龄组上升而递减
2053,女,15-19,0.0694,0.0125,预测,假设,[假设] 以2024实际为锚，按2020-2024剔2022经验+年龄递减先验各半的年化改善率外推；改善率随年龄组上升而递减
2053,女,20-24,0.1389,0.0125,预测,假设,[假设] 以2024实际为锚，按2020-2024剔2022经验+年龄递减先验各半的年化改善率外推；改善率随年龄组上升而递减
2053,女,25-29,0.1389,0.0125,预测,假设,[假设] 以2024实际为锚，按2020-2024剔2022经验+年龄递减先验各半的年化改善率外推；改善率随年龄组上升而递减
2053,女,30-34,0.2083,0.0125,预测,假设,[假设] 以2024实际为锚，按2020-2024剔2022经验+年龄递减先验各半的年化改善率外推；改善率随年龄组上升而递减
2053,女,35-39,0.2777,0.0125,预测,假设,[假设] 以2024实际为锚，按2020-2024剔2022经验+年龄递减先验各半的年化改善率外推；改善率随年龄组上升而递减
2053,女,40-44,0.3472,0.0125,预测,假设,[假设] 以2024实际为锚，按2020-2024剔2022经验+年龄递减先验各半的年化改善率外推；改善率随年龄组上升而递减
2053,女,45-49,0.7177,0.011375,预测,假设,[假设] 以2024实际为锚，按2020-2024剔2022经验+年龄递减先验各半的年化改善率外推；改善率随年龄组上升而递减
2053,女,5-9,0.0694,0.0125,预测,假设,[假设] 以2024实际为锚，按2020-2024剔2022经验+年龄递减先验各半的年化改善率外推；改善率随年龄组上升而递减
2053,女,50-54,1.1482,0.011375,预测,假设,[假设] 以2024实际为锚，按2020-2024剔2022经验+年龄递减先验各半的年化改善率外推；改善率随年龄组上升而递减
2053,女,55-59,1.7224,0.011375,预测,假设,[假设] 以2024实际为锚，按2020-2024剔2022经验+年龄递减先验各半的年化改善率外推；改善率随年龄组上升而递减
2053,女,60-64,2.8834,0.007625,预测,假设,[假设] 以2024实际为锚，按2020-2024剔2022经验+年龄递减先验各半的年化改善率外推；改善率随年龄组上升而递减
2053,女,65-69,4.0047,0.007625,预测,假设,[假设] 以2024实际为锚，按2020-2024剔2022经验+年龄递减先验各半的年化改善率外推；改善率随年龄组上升而递减
2053,女,70-74,6.7279,0.007625,预测,假设,[假设] 以2024实际为锚，按2020-2024剔2022经验+年龄递减先验各半的年化改善率外推；改善率随年龄组上升而递减
2053,女,75-79,10.9728,0.007625,预测,假设,[假设] 以2024实际为锚，按2020-2024剔2022经验+年龄递减先验各半的年化改善率外推；改善率随年龄组上升而递减
2053,女,80-84,23.5476,0.007625,预测,假设,[假设] 以2024实际为锚，按2020-2024剔2022经验+年龄递减先验各半的年化改善率外推；改善率随年龄组上升而递减
2053,女,85+,66.7554,0.006816,预测,假设,[假设] 以2024实际为锚，按2020-2024剔2022经验+年龄递减先验各半的年化改善率外推；改善率随年龄组上升而递减
2053,男,0-4,0.4166,0.0125,预测,假设,[假设] 以2024实际为锚，按2020-2024剔2022经验+年龄递减先验各半的年化改善率外推；改善率随年龄组上升而递减
2053,男,10-14,0.0694,0.0125,预测,假设,[假设] 以2024实际为锚，按2020-2024剔2022经验+年龄递减先验各半的年化改善率外推；改善率随年龄组上升而递减
2053,男,15-19,0.1389,0.0125,预测,假设,[假设] 以2024实际为锚，按2020-2024剔2022经验+年龄递减先验各半的年化改善率外推；改善率随年龄组上升而递减
2053,男,20-24,0.2083,0.0125,预测,假设,[假设] 以2024实际为锚，按2020-2024剔2022经验+年龄递减先验各半的年化改善率外推；改善率随年龄组上升而递减
2053,男,25-29,0.2777,0.0125,预测,假设,[假设] 以2024实际为锚，按2020-2024剔2022经验+年龄递减先验各半的年化改善率外推；改善率随年龄组上升而递减
2053,男,30-34,0.4166,0.0125,预测,假设,[假设] 以2024实际为锚，按2020-2024剔2022经验+年龄递减先验各半的年化改善率外推；改善率随年龄组上升而递减
2053,男,35-39,0.486,0.0125,预测,假设,[假设] 以2024实际为锚，按2020-2024剔2022经验+年龄递减先验各半的年化改善率外推；改善率随年龄组上升而递减
2053,男,40-44,0.8332,0.0125,预测,假设,[假设] 以2024实际为锚，按2020-2024剔2022经验+年龄递减先验各半的年化改善率外推；改善率随年龄组上升而递减
2053,男,45-49,1.4353,0.011375,预测,假设,[假设] 以2024实际为锚，按2020-2024剔2022经验+年龄递减先验各半的年化改善率外推；改善率随年龄组上升而递减
2053,男,5-9,0.0694,0.0125,预测,假设,[假设] 以2024实际为锚，按2020-2024剔2022经验+年龄递减先验各半的年化改善率外推；改善率随年龄组上升而递减
2053,男,50-54,2.3822,0.010125,预测,假设,[假设] 以2024实际为锚，按2020-2024剔2022经验+年龄递减先验各半的年化改善率外推；改善率随年龄组上升而递减
2053,男,55-59,3.5733,0.010125,预测,假设,[假设] 以2024实际为锚，按2020-2024剔2022经验+年龄递减先验各半的年化改善率外推；改善率随年龄组上升而递减
2053,男,60-64,5.1366,0.010125,预测,假设,[假设] 以2024实际为锚，按2020-2024剔2022经验+年龄递减先验各半的年化改善率外推；改善率随年龄组上升而递减
2053,男,65-69,8.2633,0.010125,预测,假设,[假设] 以2024实际为锚，按2020-2024剔2022经验+年龄递减先验各半的年化改善率外推；改善率随年龄组上升而递减
2053,男,70-74,12.8788,0.010125,预测,假设,[假设] 以2024实际为锚，按2020-2024剔2022经验+年龄递减先验各半的年化改善率外推；改善率随年龄组上升而递减
2053,男,75-79,19.8021,0.010125,预测,假设,[假设] 以2024实际为锚，按2020-2024剔2022经验+年龄递减先验各半的年化改善率外推；改善率随年龄组上升而递减
2053,男,80-84,43.8274,0.00528,预测,假设,[假设] 以2024实际为锚，按2020-2024剔2022经验+年龄递减先验各半的年化改善率外推；改善率随年龄组上升而递减
2053,男,85+,83.1091,0.00528,预测,假设,[假设] 以2024实际为锚，按2020-2024剔2022经验+年龄递减先验各半的年化改善率外推；改善率随年龄组上升而递减
2054,女,0-4,0.1404,0.025,预测,假设,[假设] 以2024实际为锚，按2020-2024剔2022经验+年龄递减先验各半的年化改善率外推；改善率随年龄组上升而递减
2054,女,10-14,0.0686,0.0125,预测,假设,[假设] 以2024实际为锚，按2020-2024剔2022经验+年龄递减先验各半的年化改善率外推；改善率随年龄组上升而递减
2054,女,15-19,0.0686,0.0125,预测,假设,[假设] 以2024实际为锚，按2020-2024剔2022经验+年龄递减先验各半的年化改善率外推；改善率随年龄组上升而递减
2054,女,20-24,0.1371,0.0125,预测,假设,[假设] 以2024实际为锚，按2020-2024剔2022经验+年龄递减先验各半的年化改善率外推；改善率随年龄组上升而递减
2054,女,25-29,0.1371,0.0125,预测,假设,[假设] 以2024实际为锚，按2020-2024剔2022经验+年龄递减先验各半的年化改善率外推；改善率随年龄组上升而递减
2054,女,30-34,0.2057,0.0125,预测,假设,[假设] 以2024实际为锚，按2020-2024剔2022经验+年龄递减先验各半的年化改善率外推；改善率随年龄组上升而递减
2054,女,35-39,0.2743,0.0125,预测,假设,[假设] 以2024实际为锚，按2020-2024剔2022经验+年龄递减先验各半的年化改善率外推；改善率随年龄组上升而递减
2054,女,40-44,0.3428,0.0125,预测,假设,[假设] 以2024实际为锚，按2020-2024剔2022经验+年龄递减先验各半的年化改善率外推；改善率随年龄组上升而递减
2054,女,45-49,0.7095,0.011375,预测,假设,[假设] 以2024实际为锚，按2020-2024剔2022经验+年龄递减先验各半的年化改善率外推；改善率随年龄组上升而递减
2054,女,5-9,0.0686,0.0125,预测,假设,[假设] 以2024实际为锚，按2020-2024剔2022经验+年龄递减先验各半的年化改善率外推；改善率随年龄组上升而递减
2054,女,50-54,1.1352,0.011375,预测,假设,[假设] 以2024实际为锚，按2020-2024剔2022经验+年龄递减先验各半的年化改善率外推；改善率随年龄组上升而递减
2054,女,55-59,1.7028,0.011375,预测,假设,[假设] 以2024实际为锚，按2020-2024剔2022经验+年龄递减先验各半的年化改善率外推；改善率随年龄组上升而递减
2054,女,60-64,2.8614,0.007625,预测,假设,[假设] 以2024实际为锚，按2020-2024剔2022经验+年龄递减先验各半的年化改善率外推；改善率随年龄组上升而递减
2054,女,65-69,3.9742,0.007625,预测,假设,[假设] 以2024实际为锚，按2020-2024剔2022经验+年龄递减先验各半的年化改善率外推；改善率随年龄组上升而递减
2054,女,70-74,6.6766,0.007625,预测,假设,[假设] 以2024实际为锚，按2020-2024剔2022经验+年龄递减先验各半的年化改善率外推；改善率随年龄组上升而递减
2054,女,75-79,10.8892,0.007625,预测,假设,[假设] 以2024实际为锚，按2020-2024剔2022经验+年龄递减先验各半的年化改善率外推；改善率随年龄组上升而递减
2054,女,80-84,23.368,0.007625,预测,假设,[假设] 以2024实际为锚，按2020-2024剔2022经验+年龄递减先验各半的年化改善率外推；改善率随年龄组上升而递减
2054,女,85+,66.3004,0.006816,预测,假设,[假设] 以2024实际为锚，按2020-2024剔2022经验+年龄递减先验各半的年化改善率外推；改善率随年龄组上升而递减
2054,男,0-4,0.4114,0.0125,预测,假设,[假设] 以2024实际为锚，按2020-2024剔2022经验+年龄递减先验各半的年化改善率外推；改善率随年龄组上升而递减
2054,男,10-14,0.0686,0.0125,预测,假设,[假设] 以2024实际为锚，按2020-2024剔2022经验+年龄递减先验各半的年化改善率外推；改善率随年龄组上升而递减
2054,男,15-19,0.1371,0.0125,预测,假设,[假设] 以2024实际为锚，按2020-2024剔2022经验+年龄递减先验各半的年化改善率外推；改善率随年龄组上升而递减
2054,男,20-24,0.2057,0.0125,预测,假设,[假设] 以2024实际为锚，按2020-2024剔2022经验+年龄递减先验各半的年化改善率外推；改善率随年龄组上升而递减
2054,男,25-29,0.2743,0.0125,预测,假设,[假设] 以2024实际为锚，按2020-2024剔2022经验+年龄递减先验各半的年化改善率外推；改善率随年龄组上升而递减
2054,男,30-34,0.4114,0.0125,预测,假设,[假设] 以2024实际为锚，按2020-2024剔2022经验+年龄递减先验各半的年化改善率外推；改善率随年龄组上升而递减
2054,男,35-39,0.48,0.0125,预测,假设,[假设] 以2024实际为锚，按2020-2024剔2022经验+年龄递减先验各半的年化改善率外推；改善率随年龄组上升而递减
2054,男,40-44,0.8228,0.0125,预测,假设,[假设] 以2024实际为锚，按2020-2024剔2022经验+年龄递减先验各半的年化改善率外推；改善率随年龄组上升而递减
2054,男,45-49,1.419,0.011375,预测,假设,[假设] 以2024实际为锚，按2020-2024剔2022经验+年龄递减先验各半的年化改善率外推；改善率随年龄组上升而递减
2054,男,5-9,0.0686,0.0125,预测,假设,[假设] 以2024实际为锚，按2020-2024剔2022经验+年龄递减先验各半的年化改善率外推；改善率随年龄组上升而递减
2054,男,50-54,2.3581,0.010125,预测,假设,[假设] 以2024实际为锚，按2020-2024剔2022经验+年龄递减先验各半的年化改善率外推；改善率随年龄组上升而递减
2054,男,55-59,3.5371,0.010125,预测,假设,[假设] 以2024实际为锚，按2020-2024剔2022经验+年龄递减先验各半的年化改善率外推；改善率随年龄组上升而递减
2054,男,60-64,5.0846,0.010125,预测,假设,[假设] 以2024实际为锚，按2020-2024剔2022经验+年龄递减先验各半的年化改善率外推；改善率随年龄组上升而递减
2054,男,65-69,8.1796,0.010125,预测,假设,[假设] 以2024实际为锚，按2020-2024剔2022经验+年龄递减先验各半的年化改善率外推；改善率随年龄组上升而递减
2054,男,70-74,12.7484,0.010125,预测,假设,[假设] 以2024实际为锚，按2020-2024剔2022经验+年龄递减先验各半的年化改善率外推；改善率随年龄组上升而递减
2054,男,75-79,19.6016,0.010125,预测,假设,[假设] 以2024实际为锚，按2020-2024剔2022经验+年龄递减先验各半的年化改善率外推；改善率随年龄组上升而递减
2054,男,80-84,43.596,0.00528,预测,假设,[假设] 以2024实际为锚，按2020-2024剔2022经验+年龄递减先验各半的年化改善率外推；改善率随年龄组上升而递减
2054,男,85+,82.6703,0.00528,预测,假设,[假设] 以2024实际为锚，按2020-2024剔2022经验+年龄递减先验各半的年化改善率外推；改善率随年龄组上升而递减
2055,女,0-4,0.1369,0.025,预测,假设,[假设] 以2024实际为锚，按2020-2024剔2022经验+年龄递减先验各半的年化改善率外推；改善率随年龄组上升而递减
2055,女,10-14,0.0677,0.0125,预测,假设,[假设] 以2024实际为锚，按2020-2024剔2022经验+年龄递减先验各半的年化改善率外推；改善率随年龄组上升而递减
2055,女,15-19,0.0677,0.0125,预测,假设,[假设] 以2024实际为锚，按2020-2024剔2022经验+年龄递减先验各半的年化改善率外推；改善率随年龄组上升而递减
2055,女,20-24,0.1354,0.0125,预测,假设,[假设] 以2024实际为锚，按2020-2024剔2022经验+年龄递减先验各半的年化改善率外推；改善率随年龄组上升而递减
2055,女,25-29,0.1354,0.0125,预测,假设,[假设] 以2024实际为锚，按2020-2024剔2022经验+年龄递减先验各半的年化改善率外推；改善率随年龄组上升而递减
2055,女,30-34,0.2031,0.0125,预测,假设,[假设] 以2024实际为锚，按2020-2024剔2022经验+年龄递减先验各半的年化改善率外推；改善率随年龄组上升而递减
2055,女,35-39,0.2708,0.0125,预测,假设,[假设] 以2024实际为锚，按2020-2024剔2022经验+年龄递减先验各半的年化改善率外推；改善率随年龄组上升而递减
2055,女,40-44,0.3385,0.0125,预测,假设,[假设] 以2024实际为锚，按2020-2024剔2022经验+年龄递减先验各半的年化改善率外推；改善率随年龄组上升而递减
2055,女,45-49,0.7014,0.011375,预测,假设,[假设] 以2024实际为锚，按2020-2024剔2022经验+年龄递减先验各半的年化改善率外推；改善率随年龄组上升而递减
2055,女,5-9,0.0677,0.0125,预测,假设,[假设] 以2024实际为锚，按2020-2024剔2022经验+年龄递减先验各半的年化改善率外推；改善率随年龄组上升而递减
2055,女,50-54,1.1223,0.011375,预测,假设,[假设] 以2024实际为锚，按2020-2024剔2022经验+年龄递减先验各半的年化改善率外推；改善率随年龄组上升而递减
2055,女,55-59,1.6834,0.011375,预测,假设,[假设] 以2024实际为锚，按2020-2024剔2022经验+年龄递减先验各半的年化改善率外推；改善率随年龄组上升而递减
2055,女,60-64,2.8396,0.007625,预测,假设,[假设] 以2024实际为锚，按2020-2024剔2022经验+年龄递减先验各半的年化改善率外推；改善率随年龄组上升而递减
2055,女,65-69,3.9438,0.007625,预测,假设,[假设] 以2024实际为锚，按2020-2024剔2022经验+年龄递减先验各半的年化改善率外推；改善率随年龄组上升而递减
2055,女,70-74,6.6257,0.007625,预测,假设,[假设] 以2024实际为锚，按2020-2024剔2022经验+年龄递减先验各半的年化改善率外推；改善率随年龄组上升而递减
2055,女,75-79,10.8061,0.007625,预测,假设,[假设] 以2024实际为锚，按2020-2024剔2022经验+年龄递减先验各半的年化改善率外推；改善率随年龄组上升而递减
2055,女,80-84,23.1898,0.007625,预测,假设,[假设] 以2024实际为锚，按2020-2024剔2022经验+年龄递减先验各半的年化改善率外推；改善率随年龄组上升而递减
2055,女,85+,65.8484,0.006816,预测,假设,[假设] 以2024实际为锚，按2020-2024剔2022经验+年龄递减先验各半的年化改善率外推；改善率随年龄组上升而递减
2055,男,0-4,0.4063,0.0125,预测,假设,[假设] 以2024实际为锚，按2020-2024剔2022经验+年龄递减先验各半的年化改善率外推；改善率随年龄组上升而递减
2055,男,10-14,0.0677,0.0125,预测,假设,[假设] 以2024实际为锚，按2020-2024剔2022经验+年龄递减先验各半的年化改善率外推；改善率随年龄组上升而递减
2055,男,15-19,0.1354,0.0125,预测,假设,[假设] 以2024实际为锚，按2020-2024剔2022经验+年龄递减先验各半的年化改善率外推；改善率随年龄组上升而递减
2055,男,20-24,0.2031,0.0125,预测,假设,[假设] 以2024实际为锚，按2020-2024剔2022经验+年龄递减先验各半的年化改善率外推；改善率随年龄组上升而递减
2055,男,25-29,0.2708,0.0125,预测,假设,[假设] 以2024实际为锚，按2020-2024剔2022经验+年龄递减先验各半的年化改善率外推；改善率随年龄组上升而递减
2055,男,30-34,0.4063,0.0125,预测,假设,[假设] 以2024实际为锚，按2020-2024剔2022经验+年龄递减先验各半的年化改善率外推；改善率随年龄组上升而递减
2055,男,35-39,0.474,0.0125,预测,假设,[假设] 以2024实际为锚，按2020-2024剔2022经验+年龄递减先验各半的年化改善率外推；改善率随年龄组上升而递减
2055,男,40-44,0.8125,0.0125,预测,假设,[假设] 以2024实际为锚，按2020-2024剔2022经验+年龄递减先验各半的年化改善率外推；改善率随年龄组上升而递减
2055,男,45-49,1.4028,0.011375,预测,假设,[假设] 以2024实际为锚，按2020-2024剔2022经验+年龄递减先验各半的年化改善率外推；改善率随年龄组上升而递减
2055,男,5-9,0.0677,0.0125,预测,假设,[假设] 以2024实际为锚，按2020-2024剔2022经验+年龄递减先验各半的年化改善率外推；改善率随年龄组上升而递减
2055,男,50-54,2.3342,0.010125,预测,假设,[假设] 以2024实际为锚，按2020-2024剔2022经验+年龄递减先验各半的年化改善率外推；改善率随年龄组上升而递减
2055,男,55-59,3.5013,0.010125,预测,假设,[假设] 以2024实际为锚，按2020-2024剔2022经验+年龄递减先验各半的年化改善率外推；改善率随年龄组上升而递减
2055,男,60-64,5.0332,0.010125,预测,假设,[假设] 以2024实际为锚，按2020-2024剔2022经验+年龄递减先验各半的年化改善率外推；改善率随年龄组上升而递减
2055,男,65-69,8.0968,0.010125,预测,假设,[假设] 以2024实际为锚，按2020-2024剔2022经验+年龄递减先验各半的年化改善率外推；改善率随年龄组上升而递减
2055,男,70-74,12.6194,0.010125,预测,假设,[假设] 以2024实际为锚，按2020-2024剔2022经验+年龄递减先验各半的年化改善率外推；改善率随年龄组上升而递减
2055,男,75-79,19.4032,0.010125,预测,假设,[假设] 以2024实际为锚，按2020-2024剔2022经验+年龄递减先验各半的年化改善率外推；改善率随年龄组上升而递减
2055,男,80-84,43.3658,0.00528,预测,假设,[假设] 以2024实际为锚，按2020-2024剔2022经验+年龄递减先验各半的年化改善率外推；改善率随年龄组上升而递减
2055,男,85+,82.2338,0.00528,预测,假设,[假设] 以2024实际为锚，按2020-2024剔2022经验+年龄递减先验各半的年化改善率外推；改善率随年龄组上升而递减
2056,女,0-4,0.1334,0.025,预测,假设,[假设] 以2024实际为锚，按2020-2024剔2022经验+年龄递减先验各半的年化改善率外推；改善率随年龄组上升而递减
2056,女,10-14,0.0669,0.0125,预测,假设,[假设] 以2024实际为锚，按2020-2024剔2022经验+年龄递减先验各半的年化改善率外推；改善率随年龄组上升而递减
2056,女,15-19,0.0669,0.0125,预测,假设,[假设] 以2024实际为锚，按2020-2024剔2022经验+年龄递减先验各半的年化改善率外推；改善率随年龄组上升而递减
2056,女,20-24,0.1337,0.0125,预测,假设,[假设] 以2024实际为锚，按2020-2024剔2022经验+年龄递减先验各半的年化改善率外推；改善率随年龄组上升而递减
2056,女,25-29,0.1337,0.0125,预测,假设,[假设] 以2024实际为锚，按2020-2024剔2022经验+年龄递减先验各半的年化改善率外推；改善率随年龄组上升而递减
2056,女,30-34,0.2006,0.0125,预测,假设,[假设] 以2024实际为锚，按2020-2024剔2022经验+年龄递减先验各半的年化改善率外推；改善率随年龄组上升而递减
2056,女,35-39,0.2675,0.0125,预测,假设,[假设] 以2024实际为锚，按2020-2024剔2022经验+年龄递减先验各半的年化改善率外推；改善率随年龄组上升而递减
2056,女,40-44,0.3343,0.0125,预测,假设,[假设] 以2024实际为锚，按2020-2024剔2022经验+年龄递减先验各半的年化改善率外推；改善率随年龄组上升而递减
2056,女,45-49,0.6934,0.011375,预测,假设,[假设] 以2024实际为锚，按2020-2024剔2022经验+年龄递减先验各半的年化改善率外推；改善率随年龄组上升而递减
2056,女,5-9,0.0669,0.0125,预测,假设,[假设] 以2024实际为锚，按2020-2024剔2022经验+年龄递减先验各半的年化改善率外推；改善率随年龄组上升而递减
2056,女,50-54,1.1095,0.011375,预测,假设,[假设] 以2024实际为锚，按2020-2024剔2022经验+年龄递减先验各半的年化改善率外推；改善率随年龄组上升而递减
2056,女,55-59,1.6643,0.011375,预测,假设,[假设] 以2024实际为锚，按2020-2024剔2022经验+年龄递减先验各半的年化改善率外推；改善率随年龄组上升而递减
2056,女,60-64,2.8179,0.007625,预测,假设,[假设] 以2024实际为锚，按2020-2024剔2022经验+年龄递减先验各半的年化改善率外推；改善率随年龄组上升而递减
2056,女,65-69,3.9138,0.007625,预测,假设,[假设] 以2024实际为锚，按2020-2024剔2022经验+年龄递减先验各半的年化改善率外推；改善率随年龄组上升而递减
2056,女,70-74,6.5751,0.007625,预测,假设,[假设] 以2024实际为锚，按2020-2024剔2022经验+年龄递减先验各半的年化改善率外推；改善率随年龄组上升而递减
2056,女,75-79,10.7237,0.007625,预测,假设,[假设] 以2024实际为锚，按2020-2024剔2022经验+年龄递减先验各半的年化改善率外推；改善率随年龄组上升而递减
2056,女,80-84,23.013,0.007625,预测,假设,[假设] 以2024实际为锚，按2020-2024剔2022经验+年龄递减先验各半的年化改善率外推；改善率随年龄组上升而递减
2056,女,85+,65.3996,0.006816,预测,假设,[假设] 以2024实际为锚，按2020-2024剔2022经验+年龄递减先验各半的年化改善率外推；改善率随年龄组上升而递减
2056,男,0-4,0.4012,0.0125,预测,假设,[假设] 以2024实际为锚，按2020-2024剔2022经验+年龄递减先验各半的年化改善率外推；改善率随年龄组上升而递减
2056,男,10-14,0.0669,0.0125,预测,假设,[假设] 以2024实际为锚，按2020-2024剔2022经验+年龄递减先验各半的年化改善率外推；改善率随年龄组上升而递减
2056,男,15-19,0.1337,0.0125,预测,假设,[假设] 以2024实际为锚，按2020-2024剔2022经验+年龄递减先验各半的年化改善率外推；改善率随年龄组上升而递减
2056,男,20-24,0.2006,0.0125,预测,假设,[假设] 以2024实际为锚，按2020-2024剔2022经验+年龄递减先验各半的年化改善率外推；改善率随年龄组上升而递减
2056,男,25-29,0.2675,0.0125,预测,假设,[假设] 以2024实际为锚，按2020-2024剔2022经验+年龄递减先验各半的年化改善率外推；改善率随年龄组上升而递减
2056,男,30-34,0.4012,0.0125,预测,假设,[假设] 以2024实际为锚，按2020-2024剔2022经验+年龄递减先验各半的年化改善率外推；改善率随年龄组上升而递减
2056,男,35-39,0.468,0.0125,预测,假设,[假设] 以2024实际为锚，按2020-2024剔2022经验+年龄递减先验各半的年化改善率外推；改善率随年龄组上升而递减
2056,男,40-44,0.8024,0.0125,预测,假设,[假设] 以2024实际为锚，按2020-2024剔2022经验+年龄递减先验各半的年化改善率外推；改善率随年龄组上升而递减
2056,男,45-49,1.3869,0.011375,预测,假设,[假设] 以2024实际为锚，按2020-2024剔2022经验+年龄递减先验各半的年化改善率外推；改善率随年龄组上升而递减
2056,男,5-9,0.0669,0.0125,预测,假设,[假设] 以2024实际为锚，按2020-2024剔2022经验+年龄递减先验各半的年化改善率外推；改善率随年龄组上升而递减
2056,男,50-54,2.3106,0.010125,预测,假设,[假设] 以2024实际为锚，按2020-2024剔2022经验+年龄递减先验各半的年化改善率外推；改善率随年龄组上升而递减
2056,男,55-59,3.4659,0.010125,预测,假设,[假设] 以2024实际为锚，按2020-2024剔2022经验+年龄递减先验各半的年化改善率外推；改善率随年龄组上升而递减
2056,男,60-64,4.9822,0.010125,预测,假设,[假设] 以2024实际为锚，按2020-2024剔2022经验+年龄递减先验各半的年化改善率外推；改善率随年龄组上升而递减
2056,男,65-69,8.0148,0.010125,预测,假设,[假设] 以2024实际为锚，按2020-2024剔2022经验+年龄递减先验各半的年化改善率外推；改善率随年龄组上升而递减
2056,男,70-74,12.4916,0.010125,预测,假设,[假设] 以2024实际为锚，按2020-2024剔2022经验+年龄递减先验各半的年化改善率外推；改善率随年龄组上升而递减
2056,男,75-79,19.2067,0.010125,预测,假设,[假设] 以2024实际为锚，按2020-2024剔2022经验+年龄递减先验各半的年化改善率外推；改善率随年龄组上升而递减
2056,男,80-84,43.1368,0.00528,预测,假设,[假设] 以2024实际为锚，按2020-2024剔2022经验+年龄递减先验各半的年化改善率外推；改善率随年龄组上升而递减
2056,男,85+,81.7996,0.00528,预测,假设,[假设] 以2024实际为锚，按2020-2024剔2022经验+年龄递减先验各半的年化改善率外推；改善率随年龄组上升而递减
