年份,年龄组,年龄带,性别,人数,人数_万人,情景,真实或假设,来源或假设
2026,0-4,少儿0-14,女,76800.0,7.68,中,混合,[混合] 基准人口锚点=C&SD表110-01001A年中人口(不含外佣)；2026-2056为队列成分法推算[假设路径]；生育TFR 2023=751→2046=938对齐官方推算[真实数据路径形状]；净迁移总量级对齐官方推算、年龄权重偏劳动年龄[假设]
2026,10-14,少儿0-14,女,138400.0,13.84,中,混合,[混合] 基准人口锚点=C&SD表110-01001A年中人口(不含外佣)；2026-2056为队列成分法推算[假设路径]；生育TFR 2023=751→2046=938对齐官方推算[真实数据路径形状]；净迁移总量级对齐官方推算、年龄权重偏劳动年龄[假设]
2026,15-19,劳动年龄15-64,女,139100.0,13.91,中,混合,[混合] 基准人口锚点=C&SD表110-01001A年中人口(不含外佣)；2026-2056为队列成分法推算[假设路径]；生育TFR 2023=751→2046=938对齐官方推算[真实数据路径形状]；净迁移总量级对齐官方推算、年龄权重偏劳动年龄[假设]
2026,20-24,劳动年龄15-64,女,145000.0,14.5,中,混合,[混合] 基准人口锚点=C&SD表110-01001A年中人口(不含外佣)；2026-2056为队列成分法推算[假设路径]；生育TFR 2023=751→2046=938对齐官方推算[真实数据路径形状]；净迁移总量级对齐官方推算、年龄权重偏劳动年龄[假设]
2026,25-29,劳动年龄15-64,女,172700.0,17.27,中,混合,[混合] 基准人口锚点=C&SD表110-01001A年中人口(不含外佣)；2026-2056为队列成分法推算[假设路径]；生育TFR 2023=751→2046=938对齐官方推算[真实数据路径形状]；净迁移总量级对齐官方推算、年龄权重偏劳动年龄[假设]
2026,30-34,劳动年龄15-64,女,221900.0,22.19,中,混合,[混合] 基准人口锚点=C&SD表110-01001A年中人口(不含外佣)；2026-2056为队列成分法推算[假设路径]；生育TFR 2023=751→2046=938对齐官方推算[真实数据路径形状]；净迁移总量级对齐官方推算、年龄权重偏劳动年龄[假设]
2026,35-39,劳动年龄15-64,女,246100.0,24.61,中,混合,[混合] 基准人口锚点=C&SD表110-01001A年中人口(不含外佣)；2026-2056为队列成分法推算[假设路径]；生育TFR 2023=751→2046=938对齐官方推算[真实数据路径形状]；净迁移总量级对齐官方推算、年龄权重偏劳动年龄[假设]
2026,40-44,劳动年龄15-64,女,274000.0,27.4,中,混合,[混合] 基准人口锚点=C&SD表110-01001A年中人口(不含外佣)；2026-2056为队列成分法推算[假设路径]；生育TFR 2023=751→2046=938对齐官方推算[真实数据路径形状]；净迁移总量级对齐官方推算、年龄权重偏劳动年龄[假设]
2026,45-49,劳动年龄15-64,女,289200.0,28.92,中,混合,[混合] 基准人口锚点=C&SD表110-01001A年中人口(不含外佣)；2026-2056为队列成分法推算[假设路径]；生育TFR 2023=751→2046=938对齐官方推算[真实数据路径形状]；净迁移总量级对齐官方推算、年龄权重偏劳动年龄[假设]
2026,5-9,少儿0-14,女,115700.0,11.57,中,混合,[混合] 基准人口锚点=C&SD表110-01001A年中人口(不含外佣)；2026-2056为队列成分法推算[假设路径]；生育TFR 2023=751→2046=938对齐官方推算[真实数据路径形状]；净迁移总量级对齐官方推算、年龄权重偏劳动年龄[假设]
2026,50-54,劳动年龄15-64,女,307900.0,30.79,中,混合,[混合] 基准人口锚点=C&SD表110-01001A年中人口(不含外佣)；2026-2056为队列成分法推算[假设路径]；生育TFR 2023=751→2046=938对齐官方推算[真实数据路径形状]；净迁移总量级对齐官方推算、年龄权重偏劳动年龄[假设]
2026,55-59,劳动年龄15-64,女,314700.0,31.47,中,混合,[混合] 基准人口锚点=C&SD表110-01001A年中人口(不含外佣)；2026-2056为队列成分法推算[假设路径]；生育TFR 2023=751→2046=938对齐官方推算[真实数据路径形状]；净迁移总量级对齐官方推算、年龄权重偏劳动年龄[假设]
2026,60-64,劳动年龄15-64,女,339700.0,33.97,中,混合,[混合] 基准人口锚点=C&SD表110-01001A年中人口(不含外佣)；2026-2056为队列成分法推算[假设路径]；生育TFR 2023=751→2046=938对齐官方推算[真实数据路径形状]；净迁移总量级对齐官方推算、年龄权重偏劳动年龄[假设]
2026,65-69,退休65+,女,309600.0,30.96,中,混合,[混合] 基准人口锚点=C&SD表110-01001A年中人口(不含外佣)；2026-2056为队列成分法推算[假设路径]；生育TFR 2023=751→2046=938对齐官方推算[真实数据路径形状]；净迁移总量级对齐官方推算、年龄权重偏劳动年龄[假设]
2026,70-74,退休65+,女,248600.0,24.86,中,混合,[混合] 基准人口锚点=C&SD表110-01001A年中人口(不含外佣)；2026-2056为队列成分法推算[假设路径]；生育TFR 2023=751→2046=938对齐官方推算[真实数据路径形状]；净迁移总量级对齐官方推算、年龄权重偏劳动年龄[假设]
2026,75-79,退休65+,女,182100.0,18.21,中,混合,[混合] 基准人口锚点=C&SD表110-01001A年中人口(不含外佣)；2026-2056为队列成分法推算[假设路径]；生育TFR 2023=751→2046=938对齐官方推算[真实数据路径形状]；净迁移总量级对齐官方推算、年龄权重偏劳动年龄[假设]
2026,80-84,退休65+,女,89700.0,8.97,中,混合,[混合] 基准人口锚点=C&SD表110-01001A年中人口(不含外佣)；2026-2056为队列成分法推算[假设路径]；生育TFR 2023=751→2046=938对齐官方推算[真实数据路径形状]；净迁移总量级对齐官方推算、年龄权重偏劳动年龄[假设]
2026,85+,退休65+,女,145300.0,14.53,中,混合,[混合] 基准人口锚点=C&SD表110-01001A年中人口(不含外佣)；2026-2056为队列成分法推算[假设路径]；生育TFR 2023=751→2046=938对齐官方推算[真实数据路径形状]；净迁移总量级对齐官方推算、年龄权重偏劳动年龄[假设]
2026,0-4,少儿0-14,男,83500.0,8.35,中,混合,[混合] 基准人口锚点=C&SD表110-01001A年中人口(不含外佣)；2026-2056为队列成分法推算[假设路径]；生育TFR 2023=751→2046=938对齐官方推算[真实数据路径形状]；净迁移总量级对齐官方推算、年龄权重偏劳动年龄[假设]
2026,10-14,少儿0-14,男,149500.0,14.95,中,混合,[混合] 基准人口锚点=C&SD表110-01001A年中人口(不含外佣)；2026-2056为队列成分法推算[假设路径]；生育TFR 2023=751→2046=938对齐官方推算[真实数据路径形状]；净迁移总量级对齐官方推算、年龄权重偏劳动年龄[假设]
2026,15-19,劳动年龄15-64,男,149600.0,14.96,中,混合,[混合] 基准人口锚点=C&SD表110-01001A年中人口(不含外佣)；2026-2056为队列成分法推算[假设路径]；生育TFR 2023=751→2046=938对齐官方推算[真实数据路径形状]；净迁移总量级对齐官方推算、年龄权重偏劳动年龄[假设]
2026,20-24,劳动年龄15-64,男,147300.0,14.73,中,混合,[混合] 基准人口锚点=C&SD表110-01001A年中人口(不含外佣)；2026-2056为队列成分法推算[假设路径]；生育TFR 2023=751→2046=938对齐官方推算[真实数据路径形状]；净迁移总量级对齐官方推算、年龄权重偏劳动年龄[假设]
2026,25-29,劳动年龄15-64,男,183500.0,18.35,中,混合,[混合] 基准人口锚点=C&SD表110-01001A年中人口(不含外佣)；2026-2056为队列成分法推算[假设路径]；生育TFR 2023=751→2046=938对齐官方推算[真实数据路径形状]；净迁移总量级对齐官方推算、年龄权重偏劳动年龄[假设]
2026,30-34,劳动年龄15-64,男,227100.0,22.71,中,混合,[混合] 基准人口锚点=C&SD表110-01001A年中人口(不含外佣)；2026-2056为队列成分法推算[假设路径]；生育TFR 2023=751→2046=938对齐官方推算[真实数据路径形状]；净迁移总量级对齐官方推算、年龄权重偏劳动年龄[假设]
2026,35-39,劳动年龄15-64,男,238500.0,23.85,中,混合,[混合] 基准人口锚点=C&SD表110-01001A年中人口(不含外佣)；2026-2056为队列成分法推算[假设路径]；生育TFR 2023=751→2046=938对齐官方推算[真实数据路径形状]；净迁移总量级对齐官方推算、年龄权重偏劳动年龄[假设]
2026,40-44,劳动年龄15-64,男,241900.0,24.19,中,混合,[混合] 基准人口锚点=C&SD表110-01001A年中人口(不含外佣)；2026-2056为队列成分法推算[假设路径]；生育TFR 2023=751→2046=938对齐官方推算[真实数据路径形状]；净迁移总量级对齐官方推算、年龄权重偏劳动年龄[假设]
2026,45-49,劳动年龄15-64,男,234900.0,23.49,中,混合,[混合] 基准人口锚点=C&SD表110-01001A年中人口(不含外佣)；2026-2056为队列成分法推算[假设路径]；生育TFR 2023=751→2046=938对齐官方推算[真实数据路径形状]；净迁移总量级对齐官方推算、年龄权重偏劳动年龄[假设]
2026,5-9,少儿0-14,男,124500.0,12.45,中,混合,[混合] 基准人口锚点=C&SD表110-01001A年中人口(不含外佣)；2026-2056为队列成分法推算[假设路径]；生育TFR 2023=751→2046=938对齐官方推算[真实数据路径形状]；净迁移总量级对齐官方推算、年龄权重偏劳动年龄[假设]
2026,50-54,劳动年龄15-64,男,244100.0,24.41,中,混合,[混合] 基准人口锚点=C&SD表110-01001A年中人口(不含外佣)；2026-2056为队列成分法推算[假设路径]；生育TFR 2023=751→2046=938对齐官方推算[真实数据路径形状]；净迁移总量级对齐官方推算、年龄权重偏劳动年龄[假设]
2026,55-59,劳动年龄15-64,男,243400.0,24.34,中,混合,[混合] 基准人口锚点=C&SD表110-01001A年中人口(不含外佣)；2026-2056为队列成分法推算[假设路径]；生育TFR 2023=751→2046=938对齐官方推算[真实数据路径形状]；净迁移总量级对齐官方推算、年龄权重偏劳动年龄[假设]
2026,60-64,劳动年龄15-64,男,281500.0,28.15,中,混合,[混合] 基准人口锚点=C&SD表110-01001A年中人口(不含外佣)；2026-2056为队列成分法推算[假设路径]；生育TFR 2023=751→2046=938对齐官方推算[真实数据路径形状]；净迁移总量级对齐官方推算、年龄权重偏劳动年龄[假设]
2026,65-69,退休65+,男,291500.0,29.15,中,混合,[混合] 基准人口锚点=C&SD表110-01001A年中人口(不含外佣)；2026-2056为队列成分法推算[假设路径]；生育TFR 2023=751→2046=938对齐官方推算[真实数据路径形状]；净迁移总量级对齐官方推算、年龄权重偏劳动年龄[假设]
2026,70-74,退休65+,男,226600.0,22.66,中,混合,[混合] 基准人口锚点=C&SD表110-01001A年中人口(不含外佣)；2026-2056为队列成分法推算[假设路径]；生育TFR 2023=751→2046=938对齐官方推算[真实数据路径形状]；净迁移总量级对齐官方推算、年龄权重偏劳动年龄[假设]
2026,75-79,退休65+,男,164300.0,16.43,中,混合,[混合] 基准人口锚点=C&SD表110-01001A年中人口(不含外佣)；2026-2056为队列成分法推算[假设路径]；生育TFR 2023=751→2046=938对齐官方推算[真实数据路径形状]；净迁移总量级对齐官方推算、年龄权重偏劳动年龄[假设]
2026,80-84,退休65+,男,78500.0,7.85,中,混合,[混合] 基准人口锚点=C&SD表110-01001A年中人口(不含外佣)；2026-2056为队列成分法推算[假设路径]；生育TFR 2023=751→2046=938对齐官方推算[真实数据路径形状]；净迁移总量级对齐官方推算、年龄权重偏劳动年龄[假设]
2026,85+,退休65+,男,95900.0,9.59,中,混合,[混合] 基准人口锚点=C&SD表110-01001A年中人口(不含外佣)；2026-2056为队列成分法推算[假设路径]；生育TFR 2023=751→2046=938对齐官方推算[真实数据路径形状]；净迁移总量级对齐官方推算、年龄权重偏劳动年龄[假设]
2027,0-4,少儿0-14,女,78147.5,7.8148,中,混合,[混合] 基准人口锚点=C&SD表110-01001A年中人口(不含外佣)；2026-2056为队列成分法推算[假设路径]；生育TFR 2023=751→2046=938对齐官方推算[真实数据路径形状]；净迁移总量级对齐官方推算、年龄权重偏劳动年龄[假设]
2027,10-14,少儿0-14,女,134497.7,13.4498,中,混合,[混合] 基准人口锚点=C&SD表110-01001A年中人口(不含外佣)；2026-2056为队列成分法推算[假设路径]；生育TFR 2023=751→2046=938对齐官方推算[真实数据路径形状]；净迁移总量级对齐官方推算、年龄权重偏劳动年龄[假设]
2027,15-19,劳动年龄15-64,女,141549.6,14.155,中,混合,[混合] 基准人口锚点=C&SD表110-01001A年中人口(不含外佣)；2026-2056为队列成分法推算[假设路径]；生育TFR 2023=751→2046=938对齐官方推算[真实数据路径形状]；净迁移总量级对齐官方推算、年龄权重偏劳动年龄[假设]
2027,20-24,劳动年龄15-64,女,146397.9,14.6398,中,混合,[混合] 基准人口锚点=C&SD表110-01001A年中人口(不含外佣)；2026-2056为队列成分法推算[假设路径]；生育TFR 2023=751→2046=938对齐官方推算[真实数据路径形状]；净迁移总量级对齐官方推算、年龄权重偏劳动年龄[假设]
2027,25-29,劳动年龄15-64,女,169730.6,16.9731,中,混合,[混合] 基准人口锚点=C&SD表110-01001A年中人口(不含外佣)；2026-2056为队列成分法推算[假设路径]；生育TFR 2023=751→2046=938对齐官方推算[真实数据路径形状]；净迁移总量级对齐官方推算、年龄权重偏劳动年龄[假设]
2027,30-34,劳动年龄15-64,女,214604.5,21.4605,中,混合,[混合] 基准人口锚点=C&SD表110-01001A年中人口(不含外佣)；2026-2056为队列成分法推算[假设路径]；生育TFR 2023=751→2046=938对齐官方推算[真实数据路径形状]；净迁移总量级对齐官方推算、年龄权重偏劳动年龄[假设]
2027,35-39,劳动年龄15-64,女,243773.4,24.3773,中,混合,[混合] 基准人口锚点=C&SD表110-01001A年中人口(不含外佣)；2026-2056为队列成分法推算[假设路径]；生育TFR 2023=751→2046=938对齐官方推算[真实数据路径形状]；净迁移总量级对齐官方推算、年龄权重偏劳动年龄[假设]
2027,40-44,劳动年龄15-64,女,270897.1,27.0897,中,混合,[混合] 基准人口锚点=C&SD表110-01001A年中人口(不含外佣)；2026-2056为队列成分法推算[假设路径]；生育TFR 2023=751→2046=938对齐官方推算[真实数据路径形状]；净迁移总量级对齐官方推算、年龄权重偏劳动年龄[假设]
2027,45-49,劳动年龄15-64,女,287534.1,28.7534,中,混合,[混合] 基准人口锚点=C&SD表110-01001A年中人口(不含外佣)；2026-2056为队列成分法推算[假设路径]；生育TFR 2023=751→2046=938对齐官方推算[真实数据路径形状]；净迁移总量级对齐官方推算、年龄权重偏劳动年龄[假设]
2027,5-9,少儿0-14,女,108557.4,10.8557,中,混合,[混合] 基准人口锚点=C&SD表110-01001A年中人口(不含外佣)；2026-2056为队列成分法推算[假设路径]；生育TFR 2023=751→2046=938对齐官方推算[真实数据路径形状]；净迁移总量级对齐官方推算、年龄权重偏劳动年龄[假设]
2027,50-54,劳动年龄15-64,女,305345.3,30.5345,中,混合,[混合] 基准人口锚点=C&SD表110-01001A年中人口(不含外佣)；2026-2056为队列成分法推算[假设路径]；生育TFR 2023=751→2046=938对齐官方推算[真实数据路径形状]；净迁移总量级对齐官方推算、年龄权重偏劳动年龄[假设]
2027,55-59,劳动年龄15-64,女,314280.1,31.428,中,混合,[混合] 基准人口锚点=C&SD表110-01001A年中人口(不含外佣)；2026-2056为队列成分法推算[假设路径]；生育TFR 2023=751→2046=938对齐官方推算[真实数据路径形状]；净迁移总量级对齐官方推算、年龄权重偏劳动年龄[假设]
2027,60-64,劳动年龄15-64,女,335215.9,33.5216,中,混合,[混合] 基准人口锚点=C&SD表110-01001A年中人口(不含外佣)；2026-2056为队列成分法推算[假设路径]；生育TFR 2023=751→2046=938对齐官方推算[真实数据路径形状]；净迁移总量级对齐官方推算、年龄权重偏劳动年龄[假设]
2027,65-69,退休65+,女,314647.7,31.4648,中,混合,[混合] 基准人口锚点=C&SD表110-01001A年中人口(不含外佣)；2026-2056为队列成分法推算[假设路径]；生育TFR 2023=751→2046=938对齐官方推算[真实数据路径形状]；净迁移总量级对齐官方推算、年龄权重偏劳动年龄[假设]
2027,70-74,退休65+,女,259338.0,25.9338,中,混合,[混合] 基准人口锚点=C&SD表110-01001A年中人口(不含外佣)；2026-2056为队列成分法推算[假设路径]；生育TFR 2023=751→2046=938对齐官方推算[真实数据路径形状]；净迁移总量级对齐官方推算、年龄权重偏劳动年龄[假设]
2027,75-79,退休65+,女,193511.3,19.3511,中,混合,[混合] 基准人口锚点=C&SD表110-01001A年中人口(不含外佣)；2026-2056为队列成分法推算[假设路径]；生育TFR 2023=751→2046=938对齐官方推算[真实数据路径形状]；净迁移总量级对齐官方推算、年龄权重偏劳动年龄[假设]
2027,80-84,退休65+,女,106099.0,10.6099,中,混合,[混合] 基准人口锚点=C&SD表110-01001A年中人口(不含外佣)；2026-2056为队列成分法推算[假设路径]；生育TFR 2023=751→2046=938对齐官方推算[真实数据路径形状]；净迁移总量级对齐官方推算、年龄权重偏劳动年龄[假设]
2027,85+,退休65+,女,151541.9,15.1542,中,混合,[混合] 基准人口锚点=C&SD表110-01001A年中人口(不含外佣)；2026-2056为队列成分法推算[假设路径]；生育TFR 2023=751→2046=938对齐官方推算[真实数据路径形状]；净迁移总量级对齐官方推算、年龄权重偏劳动年龄[假设]
2027,0-4,少儿0-14,男,84397.8,8.4398,中,混合,[混合] 基准人口锚点=C&SD表110-01001A年中人口(不含外佣)；2026-2056为队列成分法推算[假设路径]；生育TFR 2023=751→2046=938对齐官方推算[真实数据路径形状]；净迁移总量级对齐官方推算、年龄权重偏劳动年龄[假设]
2027,10-14,少儿0-14,男,145086.6,14.5087,中,混合,[混合] 基准人口锚点=C&SD表110-01001A年中人口(不含外佣)；2026-2056为队列成分法推算[假设路径]；生育TFR 2023=751→2046=938对齐官方推算[真实数据路径形状]；净迁移总量级对齐官方推算、年龄权重偏劳动年龄[假设]
2027,15-19,劳动年龄15-64,男,151956.7,15.1957,中,混合,[混合] 基准人口锚点=C&SD表110-01001A年中人口(不含外佣)；2026-2056为队列成分法推算[假设路径]；生育TFR 2023=751→2046=938对齐官方推算[真实数据路径形状]；净迁移总量级对齐官方推算、年龄权重偏劳动年龄[假设]
2027,20-24,劳动年龄15-64,男,150122.6,15.0123,中,混合,[混合] 基准人口锚点=C&SD表110-01001A年中人口(不含外佣)；2026-2056为队列成分法推算[假设路径]；生育TFR 2023=751→2046=938对齐官方推算[真实数据路径形状]；净迁移总量级对齐官方推算、年龄权重偏劳动年龄[假设]
2027,25-29,劳动年龄15-64,男,178597.1,17.8597,中,混合,[混合] 基准人口锚点=C&SD表110-01001A年中人口(不含外佣)；2026-2056为队列成分法推算[假设路径]；生育TFR 2023=751→2046=938对齐官方推算[真实数据路径形状]；净迁移总量级对齐官方推算、年龄权重偏劳动年龄[假设]
2027,30-34,劳动年龄15-64,男,220662.3,22.0662,中,混合,[混合] 基准人口锚点=C&SD表110-01001A年中人口(不含外佣)；2026-2056为队列成分法推算[假设路径]；生育TFR 2023=751→2046=938对齐官方推算[真实数据路径形状]；净迁移总量级对齐官方推算、年龄权重偏劳动年龄[假设]
2027,35-39,劳动年龄15-64,男,238466.1,23.8466,中,混合,[混合] 基准人口锚点=C&SD表110-01001A年中人口(不含外佣)；2026-2056为队列成分法推算[假设路径]；生育TFR 2023=751→2046=938对齐官方推算[真实数据路径形状]；净迁移总量级对齐官方推算、年龄权重偏劳动年龄[假设]
2027,40-44,劳动年龄15-64,男,243363.9,24.3364,中,混合,[混合] 基准人口锚点=C&SD表110-01001A年中人口(不含外佣)；2026-2056为队列成分法推算[假设路径]；生育TFR 2023=751→2046=938对齐官方推算[真实数据路径形状]；净迁移总量级对齐官方推算、年龄权重偏劳动年龄[假设]
2027,45-49,劳动年龄15-64,男,237377.9,23.7378,中,混合,[混合] 基准人口锚点=C&SD表110-01001A年中人口(不含外佣)；2026-2056为队列成分法推算[假设路径]；生育TFR 2023=751→2046=938对齐官方推算[真实数据路径形状]；净迁移总量级对齐官方推算、年龄权重偏劳动年龄[假设]
2027,5-9,少儿0-14,男,116881.3,11.6881,中,混合,[混合] 基准人口锚点=C&SD表110-01001A年中人口(不含外佣)；2026-2056为队列成分法推算[假设路径]；生育TFR 2023=751→2046=938对齐官方推算[真实数据路径形状]；净迁移总量级对齐官方推算、年龄权重偏劳动年龄[假设]
2027,50-54,劳动年龄15-64,男,243057.7,24.3058,中,混合,[混合] 基准人口锚点=C&SD表110-01001A年中人口(不含外佣)；2026-2056为队列成分法推算[假设路径]；生育TFR 2023=751→2046=938对齐官方推算[真实数据路径形状]；净迁移总量级对齐官方推算、年龄权重偏劳动年龄[假设]
2027,55-59,劳动年龄15-64,男,243972.9,24.3973,中,混合,[混合] 基准人口锚点=C&SD表110-01001A年中人口(不含外佣)；2026-2056为队列成分法推算[假设路径]；生育TFR 2023=751→2046=938对齐官方推算[真实数据路径形状]；净迁移总量级对齐官方推算、年龄权重偏劳动年龄[假设]
2027,60-64,劳动年龄15-64,男,273630.3,27.363,中,混合,[混合] 基准人口锚点=C&SD表110-01001A年中人口(不含外佣)；2026-2056为队列成分法推算[假设路径]；生育TFR 2023=751→2046=938对齐官方推算[真实数据路径形状]；净迁移总量级对齐官方推算、年龄权重偏劳动年龄[假设]
2027,65-69,退休65+,男,287033.5,28.7034,中,混合,[混合] 基准人口锚点=C&SD表110-01001A年中人口(不含外佣)；2026-2056为队列成分法推算[假设路径]；生育TFR 2023=751→2046=938对齐官方推算[真实数据路径形状]；净迁移总量级对齐官方推算、年龄权重偏劳动年龄[假设]
2027,70-74,退休65+,男,236323.5,23.6323,中,混合,[混合] 基准人口锚点=C&SD表110-01001A年中人口(不含外佣)；2026-2056为队列成分法推算[假设路径]；生育TFR 2023=751→2046=938对齐官方推算[真实数据路径形状]；净迁移总量级对齐官方推算、年龄权重偏劳动年龄[假设]
2027,75-79,退休65+,男,173016.4,17.3016,中,混合,[混合] 基准人口锚点=C&SD表110-01001A年中人口(不含外佣)；2026-2056为队列成分法推算[假设路径]；生育TFR 2023=751→2046=938对齐官方推算[真实数据路径形状]；净迁移总量级对齐官方推算、年龄权重偏劳动年龄[假设]
2027,80-84,退休65+,男,92078.8,9.2079,中,混合,[混合] 基准人口锚点=C&SD表110-01001A年中人口(不含外佣)；2026-2056为队列成分法推算[假设路径]；生育TFR 2023=751→2046=938对齐官方推算[真实数据路径形状]；净迁移总量级对齐官方推算、年龄权重偏劳动年龄[假设]
2027,85+,退休65+,男,102061.9,10.2062,中,混合,[混合] 基准人口锚点=C&SD表110-01001A年中人口(不含外佣)；2026-2056为队列成分法推算[假设路径]；生育TFR 2023=751→2046=938对齐官方推算[真实数据路径形状]；净迁移总量级对齐官方推算、年龄权重偏劳动年龄[假设]
2028,0-4,少儿0-14,女,79245.8,7.9246,中,混合,[混合] 基准人口锚点=C&SD表110-01001A年中人口(不含外佣)；2026-2056为队列成分法推算[假设路径]；生育TFR 2023=751→2046=938对齐官方推算[真实数据路径形状]；净迁移总量级对齐官方推算、年龄权重偏劳动年龄[假设]
2028,10-14,少儿0-14,女,130627.7,13.0628,中,混合,[混合] 基准人口锚点=C&SD表110-01001A年中人口(不含外佣)；2026-2056为队列成分法推算[假设路径]；生育TFR 2023=751→2046=938对齐官方推算[真实数据路径形状]；净迁移总量级对齐官方推算、年龄权重偏劳动年龄[假设]
2028,15-19,劳动年龄15-64,女,143733.6,14.3734,中,混合,[混合] 基准人口锚点=C&SD表110-01001A年中人口(不含外佣)；2026-2056为队列成分法推算[假设路径]；生育TFR 2023=751→2046=938对齐官方推算[真实数据路径形状]；净迁移总量级对齐官方推算、年龄权重偏劳动年龄[假设]
2028,20-24,劳动年龄15-64,女,147923.5,14.7924,中,混合,[混合] 基准人口锚点=C&SD表110-01001A年中人口(不含外佣)；2026-2056为队列成分法推算[假设路径]；生育TFR 2023=751→2046=938对齐官方推算[真实数据路径形状]；净迁移总量级对齐官方推算、年龄权重偏劳动年龄[假设]
2028,25-29,劳动年龄15-64,女,166888.0,16.6888,中,混合,[混合] 基准人口锚点=C&SD表110-01001A年中人口(不含外佣)；2026-2056为队列成分法推算[假设路径]；生育TFR 2023=751→2046=938对齐官方推算[真实数据路径形状]；净迁移总量级对齐官方推算、年龄权重偏劳动年龄[假设]
2028,30-34,劳动年龄15-64,女,207443.0,20.7443,中,混合,[混合] 基准人口锚点=C&SD表110-01001A年中人口(不含外佣)；2026-2056为队列成分法推算[假设路径]；生育TFR 2023=751→2046=938对齐官方推算[真实数据路径形状]；净迁移总量级对齐官方推算、年龄权重偏劳动年龄[假设]
2028,35-39,劳动年龄15-64,女,241579.9,24.158,中,混合,[混合] 基准人口锚点=C&SD表110-01001A年中人口(不含外佣)；2026-2056为队列成分法推算[假设路径]；生育TFR 2023=751→2046=938对齐官方推算[真实数据路径形状]；净迁移总量级对齐官方推算、年龄权重偏劳动年龄[假设]
2028,40-44,劳动年龄15-64,女,267929.6,26.793,中,混合,[混合] 基准人口锚点=C&SD表110-01001A年中人口(不含外佣)；2026-2056为队列成分法推算[假设路径]；生育TFR 2023=751→2046=938对齐官方推算[真实数据路径形状]；净迁移总量级对齐官方推算、年龄权重偏劳动年龄[假设]
2028,45-49,劳动年龄15-64,女,286175.9,28.6176,中,混合,[混合] 基准人口锚点=C&SD表110-01001A年中人口(不含外佣)；2026-2056为队列成分法推算[假设路径]；生育TFR 2023=751→2046=938对齐官方推算[真实数据路径形状]；净迁移总量级对齐官方推算、年龄权重偏劳动年龄[假设]
2028,5-9,少儿0-14,女,101444.7,10.1445,中,混合,[混合] 基准人口锚点=C&SD表110-01001A年中人口(不含外佣)；2026-2056为队列成分法推算[假设路径]；生育TFR 2023=751→2046=938对齐官方推算[真实数据路径形状]；净迁移总量级对齐官方推算、年龄权重偏劳动年龄[假设]
2028,50-54,劳动年龄15-64,女,302917.4,30.2917,中,混合,[混合] 基准人口锚点=C&SD表110-01001A年中人口(不含外佣)；2026-2056为队列成分法推算[假设路径]；生育TFR 2023=751→2046=938对齐官方推算[真实数据路径形状]；净迁移总量级对齐官方推算、年龄权重偏劳动年龄[假设]
2028,55-59,劳动年龄15-64,女,313998.5,31.3999,中,混合,[混合] 基准人口锚点=C&SD表110-01001A年中人口(不含外佣)；2026-2056为队列成分法推算[假设路径]；生育TFR 2023=751→2046=938对齐官方推算[真实数据路径形状]；净迁移总量级对齐官方推算、年龄权重偏劳动年龄[假设]
2028,60-64,劳动年龄15-64,女,330927.7,33.0928,中,混合,[混合] 基准人口锚点=C&SD表110-01001A年中人口(不含外佣)；2026-2056为队列成分法推算[假设路径]；生育TFR 2023=751→2046=938对齐官方推算[真实数据路径形状]；净迁移总量级对齐官方推算、年龄权重偏劳动年龄[假设]
2028,65-69,退休65+,女,319995.7,31.9996,中,混合,[混合] 基准人口锚点=C&SD表110-01001A年中人口(不含外佣)；2026-2056为队列成分法推算[假设路径]；生育TFR 2023=751→2046=938对齐官方推算[真实数据路径形状]；净迁移总量级对齐官方推算、年龄权重偏劳动年龄[假设]
2028,70-74,退休65+,女,270130.9,27.0131,中,混合,[混合] 基准人口锚点=C&SD表110-01001A年中人口(不含外佣)；2026-2056为队列成分法推算[假设路径]；生育TFR 2023=751→2046=938对齐官方推算[真实数据路径形状]；净迁移总量级对齐官方推算、年龄权重偏劳动年龄[假设]
2028,75-79,退休65+,女,204888.7,20.4889,中,混合,[混合] 基准人口锚点=C&SD表110-01001A年中人口(不含外佣)；2026-2056为队列成分法推算[假设路径]；生育TFR 2023=751→2046=938对齐官方推算[真实数据路径形状]；净迁移总量级对齐官方推算、年龄权重偏劳动年龄[假设]
2028,80-84,退休65+,女,122091.1,12.2091,中,混合,[混合] 基准人口锚点=C&SD表110-01001A年中人口(不含外佣)；2026-2056为队列成分法推算[假设路径]；生育TFR 2023=751→2046=938对齐官方推算[真实数据路径形状]；净迁移总量级对齐官方推算、年龄权重偏劳动年龄[假设]
2028,85+,退休65+,女,156983.3,15.6983,中,混合,[混合] 基准人口锚点=C&SD表110-01001A年中人口(不含外佣)；2026-2056为队列成分法推算[假设路径]；生育TFR 2023=751→2046=938对齐官方推算[真实数据路径形状]；净迁移总量级对齐官方推算、年龄权重偏劳动年龄[假设]
2028,0-4,少儿0-14,男,85050.1,8.505,中,混合,[混合] 基准人口锚点=C&SD表110-01001A年中人口(不含外佣)；2026-2056为队列成分法推算[假设路径]；生育TFR 2023=751→2046=938对齐官方推算[真实数据路径形状]；净迁移总量级对齐官方推算、年龄权重偏劳动年龄[假设]
2028,10-14,少儿0-14,男,140703.2,14.0703,中,混合,[混合] 基准人口锚点=C&SD表110-01001A年中人口(不含外佣)；2026-2056为队列成分法推算[假设路径]；生育TFR 2023=751→2046=938对齐官方推算[真实数据路径形状]；净迁移总量级对齐官方推算、年龄权重偏劳动年龄[假设]
2028,15-19,劳动年龄15-64,男,154071.0,15.4071,中,混合,[混合] 基准人口锚点=C&SD表110-01001A年中人口(不含外佣)；2026-2056为队列成分法推算[假设路径]；生育TFR 2023=751→2046=938对齐官方推算[真实数据路径形状]；净迁移总量级对齐官方推算、年龄权重偏劳动年龄[假设]
2028,20-24,劳动年龄15-64,男,153063.0,15.3063,中,混合,[混合] 基准人口锚点=C&SD表110-01001A年中人口(不含外佣)；2026-2056为队列成分法推算[假设路径]；生育TFR 2023=751→2046=938对齐官方推算[真实数据路径形状]；净迁移总量级对齐官方推算、年龄权重偏劳动年龄[假设]
2028,25-29,劳动年龄15-64,男,173817.8,17.3818,中,混合,[混合] 基准人口锚点=C&SD表110-01001A年中人口(不含外佣)；2026-2056为队列成分法推算[假设路径]；生育TFR 2023=751→2046=938对齐官方推算[真实数据路径形状]；净迁移总量级对齐官方推算、年龄权重偏劳动年龄[假设]
2028,30-34,劳动年龄15-64,男,214357.4,21.4357,中,混合,[混合] 基准人口锚点=C&SD表110-01001A年中人口(不含外佣)；2026-2056为队列成分法推算[假设路径]；生育TFR 2023=751→2046=938对齐官方推算[真实数据路径形状]；净迁移总量级对齐官方推算、年龄权重偏劳动年龄[假设]
2028,35-39,劳动年龄15-64,男,238555.4,23.8555,中,混合,[混合] 基准人口锚点=C&SD表110-01001A年中人口(不含外佣)；2026-2056为队列成分法推算[假设路径]；生育TFR 2023=751→2046=938对齐官方推算[真实数据路径形状]；净迁移总量级对齐官方推算、年龄权重偏劳动年龄[假设]
2028,40-44,劳动年龄15-64,男,244968.8,24.4969,中,混合,[混合] 基准人口锚点=C&SD表110-01001A年中人口(不含外佣)；2026-2056为队列成分法推算[假设路径]；生育TFR 2023=751→2046=938对齐官方推算[真实数据路径形状]；净迁移总量级对齐官方推算、年龄权重偏劳动年龄[假设]
2028,45-49,劳动年龄15-64,男,240143.2,24.0143,中,混合,[混合] 基准人口锚点=C&SD表110-01001A年中人口(不含外佣)；2026-2056为队列成分法推算[假设路径]；生育TFR 2023=751→2046=938对齐官方推算[真实数据路径形状]；净迁移总量级对齐官方推算、年龄权重偏劳动年龄[假设]
2028,5-9,少儿0-14,男,109284.9,10.9285,中,混合,[混合] 基准人口锚点=C&SD表110-01001A年中人口(不含外佣)；2026-2056为队列成分法推算[假设路径]；生育TFR 2023=751→2046=938对齐官方推算[真实数据路径形状]；净迁移总量级对齐官方推算、年龄权重偏劳动年龄[假设]
2028,50-54,劳动年龄15-64,男,242159.2,24.2159,中,混合,[混合] 基准人口锚点=C&SD表110-01001A年中人口(不含外佣)；2026-2056为队列成分法推算[假设路径]；生育TFR 2023=751→2046=938对齐官方推算[真实数据路径形状]；净迁移总量级对齐官方推算、年龄权重偏劳动年龄[假设]
2028,55-59,劳动年龄15-64,男,244701.8,24.4702,中,混合,[混合] 基准人口锚点=C&SD表110-01001A年中人口(不含外佣)；2026-2056为队列成分法推算[假设路径]；生育TFR 2023=751→2046=938对齐官方推算[真实数据路径形状]；净迁移总量级对齐官方推算、年龄权重偏劳动年龄[假设]
2028,60-64,劳动年龄15-64,男,266053.8,26.6054,中,混合,[混合] 基准人口锚点=C&SD表110-01001A年中人口(不含外佣)；2026-2056为队列成分法推算[假设路径]；生育TFR 2023=751→2046=938对齐官方推算[真实数据路径形状]；净迁移总量级对齐官方推算、年龄权重偏劳动年龄[假设]
2028,65-69,退休65+,男,283124.7,28.3125,中,混合,[混合] 基准人口锚点=C&SD表110-01001A年中人口(不含外佣)；2026-2056为队列成分法推算[假设路径]；生育TFR 2023=751→2046=938对齐官方推算[真实数据路径形状]；净迁移总量级对齐官方推算、年龄权重偏劳动年龄[假设]
2028,70-74,退休65+,男,246071.6,24.6072,中,混合,[混合] 基准人口锚点=C&SD表110-01001A年中人口(不含外佣)；2026-2056为队列成分法推算[假设路径]；生育TFR 2023=751→2046=938对齐官方推算[真实数据路径形状]；净迁移总量级对齐官方推算、年龄权重偏劳动年龄[假设]
2028,75-79,退休65+,男,181651.9,18.1652,中,混合,[混合] 基准人口锚点=C&SD表110-01001A年中人口(不含外佣)；2026-2056为队列成分法推算[假设路径]；生育TFR 2023=751→2046=938对齐官方推算[真实数据路径形状]；净迁移总量级对齐官方推算、年龄权重偏劳动年龄[假设]
2028,80-84,退休65+,男,104943.4,10.4943,中,混合,[混合] 基准人口锚点=C&SD表110-01001A年中人口(不含外佣)；2026-2056为队列成分法推算[假设路径]；生育TFR 2023=751→2046=938对齐官方推算[真实数据路径形状]；净迁移总量级对齐官方推算、年龄权重偏劳动年龄[假设]
2028,85+,退休65+,男,107042.1,10.7042,中,混合,[混合] 基准人口锚点=C&SD表110-01001A年中人口(不含外佣)；2026-2056为队列成分法推算[假设路径]；生育TFR 2023=751→2046=938对齐官方推算[真实数据路径形状]；净迁移总量级对齐官方推算、年龄权重偏劳动年龄[假设]
2029,0-4,少儿0-14,女,80092.2,8.0092,中,混合,[混合] 基准人口锚点=C&SD表110-01001A年中人口(不含外佣)；2026-2056为队列成分法推算[假设路径]；生育TFR 2023=751→2046=938对齐官方推算[真实数据路径形状]；净迁移总量级对齐官方推算、年龄权重偏劳动年龄[假设]
2029,10-14,少儿0-14,女,126789.7,12.679,中,混合,[混合] 基准人口锚点=C&SD表110-01001A年中人口(不含外佣)；2026-2056为队列成分法推算[假设路径]；生育TFR 2023=751→2046=938对齐官方推算[真实数据路径形状]；净迁移总量级对齐官方推算、年龄权重偏劳动年龄[假设]
2029,15-19,劳动年龄15-64,女,145633.1,14.5633,中,混合,[混合] 基准人口锚点=C&SD表110-01001A年中人口(不含外佣)；2026-2056为队列成分法推算[假设路径]；生育TFR 2023=751→2046=938对齐官方推算[真实数据路径形状]；净迁移总量级对齐官方推算、年龄权重偏劳动年龄[假设]
2029,20-24,劳动年龄15-64,女,149577.0,14.9577,中,混合,[混合] 基准人口锚点=C&SD表110-01001A年中人口(不含外佣)；2026-2056为队列成分法推算[假设路径]；生育TFR 2023=751→2046=938对齐官方推算[真实数据路径形状]；净迁移总量级对齐官方推算、年龄权重偏劳动年龄[假设]
2029,25-29,劳动年龄15-64,女,164172.2,16.4172,中,混合,[混合] 基准人口锚点=C&SD表110-01001A年中人口(不含外佣)；2026-2056为队列成分法推算[假设路径]；生育TFR 2023=751→2046=938对齐官方推算[真实数据路径形状]；净迁移总量级对齐官方推算、年龄权重偏劳动年龄[假设]
2029,30-34,劳动年龄15-64,女,200415.2,20.0415,中,混合,[混合] 基准人口锚点=C&SD表110-01001A年中人口(不含外佣)；2026-2056为队列成分法推算[假设路径]；生育TFR 2023=751→2046=938对齐官方推算[真实数据路径形状]；净迁移总量级对齐官方推算、年龄权重偏劳动年龄[假设]
2029,35-39,劳动年龄15-64,女,239519.3,23.9519,中,混合,[混合] 基准人口锚点=C&SD表110-01001A年中人口(不含外佣)；2026-2056为队列成分法推算[假设路径]；生育TFR 2023=751→2046=938对齐官方推算[真实数据路径形状]；净迁移总量级对齐官方推算、年龄权重偏劳动年龄[假设]
2029,40-44,劳动年龄15-64,女,265097.4,26.5097,中,混合,[混合] 基准人口锚点=C&SD表110-01001A年中人口(不含外佣)；2026-2056为队列成分法推算[假设路径]；生育TFR 2023=751→2046=938对齐官方推算[真实数据路径形状]；净迁移总量级对齐官方推算、年龄权重偏劳动年龄[假设]
2029,45-49,劳动年龄15-64,女,285133.8,28.5134,中,混合,[混合] 基准人口锚点=C&SD表110-01001A年中人口(不含外佣)；2026-2056为队列成分法推算[假设路径]；生育TFR 2023=751→2046=938对齐官方推算[真实数据路径形状]；净迁移总量级对齐官方推算、年龄权重偏劳动年龄[假设]
2029,5-9,少儿0-14,女,94362.1,9.4362,中,混合,[混合] 基准人口锚点=C&SD表110-01001A年中人口(不含外佣)；2026-2056为队列成分法推算[假设路径]；生育TFR 2023=751→2046=938对齐官方推算[真实数据路径形状]；净迁移总量级对齐官方推算、年龄权重偏劳动年龄[假设]
2029,50-54,劳动年龄15-64,女,300615.6,30.0616,中,混合,[混合] 基准人口锚点=C&SD表110-01001A年中人口(不含外佣)；2026-2056为队列成分法推算[假设路径]；生育TFR 2023=751→2046=938对齐官方推算[真实数据路径形状]；净迁移总量级对齐官方推算、年龄权重偏劳动年龄[假设]
2029,55-59,劳动年龄15-64,女,313854.0,31.3854,中,混合,[混合] 基准人口锚点=C&SD表110-01001A年中人口(不含外佣)；2026-2056为队列成分法推算[假设路径]；生育TFR 2023=751→2046=938对齐官方推算[真实数据路径形状]；净迁移总量级对齐官方推算、年龄权重偏劳动年龄[假设]
2029,60-64,劳动年龄15-64,女,326834.1,32.6834,中,混合,[混合] 基准人口锚点=C&SD表110-01001A年中人口(不含外佣)；2026-2056为队列成分法推算[假设路径]；生育TFR 2023=751→2046=938对齐官方推算[真实数据路径形状]；净迁移总量级对齐官方推算、年龄权重偏劳动年龄[假设]
2029,65-69,退休65+,女,325652.0,32.5652,中,混合,[混合] 基准人口锚点=C&SD表110-01001A年中人口(不含外佣)；2026-2056为队列成分法推算[假设路径]；生育TFR 2023=751→2046=938对齐官方推算[真实数据路径形状]；净迁移总量级对齐官方推算、年龄权重偏劳动年龄[假设]
2029,70-74,退休65+,女,280977.3,28.0977,中,混合,[混合] 基准人口锚点=C&SD表110-01001A年中人口(不含外佣)；2026-2056为队列成分法推算[假设路径]；生育TFR 2023=751→2046=938对齐官方推算[真实数据路径形状]；净迁移总量级对齐官方推算、年龄权重偏劳动年龄[假设]
2029,75-79,退休65+,女,216231.7,21.6232,中,混合,[混合] 基准人口锚点=C&SD表110-01001A年中人口(不含外佣)；2026-2056为队列成分法推算[假设路径]；生育TFR 2023=751→2046=938对齐官方推算[真实数据路径形状]；净迁移总量级对齐官方推算、年龄权重偏劳动年龄[假设]
2029,80-84,退休65+,女,137688.2,13.7688,中,混合,[混合] 基准人口锚点=C&SD表110-01001A年中人口(不含外佣)；2026-2056为队列成分法推算[假设路径]；生育TFR 2023=751→2046=938对齐官方推算[真实数据路径形状]；净迁移总量级对齐官方推算、年龄权重偏劳动年龄[假设]
2029,85+,退休65+,女,161713.7,16.1714,中,混合,[混合] 基准人口锚点=C&SD表110-01001A年中人口(不含外佣)；2026-2056为队列成分法推算[假设路径]；生育TFR 2023=751→2046=938对齐官方推算[真实数据路径形状]；净迁移总量级对齐官方推算、年龄权重偏劳动年龄[假设]
2029,0-4,少儿0-14,男,85454.9,8.5455,中,混合,[混合] 基准人口锚点=C&SD表110-01001A年中人口(不含外佣)；2026-2056为队列成分法推算[假设路径]；生育TFR 2023=751→2046=938对齐官方推算[真实数据路径形状]；净迁移总量级对齐官方推算、年龄权重偏劳动年龄[假设]
2029,10-14,少儿0-14,男,136349.6,13.635,中,混合,[混合] 基准人口锚点=C&SD表110-01001A年中人口(不含外佣)；2026-2056为队列成分法推算[假设路径]；生育TFR 2023=751→2046=938对齐官方推算[真实数据路径形状]；净迁移总量级对齐官方推算、年龄权重偏劳动年龄[假设]
2029,15-19,劳动年龄15-64,男,155925.7,15.5926,中,混合,[混合] 基准人口锚点=C&SD表110-01001A年中人口(不含外佣)；2026-2056为队列成分法推算[假设路径]；生育TFR 2023=751→2046=938对齐官方推算[真实数据路径形状]；净迁移总量级对齐官方推算、年龄权重偏劳动年龄[假设]
2029,20-24,劳动年龄15-64,男,156121.0,15.6121,中,混合,[混合] 基准人口锚点=C&SD表110-01001A年中人口(不含外佣)；2026-2056为队列成分法推算[假设路径]；生育TFR 2023=751→2046=938对齐官方推算[真实数据路径形状]；净迁移总量级对齐官方推算、年龄权重偏劳动年龄[假设]
2029,25-29,劳动年龄15-64,男,169161.9,16.9162,中,混合,[混合] 基准人口锚点=C&SD表110-01001A年中人口(不含外佣)；2026-2056为队列成分法推算[假设路径]；生育TFR 2023=751→2046=938对齐官方推算[真实数据路径形状]；净迁移总量级对齐官方推算、年龄权重偏劳动年龄[假设]
2029,30-34,劳动年龄15-64,男,208184.9,20.8185,中,混合,[混合] 基准人口锚点=C&SD表110-01001A年中人口(不含外佣)；2026-2056为队列成分法推算[假设路径]；生育TFR 2023=751→2046=938对齐官方推算[真实数据路径形状]；净迁移总量级对齐官方推算、年龄权重偏劳动年龄[假设]
2029,35-39,劳动年龄15-64,男,238767.8,23.8768,中,混合,[混合] 基准人口锚点=C&SD表110-01001A年中人口(不含外佣)；2026-2056为队列成分法推算[假设路径]；生育TFR 2023=751→2046=938对齐官方推算[真实数据路径形状]；净迁移总量级对齐官方推算、年龄权重偏劳动年龄[假设]
2029,40-44,劳动年龄15-64,男,246714.4,24.6714,中,混合,[混合] 基准人口锚点=C&SD表110-01001A年中人口(不含外佣)；2026-2056为队列成分法推算[假设路径]；生育TFR 2023=751→2046=938对齐官方推算[真实数据路径形状]；净迁移总量级对齐官方推算、年龄权重偏劳动年龄[假设]
2029,45-49,劳动年龄15-64,男,243203.7,24.3204,中,混合,[混合] 基准人口锚点=C&SD表110-01001A年中人口(不含外佣)；2026-2056为队列成分法推算[假设路径]；生育TFR 2023=751→2046=938对齐官方推算[真实数据路径形状]；净迁移总量级对齐官方推算、年龄权重偏劳动年龄[假设]
2029,5-9,少儿0-14,男,101710.9,10.1711,中,混合,[混合] 基准人口锚点=C&SD表110-01001A年中人口(不含外佣)；2026-2056为队列成分法推算[假设路径]；生育TFR 2023=751→2046=938对齐官方推算[真实数据路径形状]；净迁移总量级对齐官方推算、年龄权重偏劳动年龄[假设]
2029,50-54,劳动年龄15-64,男,241403.4,24.1403,中,混合,[混合] 基准人口锚点=C&SD表110-01001A年中人口(不含外佣)；2026-2056为队列成分法推算[假设路径]；生育TFR 2023=751→2046=938对齐官方推算[真实数据路径形状]；净迁移总量级对齐官方推算、年龄权重偏劳动年龄[假设]
2029,55-59,劳动年龄15-64,男,245584.9,24.5585,中,混合,[混合] 基准人口锚点=C&SD表110-01001A年中人口(不含外佣)；2026-2056为队列成分法推算[假设路径]；生育TFR 2023=751→2046=938对齐官方推算[真实数据路径形状]；净迁移总量级对齐官方推算、年龄权重偏劳动年龄[假设]
2029,60-64,劳动年龄15-64,男,258765.0,25.8765,中,混合,[混合] 基准人口锚点=C&SD表110-01001A年中人口(不含外佣)；2026-2056为队列成分法推算[假设路径]；生育TFR 2023=751→2046=938对齐官方推算[真实数据路径形状]；净迁移总量级对齐官方推算、年龄权重偏劳动年龄[假设]
2029,65-69,退休65+,男,279768.6,27.9769,中,混合,[混合] 基准人口锚点=C&SD表110-01001A年中人口(不含外佣)；2026-2056为队列成分法推算[假设路径]；生育TFR 2023=751→2046=938对齐官方推算[真实数据路径形状]；净迁移总量级对齐官方推算、年龄权重偏劳动年龄[假设]
2029,70-74,退休65+,男,255840.3,25.584,中,混合,[混合] 基准人口锚点=C&SD表110-01001A年中人口(不含外佣)；2026-2056为队列成分法推算[假设路径]；生育TFR 2023=751→2046=938对齐官方推算[真实数据路径形状]；净迁移总量级对齐官方推算、年龄权重偏劳动年龄[假设]
2029,75-79,退休65+,男,190203.9,19.0204,中,混合,[混合] 基准人口锚点=C&SD表110-01001A年中人口(不含外佣)；2026-2056为队列成分法推算[假设路径]；生育TFR 2023=751→2046=938对齐官方推算[真实数据路径形状]；净迁移总量级对齐官方推算、年龄权重偏劳动年龄[假设]
2029,80-84,退休65+,男,117126.8,11.7127,中,混合,[混合] 基准人口锚点=C&SD表110-01001A年中人口(不含外佣)；2026-2056为队列成分法推算[假设路径]；生育TFR 2023=751→2046=938对齐官方推算[真实数据路径形状]；净迁移总量级对齐官方推算、年龄权重偏劳动年龄[假设]
2029,85+,退休65+,男,111000.1,11.1,中,混合,[混合] 基准人口锚点=C&SD表110-01001A年中人口(不含外佣)；2026-2056为队列成分法推算[假设路径]；生育TFR 2023=751→2046=938对齐官方推算[真实数据路径形状]；净迁移总量级对齐官方推算、年龄权重偏劳动年龄[假设]
2030,0-4,少儿0-14,女,80684.3,8.0684,中,混合,[混合] 基准人口锚点=C&SD表110-01001A年中人口(不含外佣)；2026-2056为队列成分法推算[假设路径]；生育TFR 2023=751→2046=938对齐官方推算[真实数据路径形状]；净迁移总量级对齐官方推算、年龄权重偏劳动年龄[假设]
2030,10-14,少儿0-14,女,122983.9,12.2984,中,混合,[混合] 基准人口锚点=C&SD表110-01001A年中人口(不含外佣)；2026-2056为队列成分法推算[假设路径]；生育TFR 2023=751→2046=938对齐官方推算[真实数据路径形状]；净迁移总量级对齐官方推算、年龄权重偏劳动年龄[假设]
2030,15-19,劳动年龄15-64,女,147229.6,14.723,中,混合,[混合] 基准人口锚点=C&SD表110-01001A年中人口(不含外佣)；2026-2056为队列成分法推算[假设路径]；生育TFR 2023=751→2046=938对齐官方推算[真实数据路径形状]；净迁移总量级对齐官方推算、年龄权重偏劳动年龄[假设]
2030,20-24,劳动年龄15-64,女,151358.3,15.1358,中,混合,[混合] 基准人口锚点=C&SD表110-01001A年中人口(不含外佣)；2026-2056为队列成分法推算[假设路径]；生育TFR 2023=751→2046=938对齐官方推算[真实数据路径形状]；净迁移总量级对齐官方推算、年龄权重偏劳动年龄[假设]
2030,25-29,劳动年龄15-64,女,161583.1,16.1583,中,混合,[混合] 基准人口锚点=C&SD表110-01001A年中人口(不含外佣)；2026-2056为队列成分法推算[假设路径]；生育TFR 2023=751→2046=938对齐官方推算[真实数据路径形状]；净迁移总量级对齐官方推算、年龄权重偏劳动年龄[假设]
2030,30-34,劳动年龄15-64,女,193521.0,19.3521,中,混合,[混合] 基准人口锚点=C&SD表110-01001A年中人口(不含外佣)；2026-2056为队列成分法推算[假设路径]；生育TFR 2023=751→2046=938对齐官方推算[真实数据路径形状]；净迁移总量级对齐官方推算、年龄权重偏劳动年龄[假设]
2030,35-39,劳动年龄15-64,女,237591.5,23.7592,中,混合,[混合] 基准人口锚点=C&SD表110-01001A年中人口(不含外佣)；2026-2056为队列成分法推算[假设路径]；生育TFR 2023=751→2046=938对齐官方推算[真实数据路径形状]；净迁移总量级对齐官方推算、年龄权重偏劳动年龄[假设]
2030,40-44,劳动年龄15-64,女,262400.2,26.24,中,混合,[混合] 基准人口锚点=C&SD表110-01001A年中人口(不含外佣)；2026-2056为队列成分法推算[假设路径]；生育TFR 2023=751→2046=938对齐官方推算[真实数据路径形状]；净迁移总量级对齐官方推算、年龄权重偏劳动年龄[假设]
2030,45-49,劳动年龄15-64,女,284416.9,28.4417,中,混合,[混合] 基准人口锚点=C&SD表110-01001A年中人口(不含外佣)；2026-2056为队列成分法推算[假设路径]；生育TFR 2023=751→2046=938对齐官方推算[真实数据路径形状]；净迁移总量级对齐官方推算、年龄权重偏劳动年龄[假设]
2030,5-9,少儿0-14,女,87309.4,8.7309,中,混合,[混合] 基准人口锚点=C&SD表110-01001A年中人口(不含外佣)；2026-2056为队列成分法推算[假设路径]；生育TFR 2023=751→2046=938对齐官方推算[真实数据路径形状]；净迁移总量级对齐官方推算、年龄权重偏劳动年龄[假设]
2030,50-54,劳动年龄15-64,女,298439.2,29.8439,中,混合,[混合] 基准人口锚点=C&SD表110-01001A年中人口(不含外佣)；2026-2056为队列成分法推算[假设路径]；生育TFR 2023=751→2046=938对齐官方推算[真实数据路径形状]；净迁移总量级对齐官方推算、年龄权重偏劳动年龄[假设]
2030,55-59,劳动年龄15-64,女,313845.8,31.3846,中,混合,[混合] 基准人口锚点=C&SD表110-01001A年中人口(不含外佣)；2026-2056为队列成分法推算[假设路径]；生育TFR 2023=751→2046=938对齐官方推算[真实数据路径形状]；净迁移总量级对齐官方推算、年龄权重偏劳动年龄[假设]
2030,60-64,劳动年龄15-64,女,322934.0,32.2934,中,混合,[混合] 基准人口锚点=C&SD表110-01001A年中人口(不含外佣)；2026-2056为队列成分法推算[假设路径]；生育TFR 2023=751→2046=938对齐官方推算[真实数据路径形状]；净迁移总量级对齐官方推算、年龄权重偏劳动年龄[假设]
2030,65-69,退休65+,女,331624.6,33.1625,中,混合,[混合] 基准人口锚点=C&SD表110-01001A年中人口(不含外佣)；2026-2056为队列成分法推算[假设路径]；生育TFR 2023=751→2046=938对齐官方推算[真实数据路径形状]；净迁移总量级对齐官方推算、年龄权重偏劳动年龄[假设]
2030,70-74,退休65+,女,291875.7,29.1876,中,混合,[混合] 基准人口锚点=C&SD表110-01001A年中人口(不含外佣)；2026-2056为队列成分法推算[假设路径]；生育TFR 2023=751→2046=938对齐官方推算[真实数据路径形状]；净迁移总量级对齐官方推算、年龄权重偏劳动年龄[假设]
2030,75-79,退休65+,女,227539.8,22.754,中,混合,[混合] 基准人口锚点=C&SD表110-01001A年中人口(不含外佣)；2026-2056为队列成分法推算[假设路径]；生育TFR 2023=751→2046=938对齐官方推算[真实数据路径形状]；净迁移总量级对齐官方推算、年龄权重偏劳动年龄[假设]
2030,80-84,退休65+,女,152902.3,15.2902,中,混合,[混合] 基准人口锚点=C&SD表110-01001A年中人口(不含外佣)；2026-2056为队列成分法推算[假设路径]；生育TFR 2023=751→2046=938对齐官方推算[真实数据路径形状]；净迁移总量级对齐官方推算、年龄权重偏劳动年龄[假设]
2030,85+,退休65+,女,165813.5,16.5814,中,混合,[混合] 基准人口锚点=C&SD表110-01001A年中人口(不含外佣)；2026-2056为队列成分法推算[假设路径]；生育TFR 2023=751→2046=938对齐官方推算[真实数据路径形状]；净迁移总量级对齐官方推算、年龄权重偏劳动年龄[假设]
2030,0-4,少儿0-14,男,85610.6,8.5611,中,混合,[混合] 基准人口锚点=C&SD表110-01001A年中人口(不含外佣)；2026-2056为队列成分法推算[假设路径]；生育TFR 2023=751→2046=938对齐官方推算[真实数据路径形状]；净迁移总量级对齐官方推算、年龄权重偏劳动年龄[假设]
2030,10-14,少儿0-14,男,132025.8,13.2026,中,混合,[混合] 基准人口锚点=C&SD表110-01001A年中人口(不含外佣)；2026-2056为队列成分法推算[假设路径]；生育TFR 2023=751→2046=938对齐官方推算[真实数据路径形状]；净迁移总量级对齐官方推算、年龄权重偏劳动年龄[假设]
2030,15-19,劳动年龄15-64,男,157503.7,15.7504,中,混合,[混合] 基准人口锚点=C&SD表110-01001A年中人口(不含外佣)；2026-2056为队列成分法推算[假设路径]；生育TFR 2023=751→2046=938对齐官方推算[真实数据路径形状]；净迁移总量级对齐官方推算、年龄权重偏劳动年龄[假设]
2030,20-24,劳动年龄15-64,男,159296.7,15.9297,中,混合,[混合] 基准人口锚点=C&SD表110-01001A年中人口(不含外佣)；2026-2056为队列成分法推算[假设路径]；生育TFR 2023=751→2046=938对齐官方推算[真实数据路径形状]；净迁移总量级对齐官方推算、年龄权重偏劳动年龄[假设]
2030,25-29,劳动年龄15-64,男,164629.5,16.4629,中,混合,[混合] 基准人口锚点=C&SD表110-01001A年中人口(不含外佣)；2026-2056为队列成分法推算[假设路径]；生育TFR 2023=751→2046=938对齐官方推算[真实数据路径形状]；净迁移总量级对齐官方推算、年龄权重偏劳动年龄[假设]
2030,30-34,劳动年龄15-64,男,202144.8,20.2145,中,混合,[混合] 基准人口锚点=C&SD表110-01001A年中人口(不含外佣)；2026-2056为队列成分法推算[假设路径]；生育TFR 2023=751→2046=938对齐官方推算[真实数据路径形状]；净迁移总量级对齐官方推算、年龄权重偏劳动年龄[假设]
2030,35-39,劳动年龄15-64,男,239103.0,23.9103,中,混合,[混合] 基准人口锚点=C&SD表110-01001A年中人口(不含外佣)；2026-2056为队列成分法推算[假设路径]；生育TFR 2023=751→2046=938对齐官方推算[真实数据路径形状]；净迁移总量级对齐官方推算、年龄权重偏劳动年龄[假设]
2030,40-44,劳动年龄15-64,男,248600.4,24.86,中,混合,[混合] 基准人口锚点=C&SD表110-01001A年中人口(不含外佣)；2026-2056为队列成分法推算[假设路径]；生育TFR 2023=751→2046=938对齐官方推算[真实数据路径形状]；净迁移总量级对齐官方推算、年龄权重偏劳动年龄[假设]
2030,45-49,劳动年龄15-64,男,246567.1,24.6567,中,混合,[混合] 基准人口锚点=C&SD表110-01001A年中人口(不含外佣)；2026-2056为队列成分法推算[假设路径]；生育TFR 2023=751→2046=938对齐官方推算[真实数据路径形状]；净迁移总量级对齐官方推算、年龄权重偏劳动年龄[假设]
2030,5-9,少儿0-14,男,94159.3,9.4159,中,混合,[混合] 基准人口锚点=C&SD表110-01001A年中人口(不含外佣)；2026-2056为队列成分法推算[假设路径]；生育TFR 2023=751→2046=938对齐官方推算[真实数据路径形状]；净迁移总量级对齐官方推算、年龄权重偏劳动年龄[假设]
2030,50-54,劳动年龄15-64,男,240789.3,24.0789,中,混合,[混合] 基准人口锚点=C&SD表110-01001A年中人口(不含外佣)；2026-2056为队列成分法推算[假设路径]；生育TFR 2023=751→2046=938对齐官方推算[真实数据路径形状]；净迁移总量级对齐官方推算、年龄权重偏劳动年龄[假设]
2030,55-59,劳动年龄15-64,男,246620.6,24.6621,中,混合,[混合] 基准人口锚点=C&SD表110-01001A年中人口(不含外佣)；2026-2056为队列成分法推算[假设路径]；生育TFR 2023=751→2046=938对齐官方推算[真实数据路径形状]；净迁移总量级对齐官方推算、年龄权重偏劳动年龄[假设]
2030,60-64,劳动年龄15-64,男,251758.5,25.1759,中,混合,[混合] 基准人口锚点=C&SD表110-01001A年中人口(不含外佣)；2026-2056为队列成分法推算[假设路径]；生育TFR 2023=751→2046=938对齐官方推算[真实数据路径形状]；净迁移总量级对齐官方推算、年龄权重偏劳动年龄[假设]
2030,65-69,退休65+,男,276960.8,27.6961,中,混合,[混合] 基准人口锚点=C&SD表110-01001A年中人口(不含外佣)；2026-2056为队列成分法推算[假设路径]；生育TFR 2023=751→2046=938对齐官方推算[真实数据路径形状]；净迁移总量级对齐官方推算、年龄权重偏劳动年龄[假设]
2030,70-74,退休65+,男,265625.8,26.5626,中,混合,[混合] 基准人口锚点=C&SD表110-01001A年中人口(不含外佣)；2026-2056为队列成分法推算[假设路径]；生育TFR 2023=751→2046=938对齐官方推算[真实数据路径形状]；净迁移总量级对齐官方推算、年龄权重偏劳动年龄[假设]
2030,75-79,退休65+,男,198670.5,19.867,中,混合,[混合] 基准人口锚点=C&SD表110-01001A年中人口(不含外佣)；2026-2056为队列成分法推算[假设路径]；生育TFR 2023=751→2046=938对齐官方推算[真实数据路径形状]；净迁移总量级对齐官方推算、年龄权重偏劳动年龄[假设]
2030,80-84,退休65+,男,128660.9,12.8661,中,混合,[混合] 基准人口锚点=C&SD表110-01001A年中人口(不含外佣)；2026-2056为队列成分法推算[假设路径]；生育TFR 2023=751→2046=938对齐官方推算[真实数据路径形状]；净迁移总量级对齐官方推算、年龄权重偏劳动年龄[假设]
2030,85+,退休65+,男,114075.8,11.4076,中,混合,[混合] 基准人口锚点=C&SD表110-01001A年中人口(不含外佣)；2026-2056为队列成分法推算[假设路径]；生育TFR 2023=751→2046=938对齐官方推算[真实数据路径形状]；净迁移总量级对齐官方推算、年龄权重偏劳动年龄[假设]
2031,0-4,少儿0-14,女,81020.0,8.102,中,混合,[混合] 基准人口锚点=C&SD表110-01001A年中人口(不含外佣)；2026-2056为队列成分法推算[假设路径]；生育TFR 2023=751→2046=938对齐官方推算[真实数据路径形状]；净迁移总量级对齐官方推算、年龄权重偏劳动年龄[假设]
2031,10-14,少儿0-14,女,119210.3,11.921,中,混合,[混合] 基准人口锚点=C&SD表110-01001A年中人口(不含外佣)；2026-2056为队列成分法推算[假设路径]；生育TFR 2023=751→2046=938对齐官方推算[真实数据路径形状]；净迁移总量级对齐官方推算、年龄权重偏劳动年龄[假设]
2031,15-19,劳动年龄15-64,女,148504.5,14.8505,中,混合,[混合] 基准人口锚点=C&SD表110-01001A年中人口(不含外佣)；2026-2056为队列成分法推算[假设路径]；生育TFR 2023=751→2046=938对齐官方推算[真实数据路径形状]；净迁移总量级对齐官方推算、年龄权重偏劳动年龄[假设]
2031,20-24,劳动年龄15-64,女,153267.3,15.3267,中,混合,[混合] 基准人口锚点=C&SD表110-01001A年中人口(不含外佣)；2026-2056为队列成分法推算[假设路径]；生育TFR 2023=751→2046=938对齐官方推算[真实数据路径形状]；净迁移总量级对齐官方推算、年龄权重偏劳动年龄[假设]
2031,25-29,劳动年龄15-64,女,159120.7,15.9121,中,混合,[混合] 基准人口锚点=C&SD表110-01001A年中人口(不含外佣)；2026-2056为队列成分法推算[假设路径]；生育TFR 2023=751→2046=938对齐官方推算[真实数据路径形状]；净迁移总量级对齐官方推算、年龄权重偏劳动年龄[假设]
2031,30-34,劳动年龄15-64,女,186760.4,18.676,中,混合,[混合] 基准人口锚点=C&SD表110-01001A年中人口(不含外佣)；2026-2056为队列成分法推算[假设路径]；生育TFR 2023=751→2046=938对齐官方推算[真实数据路径形状]；净迁移总量级对齐官方推算、年龄权重偏劳动年龄[假设]
2031,35-39,劳动年龄15-64,女,235796.4,23.5796,中,混合,[混合] 基准人口锚点=C&SD表110-01001A年中人口(不含外佣)；2026-2056为队列成分法推算[假设路径]；生育TFR 2023=751→2046=938对齐官方推算[真实数据路径形状]；净迁移总量级对齐官方推算、年龄权重偏劳动年龄[假设]
2031,40-44,劳动年龄15-64,女,259837.9,25.9838,中,混合,[混合] 基准人口锚点=C&SD表110-01001A年中人口(不含外佣)；2026-2056为队列成分法推算[假设路径]；生育TFR 2023=751→2046=938对齐官方推算[真实数据路径形状]；净迁移总量级对齐官方推算、年龄权重偏劳动年龄[假设]
2031,45-49,劳动年龄15-64,女,284033.6,28.4034,中,混合,[混合] 基准人口锚点=C&SD表110-01001A年中人口(不含外佣)；2026-2056为队列成分法推算[假设路径]；生育TFR 2023=751→2046=938对齐官方推算[真实数据路径形状]；净迁移总量级对齐官方推算、年龄权重偏劳动年龄[假设]
2031,5-9,少儿0-14,女,80286.9,8.0287,中,混合,[混合] 基准人口锚点=C&SD表110-01001A年中人口(不含外佣)；2026-2056为队列成分法推算[假设路径]；生育TFR 2023=751→2046=938对齐官方推算[真实数据路径形状]；净迁移总量级对齐官方推算、年龄权重偏劳动年龄[假设]
2031,50-54,劳动年龄15-64,女,296387.7,29.6388,中,混合,[混合] 基准人口锚点=C&SD表110-01001A年中人口(不含外佣)；2026-2056为队列成分法推算[假设路径]；生育TFR 2023=751→2046=938对齐官方推算[真实数据路径形状]；净迁移总量级对齐官方推算、年龄权重偏劳动年龄[假设]
2031,55-59,劳动年龄15-64,女,313973.1,31.3973,中,混合,[混合] 基准人口锚点=C&SD表110-01001A年中人口(不含外佣)；2026-2056为队列成分法推算[假设路径]；生育TFR 2023=751→2046=938对齐官方推算[真实数据路径形状]；净迁移总量级对齐官方推算、年龄权重偏劳动年龄[假设]
2031,60-64,劳动年龄15-64,女,319226.2,31.9226,中,混合,[混合] 基准人口锚点=C&SD表110-01001A年中人口(不含外佣)；2026-2056为队列成分法推算[假设路径]；生育TFR 2023=751→2046=938对齐官方推算[真实数据路径形状]；净迁移总量级对齐官方推算、年龄权重偏劳动年龄[假设]
2031,65-69,退休65+,女,337921.3,33.7921,中,混合,[混合] 基准人口锚点=C&SD表110-01001A年中人口(不含外佣)；2026-2056为队列成分法推算[假设路径]；生育TFR 2023=751→2046=938对齐官方推算[真实数据路径形状]；净迁移总量级对齐官方推算、年龄权重偏劳动年龄[假设]
2031,70-74,退休65+,女,302824.7,30.2825,中,混合,[混合] 基准人口锚点=C&SD表110-01001A年中人口(不含外佣)；2026-2056为队列成分法推算[假设路径]；生育TFR 2023=751→2046=938对齐官方推算[真实数据路径形状]；净迁移总量级对齐官方推算、年龄权重偏劳动年龄[假设]
2031,75-79,退休65+,女,238812.8,23.8813,中,混合,[混合] 基准人口锚点=C&SD表110-01001A年中人口(不含外佣)；2026-2056为队列成分法推算[假设路径]；生育TFR 2023=751→2046=938对齐官方推算[真实数据路径形状]；净迁移总量级对齐官方推算、年龄权重偏劳动年龄[假设]
2031,80-84,退休65+,女,167745.1,16.7745,中,混合,[混合] 基准人口锚点=C&SD表110-01001A年中人口(不含外佣)；2026-2056为队列成分法推算[假设路径]；生育TFR 2023=751→2046=938对齐官方推算[真实数据路径形状]；净迁移总量级对齐官方推算、年龄权重偏劳动年龄[假设]
2031,85+,退休65+,女,169355.0,16.9355,中,混合,[混合] 基准人口锚点=C&SD表110-01001A年中人口(不含外佣)；2026-2056为队列成分法推算[假设路径]；生育TFR 2023=751→2046=938对齐官方推算[真实数据路径形状]；净迁移总量级对齐官方推算、年龄权重偏劳动年龄[假设]
2031,0-4,少儿0-14,男,85516.1,8.5516,中,混合,[混合] 基准人口锚点=C&SD表110-01001A年中人口(不含外佣)；2026-2056为队列成分法推算[假设路径]；生育TFR 2023=751→2046=938对齐官方推算[真实数据路径形状]；净迁移总量级对齐官方推算、年龄权重偏劳动年龄[假设]
2031,10-14,少儿0-14,男,127731.8,12.7732,中,混合,[混合] 基准人口锚点=C&SD表110-01001A年中人口(不含外佣)；2026-2056为队列成分法推算[假设路径]；生育TFR 2023=751→2046=938对齐官方推算[真实数据路径形状]；净迁移总量级对齐官方推算、年龄权重偏劳动年龄[假设]
2031,15-19,劳动年龄15-64,男,158787.7,15.8788,中,混合,[混合] 基准人口锚点=C&SD表110-01001A年中人口(不含外佣)；2026-2056为队列成分法推算[假设路径]；生育TFR 2023=751→2046=938对齐官方推算[真实数据路径形状]；净迁移总量级对齐官方推算、年龄权重偏劳动年龄[假设]
2031,20-24,劳动年龄15-64,男,162590.0,16.259,中,混合,[混合] 基准人口锚点=C&SD表110-01001A年中人口(不含外佣)；2026-2056为队列成分法推算[假设路径]；生育TFR 2023=751→2046=938对齐官方推算[真实数据路径形状]；净迁移总量级对齐官方推算、年龄权重偏劳动年龄[假设]
2031,25-29,劳动年龄15-64,男,160220.3,16.022,中,混合,[混合] 基准人口锚点=C&SD表110-01001A年中人口(不含外佣)；2026-2056为队列成分法推算[假设路径]；生育TFR 2023=751→2046=938对齐官方推算[真实数据路径形状]；净迁移总量级对齐官方推算、年龄权重偏劳动年龄[假设]
2031,30-34,劳动年龄15-64,男,196236.6,19.6237,中,混合,[混合] 基准人口锚点=C&SD表110-01001A年中人口(不含外佣)；2026-2056为队列成分法推算[假设路径]；生育TFR 2023=751→2046=938对齐官方推算[真实数据路径形状]；净迁移总量级对齐官方推算、年龄权重偏劳动年龄[假设]
2031,35-39,劳动年龄15-64,男,239561.1,23.9561,中,混合,[混合] 基准人口锚点=C&SD表110-01001A年中人口(不含外佣)；2026-2056为队列成分法推算[假设路径]；生育TFR 2023=751→2046=938对齐官方推算[真实数据路径形状]；净迁移总量级对齐官方推算、年龄权重偏劳动年龄[假设]
2031,40-44,劳动年龄15-64,男,250626.7,25.0627,中,混合,[混合] 基准人口锚点=C&SD表110-01001A年中人口(不含外佣)；2026-2056为队列成分法推算[假设路径]；生育TFR 2023=751→2046=938对齐官方推算[真实数据路径形状]；净迁移总量级对齐官方推算、年龄权重偏劳动年龄[假设]
2031,45-49,劳动年龄15-64,男,250241.1,25.0241,中,混合,[混合] 基准人口锚点=C&SD表110-01001A年中人口(不含外佣)；2026-2056为队列成分法推算[假设路径]；生育TFR 2023=751→2046=938对齐官方推算[真实数据路径形状]；净迁移总量级对齐官方推算、年龄权重偏劳动年龄[假设]
2031,5-9,少儿0-14,男,86630.1,8.663,中,混合,[混合] 基准人口锚点=C&SD表110-01001A年中人口(不含外佣)；2026-2056为队列成分法推算[假设路径]；生育TFR 2023=751→2046=938对齐官方推算[真实数据路径形状]；净迁移总量级对齐官方推算、年龄权重偏劳动年龄[假设]
2031,50-54,劳动年龄15-64,男,240316.1,24.0316,中,混合,[混合] 基准人口锚点=C&SD表110-01001A年中人口(不含外佣)；2026-2056为队列成分法推算[假设路径]；生育TFR 2023=751→2046=938对齐官方推算[真实数据路径形状]；净迁移总量级对齐官方推算、年龄权重偏劳动年龄[假设]
2031,55-59,劳动年龄15-64,男,247807.6,24.7808,中,混合,[混合] 基准人口锚点=C&SD表110-01001A年中人口(不含外佣)；2026-2056为队列成分法推算[假设路径]；生育TFR 2023=751→2046=938对齐官方推算[真实数据路径形状]；净迁移总量级对齐官方推算、年龄权重偏劳动年龄[假设]
2031,60-64,劳动年龄15-64,男,245029.3,24.5029,中,混合,[混合] 基准人口锚点=C&SD表110-01001A年中人口(不含外佣)；2026-2056为队列成分法推算[假设路径]；生育TFR 2023=751→2046=938对齐官方推算[真实数据路径形状]；净迁移总量级对齐官方推算、年龄权重偏劳动年龄[假设]
2031,65-69,退休65+,男,274697.3,27.4697,中,混合,[混合] 基准人口锚点=C&SD表110-01001A年中人口(不含外佣)；2026-2056为队列成分法推算[假设路径]；生育TFR 2023=751→2046=938对齐官方推算[真实数据路径形状]；净迁移总量级对齐官方推算、年龄权重偏劳动年龄[假设]
2031,70-74,退休65+,男,275424.8,27.5425,中,混合,[混合] 基准人口锚点=C&SD表110-01001A年中人口(不含外佣)；2026-2056为队列成分法推算[假设路径]；生育TFR 2023=751→2046=938对齐官方推算[真实数据路径形状]；净迁移总量级对齐官方推算、年龄权重偏劳动年龄[假设]
2031,75-79,退休65+,男,207050.1,20.705,中,混合,[混合] 基准人口锚点=C&SD表110-01001A年中人口(不含外佣)；2026-2056为队列成分法推算[假设路径]；生育TFR 2023=751→2046=938对齐官方推算[真实数据路径形状]；净迁移总量级对齐官方推算、年龄权重偏劳动年龄[假设]
2031,80-84,退休65+,男,139576.3,13.9576,中,混合,[混合] 基准人口锚点=C&SD表110-01001A年中人口(不含外佣)；2026-2056为队列成分法推算[假设路径]；生育TFR 2023=751→2046=938对齐官方推算[真实数据路径形状]；净迁移总量级对齐官方推算、年龄权重偏劳动年龄[假设]
2031,85+,退休65+,男,116392.4,11.6392,中,混合,[混合] 基准人口锚点=C&SD表110-01001A年中人口(不含外佣)；2026-2056为队列成分法推算[假设路径]；生育TFR 2023=751→2046=938对齐官方推算[真实数据路径形状]；净迁移总量级对齐官方推算、年龄权重偏劳动年龄[假设]
2032,0-4,少儿0-14,女,80379.8,8.038,中,混合,[混合] 基准人口锚点=C&SD表110-01001A年中人口(不含外佣)；2026-2056为队列成分法推算[假设路径]；生育TFR 2023=751→2046=938对齐官方推算[真实数据路径形状]；净迁移总量级对齐官方推算、年龄权重偏劳动年龄[假设]
2032,10-14,少儿0-14,女,112227.6,11.2228,中,混合,[混合] 基准人口锚点=C&SD表110-01001A年中人口(不含外佣)；2026-2056为队列成分法推算[假设路径]；生育TFR 2023=751→2046=938对齐官方推算[真实数据路径形状]；净迁移总量级对齐官方推算、年龄权重偏劳动年龄[假设]
2032,15-19,劳动年龄15-64,女,145041.6,14.5042,中,混合,[混合] 基准人口锚点=C&SD表110-01001A年中人口(不含外佣)；2026-2056为队列成分法推算[假设路径]；生育TFR 2023=751→2046=938对齐官方推算[真实数据路径形状]；净迁移总量级对齐官方推算、年龄权重偏劳动年龄[假设]
2032,20-24,劳动年龄15-64,女,156340.2,15.634,中,混合,[混合] 基准人口锚点=C&SD表110-01001A年中人口(不含外佣)；2026-2056为队列成分法推算[假设路径]；生育TFR 2023=751→2046=938对齐官方推算[真实数据路径形状]；净迁移总量级对齐官方推算、年龄权重偏劳动年龄[假设]
2032,25-29,劳动年龄15-64,女,161142.6,16.1143,中,混合,[混合] 基准人口锚点=C&SD表110-01001A年中人口(不含外佣)；2026-2056为队列成分法推算[假设路径]；生育TFR 2023=751→2046=938对齐官方推算[真实数据路径形状]；净迁移总量级对齐官方推算、年龄权重偏劳动年龄[假设]
2032,30-34,劳动年龄15-64,女,184419.4,18.4419,中,混合,[混合] 基准人口锚点=C&SD表110-01001A年中人口(不含外佣)；2026-2056为队列成分法推算[假设路径]；生育TFR 2023=751→2046=938对齐官方推算[真实数据路径形状]；净迁移总量级对齐官方推算、年龄权重偏劳动年龄[假设]
2032,35-39,劳动年龄15-64,女,229138.8,22.9139,中,混合,[混合] 基准人口锚点=C&SD表110-01001A年中人口(不含外佣)；2026-2056为队列成分法推算[假设路径]；生育TFR 2023=751→2046=938对齐官方推算[真实数据路径形状]；净迁移总量级对齐官方推算、年龄权重偏劳动年龄[假设]
2032,40-44,劳动年龄15-64,女,258145.2,25.8145,中,混合,[混合] 基准人口锚点=C&SD表110-01001A年中人口(不含外佣)；2026-2056为队列成分法推算[假设路径]；生育TFR 2023=751→2046=938对齐官方推算[真实数据路径形状]；净迁移总量级对齐官方推算、年龄权重偏劳动年龄[假设]
2032,45-49,劳动年龄15-64,女,281429.4,28.1429,中,混合,[混合] 基准人口锚点=C&SD表110-01001A年中人口(不含外佣)；2026-2056为队列成分法推算[假设路径]；生育TFR 2023=751→2046=938对齐官方推算[真实数据路径形状]；净迁移总量级对齐官方推算、年龄权重偏劳动年龄[假设]
2032,5-9,少儿0-14,女,81790.5,8.1791,中,混合,[混合] 基准人口锚点=C&SD表110-01001A年中人口(不含外佣)；2026-2056为队列成分法推算[假设路径]；生育TFR 2023=751→2046=938对齐官方推算[真实数据路径形状]；净迁移总量级对齐官方推算、年龄权重偏劳动年龄[假设]
2032,50-54,劳动年龄15-64,女,295136.7,29.5137,中,混合,[混合] 基准人口锚点=C&SD表110-01001A年中人口(不含外佣)；2026-2056为队列成分法推算[假设路径]；生育TFR 2023=751→2046=938对齐官方推算[真实数据路径形状]；净迁移总量级对齐官方推算、年龄权重偏劳动年龄[假设]
2032,55-59,劳动年龄15-64,女,311856.5,31.1856,中,混合,[混合] 基准人口锚点=C&SD表110-01001A年中人口(不含外佣)；2026-2056为队列成分法推算[假设路径]；生育TFR 2023=751→2046=938对齐官方推算[真实数据路径形状]；净迁移总量级对齐官方推算、年龄权重偏劳动年龄[假设]
2032,60-64,劳动年龄15-64,女,319238.0,31.9238,中,混合,[混合] 基准人口锚点=C&SD表110-01001A年中人口(不含外佣)；2026-2056为队列成分法推算[假设路径]；生育TFR 2023=751→2046=938对齐官方推算[真实数据路径形状]；净迁移总量级对齐官方推算、年龄权重偏劳动年龄[假设]
2032,65-69,退休65+,女,333788.9,33.3789,中,混合,[混合] 基准人口锚点=C&SD表110-01001A年中人口(不含外佣)；2026-2056为队列成分法推算[假设路径]；生育TFR 2023=751→2046=938对齐官方推算[真实数据路径形状]；净迁移总量级对齐官方推算、年龄权重偏劳动年龄[假设]
2032,70-74,退休65+,女,307945.2,30.7945,中,混合,[混合] 基准人口锚点=C&SD表110-01001A年中人口(不含外佣)；2026-2056为队列成分法推算[假设路径]；生育TFR 2023=751→2046=938对齐官方推算[真实数据路径形状]；净迁移总量级对齐官方推算、年龄权重偏劳动年龄[假设]
2032,75-79,退休65+,女,249346.5,24.9347,中,混合,[混合] 基准人口锚点=C&SD表110-01001A年中人口(不含外佣)；2026-2056为队列成分法推算[假设路径]；生育TFR 2023=751→2046=938对齐官方推算[真实数据路径形状]；净迁移总量级对齐官方推算、年龄权重偏劳动年龄[假设]
2032,80-84,退休65+,女,178715.4,17.8715,中,混合,[混合] 基准人口锚点=C&SD表110-01001A年中人口(不含外佣)；2026-2056为队列成分法推算[假设路径]；生育TFR 2023=751→2046=938对齐官方推算[真实数据路径形状]；净迁移总量级对齐官方推算、年龄权重偏劳动年龄[假设]
2032,85+,退休65+,女,188436.4,18.8436,中,混合,[混合] 基准人口锚点=C&SD表110-01001A年中人口(不含外佣)；2026-2056为队列成分法推算[假设路径]；生育TFR 2023=751→2046=938对齐官方推算[真实数据路径形状]；净迁移总量级对齐官方推算、年龄权重偏劳动年龄[假设]
2032,0-4,少儿0-14,男,84825.3,8.4825,中,混合,[混合] 基准人口锚点=C&SD表110-01001A年中人口(不含外佣)；2026-2056为队列成分法推算[假设路径]；生育TFR 2023=751→2046=938对齐官方推算[真实数据路径形状]；净迁移总量级对齐官方推算、年龄权重偏劳动年龄[假设]
2032,10-14,少儿0-14,男,120261.3,12.0261,中,混合,[混合] 基准人口锚点=C&SD表110-01001A年中人口(不含外佣)；2026-2056为队列成分法推算[假设路径]；生育TFR 2023=751→2046=938对齐官方推算[真实数据路径形状]；净迁移总量级对齐官方推算、年龄权重偏劳动年龄[假设]
2032,15-19,劳动年龄15-64,男,154780.6,15.4781,中,混合,[混合] 基准人口锚点=C&SD表110-01001A年中人口(不含外佣)；2026-2056为队列成分法推算[假设路径]；生育TFR 2023=751→2046=938对齐官方推算[真实数据路径形状]；净迁移总量级对齐官方推算、年龄权重偏劳动年龄[假设]
2032,20-24,劳动年龄15-64,男,165521.8,16.5522,中,混合,[混合] 基准人口锚点=C&SD表110-01001A年中人口(不含外佣)；2026-2056为队列成分法推算[假设路径]；生育TFR 2023=751→2046=938对齐官方推算[真实数据路径形状]；净迁移总量级对齐官方推算、年龄权重偏劳动年龄[假设]
2032,25-29,劳动年龄15-64,男,163617.1,16.3617,中,混合,[混合] 基准人口锚点=C&SD表110-01001A年中人口(不含外佣)；2026-2056为队列成分法推算[假设路径]；生育TFR 2023=751→2046=938对齐官方推算[真实数据路径形状]；净迁移总量级对齐官方推算、年龄权重偏劳动年龄[假设]
2032,30-34,劳动年龄15-64,男,191922.7,19.1923,中,混合,[混合] 基准人口锚点=C&SD表110-01001A年中人口(不含外佣)；2026-2056为队列成分法推算[假设路径]；生育TFR 2023=751→2046=938对齐官方推算[真实数据路径形状]；净迁移总量级对齐官方推算、年龄权重偏劳动年龄[假设]
2032,35-39,劳动年龄15-64,男,233725.1,23.3725,中,混合,[混合] 基准人口锚点=C&SD表110-01001A年中人口(不含外佣)；2026-2056为队列成分法推算[假设路径]；生育TFR 2023=751→2046=938对齐官方推算[真实数据路径形状]；净迁移总量级对齐官方推算、年龄权重偏劳动年龄[假设]
2032,40-44,劳动年龄15-64,男,251178.6,25.1179,中,混合,[混合] 基准人口锚点=C&SD表110-01001A年中人口(不含外佣)；2026-2056为队列成分法推算[假设路径]；生育TFR 2023=751→2046=938对齐官方推算[真实数据路径形状]；净迁移总量级对齐官方推算、年龄权重偏劳动年龄[假设]
2032,45-49,劳动年龄15-64,男,252159.5,25.2159,中,混合,[混合] 基准人口锚点=C&SD表110-01001A年中人口(不含外佣)；2026-2056为队列成分法推算[假设路径]；生育TFR 2023=751→2046=938对齐官方推算[真实数据路径形状]；净迁移总量级对齐官方推算、年龄权重偏劳动年龄[假设]
2032,5-9,少儿0-14,男,87671.8,8.7672,中,混合,[混合] 基准人口锚点=C&SD表110-01001A年中人口(不含外佣)；2026-2056为队列成分法推算[假设路径]；生育TFR 2023=751→2046=938对齐官方推算[真实数据路径形状]；净迁移总量级对齐官方推算、年龄权重偏劳动年龄[假设]
2032,50-54,劳动年龄15-64,男,243156.5,24.3157,中,混合,[混合] 基准人口锚点=C&SD表110-01001A年中人口(不含外佣)；2026-2056为队列成分法推算[假设路径]；生育TFR 2023=751→2046=938对齐官方推算[真实数据路径形状]；净迁移总量级对齐官方推算、年龄权重偏劳动年龄[假设]
2032,55-59,劳动年龄15-64,男,247181.4,24.7181,中,混合,[混合] 基准人口锚点=C&SD表110-01001A年中人口(不含外佣)；2026-2056为队列成分法推算[假设路径]；生育TFR 2023=751→2046=938对齐官方推算[真实数据路径形状]；净迁移总量级对齐官方推算、年龄权重偏劳动年龄[假设]
2032,60-64,劳动年龄15-64,男,246009.8,24.601,中,混合,[混合] 基准人口锚点=C&SD表110-01001A年中人口(不含外佣)；2026-2056为队列成分法推算[假设路径]；生育TFR 2023=751→2046=938对齐官方推算[真实数据路径形状]；净迁移总量级对齐官方推算、年龄权重偏劳动年龄[假设]
2032,65-69,退休65+,男,267404.1,26.7404,中,混合,[混合] 基准人口锚点=C&SD表110-01001A年中人口(不含外佣)；2026-2056为队列成分法推算[假设路径]；生育TFR 2023=751→2046=938对齐官方推算[真实数据路径形状]；净迁移总量级对齐官方推算、年龄权重偏劳动年龄[假设]
2032,70-74,退休65+,男,271507.2,27.1507,中,混合,[混合] 基准人口锚点=C&SD表110-01001A年中人口(不含外佣)；2026-2056为队列成分法推算[假设路径]；生育TFR 2023=751→2046=938对齐官方推算[真实数据路径形状]；净迁移总量级对齐官方推算、年龄权重偏劳动年龄[假设]
2032,75-79,退休65+,男,216372.5,21.6373,中,混合,[混合] 基准人口锚点=C&SD表110-01001A年中人口(不含外佣)；2026-2056为队列成分法推算[假设路径]；生育TFR 2023=751→2046=938对齐官方推算[真实数据路径形状]；净迁移总量级对齐官方推算、年龄权重偏劳动年龄[假设]
2032,80-84,退休65+,男,147697.2,14.7697,中,混合,[混合] 基准人口锚点=C&SD表110-01001A年中人口(不含外佣)；2026-2056为队列成分法推算[假设路径]；生育TFR 2023=751→2046=938对齐官方推算[真实数据路径形状]；净迁移总量级对齐官方推算、年龄权重偏劳动年龄[假设]
2032,85+,退休65+,男,131303.8,13.1304,中,混合,[混合] 基准人口锚点=C&SD表110-01001A年中人口(不含外佣)；2026-2056为队列成分法推算[假设路径]；生育TFR 2023=751→2046=938对齐官方推算[真实数据路径形状]；净迁移总量级对齐官方推算、年龄权重偏劳动年龄[假设]
2033,0-4,少儿0-14,女,79884.0,7.9884,中,混合,[混合] 基准人口锚点=C&SD表110-01001A年中人口(不含外佣)；2026-2056为队列成分法推算[假设路径]；生育TFR 2023=751→2046=938对齐官方推算[真实数据路径形状]；净迁移总量级对齐官方推算、年龄权重偏劳动年龄[假设]
2033,10-14,少儿0-14,女,105274.9,10.5275,中,混合,[混合] 基准人口锚点=C&SD表110-01001A年中人口(不含外佣)；2026-2056为队列成分法推算[假设路径]；生育TFR 2023=751→2046=938对齐官方推算[真实数据路径形状]；净迁移总量级对齐官方推算、年龄权重偏劳动年龄[假设]
2033,15-19,劳动年龄15-64,女,141610.7,14.1611,中,混合,[混合] 基准人口锚点=C&SD表110-01001A年中人口(不含外佣)；2026-2056为队列成分法推算[假设路径]；生育TFR 2023=751→2046=938对齐官方推算[真实数据路径形状]；净迁移总量级对齐官方推算、年龄权重偏劳动年龄[假设]
2033,20-24,劳动年龄15-64,女,159147.5,15.9147,中,混合,[混合] 基准人口锚点=C&SD表110-01001A年中人口(不含外佣)；2026-2056为队列成分法推算[假设路径]；生育TFR 2023=751→2046=938对齐官方推算[真实数据路径形状]；净迁移总量级对齐官方推算、年龄权重偏劳动年龄[假设]
2033,25-29,劳动年龄15-64,女,163292.3,16.3292,中,混合,[混合] 基准人口锚点=C&SD表110-01001A年中人口(不含外佣)；2026-2056为队列成分法推算[假设路径]；生育TFR 2023=751→2046=938对齐官方推算[真实数据路径形状]；净迁移总量级对齐官方推算、年龄权重偏劳动年龄[假设]
2033,30-34,劳动年龄15-64,女,182205.5,18.2205,中,混合,[混合] 基准人口锚点=C&SD表110-01001A年中人口(不含外佣)；2026-2056为队列成分法推算[假设路径]；生育TFR 2023=751→2046=938对齐官方推算[真实数据路径形状]；净迁移总量级对齐官方推算、年龄权重偏劳动年龄[假设]
2033,35-39,劳动年龄15-64,女,222615.4,22.2615,中,混合,[混合] 基准人口锚点=C&SD表110-01001A年中人口(不含外佣)；2026-2056为队列成分法推算[假设路径]；生育TFR 2023=751→2046=938对齐官方推算[真实数据路径形状]；净迁移总量级对齐官方推算、年龄权重偏劳动年龄[假设]
2033,40-44,劳动年龄15-64,女,256585.4,25.6585,中,混合,[混合] 基准人口锚点=C&SD表110-01001A年中人口(不含外佣)；2026-2056为队列成分法推算[假设路径]；生育TFR 2023=751→2046=938对齐官方推算[真实数据路径形状]；净迁移总量级对齐官方推算、年龄权重偏劳动年龄[假设]
2033,45-49,劳动年龄15-64,女,278962.5,27.8962,中,混合,[混合] 基准人口锚点=C&SD表110-01001A年中人口(不含外佣)；2026-2056为队列成分法推算[假设路径]；生育TFR 2023=751→2046=938对齐官方推算[真实数据路径形状]；净迁移总量级对齐官方推算、年龄权重偏劳动年龄[假设]
2033,5-9,少儿0-14,女,83045.4,8.3045,中,混合,[混合] 基准人口锚点=C&SD表110-01001A年中人口(不含外佣)；2026-2056为队列成分法推算[假设路径]；生育TFR 2023=751→2046=938对齐官方推算[真实数据路径形状]；净迁移总量级对齐官方推算、年龄权重偏劳动年龄[假设]
2033,50-54,劳动年龄15-64,女,294193.1,29.4193,中,混合,[混合] 基准人口锚点=C&SD表110-01001A年中人口(不含外佣)；2026-2056为队列成分法推算[假设路径]；生育TFR 2023=751→2046=938对齐官方推算[真实数据路径形状]；净迁移总量级对齐官方推算、年龄权重偏劳动年龄[假设]
2033,55-59,劳动年龄15-64,女,309867.7,30.9868,中,混合,[混合] 基准人口锚点=C&SD表110-01001A年中人口(不含外佣)；2026-2056为队列成分法推算[假设路径]；生育TFR 2023=751→2046=938对齐官方推算[真实数据路径形状]；净迁移总量级对齐官方推算、年龄权重偏劳动年龄[假设]
2033,60-64,劳动年龄15-64,女,319387.3,31.9387,中,混合,[混合] 基准人口锚点=C&SD表110-01001A年中人口(不含外佣)；2026-2056为队列成分法推算[假设路径]；生育TFR 2023=751→2046=938对齐官方推算[真实数据路径形状]；净迁移总量级对齐官方推算、年龄权重偏劳动年龄[假设]
2033,65-69,退休65+,女,329853.6,32.9854,中,混合,[混合] 基准人口锚点=C&SD表110-01001A年中人口(不含外佣)；2026-2056为队列成分法推算[假设路径]；生育TFR 2023=751→2046=938对齐官方推算[真实数据路径形状]；净迁移总量级对齐官方推算、年龄权重偏劳动年龄[假设]
2033,70-74,退休65+,女,313340.9,31.3341,中,混合,[混合] 基准人口锚点=C&SD表110-01001A年中人口(不含外佣)；2026-2056为队列成分法推算[假设路径]；生育TFR 2023=751→2046=938对齐官方推算[真实数据路径形状]；净迁移总量级对齐官方推算、年龄权重偏劳动年龄[假设]
2033,75-79,退休65+,女,259879.0,25.9879,中,混合,[混合] 基准人口锚点=C&SD表110-01001A年中人口(不含外佣)；2026-2056为队列成分法推算[假设路径]；生育TFR 2023=751→2046=938对齐官方推算[真实数据路径形状]；净迁移总量级对齐官方推算、年龄权重偏劳动年龄[假设]
2033,80-84,退休65+,女,189476.5,18.9476,中,混合,[混合] 基准人口锚点=C&SD表110-01001A年中人口(不含外佣)；2026-2056为队列成分法推算[假设路径]；生育TFR 2023=751→2046=938对齐官方推算[真实数据路径形状]；净迁移总量级对齐官方推算、年龄权重偏劳动年龄[假设]
2033,85+,退休65+,女,205883.0,20.5883,中,混合,[混合] 基准人口锚点=C&SD表110-01001A年中人口(不含外佣)；2026-2056为队列成分法推算[假设路径]；生育TFR 2023=751→2046=938对齐官方推算[真实数据路径形状]；净迁移总量级对齐官方推算、年龄权重偏劳动年龄[假设]
2033,0-4,少儿0-14,男,84287.6,8.4288,中,混合,[混合] 基准人口锚点=C&SD表110-01001A年中人口(不含外佣)；2026-2056为队列成分法推算[假设路径]；生育TFR 2023=751→2046=938对齐官方推算[真实数据路径形状]；净迁移总量级对齐官方推算、年龄权重偏劳动年龄[假设]
2033,10-14,少儿0-14,男,112813.1,11.2813,中,混合,[混合] 基准人口锚点=C&SD表110-01001A年中人口(不含外佣)；2026-2056为队列成分法推算[假设路径]；生育TFR 2023=751→2046=938对齐官方推算[真实数据路径形状]；净迁移总量级对齐官方推算、年龄权重偏劳动年龄[假设]
2033,15-19,劳动年龄15-64,男,150803.8,15.0804,中,混合,[混合] 基准人口锚点=C&SD表110-01001A年中人口(不含外佣)；2026-2056为队列成分法推算[假设路径]；生育TFR 2023=751→2046=938对齐官方推算[真实数据路径形状]；净迁移总量级对齐官方推算、年龄权重偏劳动年龄[假设]
2033,20-24,劳动年龄15-64,男,168211.5,16.8211,中,混合,[混合] 基准人口锚点=C&SD表110-01001A年中人口(不含外佣)；2026-2056为队列成分法推算[假设路径]；生育TFR 2023=751→2046=938对齐官方推算[真实数据路径形状]；净迁移总量级对齐官方推算、年龄权重偏劳动年龄[假设]
2033,25-29,劳动年龄15-64,男,167131.4,16.7131,中,混合,[混合] 基准人口锚点=C&SD表110-01001A年中人口(不含外佣)；2026-2056为队列成分法推算[假设路径]；生育TFR 2023=751→2046=938对齐官方推算[真实数据路径形状]；净迁移总量级对齐官方推算、年龄权重偏劳动年龄[假设]
2033,30-34,劳动年龄15-64,男,187733.1,18.7733,中,混合,[混合] 基准人口锚点=C&SD表110-01001A年中人口(不含外佣)；2026-2056为队列成分法推算[假设路径]；生育TFR 2023=751→2046=938对齐官方推算[真实数据路径形状]；净迁移总量级对齐官方推算、年龄权重偏劳动年龄[假设]
2033,35-39,劳动年龄15-64,男,228021.7,22.8022,中,混合,[混合] 基准人口锚点=C&SD表110-01001A年中人口(不含外佣)；2026-2056为队列成分法推算[假设路径]；生育TFR 2023=751→2046=938对齐官方推算[真实数据路径形状]；净迁移总量级对齐官方推算、年龄权重偏劳动年龄[假设]
2033,40-44,劳动年龄15-64,男,251854.2,25.1854,中,混合,[混合] 基准人口锚点=C&SD表110-01001A年中人口(不含外佣)；2026-2056为队列成分法推算[假设路径]；生育TFR 2023=751→2046=938对齐官方推算[真实数据路径形状]；净迁移总量级对齐官方推算、年龄权重偏劳动年龄[假设]
2033,45-49,劳动年龄15-64,男,254218.5,25.4218,中,混合,[混合] 基准人口锚点=C&SD表110-01001A年中人口(不含外佣)；2026-2056为队列成分法推算[假设路径]；生育TFR 2023=751→2046=938对齐官方推算[真实数据路径形状]；净迁移总量级对齐官方推算、年龄权重偏劳动年龄[假设]
2033,5-9,少儿0-14,男,88468.9,8.8469,中,混合,[混合] 基准人口锚点=C&SD表110-01001A年中人口(不含外佣)；2026-2056为队列成分法推算[假设路径]；生育TFR 2023=751→2046=938对齐官方推算[真实数据路径形状]；净迁移总量级对齐官方推算、年龄权重偏劳动年龄[假设]
2033,50-54,劳动年龄15-64,男,246280.1,24.628,中,混合,[混合] 基准人口锚点=C&SD表110-01001A年中人口(不含外佣)；2026-2056为队列成分法推算[假设路径]；生育TFR 2023=751→2046=938对齐官方推算[真实数据路径形状]；净迁移总量级对齐官方推算、年龄权重偏劳动年龄[假设]
2033,55-59,劳动年龄15-64,男,246698.5,24.6699,中,混合,[混合] 基准人口锚点=C&SD表110-01001A年中人口(不含外佣)；2026-2056为队列成分法推算[假设路径]；生育TFR 2023=751→2046=938对齐官方推算[真实数据路径形状]；净迁移总量级对齐官方推算、年龄权重偏劳动年龄[假设]
2033,60-64,劳动年龄15-64,男,247141.8,24.7142,中,混合,[混合] 基准人口锚点=C&SD表110-01001A年中人口(不含外佣)；2026-2056为队列成分法推算[假设路径]；生育TFR 2023=751→2046=938对齐官方推算[真实数据路径形状]；净迁移总量级对齐官方推算、年龄权重偏劳动年龄[假设]
2033,65-69,退休65+,男,260415.9,26.0416,中,混合,[混合] 基准人口锚点=C&SD表110-01001A年中人口(不含外佣)；2026-2056为队列成分法推算[假设路径]；生育TFR 2023=751→2046=938对齐官方推算[真实数据路径形状]；净迁移总量级对齐官方推算、年龄权重偏劳动年龄[假设]
2033,70-74,退休65+,男,268120.3,26.812,中,混合,[混合] 基准人口锚点=C&SD表110-01001A年中人口(不含外佣)；2026-2056为队列成分法推算[假设路径]；生育TFR 2023=751→2046=938对齐官方推算[真实数据路径形状]；净迁移总量级对齐官方推算、年龄权重偏劳动年龄[假设]
2033,75-79,退休65+,男,225624.4,22.5624,中,混合,[混合] 基准人口锚点=C&SD表110-01001A年中人口(不含外佣)；2026-2056为队列成分法推算[假设路径]；生育TFR 2023=751→2046=938对齐官方推算[真实数据路径形状]；净迁移总量级对齐官方推算、年龄权重偏劳动年龄[假设]
2033,80-84,退休65+,男,155488.7,15.5489,中,混合,[混合] 基准人口锚点=C&SD表110-01001A年中人口(不含外佣)；2026-2056为队列成分法推算[假设路径]；生育TFR 2023=751→2046=938对齐官方推算[真实数据路径形状]；净迁移总量级对齐官方推算、年龄权重偏劳动年龄[假设]
2033,85+,退休65+,男,144390.0,14.439,中,混合,[混合] 基准人口锚点=C&SD表110-01001A年中人口(不含外佣)；2026-2056为队列成分法推算[假设路径]；生育TFR 2023=751→2046=938对齐官方推算[真实数据路径形状]；净迁移总量级对齐官方推算、年龄权重偏劳动年龄[假设]
2034,0-4,少儿0-14,女,79535.7,7.9536,中,混合,[混合] 基准人口锚点=C&SD表110-01001A年中人口(不含外佣)；2026-2056为队列成分法推算[假设路径]；生育TFR 2023=751→2046=938对齐官方推算[真实数据路径形状]；净迁移总量级对齐官方推算、年龄权重偏劳动年龄[假设]
2034,10-14,少儿0-14,女,98352.0,9.8352,中,混合,[混合] 基准人口锚点=C&SD表110-01001A年中人口(不含外佣)；2026-2056为队列成分法推算[假设路径]；生育TFR 2023=751→2046=938对齐官方推算[真实数据路径形状]；净迁移总量级对齐官方推算、年龄权重偏劳动年龄[假设]
2034,15-19,劳动年龄15-64,女,138212.0,13.8212,中,混合,[混合] 基准人口锚点=C&SD表110-01001A年中人口(不含外佣)；2026-2056为队列成分法推算[假设路径]；生育TFR 2023=751→2046=938对齐官方推算[真实数据路径形状]；净迁移总量级对齐官方推算、年龄权重偏劳动年龄[假设]
2034,20-24,劳动年龄15-64,女,161670.6,16.1671,中,混合,[混合] 基准人口锚点=C&SD表110-01001A年中人口(不含外佣)；2026-2056为队列成分法推算[假设路径]；生育TFR 2023=751→2046=938对齐官方推算[真实数据路径形状]；净迁移总量级对齐官方推算、年龄权重偏劳动年龄[假设]
2034,25-29,劳动年龄15-64,女,165569.7,16.557,中,混合,[混合] 基准人口锚点=C&SD表110-01001A年中人口(不含外佣)；2026-2056为队列成分法推算[假设路径]；生育TFR 2023=751→2046=938对齐官方推算[真实数据路径形状]；净迁移总量级对齐官方推算、年龄权重偏劳动年龄[假设]
2034,30-34,劳动年龄15-64,女,180118.7,18.0119,中,混合,[混合] 基准人口锚点=C&SD表110-01001A年中人口(不含外佣)；2026-2056为队列成分法推算[假设路径]；生育TFR 2023=751→2046=938对齐官方推算[真实数据路径形状]；净迁移总量级对齐官方推算、年龄权重偏劳动年龄[假设]
2034,35-39,劳动年龄15-64,女,216226.2,21.6226,中,混合,[混合] 基准人口锚点=C&SD表110-01001A年中人口(不含外佣)；2026-2056为队列成分法推算[假设路径]；生育TFR 2023=751→2046=938对齐官方推算[真实数据路径形状]；净迁移总量级对齐官方推算、年龄权重偏劳动年龄[假设]
2034,40-44,劳动年龄15-64,女,255158.6,25.5159,中,混合,[混合] 基准人口锚点=C&SD表110-01001A年中人口(不含外佣)；2026-2056为队列成分法推算[假设路径]；生育TFR 2023=751→2046=938对齐官方推算[真实数据路径形状]；净迁移总量级对齐官方推算、年龄权重偏劳动年龄[假设]
2034,45-49,劳动年龄15-64,女,276632.6,27.6633,中,混合,[混合] 基准人口锚点=C&SD表110-01001A年中人口(不含外佣)；2026-2056为队列成分法推算[假设路径]；生育TFR 2023=751→2046=938对齐官方推算[真实数据路径形状]；净迁移总量级对齐官方推算、年龄权重偏劳动年龄[假设]
2034,5-9,少儿0-14,女,84048.8,8.4049,中,混合,[混合] 基准人口锚点=C&SD表110-01001A年中人口(不含外佣)；2026-2056为队列成分法推算[假设路径]；生育TFR 2023=751→2046=938对齐官方推算[真实数据路径形状]；净迁移总量级对齐官方推算、年龄权重偏劳动年龄[假设]
2034,50-54,劳动年龄15-64,女,293565.3,29.3565,中,混合,[混合] 基准人口锚点=C&SD表110-01001A年中人口(不含外佣)；2026-2056为队列成分法推算[假设路径]；生育TFR 2023=751→2046=938对齐官方推算[真实数据路径形状]；净迁移总量级对齐官方推算、年龄权重偏劳动年龄[假设]
2034,55-59,劳动年龄15-64,女,308005.7,30.8006,中,混合,[混合] 基准人口锚点=C&SD表110-01001A年中人口(不含外佣)；2026-2056为队列成分法推算[假设路径]；生育TFR 2023=751→2046=938对齐官方推算[真实数据路径形状]；净迁移总量级对齐官方推算、年龄权重偏劳动年龄[假设]
2034,60-64,劳动年龄15-64,女,319673.1,31.9673,中,混合,[混合] 基准人口锚点=C&SD表110-01001A年中人口(不含外佣)；2026-2056为队列成分法推算[假设路径]；生育TFR 2023=751→2046=938对齐官方推算[真实数据路径形状]；净迁移总量级对齐官方推算、年龄权重偏劳动年龄[假设]
2034,65-69,退休65+,女,326114.1,32.6114,中,混合,[混合] 基准人口锚点=C&SD表110-01001A年中人口(不含外佣)；2026-2056为队列成分法推算[假设路径]；生育TFR 2023=751→2046=938对齐官方推算[真实数据路径形状]；净迁移总量级对齐官方推算、年龄权重偏劳动年龄[假设]
2034,70-74,退休65+,女,319019.4,31.9019,中,混合,[混合] 基准人口锚点=C&SD表110-01001A年中人口(不含外佣)；2026-2056为队列成分法推算[假设路径]；生育TFR 2023=751→2046=938对齐官方推算[真实数据路径形状]；净迁移总量级对齐官方推算、年龄权重偏劳动年龄[假设]
2034,75-79,退休65+,女,270410.7,27.0411,中,混合,[混合] 基准人口锚点=C&SD表110-01001A年中人口(不含外佣)；2026-2056为队列成分法推算[假设路径]；生育TFR 2023=751→2046=938对齐官方推算[真实数据路径形状]；净迁移总量级对齐官方推算、年龄权重偏劳动年龄[假设]
2034,80-84,退休65+,女,200036.9,20.0037,中,混合,[混合] 基准人口锚点=C&SD表110-01001A年中人口(不含外佣)；2026-2056为队列成分法推算[假设路径]；生育TFR 2023=751→2046=938对齐官方推算[真实数据路径形状]；净迁移总量级对齐官方推算、年龄权重偏劳动年龄[假设]
2034,85+,退休65+,女,221850.0,22.185,中,混合,[混合] 基准人口锚点=C&SD表110-01001A年中人口(不含外佣)；2026-2056为队列成分法推算[假设路径]；生育TFR 2023=751→2046=938对齐官方推算[真实数据路径形状]；净迁移总量级对齐官方推算、年龄权重偏劳动年龄[假设]
2034,0-4,少儿0-14,男,83906.2,8.3906,中,混合,[混合] 基准人口锚点=C&SD表110-01001A年中人口(不含外佣)；2026-2056为队列成分法推算[假设路径]；生育TFR 2023=751→2046=938对齐官方推算[真实数据路径形状]；净迁移总量级对齐官方推算、年龄权重偏劳动年龄[假设]
2034,10-14,少儿0-14,男,105387.2,10.5387,中,混合,[混合] 基准人口锚点=C&SD表110-01001A年中人口(不含外佣)；2026-2056为队列成分法推算[假设路径]；生育TFR 2023=751→2046=938对齐官方推算[真实数据路径形状]；净迁移总量级对齐官方推算、年龄权重偏劳动年龄[假设]
2034,15-19,劳动年龄15-64,男,146857.1,14.6857,中,混合,[混合] 基准人口锚点=C&SD表110-01001A年中人口(不含外佣)；2026-2056为队列成分法推算[假设路径]；生育TFR 2023=751→2046=938对齐官方推算[真实数据路径形状]；净迁移总量级对齐官方推算、年龄权重偏劳动年龄[假设]
2034,20-24,劳动年龄15-64,男,170641.9,17.0642,中,混合,[混合] 基准人口锚点=C&SD表110-01001A年中人口(不含外佣)；2026-2056为队列成分法推算[假设路径]；生育TFR 2023=751→2046=938对齐官方推算[真实数据路径形状]；净迁移总量级对齐官方推算、年龄权重偏劳动年龄[假设]
2034,25-29,劳动年龄15-64,男,170763.3,17.0763,中,混合,[混合] 基准人口锚点=C&SD表110-01001A年中人口(不含外佣)；2026-2056为队列成分法推算[假设路径]；生育TFR 2023=751→2046=938对齐官方推算[真实数据路径形状]；净迁移总量级对齐官方推算、年龄权重偏劳动年龄[假设]
2034,30-34,劳动年龄15-64,男,183667.9,18.3668,中,混合,[混合] 基准人口锚点=C&SD表110-01001A年中人口(不含外佣)；2026-2056为队列成分法推算[假设路径]；生育TFR 2023=751→2046=938对齐官方推算[真实数据路径形状]；净迁移总量级对齐官方推算、年龄权重偏劳动年龄[假设]
2034,35-39,劳动年龄15-64,男,222450.6,22.2451,中,混合,[混合] 基准人口锚点=C&SD表110-01001A年中人口(不含外佣)；2026-2056为队列成分法推算[假设路径]；生育TFR 2023=751→2046=938对齐官方推算[真实数据路径形状]；净迁移总量级对齐官方推算、年龄权重偏劳动年龄[假设]
2034,40-44,劳动年龄15-64,男,252653.2,25.2653,中,混合,[混合] 基准人口锚点=C&SD表110-01001A年中人口(不含外佣)；2026-2056为队列成分法推算[假设路径]；生育TFR 2023=751→2046=938对齐官方推算[真实数据路径形状]；净迁移总量级对齐官方推算、年龄权重偏劳动年龄[假设]
2034,45-49,劳动年龄15-64,男,256417.7,25.6418,中,混合,[混合] 基准人口锚点=C&SD表110-01001A年中人口(不含外佣)；2026-2056为队列成分法推算[假设路径]；生育TFR 2023=751→2046=938对齐官方推算[真实数据路径形状]；净迁移总量级对齐官方推算、年龄权重偏劳动年龄[假设]
2034,5-9,少儿0-14,男,89019.2,8.9019,中,混合,[混合] 基准人口锚点=C&SD表110-01001A年中人口(不含外佣)；2026-2056为队列成分法推算[假设路径]；生育TFR 2023=751→2046=938对齐官方推算[真实数据路径形状]；净迁移总量级对齐官方推算、年龄权重偏劳动年龄[假设]
2034,50-54,劳动年龄15-64,男,249694.5,24.9694,中,混合,[混合] 基准人口锚点=C&SD表110-01001A年中人口(不含外佣)；2026-2056为队列成分法推算[假设路径]；生育TFR 2023=751→2046=938对齐官方推算[真实数据路径形状]；净迁移总量级对齐官方推算、年龄权重偏劳动年龄[假设]
2034,55-59,劳动年龄15-64,男,246357.9,24.6358,中,混合,[混合] 基准人口锚点=C&SD表110-01001A年中人口(不含外佣)；2026-2056为队列成分法推算[假设路径]；生育TFR 2023=751→2046=938对齐官方推算[真实数据路径形状]；净迁移总量级对齐官方推算、年龄权重偏劳动年龄[假设]
2034,60-64,劳动年龄15-64,男,248423.5,24.8423,中,混合,[混合] 基准人口锚点=C&SD表110-01001A年中人口(不含外佣)；2026-2056为队列成分法推算[假设路径]；生育TFR 2023=751→2046=938对齐官方推算[真实数据路径形状]；净迁移总量级对齐官方推算、年龄权重偏劳动年龄[假设]
2034,65-69,退休65+,男,253726.0,25.3726,中,混合,[混合] 基准人口锚点=C&SD表110-01001A年中人口(不含外佣)；2026-2056为队列成分法推算[假设路径]；生育TFR 2023=751→2046=938对齐官方推算[真实数据路径形状]；净迁移总量级对齐官方推算、年龄权重偏劳动年龄[假设]
2034,70-74,退休65+,男,265257.8,26.5258,中,混合,[混合] 基准人口锚点=C&SD表110-01001A年中人口(不含外佣)；2026-2056为队列成分法推算[假设路径]；生育TFR 2023=751→2046=938对齐官方推算[真实数据路径形状]；净迁移总量级对齐官方推算、年龄权重偏劳动年龄[假设]
2034,75-79,退休65+,男,234807.2,23.4807,中,混合,[混合] 基准人口锚点=C&SD表110-01001A年中人口(不含外佣)；2026-2056为队列成分法推算[假设路径]；生育TFR 2023=751→2046=938对齐官方推算[真实数据路径形状]；净迁移总量级对齐官方推算、年龄权重偏劳动年龄[假设]
2034,80-84,退休65+,男,162966.4,16.2966,中,混合,[混合] 基准人口锚点=C&SD表110-01001A年中人口(不含外佣)；2026-2056为队列成分法推算[假设路径]；生育TFR 2023=751→2046=938对齐官方推算[真实数据路径形状]；净迁移总量级对齐官方推算、年龄权重偏劳动年龄[假设]
2034,85+,退休65+,男,155856.6,15.5857,中,混合,[混合] 基准人口锚点=C&SD表110-01001A年中人口(不含外佣)；2026-2056为队列成分法推算[假设路径]；生育TFR 2023=751→2046=938对齐官方推算[真实数据路径形状]；净迁移总量级对齐官方推算、年龄权重偏劳动年龄[假设]
2035,0-4,少儿0-14,女,79337.8,7.9338,中,混合,[混合] 基准人口锚点=C&SD表110-01001A年中人口(不含外佣)；2026-2056为队列成分法推算[假设路径]；生育TFR 2023=751→2046=938对齐官方推算[真实数据路径形状]；净迁移总量级对齐官方推算、年龄权重偏劳动年龄[假设]
2035,10-14,少儿0-14,女,91459.0,9.1459,中,混合,[混合] 基准人口锚点=C&SD表110-01001A年中人口(不含外佣)；2026-2056为队列成分法推算[假设路径]；生育TFR 2023=751→2046=938对齐官方推算[真实数据路径形状]；净迁移总量级对齐官方推算、年龄权重偏劳动年龄[假设]
2035,15-19,劳动年龄15-64,女,134845.3,13.4845,中,混合,[混合] 基准人口锚点=C&SD表110-01001A年中人口(不含外佣)；2026-2056为队列成分法推算[假设路径]；生育TFR 2023=751→2046=938对齐官方推算[真实数据路径形状]；净迁移总量级对齐官方推算、年龄权重偏劳动年龄[假设]
2035,20-24,劳动年龄15-64,女,163890.9,16.3891,中,混合,[混合] 基准人口锚点=C&SD表110-01001A年中人口(不含外佣)；2026-2056为队列成分法推算[假设路径]；生育TFR 2023=751→2046=938对齐官方推算[真实数据路径形状]；净迁移总量级对齐官方推算、年龄权重偏劳动年龄[假设]
2035,25-29,劳动年龄15-64,女,167974.7,16.7975,中,混合,[混合] 基准人口锚点=C&SD表110-01001A年中人口(不含外佣)；2026-2056为队列成分法推算[假设路径]；生育TFR 2023=751→2046=938对齐官方推算[真实数据路径形状]；净迁移总量级对齐官方推算、年龄权重偏劳动年龄[假设]
2035,30-34,劳动年龄15-64,女,178158.8,17.8159,中,混合,[混合] 基准人口锚点=C&SD表110-01001A年中人口(不含外佣)；2026-2056为队列成分法推算[假设路径]；生育TFR 2023=751→2046=938对齐官方推算[真实数据路径形状]；净迁移总量级对齐官方推算、年龄权重偏劳动年龄[假设]
2035,35-39,劳动年龄15-64,女,209971.1,20.9971,中,混合,[混合] 基准人口锚点=C&SD表110-01001A年中人口(不含外佣)；2026-2056为队列成分法推算[假设路径]；生育TFR 2023=751→2046=938对齐官方推算[真实数据路径形状]；净迁移总量级对齐官方推算、年龄权重偏劳动年龄[假设]
2035,40-44,劳动年龄15-64,女,253864.7,25.3865,中,混合,[混合] 基准人口锚点=C&SD表110-01001A年中人口(不含外佣)；2026-2056为队列成分法推算[假设路径]；生育TFR 2023=751→2046=938对齐官方推算[真实数据路径形状]；净迁移总量级对齐官方推算、年龄权重偏劳动年龄[假设]
2035,45-49,劳动年龄15-64,女,274439.7,27.444,中,混合,[混合] 基准人口锚点=C&SD表110-01001A年中人口(不含外佣)；2026-2056为队列成分法推算[假设路径]；生育TFR 2023=751→2046=938对齐官方推算[真实数据路径形状]；净迁移总量级对齐官方推算、年龄权重偏劳动年龄[假设]
2035,5-9,少儿0-14,女,84798.3,8.4798,中,混合,[混合] 基准人口锚点=C&SD表110-01001A年中人口(不含外佣)；2026-2056为队列成分法推算[假设路径]；生育TFR 2023=751→2046=938对齐官方推算[真实数据路径形状]；净迁移总量级对齐官方推算、年龄权重偏劳动年龄[假设]
2035,50-54,劳动年龄15-64,女,293262.1,29.3262,中,混合,[混合] 基准人口锚点=C&SD表110-01001A年中人口(不含外佣)；2026-2056为队列成分法推算[假设路径]；生育TFR 2023=751→2046=938对齐官方推算[真实数据路径形状]；净迁移总量级对齐官方推算、年龄权重偏劳动年龄[假设]
2035,55-59,劳动年龄15-64,女,306270.1,30.627,中,混合,[混合] 基准人口锚点=C&SD表110-01001A年中人口(不含外佣)；2026-2056为队列成分法推算[假设路径]；生育TFR 2023=751→2046=938对齐官方推算[真实数据路径形状]；净迁移总量级对齐官方推算、年龄权重偏劳动年龄[假设]
2035,60-64,劳动年龄15-64,女,320094.7,32.0095,中,混合,[混合] 基准人口锚点=C&SD表110-01001A年中人口(不含外佣)；2026-2056为队列成分法推算[假设路径]；生育TFR 2023=751→2046=938对齐官方推算[真实数据路径形状]；净迁移总量级对齐官方推算、年龄权重偏劳动年龄[假设]
2035,65-69,退休65+,女,322569.1,32.2569,中,混合,[混合] 基准人口锚点=C&SD表110-01001A年中人口(不含外佣)；2026-2056为队列成分法推算[假设路径]；生育TFR 2023=751→2046=938对齐官方推算[真实数据路径形状]；净迁移总量级对齐官方推算、年龄权重偏劳动年龄[假设]
2035,70-74,退休65+,女,324988.2,32.4988,中,混合,[混合] 基准人口锚点=C&SD表110-01001A年中人口(不含外佣)；2026-2056为队列成分法推算[假设路径]；生育TFR 2023=751→2046=938对齐官方推算[真实数据路径形状]；净迁移总量级对齐官方推算、年龄权重偏劳动年龄[假设]
2035,75-79,退休65+,女,280941.5,28.0941,中,混合,[混合] 基准人口锚点=C&SD表110-01001A年中人口(不含外佣)；2026-2056为队列成分法推算[假设路径]；生育TFR 2023=751→2046=938对齐官方推算[真实数据路径形状]；净迁移总量级对齐官方推算、年龄权重偏劳动年龄[假设]
2035,80-84,退休65+,女,210404.8,21.0405,中,混合,[混合] 基准人口锚点=C&SD表110-01001A年中人口(不含外佣)；2026-2056为队列成分法推算[假设路径]；生育TFR 2023=751→2046=938对齐官方推算[真实数据路径形状]；净迁移总量级对齐官方推算、年龄权重偏劳动年龄[假设]
2035,85+,退休65+,女,236477.9,23.6478,中,混合,[混合] 基准人口锚点=C&SD表110-01001A年中人口(不含外佣)；2026-2056为队列成分法推算[假设路径]；生育TFR 2023=751→2046=938对齐官方推算[真实数据路径形状]；净迁移总量级对齐官方推算、年龄权重偏劳动年龄[假设]
2035,0-4,少儿0-14,男,83684.1,8.3684,中,混合,[混合] 基准人口锚点=C&SD表110-01001A年中人口(不含外佣)；2026-2056为队列成分法推算[假设路径]；生育TFR 2023=751→2046=938对齐官方推算[真实数据路径形状]；净迁移总量级对齐官方推算、年龄权重偏劳动年龄[假设]
2035,10-14,少儿0-14,男,97983.6,9.7984,中,混合,[混合] 基准人口锚点=C&SD表110-01001A年中人口(不含外佣)；2026-2056为队列成分法推算[假设路径]；生育TFR 2023=751→2046=938对齐官方推算[真实数据路径形状]；净迁移总量级对齐官方推算、年龄权重偏劳动年龄[假设]
2035,15-19,劳动年龄15-64,男,142940.7,14.2941,中,混合,[混合] 基准人口锚点=C&SD表110-01001A年中人口(不含外佣)；2026-2056为队列成分法推算[假设路径]；生育TFR 2023=751→2046=938对齐官方推算[真实数据路径形状]；净迁移总量级对齐官方推算、年龄权重偏劳动年龄[假设]
2035,20-24,劳动年龄15-64,男,172795.9,17.2796,中,混合,[混合] 基准人口锚点=C&SD表110-01001A年中人口(不含外佣)；2026-2056为队列成分法推算[假设路径]；生育TFR 2023=751→2046=938对齐官方推算[真实数据路径形状]；净迁移总量级对齐官方推算、年龄权重偏劳动年龄[假设]
2035,25-29,劳动年龄15-64,男,174512.7,17.4513,中,混合,[混合] 基准人口锚点=C&SD表110-01001A年中人口(不含外佣)；2026-2056为队列成分法推算[假设路径]；生育TFR 2023=751→2046=938对齐官方推算[真实数据路径形状]；净迁移总量级对齐官方推算、年龄权重偏劳动年龄[假设]
2035,30-34,劳动年龄15-64,男,179726.7,17.9727,中,混合,[混合] 基准人口锚点=C&SD表110-01001A年中人口(不含外佣)；2026-2056为队列成分法推算[假设路径]；生育TFR 2023=751→2046=938对齐官方推算[真实数据路径形状]；净迁移总量级对齐官方推算、年龄权重偏劳动年龄[假设]
2035,35-39,劳动年龄15-64,男,217011.7,21.7012,中,混合,[混合] 基准人口锚点=C&SD表110-01001A年中人口(不含外佣)；2026-2056为队列成分法推算[假设路径]；生育TFR 2023=751→2046=938对齐官方推算[真实数据路径形状]；净迁移总量级对齐官方推算、年龄权重偏劳动年龄[假设]
2035,40-44,劳动年龄15-64,男,253575.5,25.3575,中,混合,[混合] 基准人口锚点=C&SD表110-01001A年中人口(不含外佣)；2026-2056为队列成分法推算[假设路径]；生育TFR 2023=751→2046=938对齐官方推算[真实数据路径形状]；净迁移总量级对齐官方推算、年龄权重偏劳动年龄[假设]
2035,45-49,劳动年龄15-64,男,258757.0,25.8757,中,混合,[混合] 基准人口锚点=C&SD表110-01001A年中人口(不含外佣)；2026-2056为队列成分法推算[假设路径]；生育TFR 2023=751→2046=938对齐官方推算[真实数据路径形状]；净迁移总量级对齐官方推算、年龄权重偏劳动年龄[假设]
2035,5-9,少儿0-14,男,89321.1,8.9321,中,混合,[混合] 基准人口锚点=C&SD表110-01001A年中人口(不含外佣)；2026-2056为队列成分法推算[假设路径]；生育TFR 2023=751→2046=938对齐官方推算[真实数据路径形状]；净迁移总量级对齐官方推算、年龄权重偏劳动年龄[假设]
2035,50-54,劳动年龄15-64,男,253407.3,25.3407,中,混合,[混合] 基准人口锚点=C&SD表110-01001A年中人口(不含外佣)；2026-2056为队列成分法推算[假设路径]；生育TFR 2023=751→2046=938对齐官方推算[真实数据路径形状]；净迁移总量级对齐官方推算、年龄权重偏劳动年龄[假设]
2035,55-59,劳动年龄15-64,男,246158.4,24.6158,中,混合,[混合] 基准人口锚点=C&SD表110-01001A年中人口(不含外佣)；2026-2056为队列成分法推算[假设路径]；生育TFR 2023=751→2046=938对齐官方推算[真实数据路径形状]；净迁移总量级对齐官方推算、年龄权重偏劳动年龄[假设]
2035,60-64,劳动年龄15-64,男,249853.5,24.9854,中,混合,[混合] 基准人口锚点=C&SD表110-01001A年中人口(不含外佣)；2026-2056为队列成分法推算[假设路径]；生育TFR 2023=751→2046=938对齐官方推算[真实数据路径形状]；净迁移总量级对齐官方推算、年龄权重偏劳动年龄[假设]
2035,65-69,退休65+,男,247328.2,24.7328,中,混合,[混合] 基准人口锚点=C&SD表110-01001A年中人口(不含外佣)；2026-2056为队列成分法推算[假设路径]；生育TFR 2023=751→2046=938对齐官方推算[真实数据路径形状]；净迁移总量级对齐官方推算、年龄权重偏劳动年龄[假设]
2035,70-74,退休65+,男,262913.5,26.2914,中,混合,[混合] 基准人口锚点=C&SD表110-01001A年中人口(不含外佣)；2026-2056为队列成分法推算[假设路径]；生育TFR 2023=751→2046=938对齐官方推算[真实数据路径形状]；净迁移总量级对齐官方推算、年龄权重偏劳动年龄[假设]
2035,75-79,退休65+,男,243922.4,24.3922,中,混合,[混合] 基准人口锚点=C&SD表110-01001A年中人口(不含外佣)；2026-2056为队列成分法推算[假设路径]；生育TFR 2023=751→2046=938对齐官方推算[真实数据路径形状]；净迁移总量级对齐官方推算、年龄权重偏劳动年龄[假设]
2035,80-84,退休65+,男,170145.1,17.0145,中,混合,[混合] 基准人口锚点=C&SD表110-01001A年中人口(不含外佣)；2026-2056为队列成分法推算[假设路径]；生育TFR 2023=751→2046=938对齐官方推算[真实数据路径形状]；净迁移总量级对齐官方推算、年龄权重偏劳动年龄[假设]
2035,85+,退休65+,男,165886.8,16.5887,中,混合,[混合] 基准人口锚点=C&SD表110-01001A年中人口(不含外佣)；2026-2056为队列成分法推算[假设路径]；生育TFR 2023=751→2046=938对齐官方推算[真实数据路径形状]；净迁移总量级对齐官方推算、年龄权重偏劳动年龄[假设]
2036,0-4,少儿0-14,女,79293.0,7.9293,中,混合,[混合] 基准人口锚点=C&SD表110-01001A年中人口(不含外佣)；2026-2056为队列成分法推算[假设路径]；生育TFR 2023=751→2046=938对齐官方推算[真实数据路径形状]；净迁移总量级对齐官方推算、年龄权重偏劳动年龄[假设]
2036,10-14,少儿0-14,女,84596.0,8.4596,中,混合,[混合] 基准人口锚点=C&SD表110-01001A年中人口(不含外佣)；2026-2056为队列成分法推算[假设路径]；生育TFR 2023=751→2046=938对齐官方推算[真实数据路径形状]；净迁移总量级对齐官方推算、年龄权重偏劳动年龄[假设]
2036,15-19,劳动年龄15-64,女,131510.6,13.1511,中,混合,[混合] 基准人口锚点=C&SD表110-01001A年中人口(不含外佣)；2026-2056为队列成分法推算[假设路径]；生育TFR 2023=751→2046=938对齐官方推算[真实数据路径形状]；净迁移总量级对齐官方推算、年龄权重偏劳动年龄[假设]
2036,20-24,劳动年龄15-64,女,165789.9,16.579,中,混合,[混合] 基准人口锚点=C&SD表110-01001A年中人口(不含外佣)；2026-2056为队列成分法推算[假设路径]；生育TFR 2023=751→2046=938对齐官方推算[真实数据路径形状]；净迁移总量级对齐官方推算、年龄权重偏劳动年龄[假设]
2036,25-29,劳动年龄15-64,女,170507.5,17.0508,中,混合,[混合] 基准人口锚点=C&SD表110-01001A年中人口(不含外佣)；2026-2056为队列成分法推算[假设路径]；生育TFR 2023=751→2046=938对齐官方推算[真实数据路径形状]；净迁移总量级对齐官方推算、年龄权重偏劳动年龄[假设]
2036,30-34,劳动年龄15-64,女,176325.9,17.6326,中,混合,[混合] 基准人口锚点=C&SD表110-01001A年中人口(不含外佣)；2026-2056为队列成分法推算[假设路径]；生育TFR 2023=751→2046=938对齐官方推算[真实数据路径形状]；净迁移总量级对齐官方推算、年龄权重偏劳动年龄[假设]
2036,35-39,劳动年龄15-64,女,203849.8,20.385,中,混合,[混合] 基准人口锚点=C&SD表110-01001A年中人口(不含外佣)；2026-2056为队列成分法推算[假设路径]；生育TFR 2023=751→2046=938对齐官方推算[真实数据路径形状]；净迁移总量级对齐官方推算、年龄权重偏劳动年龄[假设]
2036,40-44,劳动年龄15-64,女,252703.4,25.2703,中,混合,[混合] 基准人口锚点=C&SD表110-01001A年中人口(不含外佣)；2026-2056为队列成分法推算[假设路径]；生育TFR 2023=751→2046=938对齐官方推算[真实数据路径形状]；净迁移总量级对齐官方推算、年龄权重偏劳动年龄[假设]
2036,45-49,劳动年龄15-64,女,272383.4,27.2383,中,混合,[混合] 基准人口锚点=C&SD表110-01001A年中人口(不含外佣)；2026-2056为队列成分法推算[假设路径]；生育TFR 2023=751→2046=938对齐官方推算[真实数据路径形状]；净迁移总量级对齐官方推算、年龄权重偏劳动年龄[假设]
2036,5-9,少儿0-14,女,85291.6,8.5292,中,混合,[混合] 基准人口锚点=C&SD表110-01001A年中人口(不含外佣)；2026-2056为队列成分法推算[假设路径]；生育TFR 2023=751→2046=938对齐官方推算[真实数据路径形状]；净迁移总量级对齐官方推算、年龄权重偏劳动年龄[假设]
2036,50-54,劳动年龄15-64,女,293292.0,29.3292,中,混合,[混合] 基准人口锚点=C&SD表110-01001A年中人口(不含外佣)；2026-2056为队列成分法推算[假设路径]；生育TFR 2023=751→2046=938对齐官方推算[真实数据路径形状]；净迁移总量级对齐官方推算、年龄权重偏劳动年龄[假设]
2036,55-59,劳动年龄15-64,女,304660.0,30.466,中,混合,[混合] 基准人口锚点=C&SD表110-01001A年中人口(不含外佣)；2026-2056为队列成分法推算[假设路径]；生育TFR 2023=751→2046=938对齐官方推算[真实数据路径形状]；净迁移总量级对齐官方推算、年龄权重偏劳动年龄[假设]
2036,60-64,劳动年龄15-64,女,320651.0,32.0651,中,混合,[混合] 基准人口锚点=C&SD表110-01001A年中人口(不含外佣)；2026-2056为队列成分法推算[假设路径]；生育TFR 2023=751→2046=938对齐官方推算[真实数据路径形状]；净迁移总量级对齐官方推算、年龄权重偏劳动年龄[假设]
2036,65-69,退休65+,女,319217.1,31.9217,中,混合,[混合] 基准人口锚点=C&SD表110-01001A年中人口(不含外佣)；2026-2056为队列成分法推算[假设路径]；生育TFR 2023=751→2046=938对齐官方推算[真实数据路径形状]；净迁移总量级对齐官方推算、年龄权重偏劳动年龄[假设]
2036,70-74,退休65+,女,331254.8,33.1255,中,混合,[混合] 基准人口锚点=C&SD表110-01001A年中人口(不含外佣)；2026-2056为队列成分法推算[假设路径]；生育TFR 2023=751→2046=938对齐官方推算[真实数据路径形状]；净迁移总量级对齐官方推算、年龄权重偏劳动年龄[假设]
2036,75-79,退休65+,女,291471.9,29.1472,中,混合,[混合] 基准人口锚点=C&SD表110-01001A年中人口(不含外佣)；2026-2056为队列成分法推算[假设路径]；生育TFR 2023=751→2046=938对齐官方推算[真实数据路径形状]；净迁移总量级对齐官方推算、年龄权重偏劳动年龄[假设]
2036,80-84,退休65+,女,220588.1,22.0588,中,混合,[混合] 基准人口锚点=C&SD表110-01001A年中人口(不含外佣)；2026-2056为队列成分法推算[假设路径]；生育TFR 2023=751→2046=938对齐官方推算[真实数据路径形状]；净迁移总量级对齐官方推算、年龄权重偏劳动年龄[假设]
2036,85+,退休65+,女,249894.0,24.9894,中,混合,[混合] 基准人口锚点=C&SD表110-01001A年中人口(不含外佣)；2026-2056为队列成分法推算[假设路径]；生育TFR 2023=751→2046=938对齐官方推算[真实数据路径形状]；净迁移总量级对齐官方推算、年龄权重偏劳动年龄[假设]
2036,0-4,少儿0-14,男,83624.1,8.3624,中,混合,[混合] 基准人口锚点=C&SD表110-01001A年中人口(不含外佣)；2026-2056为队列成分法推算[假设路径]；生育TFR 2023=751→2046=938对齐官方推算[真实数据路径形状]；净迁移总量级对齐官方推算、年龄权重偏劳动年龄[假设]
2036,10-14,少儿0-14,男,90602.2,9.0602,中,混合,[混合] 基准人口锚点=C&SD表110-01001A年中人口(不含外佣)；2026-2056为队列成分法推算[假设路径]；生育TFR 2023=751→2046=938对齐官方推算[真实数据路径形状]；净迁移总量级对齐官方推算、年龄权重偏劳动年龄[假设]
2036,15-19,劳动年龄15-64,男,139054.3,13.9054,中,混合,[混合] 基准人口锚点=C&SD表110-01001A年中人口(不含外佣)；2026-2056为队列成分法推算[假设路径]；生育TFR 2023=751→2046=938对齐官方推算[真实数据路径形状]；净迁移总量级对齐官方推算、年龄权重偏劳动年龄[假设]
2036,20-24,劳动年龄15-64,男,174656.4,17.4656,中,混合,[混合] 基准人口锚点=C&SD表110-01001A年中人口(不含外佣)；2026-2056为队列成分法推算[假设路径]；生育TFR 2023=751→2046=938对齐官方推算[真实数据路径形状]；净迁移总量级对齐官方推算、年龄权重偏劳动年龄[假设]
2036,25-29,劳动年龄15-64,男,178379.7,17.838,中,混合,[混合] 基准人口锚点=C&SD表110-01001A年中人口(不含外佣)；2026-2056为队列成分法推算[假设路径]；生育TFR 2023=751→2046=938对齐官方推算[真实数据路径形状]；净迁移总量级对齐官方推算、年龄权重偏劳动年龄[假设]
2036,30-34,劳动年龄15-64,男,175909.5,17.5909,中,混合,[混合] 基准人口锚点=C&SD表110-01001A年中人口(不含外佣)；2026-2056为队列成分法推算[假设路径]；生育TFR 2023=751→2046=938对齐官方推算[真实数据路径形状]；净迁移总量级对齐官方推算、年龄权重偏劳动年龄[假设]
2036,35-39,劳动年龄15-64,男,211704.6,21.1705,中,混合,[混合] 基准人口锚点=C&SD表110-01001A年中人口(不含外佣)；2026-2056为队列成分法推算[假设路径]；生育TFR 2023=751→2046=938对齐官方推算[真实数据路径形状]；净迁移总量级对齐官方推算、年龄权重偏劳动年龄[假设]
2036,40-44,劳动年龄15-64,男,254621.1,25.4621,中,混合,[混合] 基准人口锚点=C&SD表110-01001A年中人口(不含外佣)；2026-2056为队列成分法推算[假设路径]；生育TFR 2023=751→2046=938对齐官方推算[真实数据路径形状]；净迁移总量级对齐官方推算、年龄权重偏劳动年龄[假设]
2036,45-49,劳动年龄15-64,男,261236.1,26.1236,中,混合,[混合] 基准人口锚点=C&SD表110-01001A年中人口(不含外佣)；2026-2056为队列成分法推算[假设路径]；生育TFR 2023=751→2046=938对齐官方推算[真实数据路径形状]；净迁移总量级对齐官方推算、年龄权重偏劳动年龄[假设]
2036,5-9,少儿0-14,男,89373.1,8.9373,中,混合,[混合] 基准人口锚点=C&SD表110-01001A年中人口(不含外佣)；2026-2056为队列成分法推算[假设路径]；生育TFR 2023=751→2046=938对齐官方推算[真实数据路径形状]；净迁移总量级对齐官方推算、年龄权重偏劳动年龄[假设]
2036,50-54,劳动年龄15-64,男,257426.0,25.7426,中,混合,[混合] 基准人口锚点=C&SD表110-01001A年中人口(不含外佣)；2026-2056为队列成分法推算[假设路径]；生育TFR 2023=751→2046=938对齐官方推算[真实数据路径形状]；净迁移总量级对齐官方推算、年龄权重偏劳动年龄[假设]
2036,55-59,劳动年龄15-64,男,246099.1,24.6099,中,混合,[混合] 基准人口锚点=C&SD表110-01001A年中人口(不含外佣)；2026-2056为队列成分法推算[假设路径]；生育TFR 2023=751→2046=938对齐官方推算[真实数据路径形状]；净迁移总量级对齐官方推算、年龄权重偏劳动年龄[假设]
2036,60-64,劳动年龄15-64,男,251430.2,25.143,中,混合,[混合] 基准人口锚点=C&SD表110-01001A年中人口(不含外佣)；2026-2056为队列成分法推算[假设路径]；生育TFR 2023=751→2046=938对齐官方推算[真实数据路径形状]；净迁移总量级对齐官方推算、年龄权重偏劳动年龄[假设]
2036,65-69,退休65+,男,241216.4,24.1216,中,混合,[混合] 基准人口锚点=C&SD表110-01001A年中人口(不含外佣)；2026-2056为队列成分法推算[假设路径]；生育TFR 2023=751→2046=938对齐官方推算[真实数据路径形状]；净迁移总量级对齐官方推算、年龄权重偏劳动年龄[假设]
2036,70-74,退休65+,男,261082.0,26.1082,中,混合,[混合] 基准人口锚点=C&SD表110-01001A年中人口(不含外佣)；2026-2056为队列成分法推算[假设路径]；生育TFR 2023=751→2046=938对齐官方推算[真实数据路径形状]；净迁移总量级对齐官方推算、年龄权重偏劳动年龄[假设]
2036,75-79,退休65+,男,252971.6,25.2972,中,混合,[混合] 基准人口锚点=C&SD表110-01001A年中人口(不含外佣)；2026-2056为队列成分法推算[假设路径]；生育TFR 2023=751→2046=938对齐官方推算[真实数据路径形状]；净迁移总量级对齐官方推算、年龄权重偏劳动年龄[假设]
2036,80-84,退休65+,男,177038.9,17.7039,中,混合,[混合] 基准人口锚点=C&SD表110-01001A年中人口(不含外佣)；2026-2056为队列成分法推算[假设路径]；生育TFR 2023=751→2046=938对齐官方推算[真实数据路径形状]；净迁移总量级对齐官方推算、年龄权重偏劳动年龄[假设]
2036,85+,退休65+,男,174643.7,17.4644,中,混合,[混合] 基准人口锚点=C&SD表110-01001A年中人口(不含外佣)；2026-2056为队列成分法推算[假设路径]；生育TFR 2023=751→2046=938对齐官方推算[真实数据路径形状]；净迁移总量级对齐官方推算、年龄权重偏劳动年龄[假设]
2037,0-4,少儿0-14,女,79340.1,7.934,中,混合,[混合] 基准人口锚点=C&SD表110-01001A年中人口(不含外佣)；2026-2056为队列成分法推算[假设路径]；生育TFR 2023=751→2046=938对齐官方推算[真实数据路径形状]；净迁移总量级对齐官方推算、年龄权重偏劳动年龄[假设]
2037,10-14,少儿0-14,女,86191.7,8.6192,中,混合,[混合] 基准人口锚点=C&SD表110-01001A年中人口(不含外佣)；2026-2056为队列成分法推算[假设路径]；生育TFR 2023=751→2046=938对齐官方推算[真实数据路径形状]；净迁移总量级对齐官方推算、年龄权重偏劳动年龄[假设]
2037,15-19,劳动年龄15-64,女,124713.7,12.4714,中,混合,[混合] 基准人口锚点=C&SD表110-01001A年中人口(不含外佣)；2026-2056为队列成分法推算[假设路径]；生育TFR 2023=751→2046=938对齐官方推算[真实数据路径形状]；净迁移总量级对齐官方推算、年龄权重偏劳动年龄[假设]
2037,20-24,劳动年龄15-64,女,162698.4,16.2698,中,混合,[混合] 基准人口锚点=C&SD表110-01001A年中人口(不含外佣)；2026-2056为队列成分法推算[假设路径]；生育TFR 2023=751→2046=938对齐官方推算[真实数据路径形状]；净迁移总量级对齐官方推算、年龄权重偏劳动年龄[假设]
2037,25-29,劳动年龄15-64,女,173948.4,17.3948,中,混合,[混合] 基准人口锚点=C&SD表110-01001A年中人口(不含外佣)；2026-2056为队列成分法推算[假设路径]；生育TFR 2023=751→2046=938对齐官方推算[真实数据路径形状]；净迁移总量级对齐官方推算、年龄权重偏劳动年龄[假设]
2037,30-34,劳动年龄15-64,女,178716.6,17.8717,中,混合,[混合] 基准人口锚点=C&SD表110-01001A年中人口(不含外佣)；2026-2056为队列成分法推算[假设路径]；生育TFR 2023=751→2046=938对齐官方推算[真实数据路径形状]；净迁移总量级对齐官方推算、年龄权重偏劳动年龄[假设]
2037,35-39,劳动年龄15-64,女,201883.7,20.1884,中,混合,[混合] 基准人口锚点=C&SD表110-01001A年中人口(不含外佣)；2026-2056为队列成分法推算[假设路径]；生育TFR 2023=751→2046=938对齐官方推算[真实数据路径形状]；净迁移总量级对齐官方推算、年龄权重偏劳动年龄[假设]
2037,40-44,劳动年龄15-64,女,246431.6,24.6432,中,混合,[混合] 基准人口锚点=C&SD表110-01001A年中人口(不含外佣)；2026-2056为队列成分法推算[假设路径]；生育TFR 2023=751→2046=938对齐官方推算[真实数据路径形状]；净迁移总量级对齐官方推算、年龄权重偏劳动年龄[假设]
2037,45-49,劳动年龄15-64,女,271025.0,27.1025,中,混合,[混合] 基准人口锚点=C&SD表110-01001A年中人口(不含外佣)；2026-2056为队列成分法推算[假设路径]；生育TFR 2023=751→2046=938对齐官方推算[真实数据路径形状]；净迁移总量级对齐官方推算、年龄权重偏劳动年龄[假设]
2037,5-9,少儿0-14,女,84745.8,8.4746,中,混合,[混合] 基准人口锚点=C&SD表110-01001A年中人口(不含外佣)；2026-2056为队列成分法推算[假设路径]；生育TFR 2023=751→2046=938对齐官方推算[真实数据路径形状]；净迁移总量级对齐官方推算、年龄权重偏劳动年龄[假设]
2037,50-54,劳动年龄15-64,女,290944.3,29.0944,中,混合,[混合] 基准人口锚点=C&SD表110-01001A年中人口(不含外佣)；2026-2056为队列成分法推算[假设路径]；生育TFR 2023=751→2046=938对齐官方推算[真实数据路径形状]；净迁移总量级对齐官方推算、年龄权重偏劳动年龄[假设]
2037,55-59,劳动年龄15-64,女,303674.1,30.3674,中,混合,[混合] 基准人口锚点=C&SD表110-01001A年中人口(不含外佣)；2026-2056为队列成分法推算[假设路径]；生育TFR 2023=751→2046=938对齐官方推算[真实数据路径形状]；净迁移总量级对齐官方推算、年龄权重偏劳动年龄[假设]
2037,60-64,劳动年龄15-64,女,318821.2,31.8821,中,混合,[混合] 基准人口锚点=C&SD表110-01001A年中人口(不含外佣)；2026-2056为队列成分法推算[假设路径]；生育TFR 2023=751→2046=938对齐官方推算[真实数据路径形状]；净迁移总量级对齐官方推算、年龄权重偏劳动年龄[假设]
2037,65-69,退休65+,女,319448.6,31.9449,中,混合,[混合] 基准人口锚点=C&SD表110-01001A年中人口(不含外佣)；2026-2056为队列成分法推算[假设路径]；生育TFR 2023=751→2046=938对齐官方推算[真实数据路径形状]；净迁移总量级对齐官方推算、年龄权重偏劳动年龄[假设]
2037,70-74,退休65+,女,327355.8,32.7356,中,混合,[混合] 基准人口锚点=C&SD表110-01001A年中人口(不含外佣)；2026-2056为队列成分法推算[假设路径]；生育TFR 2023=751→2046=938对齐官方推算[真实数据路径形状]；净迁移总量级对齐官方推算、年龄权重偏劳动年龄[假设]
2037,75-79,退休65+,女,296579.8,29.658,中,混合,[混合] 基准人口锚点=C&SD表110-01001A年中人口(不含外佣)；2026-2056为队列成分法推算[假设路径]；生育TFR 2023=751→2046=938对齐官方推算[真实数据路径形状]；净迁移总量级对齐官方推算、年龄权重偏劳动年龄[假设]
2037,80-84,退休65+,女,230726.3,23.0726,中,混合,[混合] 基准人口锚点=C&SD表110-01001A年中人口(不含外佣)；2026-2056为队列成分法推算[假设路径]；生育TFR 2023=751→2046=938对齐官方推算[真实数据路径形状]；净迁移总量级对齐官方推算、年龄权重偏劳动年龄[假设]
2037,85+,退休65+,女,273072.0,27.3072,中,混合,[混合] 基准人口锚点=C&SD表110-01001A年中人口(不含外佣)；2026-2056为队列成分法推算[假设路径]；生育TFR 2023=751→2046=938对齐官方推算[真实数据路径形状]；净迁移总量级对齐官方推算、年龄权重偏劳动年龄[假设]
2037,0-4,少儿0-14,男,83670.1,8.367,中,混合,[混合] 基准人口锚点=C&SD表110-01001A年中人口(不含外佣)；2026-2056为队列成分法推算[假设路径]；生育TFR 2023=751→2046=938对齐官方推算[真实数据路径形状]；净迁移总量级对齐官方推算、年龄权重偏劳动年龄[假设]
2037,10-14,少儿0-14,男,91729.1,9.1729,中,混合,[混合] 基准人口锚点=C&SD表110-01001A年中人口(不含外佣)；2026-2056为队列成分法推算[假设路径]；生育TFR 2023=751→2046=938对齐官方推算[真实数据路径形状]；净迁移总量级对齐官方推算、年龄权重偏劳动年龄[假设]
2037,15-19,劳动年龄15-64,男,131756.0,13.1756,中,混合,[混合] 基准人口锚点=C&SD表110-01001A年中人口(不含外佣)；2026-2056为队列成分法推算[假设路径]；生育TFR 2023=751→2046=938对齐官方推算[真实数据路径形状]；净迁移总量级对齐官方推算、年龄权重偏劳动年龄[假设]
2037,20-24,劳动年龄15-64,男,170995.3,17.0995,中,混合,[混合] 基准人口锚点=C&SD表110-01001A年中人口(不含外佣)；2026-2056为队列成分法推算[假设路径]；生育TFR 2023=751→2046=938对齐官方推算[真实数据路径形状]；净迁移总量级对齐官方推算、年龄权重偏劳动年龄[假设]
2037,25-29,劳动年龄15-64,男,181650.7,18.1651,中,混合,[混合] 基准人口锚点=C&SD表110-01001A年中人口(不含外佣)；2026-2056为队列成分法推算[假设路径]；生育TFR 2023=751→2046=938对齐官方推算[真实数据路径形状]；净迁移总量级对齐官方推算、年龄权重偏劳动年龄[假设]
2037,30-34,劳动年龄15-64,男,179644.0,17.9644,中,混合,[混合] 基准人口锚点=C&SD表110-01001A年中人口(不含外佣)；2026-2056为队列成分法推算[假设路径]；生育TFR 2023=751→2046=938对齐官方推算[真实数据路径形状]；净迁移总量级对齐官方推算、年龄权重偏劳动年龄[假设]
2037,35-39,劳动年龄15-64,男,207748.9,20.7749,中,混合,[混合] 基准人口锚点=C&SD表110-01001A年中人口(不含外佣)；2026-2056为队列成分法推算[假设路径]；生育TFR 2023=751→2046=938对齐官方推算[真实数据路径形状]；净迁移总量级对齐官方推算、年龄权重偏劳动年龄[假设]
2037,40-44,劳动年龄15-64,男,249152.7,24.9153,中,混合,[混合] 基准人口锚点=C&SD表110-01001A年中人口(不含外佣)；2026-2056为队列成分法推算[假设路径]；生育TFR 2023=751→2046=938对齐官方推算[真实数据路径形状]；净迁移总量级对齐官方推算、年龄权重偏劳动年龄[假设]
2037,45-49,劳动年龄15-64,男,262099.7,26.21,中,混合,[混合] 基准人口锚点=C&SD表110-01001A年中人口(不含外佣)；2026-2056为队列成分法推算[假设路径]；生育TFR 2023=751→2046=938对齐官方推算[真实数据路径形状]；净迁移总量级对齐官方推算、年龄权重偏劳动年龄[假设]
2037,5-9,少儿0-14,男,88770.6,8.8771,中,混合,[混合] 基准人口锚点=C&SD表110-01001A年中人口(不含外佣)；2026-2056为队列成分法推算[假设路径]；生育TFR 2023=751→2046=938对齐官方推算[真实数据路径形状]；净迁移总量级对齐官方推算、年龄权重偏劳动年龄[假设]
2037,50-54,劳动年龄15-64,男,259563.5,25.9564,中,混合,[混合] 基准人口锚点=C&SD表110-01001A年中人口(不含外佣)；2026-2056为队列成分法推算[假设路径]；生育TFR 2023=751→2046=938对齐官方推算[真实数据路径形状]；净迁移总量级对齐官方推算、年龄权重偏劳动年龄[假设]
2037,55-59,劳动年龄15-64,男,249147.6,24.9148,中,混合,[混合] 基准人口锚点=C&SD表110-01001A年中人口(不含外佣)；2026-2056为队列成分法推算[假设路径]；生育TFR 2023=751→2046=938对齐官方推算[真实数据路径形状]；净迁移总量级对齐官方推算、年龄权重偏劳动年龄[假设]
2037,60-64,劳动年龄15-64,男,251086.6,25.1087,中,混合,[混合] 基准人口锚点=C&SD表110-01001A年中人口(不含外佣)；2026-2056为队列成分法推算[假设路径]；生育TFR 2023=751→2046=938对齐官方推算[真实数据路径形状]；净迁移总量级对齐官方推算、年龄权重偏劳动年龄[假设]
2037,65-69,退休65+,男,242416.8,24.2417,中,混合,[混合] 基准人口锚点=C&SD表110-01001A年中人口(不含外佣)；2026-2056为队列成分法推算[假设路径]；生育TFR 2023=751→2046=938对齐官方推算[真实数据路径形状]；净迁移总量级对齐官方推算、年龄权重偏劳动年龄[假设]
2037,70-74,退休65+,男,254373.6,25.4374,中,混合,[混合] 基准人口锚点=C&SD表110-01001A年中人口(不含外佣)；2026-2056为队列成分法推算[假设路径]；生育TFR 2023=751→2046=938对齐官方推算[真实数据路径形状]；净迁移总量级对齐官方推算、年龄权重偏劳动年龄[假设]
2037,75-79,退休65+,男,249692.7,24.9693,中,混合,[混合] 基准人口锚点=C&SD表110-01001A年中人口(不含外佣)；2026-2056为队列成分法推算[假设路径]；生育TFR 2023=751→2046=938对齐官方推算[真实数据路径形状]；净迁移总量级对齐官方推算、年龄权重偏劳动年龄[假设]
2037,80-84,退休65+,男,185694.1,18.5694,中,混合,[混合] 基准人口锚点=C&SD表110-01001A年中人口(不含外佣)；2026-2056为队列成分法推算[假设路径]；生育TFR 2023=751→2046=938对齐官方推算[真实数据路径形状]；净迁移总量级对齐官方推算、年龄权重偏劳动年龄[假设]
2037,85+,退休65+,男,190840.3,19.084,中,混合,[混合] 基准人口锚点=C&SD表110-01001A年中人口(不含外佣)；2026-2056为队列成分法推算[假设路径]；生育TFR 2023=751→2046=938对齐官方推算[真实数据路径形状]；净迁移总量级对齐官方推算、年龄权重偏劳动年龄[假设]
2038,0-4,少儿0-14,女,79542.4,7.9542,中,混合,[混合] 基准人口锚点=C&SD表110-01001A年中人口(不含外佣)；2026-2056为队列成分法推算[假设路径]；生育TFR 2023=751→2046=938对齐官方推算[真实数据路径形状]；净迁移总量级对齐官方推算、年龄权重偏劳动年龄[假设]
2038,10-14,少儿0-14,女,87475.1,8.7475,中,混合,[混合] 基准人口锚点=C&SD表110-01001A年中人口(不含外佣)；2026-2056为队列成分法推算[假设路径]；生育TFR 2023=751→2046=938对齐官方推算[真实数据路径形状]；净迁移总量级对齐官方推算、年龄权重偏劳动年龄[假设]
2038,15-19,劳动年龄15-64,女,117730.1,11.773,中,混合,[混合] 基准人口锚点=C&SD表110-01001A年中人口(不含外佣)；2026-2056为队列成分法推算[假设路径]；生育TFR 2023=751→2046=938对齐官方推算[真实数据路径形状]；净迁移总量级对齐官方推算、年龄权重偏劳动年龄[假设]
2038,20-24,劳动年龄15-64,女,159384.8,15.9385,中,混合,[混合] 基准人口锚点=C&SD表110-01001A年中人口(不含外佣)；2026-2056为队列成分法推算[假设路径]；生育TFR 2023=751→2046=938对齐官方推算[真实数据路径形状]；净迁移总量级对齐官方推算、年龄权重偏劳动年龄[假设]
2038,25-29,劳动年龄15-64,女,176869.4,17.6869,中,混合,[混合] 基准人口锚点=C&SD表110-01001A年中人口(不含外佣)；2026-2056为队列成分法推算[假设路径]；生育TFR 2023=751→2046=938对齐官方推算[真实数据路径形状]；净迁移总量级对齐官方推算、年龄权重偏劳动年龄[假设]
2038,30-34,劳动年龄15-64,女,180980.4,18.098,中,混合,[混合] 基准人口锚点=C&SD表110-01001A年中人口(不含外佣)；2026-2056为队列成分法推算[假设路径]；生育TFR 2023=751→2046=938对齐官方推算[真实数据路径形状]；净迁移总量级对齐官方推算、年龄权重偏劳动年龄[假设]
2038,35-39,劳动年龄15-64,女,199790.4,19.979,中,混合,[混合] 基准人口锚点=C&SD表110-01001A年中人口(不含外佣)；2026-2056为队列成分法推算[假设路径]；生育TFR 2023=751→2046=938对齐官方推算[真实数据路径形状]；净迁移总量级对齐官方推算、年龄权重偏劳动年龄[假设]
2038,40-44,劳动年龄15-64,女,240039.6,24.004,中,混合,[混合] 基准人口锚点=C&SD表110-01001A年中人口(不含外佣)；2026-2056为队列成分法推算[假设路径]；生育TFR 2023=751→2046=938对齐官方推算[真实数据路径形状]；净迁移总量级对齐官方推算、年龄权重偏劳动年龄[假设]
2038,45-49,劳动年龄15-64,女,269623.1,26.9623,中,混合,[混合] 基准人口锚点=C&SD表110-01001A年中人口(不含外佣)；2026-2056为队列成分法推算[假设路径]；生育TFR 2023=751→2046=938对齐官方推算[真实数据路径形状]；净迁移总量级对齐官方推算、年龄权重偏劳动年龄[假设]
2038,5-9,少儿0-14,女,84280.6,8.4281,中,混合,[混合] 基准人口锚点=C&SD表110-01001A年中人口(不含外佣)；2026-2056为队列成分法推算[假设路径]；生育TFR 2023=751→2046=938对齐官方推算[真实数据路径形状]；净迁移总量级对齐官方推算、年龄权重偏劳动年龄[假设]
2038,50-54,劳动年龄15-64,女,288576.7,28.8577,中,混合,[混合] 基准人口锚点=C&SD表110-01001A年中人口(不含外佣)；2026-2056为队列成分法推算[假设路径]；生育TFR 2023=751→2046=938对齐官方推算[真实数据路径形状]；净迁移总量级对齐官方推算、年龄权重偏劳动年龄[假设]
2038,55-59,劳动年龄15-64,女,302836.1,30.2836,中,混合,[混合] 基准人口锚点=C&SD表110-01001A年中人口(不含外佣)；2026-2056为队列成分法推算[假设路径]；生育TFR 2023=751→2046=938对齐官方推算[真实数据路径形状]；净迁移总量级对齐官方推算、年龄权重偏劳动年龄[假设]
2038,60-64,劳动年龄15-64,女,316962.5,31.6962,中,混合,[混合] 基准人口锚点=C&SD表110-01001A年中人口(不含外佣)；2026-2056为队列成分法推算[假设路径]；生育TFR 2023=751→2046=938对齐官方推算[真实数据路径形状]；净迁移总量级对齐官方推算、年龄权重偏劳动年龄[假设]
2038,65-69,退休65+,女,319746.7,31.9747,中,混合,[混合] 基准人口锚点=C&SD表110-01001A年中人口(不含外佣)；2026-2056为队列成分法推算[假设路径]；生育TFR 2023=751→2046=938对齐官方推算[真实数据路径形状]；净迁移总量级对齐官方推算、年龄权重偏劳动年龄[假设]
2038,70-74,退休65+,女,323614.1,32.3614,中,混合,[混合] 基准人口锚点=C&SD表110-01001A年中人口(不含外佣)；2026-2056为队列成分法推算[假设路径]；生育TFR 2023=751→2046=938对齐官方推算[真实数据路径形状]；净迁移总量级对齐官方推算、年龄权重偏劳动年龄[假设]
2038,75-79,退休65+,女,301879.6,30.188,中,混合,[混合] 基准人口锚点=C&SD表110-01001A年中人口(不含外佣)；2026-2056为队列成分法推算[假设路径]；生育TFR 2023=751→2046=938对齐官方推算[真实数据路径形状]；净迁移总量级对齐官方推算、年龄权重偏劳动年龄[假设]
2038,80-84,退休65+,女,240666.3,24.0666,中,混合,[混合] 基准人口锚点=C&SD表110-01001A年中人口(不含外佣)；2026-2056为队列成分法推算[假设路径]；生育TFR 2023=751→2046=938对齐官方推算[真实数据路径形状]；净迁移总量级对齐官方推算、年龄权重偏劳动年龄[假设]
2038,85+,退休65+,女,294472.0,29.4472,中,混合,[混合] 基准人口锚点=C&SD表110-01001A年中人口(不含外佣)；2026-2056为队列成分法推算[假设路径]；生育TFR 2023=751→2046=938对齐官方推算[真实数据路径形状]；净迁移总量级对齐官方推算、年龄权重偏劳动年龄[假设]
2038,0-4,少儿0-14,男,83887.4,8.3887,中,混合,[混合] 基准人口锚点=C&SD表110-01001A年中人口(不含外佣)；2026-2056为队列成分法推算[假设路径]；生育TFR 2023=751→2046=938对齐官方推算[真实数据路径形状]；净迁移总量级对齐官方推算、年龄权重偏劳动年龄[假设]
2038,10-14,少儿0-14,男,92552.7,9.2553,中,混合,[混合] 基准人口锚点=C&SD表110-01001A年中人口(不含外佣)；2026-2056为队列成分法推算[假设路径]；生育TFR 2023=751→2046=938对齐官方推算[真实数据路径形状]；净迁移总量级对齐官方推算、年龄权重偏劳动年龄[假设]
2038,15-19,劳动年龄15-64,男,124280.6,12.4281,中,混合,[混合] 基准人口锚点=C&SD表110-01001A年中人口(不含外佣)；2026-2056为队列成分法推算[假设路径]；生育TFR 2023=751→2046=938对齐官方推算[真实数据路径形状]；净迁移总量级对齐官方推算、年龄权重偏劳动年龄[假设]
2038,20-24,劳动年龄15-64,男,167129.7,16.713,中,混合,[混合] 基准人口锚点=C&SD表110-01001A年中人口(不含外佣)；2026-2056为队列成分法推算[假设路径]；生育TFR 2023=751→2046=938对齐官方推算[真实数据路径形状]；净迁移总量级对齐官方推算、年龄权重偏劳动年龄[假设]
2038,25-29,劳动年龄15-64,男,184444.9,18.4445,中,混合,[混合] 基准人口锚点=C&SD表110-01001A年中人口(不含外佣)；2026-2056为队列成分法推算[假设路径]；生育TFR 2023=751→2046=938对齐官方推算[真实数据路径形状]；净迁移总量级对齐官方推算、年龄权重偏劳动年龄[假设]
2038,30-34,劳动年龄15-64,男,183260.8,18.3261,中,混合,[混合] 基准人口锚点=C&SD表110-01001A年中人口(不含外佣)；2026-2056为队列成分法推算[假设路径]；生育TFR 2023=751→2046=938对齐官方推算[真实数据路径形状]；净迁移总量级对齐官方推算、年龄权重偏劳动年龄[假设]
2038,35-39,劳动年龄15-64,男,203682.6,20.3683,中,混合,[混合] 基准人口锚点=C&SD表110-01001A年中人口(不含外佣)；2026-2056为队列成分法推算[假设路径]；生育TFR 2023=751→2046=938对齐官方推算[真实数据路径形状]；净迁移总量级对齐官方推算、年龄权重偏劳动年龄[假设]
2038,40-44,劳动年龄15-64,男,243584.6,24.3585,中,混合,[混合] 基准人口锚点=C&SD表110-01001A年中人口(不含外佣)；2026-2056为队列成分法推算[假设路径]；生育TFR 2023=751→2046=938对齐官方推算[真实数据路径形状]；净迁移总量级对齐官方推算、年龄权重偏劳动年龄[假设]
2038,45-49,劳动年龄15-64,男,262923.4,26.2923,中,混合,[混合] 基准人口锚点=C&SD表110-01001A年中人口(不含外佣)；2026-2056为队列成分法推算[假设路径]；生育TFR 2023=751→2046=938对齐官方推算[真实数据路径形状]；净迁移总量级对齐官方推算、年龄权重偏劳动年龄[假设]
2038,5-9,少儿0-14,男,88262.0,8.8262,中,混合,[混合] 基准人口锚点=C&SD表110-01001A年中人口(不含外佣)；2026-2056为队列成分法推算[假设路径]；生育TFR 2023=751→2046=938对齐官方推算[真实数据路径形状]；净迁移总量级对齐官方推算、年龄权重偏劳动年龄[假设]
2038,50-54,劳动年龄15-64,男,261694.4,26.1694,中,混合,[混合] 基准人口锚点=C&SD表110-01001A年中人口(不含外佣)；2026-2056为队列成分法推算[假设路径]；生育TFR 2023=751→2046=938对齐官方推算[真实数据路径形状]；净迁移总量级对齐官方推算、年龄权重偏劳动年龄[假设]
2038,55-59,劳动年龄15-64,男,252327.4,25.2327,中,混合,[混合] 基准人口锚点=C&SD表110-01001A年中人口(不含外佣)；2026-2056为队列成分法推算[假设路径]；生育TFR 2023=751→2046=938对齐官方推算[真实数据路径形状]；净迁移总量级对齐官方推算、年龄权重偏劳动年龄[假设]
2038,60-64,劳动年龄15-64,男,250739.3,25.0739,中,混合,[混合] 基准人口锚点=C&SD表110-01001A年中人口(不含外佣)；2026-2056为队列成分法推算[假设路径]；生育TFR 2023=751→2046=938对齐官方推算[真实数据路径形状]；净迁移总量级对齐官方推算、年龄权重偏劳动年龄[假设]
2038,65-69,退休65+,男,243698.3,24.3698,中,混合,[混合] 基准人口锚点=C&SD表110-01001A年中人口(不含外佣)；2026-2056为队列成分法推算[假设路径]；生育TFR 2023=751→2046=938对齐官方推算[真实数据路径形状]；净迁移总量级对齐官方推算、年龄权重偏劳动年龄[假设]
2038,70-74,退休65+,男,247939.5,24.7939,中,混合,[混合] 基准人口锚点=C&SD表110-01001A年中人口(不含外佣)；2026-2056为队列成分法推算[假设路径]；生育TFR 2023=751→2046=938对齐官方推算[真实数据路径形状]；净迁移总量级对齐官方推算、年龄权重偏劳动年龄[假设]
2038,75-79,退休65+,男,246864.4,24.6864,中,混合,[混合] 基准人口锚点=C&SD表110-01001A年中人口(不含外佣)；2026-2056为队列成分法推算[假设路径]；生育TFR 2023=751→2046=938对齐官方推算[真实数据路径形状]；净迁移总量级对齐官方推算、年龄权重偏劳动年龄[假设]
2038,80-84,退休65+,男,193998.9,19.3999,中,混合,[混合] 基准人口锚点=C&SD表110-01001A年中人口(不含外佣)；2026-2056为队列成分法推算[假设路径]；生育TFR 2023=751→2046=938对齐官方推算[真实数据路径形状]；净迁移总量级对齐官方推算、年龄权重偏劳动年龄[假设]
2038,85+,退休65+,男,205288.1,20.5288,中,混合,[混合] 基准人口锚点=C&SD表110-01001A年中人口(不含外佣)；2026-2056为队列成分法推算[假设路径]；生育TFR 2023=751→2046=938对齐官方推算[真实数据路径形状]；净迁移总量级对齐官方推算、年龄权重偏劳动年龄[假设]
2039,0-4,少儿0-14,女,79888.1,7.9888,中,混合,[混合] 基准人口锚点=C&SD表110-01001A年中人口(不含外佣)；2026-2056为队列成分法推算[假设路径]；生育TFR 2023=751→2046=938对齐官方推算[真实数据路径形状]；净迁移总量级对齐官方推算、年龄权重偏劳动年龄[假设]
2039,10-14,少儿0-14,女,88443.5,8.8444,中,混合,[混合] 基准人口锚点=C&SD表110-01001A年中人口(不含外佣)；2026-2056为队列成分法推算[假设路径]；生育TFR 2023=751→2046=938对齐官方推算[真实数据路径形状]；净迁移总量级对齐官方推算、年龄权重偏劳动年龄[假设]
2039,15-19,劳动年龄15-64,女,110598.0,11.0598,中,混合,[混合] 基准人口锚点=C&SD表110-01001A年中人口(不含外佣)；2026-2056为队列成分法推算[假设路径]；生育TFR 2023=751→2046=938对齐官方推算[真实数据路径形状]；净迁移总量级对齐官方推算、年龄权重偏劳动年龄[假设]
2039,20-24,劳动年龄15-64,女,155848.9,15.5849,中,混合,[混合] 基准人口锚点=C&SD表110-01001A年中人口(不含外佣)；2026-2056为队列成分法推算[假设路径]；生育TFR 2023=751→2046=938对齐官方推算[真实数据路径形状]；净迁移总量级对齐官方推算、年龄权重偏劳动年龄[假设]
2039,25-29,劳动年龄15-64,女,179251.8,17.9252,中,混合,[混合] 基准人口锚点=C&SD表110-01001A年中人口(不含外佣)；2026-2056为队列成分法推算[假设路径]；生育TFR 2023=751→2046=938对齐官方推算[真实数据路径形状]；净迁移总量级对齐官方推算、年龄权重偏劳动年龄[假设]
2039,30-34,劳动年龄15-64,女,183117.3,18.3117,中,混合,[混合] 基准人口锚点=C&SD表110-01001A年中人口(不含外佣)；2026-2056为队列成分法推算[假设路径]；生育TFR 2023=751→2046=938对齐官方推算[真实数据路径形状]；净迁移总量级对齐官方推算、年龄权重偏劳动年龄[假设]
2039,35-39,劳动年龄15-64,女,197569.7,19.757,中,混合,[混合] 基准人口锚点=C&SD表110-01001A年中人口(不含外佣)；2026-2056为队列成分法推算[假设路径]；生育TFR 2023=751→2046=938对齐官方推算[真实数据路径形状]；净迁移总量级对齐官方推算、年龄权重偏劳动年龄[假设]
2039,40-44,劳动年龄15-64,女,233527.6,23.3528,中,混合,[混合] 基准人口锚点=C&SD表110-01001A年中人口(不含外佣)；2026-2056为队列成分法推算[假设路径]；生育TFR 2023=751→2046=938对齐官方推算[真实数据路径形状]；净迁移总量级对齐官方推算、年龄权重偏劳动年龄[假设]
2039,45-49,劳动年龄15-64,女,268158.5,26.8159,中,混合,[混合] 基准人口锚点=C&SD表110-01001A年中人口(不含外佣)；2026-2056为队列成分法推算[假设路径]；生育TFR 2023=751→2046=938对齐官方推算[真实数据路径形状]；净迁移总量级对齐官方推算、年龄权重偏劳动年龄[假设]
2039,5-9,少儿0-14,女,83899.1,8.3899,中,混合,[混合] 基准人口锚点=C&SD表110-01001A年中人口(不含外佣)；2026-2056为队列成分法推算[假设路径]；生育TFR 2023=751→2046=938对齐官方推算[真实数据路径形状]；净迁移总量级对齐官方推算、年龄权重偏劳动年龄[假设]
2039,50-54,劳动年龄15-64,女,286189.1,28.6189,中,混合,[混合] 基准人口锚点=C&SD表110-01001A年中人口(不含外佣)；2026-2056为队列成分法推算[假设路径]；生育TFR 2023=751→2046=938对齐官方推算[真实数据路径形状]；净迁移总量级对齐官方推算、年龄权重偏劳动年龄[假设]
2039,55-59,劳动年龄15-64,女,302154.5,30.2155,中,混合,[混合] 基准人口锚点=C&SD表110-01001A年中人口(不含外佣)；2026-2056为队列成分法推算[假设路径]；生育TFR 2023=751→2046=938对齐官方推算[真实数据路径形状]；净迁移总量级对齐官方推算、年龄权重偏劳动年龄[假设]
2039,60-64,劳动年龄15-64,女,315074.3,31.5074,中,混合,[混合] 基准人口锚点=C&SD表110-01001A年中人口(不含外佣)；2026-2056为队列成分法推算[假设路径]；生育TFR 2023=751→2046=938对齐官方推算[真实数据路径形状]；净迁移总量级对齐官方推算、年龄权重偏劳动年龄[假设]
2039,65-69,退休65+,女,320088.5,32.0089,中,混合,[混合] 基准人口锚点=C&SD表110-01001A年中人口(不含外佣)；2026-2056为队列成分法推算[假设路径]；生育TFR 2023=751→2046=938对齐官方推算[真实数据路径形状]；净迁移总量级对齐官方推算、年龄权重偏劳动年龄[假设]
2039,70-74,退休65+,女,320028.2,32.0028,中,混合,[混合] 基准人口锚点=C&SD表110-01001A年中人口(不含外佣)；2026-2056为队列成分法推算[假设路径]；生育TFR 2023=751→2046=938对齐官方推算[真实数据路径形状]；净迁移总量级对齐官方推算、年龄权重偏劳动年龄[假设]
2039,75-79,退休65+,女,307378.9,30.7379,中,混合,[混合] 基准人口锚点=C&SD表110-01001A年中人口(不含外佣)；2026-2056为队列成分法推算[假设路径]；生育TFR 2023=751→2046=938对齐官方推算[真实数据路径形状]；净迁移总量级对齐官方推算、年龄权重偏劳动年龄[假设]
2039,80-84,退休65+,女,250415.9,25.0416,中,混合,[混合] 基准人口锚点=C&SD表110-01001A年中人口(不含外佣)；2026-2056为队列成分法推算[假设路径]；生育TFR 2023=751→2046=938对齐官方推算[真实数据路径形状]；净迁移总量级对齐官方推算、年龄权重偏劳动年龄[假设]
2039,85+,退休65+,女,314246.4,31.4246,中,混合,[混合] 基准人口锚点=C&SD表110-01001A年中人口(不含外佣)；2026-2056为队列成分法推算[假设路径]；生育TFR 2023=751→2046=938对齐官方推算[真实数据路径形状]；净迁移总量级对齐官方推算、年龄权重偏劳动年龄[假设]
2039,0-4,少儿0-14,男,84262.0,8.4262,中,混合,[混合] 基准人口锚点=C&SD表110-01001A年中人口(不含外佣)；2026-2056为队列成分法推算[假设路径]；生育TFR 2023=751→2046=938对齐官方推算[真实数据路径形状]；净迁移总量级对齐官方推算、年龄权重偏劳动年龄[假设]
2039,10-14,少儿0-14,男,93070.9,9.3071,中,混合,[混合] 基准人口锚点=C&SD表110-01001A年中人口(不含外佣)；2026-2056为队列成分法推算[假设路径]；生育TFR 2023=751→2046=938对齐官方推算[真实数据路径形状]；净迁移总量级对齐官方推算、年龄权重偏劳动年龄[假设]
2039,15-19,劳动年龄15-64,男,116663.6,11.6664,中,混合,[混合] 基准人口锚点=C&SD表110-01001A年中人口(不含外佣)；2026-2056为队列成分法推算[假设路径]；生育TFR 2023=751→2046=938对齐官方推算[真实数据路径形状]；净迁移总量级对齐官方推算、年龄权重偏劳动年龄[假设]
2039,20-24,劳动年龄15-64,男,163059.7,16.306,中,混合,[混合] 基准人口锚点=C&SD表110-01001A年中人口(不含外佣)；2026-2056为队列成分法推算[假设路径]；生育TFR 2023=751→2046=938对齐官方推算[真实数据路径形状]；净迁移总量级对齐官方推算、年龄权重偏劳动年龄[假设]
2039,25-29,劳动年龄15-64,男,186745.4,18.6745,中,混合,[混合] 基准人口锚点=C&SD表110-01001A年中人口(不含外佣)；2026-2056为队列成分法推算[假设路径]；生育TFR 2023=751→2046=938对齐官方推算[真实数据路径形状]；净迁移总量级对齐官方推算、年龄权重偏劳动年龄[假设]
2039,30-34,劳动年龄15-64,男,186760.1,18.676,中,混合,[混合] 基准人口锚点=C&SD表110-01001A年中人口(不含外佣)；2026-2056为队列成分法推算[假设路径]；生育TFR 2023=751→2046=938对齐官方推算[真实数据路径形状]；净迁移总量级对齐官方推算、年龄权重偏劳动年龄[假设]
2039,35-39,劳动年龄15-64,男,199505.6,19.9506,中,混合,[混合] 基准人口锚点=C&SD表110-01001A年中人口(不含外佣)；2026-2056为队列成分法推算[假设路径]；生育TFR 2023=751→2046=938对齐官方推算[真实数据路径形状]；净迁移总量级对齐官方推算、年龄权重偏劳动年龄[假设]
2039,40-44,劳动年龄15-64,男,237916.8,23.7917,中,混合,[混合] 基准人口锚点=C&SD表110-01001A年中人口(不含外佣)；2026-2056为队列成分法推算[假设路径]；生育TFR 2023=751→2046=938对齐官方推算[真实数据路径形状]；净迁移总量级对齐官方推算、年龄权重偏劳动年龄[假设]
2039,45-49,劳动年龄15-64,男,263689.5,26.369,中,混合,[混合] 基准人口锚点=C&SD表110-01001A年中人口(不含外佣)；2026-2056为队列成分法推算[假设路径]；生育TFR 2023=751→2046=938对齐官方推算[真实数据路径形状]；净迁移总量级对齐官方推算、年龄权重偏劳动年龄[假设]
2039,5-9,少儿0-14,男,87850.5,8.7851,中,混合,[混合] 基准人口锚点=C&SD表110-01001A年中人口(不含外佣)；2026-2056为队列成分法推算[假设路径]；生育TFR 2023=751→2046=938对齐官方推算[真实数据路径形状]；净迁移总量级对齐官方推算、年龄权重偏劳动年龄[假设]
2039,50-54,劳动年龄15-64,男,263818.7,26.3819,中,混合,[混合] 基准人口锚点=C&SD表110-01001A年中人口(不含外佣)；2026-2056为队列成分法推算[假设路径]；生育TFR 2023=751→2046=938对齐官方推算[真实数据路径形状]；净迁移总量级对齐官方推算、年龄权重偏劳动年龄[假设]
2039,55-59,劳动年龄15-64,男,255646.2,25.5646,中,混合,[混合] 基准人口锚点=C&SD表110-01001A年中人口(不含外佣)；2026-2056为队列成分法推算[假设路径]；生育TFR 2023=751→2046=938对齐官方推算[真实数据路径形状]；净迁移总量级对齐官方推算、年龄权重偏劳动年龄[假设]
2039,60-64,劳动年龄15-64,男,250387.9,25.0388,中,混合,[混合] 基准人口锚点=C&SD表110-01001A年中人口(不含外佣)；2026-2056为队列成分法推算[假设路径]；生育TFR 2023=751→2046=938对齐官方推算[真实数据路径形状]；净迁移总量级对齐官方推算、年龄权重偏劳动年龄[假设]
2039,65-69,退休65+,男,245039.6,24.504,中,混合,[混合] 基准人口锚点=C&SD表110-01001A年中人口(不含外佣)；2026-2056为队列成分法推算[假设路径]；生育TFR 2023=751→2046=938对齐官方推算[真实数据路径形状]；净迁移总量级对齐官方推算、年龄权重偏劳动年龄[假设]
2039,70-74,退休65+,男,241772.3,24.1772,中,混合,[混合] 基准人口锚点=C&SD表110-01001A年中人口(不含外佣)；2026-2056为队列成分法推算[假设路径]；生育TFR 2023=751→2046=938对齐官方推算[真实数据路径形状]；净迁移总量级对齐官方推算、年龄权重偏劳动年龄[假设]
2039,75-79,退休65+,男,244478.8,24.4479,中,混合,[混合] 基准人口锚点=C&SD表110-01001A年中人口(不含外佣)；2026-2056为队列成分法推算[假设路径]；生育TFR 2023=751→2046=938对齐官方推算[真实数据路径形状]；净迁移总量级对齐官方推算、年龄权重偏劳动年龄[假设]
2039,80-84,退休65+,男,201971.3,20.1971,中,混合,[混合] 基准人口锚点=C&SD表110-01001A年中人口(不含外佣)；2026-2056为队列成分法推算[假设路径]；生育TFR 2023=751→2046=938对齐官方推算[真实数据路径形状]；净迁移总量级对齐官方推算、年龄权重偏劳动年龄[假设]
2039,85+,退休65+,男,218164.7,21.8165,中,混合,[混合] 基准人口锚点=C&SD表110-01001A年中人口(不含外佣)；2026-2056为队列成分法推算[假设路径]；生育TFR 2023=751→2046=938对齐官方推算[真实数据路径形状]；净迁移总量级对齐官方推算、年龄权重偏劳动年龄[假设]
2040,0-4,少儿0-14,女,80364.3,8.0364,中,混合,[混合] 基准人口锚点=C&SD表110-01001A年中人口(不含外佣)；2026-2056为队列成分法推算[假设路径]；生育TFR 2023=751→2046=938对齐官方推算[真实数据路径形状]；净迁移总量级对齐官方推算、年龄权重偏劳动年龄[假设]
2040,10-14,少儿0-14,女,89094.3,8.9094,中,混合,[混合] 基准人口锚点=C&SD表110-01001A年中人口(不含外佣)；2026-2056为队列成分法推算[假设路径]；生育TFR 2023=751→2046=938对齐官方推算[真实数据路径形状]；净迁移总量级对齐官方推算、年龄权重偏劳动年龄[假设]
2040,15-19,劳动年龄15-64,女,103355.6,10.3356,中,混合,[混合] 基准人口锚点=C&SD表110-01001A年中人口(不含外佣)；2026-2056为队列成分法推算[假设路径]；生育TFR 2023=751→2046=938对齐官方推算[真实数据路径形状]；净迁移总量级对齐官方推算、年龄权重偏劳动年龄[假设]
2040,20-24,劳动年龄15-64,女,152090.8,15.2091,中,混合,[混合] 基准人口锚点=C&SD表110-01001A年中人口(不含外佣)；2026-2056为队列成分法推算[假设路径]；生育TFR 2023=751→2046=938对齐官方推算[真实数据路径形状]；净迁移总量级对齐官方推算、年龄权重偏劳动年龄[假设]
2040,25-29,劳动年龄15-64,女,181077.2,18.1077,中,混合,[混合] 基准人口锚点=C&SD表110-01001A年中人口(不含外佣)；2026-2056为队列成分法推算[假设路径]；生育TFR 2023=751→2046=938对齐官方推算[真实数据路径形状]；净迁移总量级对齐官方推算、年龄权重偏劳动年龄[假设]
2040,30-34,劳动年龄15-64,女,185127.4,18.5127,中,混合,[混合] 基准人口锚点=C&SD表110-01001A年中人口(不含外佣)；2026-2056为队列成分法推算[假设路径]；生育TFR 2023=751→2046=938对齐官方推算[真实数据路径形状]；净迁移总量级对齐官方推算、年龄权重偏劳动年龄[假设]
2040,35-39,劳动年龄15-64,女,195221.7,19.5222,中,混合,[混合] 基准人口锚点=C&SD表110-01001A年中人口(不含外佣)；2026-2056为队列成分法推算[假设路径]；生育TFR 2023=751→2046=938对齐官方推算[真实数据路径形状]；净迁移总量级对齐官方推算、年龄权重偏劳动年龄[假设]
2040,40-44,劳动年龄15-64,女,226895.4,22.6895,中,混合,[混合] 基准人口锚点=C&SD表110-01001A年中人口(不含外佣)；2026-2056为队列成分法推算[假设路径]；生育TFR 2023=751→2046=938对齐官方推算[真实数据路径形状]；净迁移总量级对齐官方推算、年龄权重偏劳动年龄[假设]
2040,45-49,劳动年龄15-64,女,266612.2,26.6612,中,混合,[混合] 基准人口锚点=C&SD表110-01001A年中人口(不含外佣)；2026-2056为队列成分法推算[假设路径]；生育TFR 2023=751→2046=938对齐官方推算[真实数据路径形状]；净迁移总量级对齐官方推算、年龄权重偏劳动年龄[假设]
2040,5-9,少儿0-14,女,83604.1,8.3604,中,混合,[混合] 基准人口锚点=C&SD表110-01001A年中人口(不含外佣)；2026-2056为队列成分法推算[假设路径]；生育TFR 2023=751→2046=938对齐官方推算[真实数据路径形状]；净迁移总量级对齐官方推算、年龄权重偏劳动年龄[假设]
2040,50-54,劳动年龄15-64,女,283781.3,28.3781,中,混合,[混合] 基准人口锚点=C&SD表110-01001A年中人口(不含外佣)；2026-2056为队列成分法推算[假设路径]；生育TFR 2023=751→2046=938对齐官方推算[真实数据路径形状]；净迁移总量级对齐官方推算、年龄权重偏劳动年龄[假设]
2040,55-59,劳动年龄15-64,女,301638.0,30.1638,中,混合,[混合] 基准人口锚点=C&SD表110-01001A年中人口(不含外佣)；2026-2056为队列成分法推算[假设路径]；生育TFR 2023=751→2046=938对齐官方推算[真实数据路径形状]；净迁移总量级对齐官方推算、年龄权重偏劳动年龄[假设]
2040,60-64,劳动年龄15-64,女,313156.4,31.3156,中,混合,[混合] 基准人口锚点=C&SD表110-01001A年中人口(不含外佣)；2026-2056为队列成分法推算[假设路径]；生育TFR 2023=751→2046=938对齐官方推算[真实数据路径形状]；净迁移总量级对齐官方推算、年龄权重偏劳动年龄[假设]
2040,65-69,退休65+,女,320451.5,32.0451,中,混合,[混合] 基准人口锚点=C&SD表110-01001A年中人口(不含外佣)；2026-2056为队列成分法推算[假设路径]；生育TFR 2023=751→2046=938对齐官方推算[真实数据路径形状]；净迁移总量级对齐官方推算、年龄权重偏劳动年龄[假设]
2040,70-74,退休65+,女,316596.5,31.6596,中,混合,[混合] 基准人口锚点=C&SD表110-01001A年中人口(不含外佣)；2026-2056为队列成分法推算[假设路径]；生育TFR 2023=751→2046=938对齐官方推算[真实数据路径形状]；净迁移总量级对齐官方推算、年龄权重偏劳动年龄[假设]
2040,75-79,退休65+,女,313085.2,31.3085,中,混合,[混合] 基准人口锚点=C&SD表110-01001A年中人口(不含外佣)；2026-2056为队列成分法推算[假设路径]；生育TFR 2023=751→2046=938对齐官方推算[真实数据路径形状]；净迁移总量级对齐官方推算、年龄权重偏劳动年龄[假设]
2040,80-84,退休65+,女,259983.1,25.9983,中,混合,[混合] 基准人口锚点=C&SD表110-01001A年中人口(不含外佣)；2026-2056为队列成分法推算[假设路径]；生育TFR 2023=751→2046=938对齐官方推算[真实数据路径形状]；净迁移总量级对齐官方推算、年龄权重偏劳动年龄[假设]
2040,85+,退休65+,女,332533.7,33.2534,中,混合,[混合] 基准人口锚点=C&SD表110-01001A年中人口(不含外佣)；2026-2056为队列成分法推算[假设路径]；生育TFR 2023=751→2046=938对齐官方推算[真实数据路径形状]；净迁移总量级对齐官方推算、年龄权重偏劳动年龄[假设]
2040,0-4,少儿0-14,男,84778.3,8.4778,中,混合,[混合] 基准人口锚点=C&SD表110-01001A年中人口(不含外佣)；2026-2056为队列成分法推算[假设路径]；生育TFR 2023=751→2046=938对齐官方推算[真实数据路径形状]；净迁移总量级对齐官方推算、年龄权重偏劳动年龄[假设]
2040,10-14,少儿0-14,男,93282.0,9.3282,中,混合,[混合] 基准人口锚点=C&SD表110-01001A年中人口(不含外佣)；2026-2056为队列成分法推算[假设路径]；生育TFR 2023=751→2046=938对齐官方推算[真实数据路径形状]；净迁移总量级对齐官方推算、年龄权重偏劳动年龄[假设]
2040,15-19,劳动年龄15-64,男,108940.2,10.894,中,混合,[混合] 基准人口锚点=C&SD表110-01001A年中人口(不含外佣)；2026-2056为队列成分法推算[假设路径]；生育TFR 2023=751→2046=938对齐官方推算[真实数据路径形状]；净迁移总量级对齐官方推算、年龄权重偏劳动年龄[假设]
2040,20-24,劳动年龄15-64,男,158785.1,15.8785,中,混合,[混合] 基准人口锚点=C&SD表110-01001A年中人口(不含外佣)；2026-2056为队列成分法推算[假设路径]；生育TFR 2023=751→2046=938对齐官方推算[真实数据路径形状]；净迁移总量级对齐官方推算、年龄权重偏劳动年龄[假设]
2040,25-29,劳动年龄15-64,男,188534.9,18.8535,中,混合,[混合] 基准人口锚点=C&SD表110-01001A年中人口(不含外佣)；2026-2056为队列成分法推算[假设路径]；生育TFR 2023=751→2046=938对齐官方推算[真实数据路径形状]；净迁移总量级对齐官方推算、年龄权重偏劳动年龄[假设]
2040,30-34,劳动年龄15-64,男,190142.0,19.0142,中,混合,[混合] 基准人口锚点=C&SD表110-01001A年中人口(不含外佣)；2026-2056为队列成分法推算[假设路径]；生育TFR 2023=751→2046=938对齐官方推算[真实数据路径形状]；净迁移总量级对齐官方推算、年龄权重偏劳动年龄[假设]
2040,35-39,劳动年龄15-64,男,195217.8,19.5218,中,混合,[混合] 基准人口锚点=C&SD表110-01001A年中人口(不含外佣)；2026-2056为队列成分法推算[假设路径]；生育TFR 2023=751→2046=938对齐官方推算[真实数据路径形状]；净迁移总量级对齐官方推算、年龄权重偏劳动年龄[假设]
2040,40-44,劳动年龄15-64,男,232149.1,23.2149,中,混合,[混合] 基准人口锚点=C&SD表110-01001A年中人口(不含外佣)；2026-2056为队列成分法推算[假设路径]；生育TFR 2023=751→2046=938对齐官方推算[真实数据路径形状]；净迁移总量级对齐官方推算、年龄权重偏劳动年龄[假设]
2040,45-49,劳动年龄15-64,男,264380.6,26.4381,中,混合,[混合] 基准人口锚点=C&SD表110-01001A年中人口(不含外佣)；2026-2056为队列成分法推算[假设路径]；生育TFR 2023=751→2046=938对齐官方推算[真实数据路径形状]；净迁移总量级对齐官方推算、年龄权重偏劳动年龄[假设]
2040,5-9,少儿0-14,男,87539.3,8.7539,中,混合,[混合] 基准人口锚点=C&SD表110-01001A年中人口(不含外佣)；2026-2056为队列成分法推算[假设路径]；生育TFR 2023=751→2046=938对齐官方推算[真实数据路径形状]；净迁移总量级对齐官方推算、年龄权重偏劳动年龄[假设]
2040,50-54,劳动年龄15-64,男,265936.6,26.5937,中,混合,[混合] 基准人口锚点=C&SD表110-01001A年中人口(不含外佣)；2026-2056为队列成分法推算[假设路径]；生育TFR 2023=751→2046=938对齐官方推算[真实数据路径形状]；净迁移总量级对齐官方推算、年龄权重偏劳动年龄[假设]
2040,55-59,劳动年龄15-64,男,259111.9,25.9112,中,混合,[混合] 基准人口锚点=C&SD表110-01001A年中人口(不含外佣)；2026-2056为队列成分法推算[假设路径]；生育TFR 2023=751→2046=938对齐官方推算[真实数据路径形状]；净迁移总量级对齐官方推算、年龄权重偏劳动年龄[假设]
2040,60-64,劳动年龄15-64,男,250031.9,25.0032,中,混合,[混合] 基准人口锚点=C&SD表110-01001A年中人口(不含外佣)；2026-2056为队列成分法推算[假设路径]；生育TFR 2023=751→2046=938对齐官方推算[真实数据路径形状]；净迁移总量级对齐官方推算、年龄权重偏劳动年龄[假设]
2040,65-69,退休65+,男,246419.6,24.642,中,混合,[混合] 基准人口锚点=C&SD表110-01001A年中人口(不含外佣)；2026-2056为队列成分法推算[假设路径]；生育TFR 2023=751→2046=938对齐官方推算[真实数据路径形状]；净迁移总量级对齐官方推算、年龄权重偏劳动年龄[假设]
2040,70-74,退休65+,男,235864.8,23.5865,中,混合,[混合] 基准人口锚点=C&SD表110-01001A年中人口(不含外佣)；2026-2056为队列成分法推算[假设路径]；生育TFR 2023=751→2046=938对齐官方推算[真实数据路径形状]；净迁移总量级对齐官方推算、年龄权重偏劳动年龄[假设]
2040,75-79,退休65+,男,242528.6,24.2529,中,混合,[混合] 基准人口锚点=C&SD表110-01001A年中人口(不含外佣)；2026-2056为队列成分法推算[假设路径]；生育TFR 2023=751→2046=938对齐官方推算[真实数据路径形状]；净迁移总量级对齐官方推算、年龄权重偏劳动年龄[假设]
2040,80-84,退休65+,男,209628.2,20.9628,中,混合,[混合] 基准人口锚点=C&SD表110-01001A年中人口(不含外佣)；2026-2056为队列成分法推算[假设路径]；生育TFR 2023=751→2046=938对齐官方推算[真实数据路径形状]；净迁移总量级对齐官方推算、年龄权重偏劳动年龄[假设]
2040,85+,退休65+,男,229628.7,22.9629,中,混合,[混合] 基准人口锚点=C&SD表110-01001A年中人口(不含外佣)；2026-2056为队列成分法推算[假设路径]；生育TFR 2023=751→2046=938对齐官方推算[真实数据路径形状]；净迁移总量级对齐官方推算、年龄权重偏劳动年龄[假设]
2041,0-4,少儿0-14,女,80957.2,8.0957,中,混合,[混合] 基准人口锚点=C&SD表110-01001A年中人口(不含外佣)；2026-2056为队列成分法推算[假设路径]；生育TFR 2023=751→2046=938对齐官方推算[真实数据路径形状]；净迁移总量级对齐官方推算、年龄权重偏劳动年龄[假设]
2041,10-14,少儿0-14,女,89425.5,8.9426,中,混合,[混合] 基准人口锚点=C&SD表110-01001A年中人口(不含外佣)；2026-2056为队列成分法推算[假设路径]；生育TFR 2023=751→2046=938对齐官方推算[真实数据路径形状]；净迁移总量级对齐官方推算、年龄权重偏劳动年龄[假设]
2041,15-19,劳动年龄15-64,女,96041.3,9.6041,中,混合,[混合] 基准人口锚点=C&SD表110-01001A年中人口(不含外佣)；2026-2056为队列成分法推算[假设路径]；生育TFR 2023=751→2046=938对齐官方推算[真实数据路径形状]；净迁移总量级对齐官方推算、年龄权重偏劳动年龄[假设]
2041,20-24,劳动年龄15-64,女,148110.5,14.811,中,混合,[混合] 基准人口锚点=C&SD表110-01001A年中人口(不含外佣)；2026-2056为队列成分法推算[假设路径]；生育TFR 2023=751→2046=938对齐官方推算[真实数据路径形状]；净迁移总量级对齐官方推算、年龄权重偏劳动年龄[假设]
2041,25-29,劳动年龄15-64,女,182326.9,18.2327,中,混合,[混合] 基准人口锚点=C&SD表110-01001A年中人口(不含外佣)；2026-2056为队列成分法推算[假设路径]；生育TFR 2023=751→2046=938对齐官方推算[真实数据路径形状]；净迁移总量级对齐官方推算、年龄权重偏劳动年龄[假设]
2041,30-34,劳动年龄15-64,女,187010.7,18.7011,中,混合,[混合] 基准人口锚点=C&SD表110-01001A年中人口(不含外佣)；2026-2056为队列成分法推算[假设路径]；生育TFR 2023=751→2046=938对齐官方推算[真实数据路径形状]；净迁移总量级对齐官方推算、年龄权重偏劳动年龄[假设]
2041,35-39,劳动年龄15-64,女,192746.4,19.2746,中,混合,[混合] 基准人口锚点=C&SD表110-01001A年中人口(不含外佣)；2026-2056为队列成分法推算[假设路径]；生育TFR 2023=751→2046=938对齐官方推算[真实数据路径形状]；净迁移总量级对齐官方推算、年龄权重偏劳动年龄[假设]
2041,40-44,劳动年龄15-64,女,220142.9,22.0143,中,混合,[混合] 基准人口锚点=C&SD表110-01001A年中人口(不含外佣)；2026-2056为队列成分法推算[假设路径]；生育TFR 2023=751→2046=938对齐官方推算[真实数据路径形状]；净迁移总量级对齐官方推算、年龄权重偏劳动年龄[假设]
2041,45-49,劳动年龄15-64,女,264965.0,26.4965,中,混合,[混合] 基准人口锚点=C&SD表110-01001A年中人口(不含外佣)；2026-2056为队列成分法推算[假设路径]；生育TFR 2023=751→2046=938对齐官方推算[真实数据路径形状]；净迁移总量级对齐官方推算、年龄权重偏劳动年龄[假设]
2041,5-9,少儿0-14,女,83398.5,8.3399,中,混合,[混合] 基准人口锚点=C&SD表110-01001A年中人口(不含外佣)；2026-2056为队列成分法推算[假设路径]；生育TFR 2023=751→2046=938对齐官方推算[真实数据路径形状]；净迁移总量级对齐官方推算、年龄权重偏劳动年龄[假设]
2041,50-54,劳动年龄15-64,女,281353.4,28.1353,中,混合,[混合] 基准人口锚点=C&SD表110-01001A年中人口(不含外佣)；2026-2056为队列成分法推算[假设路径]；生育TFR 2023=751→2046=938对齐官方推算[真实数据路径形状]；净迁移总量级对齐官方推算、年龄权重偏劳动年龄[假设]
2041,55-59,劳动年龄15-64,女,301295.2,30.1295,中,混合,[混合] 基准人口锚点=C&SD表110-01001A年中人口(不含外佣)；2026-2056为队列成分法推算[假设路径]；生育TFR 2023=751→2046=938对齐官方推算[真实数据路径形状]；净迁移总量级对齐官方推算、年龄权重偏劳动年龄[假设]
2041,60-64,劳动年龄15-64,女,311208.4,31.1208,中,混合,[混合] 基准人口锚点=C&SD表110-01001A年中人口(不含外佣)；2026-2056为队列成分法推算[假设路径]；生育TFR 2023=751→2046=938对齐官方推算[真实数据路径形状]；净迁移总量级对齐官方推算、年龄权重偏劳动年龄[假设]
2041,65-69,退休65+,女,320813.2,32.0813,中,混合,[混合] 基准人口锚点=C&SD表110-01001A年中人口(不含外佣)；2026-2056为队列成分法推算[假设路径]；生育TFR 2023=751→2046=938对齐官方推算[真实数据路径形状]；净迁移总量级对齐官方推算、年龄权重偏劳动年龄[假设]
2041,70-74,退休65+,女,313317.3,31.3317,中,混合,[混合] 基准人口锚点=C&SD表110-01001A年中人口(不含外佣)；2026-2056为队列成分法推算[假设路径]；生育TFR 2023=751→2046=938对齐官方推算[真实数据路径形状]；净迁移总量级对齐官方推算、年龄权重偏劳动年龄[假设]
2041,75-79,退休65+,女,319005.9,31.9006,中,混合,[混合] 基准人口锚点=C&SD表110-01001A年中人口(不含外佣)；2026-2056为队列成分法推算[假设路径]；生育TFR 2023=751→2046=938对齐官方推算[真实数据路径形状]；净迁移总量级对齐官方推算、年龄权重偏劳动年龄[假设]
2041,80-84,退休65+,女,269374.7,26.9375,中,混合,[混合] 基准人口锚点=C&SD表110-01001A年中人口(不含外佣)；2026-2056为队列成分法推算[假设路径]；生育TFR 2023=751→2046=938对齐官方推算[真实数据路径形状]；净迁移总量级对齐官方推算、年龄权重偏劳动年龄[假设]
2041,85+,退休65+,女,349459.6,34.946,中,混合,[混合] 基准人口锚点=C&SD表110-01001A年中人口(不含外佣)；2026-2056为队列成分法推算[假设路径]；生育TFR 2023=751→2046=938对齐官方推算[真实数据路径形状]；净迁移总量级对齐官方推算、年龄权重偏劳动年龄[假设]
2041,0-4,少儿0-14,男,85419.9,8.542,中,混合,[混合] 基准人口锚点=C&SD表110-01001A年中人口(不含外佣)；2026-2056为队列成分法推算[假设路径]；生育TFR 2023=751→2046=938对齐官方推算[真实数据路径形状]；净迁移总量级对齐官方推算、年龄权重偏劳动年龄[假设]
2041,10-14,少儿0-14,男,93184.6,9.3185,中,混合,[混合] 基准人口锚点=C&SD表110-01001A年中人口(不含外佣)；2026-2056为队列成分法推算[假设路径]；生育TFR 2023=751→2046=938对齐官方推算[真实数据路径形状]；净迁移总量级对齐官方推算、年龄权重偏劳动年龄[假设]
2041,15-19,劳动年龄15-64,男,101145.7,10.1146,中,混合,[混合] 基准人口锚点=C&SD表110-01001A年中人口(不含外佣)；2026-2056为队列成分法推算[假设路径]；生育TFR 2023=751→2046=938对齐官方推算[真实数据路径形状]；净迁移总量级对齐官方推算、年龄权重偏劳动年龄[假设]
2041,20-24,劳动年龄15-64,男,154306.0,15.4306,中,混合,[混合] 基准人口锚点=C&SD表110-01001A年中人口(不含外佣)；2026-2056为队列成分法推算[假设路径]；生育TFR 2023=751→2046=938对齐官方推算[真实数据路径形状]；净迁移总量级对齐官方推算、年龄权重偏劳动年龄[假设]
2041,25-29,劳动年龄15-64,男,189796.6,18.9797,中,混合,[混合] 基准人口锚点=C&SD表110-01001A年中人口(不含外佣)；2026-2056为队列成分法推算[假设路径]；生育TFR 2023=751→2046=938对齐官方推算[真实数据路径形状]；净迁移总量级对齐官方推算、年龄权重偏劳动年龄[假设]
2041,30-34,劳动年龄15-64,男,193406.5,19.3407,中,混合,[混合] 基准人口锚点=C&SD表110-01001A年中人口(不含外佣)；2026-2056为队列成分法推算[假设路径]；生育TFR 2023=751→2046=938对齐官方推算[真实数据路径形状]；净迁移总量级对齐官方推算、年龄权重偏劳动年龄[假设]
2041,35-39,劳动年龄15-64,男,190819.4,19.0819,中,混合,[混合] 基准人口锚点=C&SD表110-01001A年中人口(不含外佣)；2026-2056为队列成分法推算[假设路径]；生育TFR 2023=751→2046=938对齐官方推算[真实数据路径形状]；净迁移总量级对齐官方推算、年龄权重偏劳动年龄[假设]
2041,40-44,劳动年龄15-64,男,226281.3,22.6281,中,混合,[混合] 基准人口锚点=C&SD表110-01001A年中人口(不含外佣)；2026-2056为队列成分法推算[假设路径]；生育TFR 2023=751→2046=938对齐官方推算[真实数据路径形状]；净迁移总量级对齐官方推算、年龄权重偏劳动年龄[假设]
2041,45-49,劳动年龄15-64,男,264979.2,26.4979,中,混合,[混合] 基准人口锚点=C&SD表110-01001A年中人口(不含外佣)；2026-2056为队列成分法推算[假设路径]；生育TFR 2023=751→2046=938对齐官方推算[真实数据路径形状]；净迁移总量级对齐官方推算、年龄权重偏劳动年龄[假设]
2041,5-9,少儿0-14,男,87331.3,8.7331,中,混合,[混合] 基准人口锚点=C&SD表110-01001A年中人口(不含外佣)；2026-2056为队列成分法推算[假设路径]；生育TFR 2023=751→2046=938对齐官方推算[真实数据路径形状]；净迁移总量级对齐官方推算、年龄权重偏劳动年龄[假设]
2041,50-54,劳动年龄15-64,男,268047.9,26.8048,中,混合,[混合] 基准人口锚点=C&SD表110-01001A年中人口(不含外佣)；2026-2056为队列成分法推算[假设路径]；生育TFR 2023=751→2046=938对齐官方推算[真实数据路径形状]；净迁移总量级对齐官方推算、年龄权重偏劳动年龄[假设]
2041,55-59,劳动年龄15-64,男,262732.1,26.2732,中,混合,[混合] 基准人口锚点=C&SD表110-01001A年中人口(不含外佣)；2026-2056为队列成分法推算[假设路径]；生育TFR 2023=751→2046=938对齐官方推算[真实数据路径形状]；净迁移总量级对齐官方推算、年龄权重偏劳动年龄[假设]
2041,60-64,劳动年龄15-64,男,249670.9,24.9671,中,混合,[混合] 基准人口锚点=C&SD表110-01001A年中人口(不含外佣)；2026-2056为队列成分法推算[假设路径]；生育TFR 2023=751→2046=938对齐官方推算[真实数据路径形状]；净迁移总量级对齐官方推算、年龄权重偏劳动年龄[假设]
2041,65-69,退休65+,男,247817.5,24.7817,中,混合,[混合] 基准人口锚点=C&SD表110-01001A年中人口(不含外佣)；2026-2056为队列成分法推算[假设路径]；生育TFR 2023=751→2046=938对齐官方推算[真实数据路径形状]；净迁移总量级对齐官方推算、年龄权重偏劳动年龄[假设]
2041,70-74,退休65+,男,230210.0,23.021,中,混合,[混合] 基准人口锚点=C&SD表110-01001A年中人口(不含外佣)；2026-2056为队列成分法推算[假设路径]；生育TFR 2023=751→2046=938对齐官方推算[真实数据路径形状]；净迁移总量级对齐官方推算、年龄权重偏劳动年龄[假设]
2041,75-79,退休65+,男,241007.3,24.1007,中,混合,[混合] 基准人口锚点=C&SD表110-01001A年中人口(不含外佣)；2026-2056为队列成分法推算[假设路径]；生育TFR 2023=751→2046=938对齐官方推算[真实数据路径形状]；净迁移总量级对齐官方推算、年龄权重偏劳动年龄[假设]
2041,80-84,退休65+,男,216985.5,21.6986,中,混合,[混合] 基准人口锚点=C&SD表110-01001A年中人口(不含外佣)；2026-2056为队列成分法推算[假设路径]；生育TFR 2023=751→2046=938对齐官方推算[真实数据路径形状]；净迁移总量级对齐官方推算、年龄权重偏劳动年龄[假设]
2041,85+,退休65+,男,239822.8,23.9823,中,混合,[混合] 基准人口锚点=C&SD表110-01001A年中人口(不含外佣)；2026-2056为队列成分法推算[假设路径]；生育TFR 2023=751→2046=938对齐官方推算[真实数据路径形状]；净迁移总量级对齐官方推算、年龄权重偏劳动年龄[假设]
2042,0-4,少儿0-14,女,81651.7,8.1652,中,混合,[混合] 基准人口锚点=C&SD表110-01001A年中人口(不含外佣)；2026-2056为队列成分法推算[假设路径]；生育TFR 2023=751→2046=938对齐官方推算[真实数据路径形状]；净迁移总量级对齐官方推算、年龄权重偏劳动年龄[假设]
2042,10-14,少儿0-14,女,88718.1,8.8718,中,混合,[混合] 基准人口锚点=C&SD表110-01001A年中人口(不含外佣)；2026-2056为队列成分法推算[假设路径]；生育TFR 2023=751→2046=938对齐官方推算[真实数据路径形状]；净迁移总量级对齐官方推算、年龄权重偏劳动年龄[假设]
2042,15-19,劳动年龄15-64,女,97182.2,9.7182,中,混合,[混合] 基准人口锚点=C&SD表110-01001A年中人口(不含外佣)；2026-2056为队列成分法推算[假设路径]；生育TFR 2023=751→2046=938对齐官方推算[真实数据路径形状]；净迁移总量级对齐官方推算、年龄权重偏劳动年龄[假设]
2042,20-24,劳动年龄15-64,女,140667.8,14.0668,中,混合,[混合] 基准人口锚点=C&SD表110-01001A年中人口(不含外佣)；2026-2056为队列成分法推算[假设路径]；生育TFR 2023=751→2046=938对齐官方推算[真实数据路径形状]；净迁移总量级对齐官方推算、年龄权重偏劳动年龄[假设]
2042,25-29,劳动年龄15-64,女,178590.4,17.859,中,混合,[混合] 基准人口锚点=C&SD表110-01001A年中人口(不含外佣)；2026-2056为队列成分法推算[假设路径]；生育TFR 2023=751→2046=938对齐官方推算[真实数据路径形状]；净迁移总量级对齐官方推算、年龄权重偏劳动年龄[假设]
2042,30-34,劳动年龄15-64,女,189801.0,18.9801,中,混合,[混合] 基准人口锚点=C&SD表110-01001A年中人口(不含外佣)；2026-2056为队列成分法推算[假设路径]；生育TFR 2023=751→2046=938对齐官方推算[真实数据路径形状]；净迁移总量级对齐官方推算、年龄权重偏劳动年龄[假设]
2042,35-39,劳动年龄15-64,女,194487.6,19.4488,中,混合,[混合] 基准人口锚点=C&SD表110-01001A年中人口(不含外佣)；2026-2056为队列成分法推算[假设路径]；生育TFR 2023=751→2046=938对齐官方推算[真实数据路径形状]；净迁移总量级对齐官方推算、年龄权重偏劳动年龄[假设]
2042,40-44,劳动年龄15-64,女,217535.3,21.7535,中,混合,[混合] 基准人口锚点=C&SD表110-01001A年中人口(不含外佣)；2026-2056为队列成分法推算[假设路径]；生育TFR 2023=751→2046=938对齐官方推算[真实数据路径形状]；净迁移总量级对齐官方推算、年龄权重偏劳动年龄[假设]
2042,45-49,劳动年龄15-64,女,258209.4,25.8209,中,混合,[混合] 基准人口锚点=C&SD表110-01001A年中人口(不含外佣)；2026-2056为队列成分法推算[假设路径]；生育TFR 2023=751→2046=938对齐官方推算[真实数据路径形状]；净迁移总量级对齐官方推算、年龄权重偏劳动年龄[假设]
2042,5-9,少儿0-14,女,83284.6,8.3285,中,混合,[混合] 基准人口锚点=C&SD表110-01001A年中人口(不含外佣)；2026-2056为队列成分法推算[假设路径]；生育TFR 2023=751→2046=938对齐官方推算[真实数据路径形状]；净迁移总量级对齐官方推算、年龄权重偏劳动年龄[假设]
2042,50-54,劳动年龄15-64,女,279608.7,27.9609,中,混合,[混合] 基准人口锚点=C&SD表110-01001A年中人口(不含外佣)；2026-2056为队列成分法推算[假设路径]；生育TFR 2023=751→2046=938对齐官方推算[真实数据路径形状]；净迁移总量级对齐官方推算、年龄权重偏劳动年龄[假设]
2042,55-59,劳动年龄15-64,女,298582.1,29.8582,中,混合,[混合] 基准人口锚点=C&SD表110-01001A年中人口(不含外佣)；2026-2056为队列成分法推算[假设路径]；生育TFR 2023=751→2046=938对齐官方推算[真实数据路径形状]；净迁移总量级对齐官方推算、年龄权重偏劳动年龄[假设]
2042,60-64,劳动年龄15-64,女,309860.4,30.986,中,混合,[混合] 基准人口锚点=C&SD表110-01001A年中人口(不含外佣)；2026-2056为队列成分法推算[假设路径]；生育TFR 2023=751→2046=938对齐官方推算[真实数据路径形状]；净迁移总量级对齐官方推算、年龄权重偏劳动年龄[假设]
2042,65-69,退休65+,女,318820.3,31.882,中,混合,[混合] 基准人口锚点=C&SD表110-01001A年中人口(不含外佣)；2026-2056为队列成分法推算[假设路径]；生育TFR 2023=751→2046=938对齐官方推算[真实数据路径形状]；净迁移总量级对齐官方推算、年龄权重偏劳动年龄[假设]
2042,70-74,退休65+,女,313482.9,31.3483,中,混合,[混合] 基准人口锚点=C&SD表110-01001A年中人口(不含外佣)；2026-2056为队列成分法推算[假设路径]；生育TFR 2023=751→2046=938对齐官方推算[真实数据路径形状]；净迁移总量级对齐官方推算、年龄权重偏劳动年龄[假设]
2042,75-79,退休65+,女,315239.5,31.5239,中,混合,[混合] 基准人口锚点=C&SD表110-01001A年中人口(不含外佣)；2026-2056为队列成分法推算[假设路径]；生育TFR 2023=751→2046=938对齐官方推算[真实数据路径形状]；净迁移总量级对齐官方推算、年龄权重偏劳动年龄[假设]
2042,80-84,退休65+,女,274261.8,27.4262,中,混合,[混合] 基准人口锚点=C&SD表110-01001A年中人口(不含外佣)；2026-2056为队列成分法推算[假设路径]；生育TFR 2023=751→2046=938对齐官方推算[真实数据路径形状]；净迁移总量级对齐官方推算、年龄权重偏劳动年龄[假设]
2042,85+,退休65+,女,374845.7,37.4846,中,混合,[混合] 基准人口锚点=C&SD表110-01001A年中人口(不含外佣)；2026-2056为队列成分法推算[假设路径]；生育TFR 2023=751→2046=938对齐官方推算[真实数据路径形状]；净迁移总量级对齐官方推算、年龄权重偏劳动年龄[假设]
2042,0-4,少儿0-14,男,86169.0,8.6169,中,混合,[混合] 基准人口锚点=C&SD表110-01001A年中人口(不含外佣)；2026-2056为队列成分法推算[假设路径]；生育TFR 2023=751→2046=938对齐官方推算[真实数据路径形状]；净迁移总量级对齐官方推算、年龄权重偏劳动年龄[假设]
2042,10-14,少儿0-14,男,92433.0,9.2433,中,混合,[混合] 基准人口锚点=C&SD表110-01001A年中人口(不含外佣)；2026-2056为队列成分法推算[假设路径]；生育TFR 2023=751→2046=938对齐官方推算[真实数据路径形状]；净迁移总量级对齐官方推算、年龄权重偏劳动年龄[假设]
2042,15-19,劳动年龄15-64,男,101853.0,10.1853,中,混合,[混合] 基准人口锚点=C&SD表110-01001A年中人口(不含外佣)；2026-2056为队列成分法推算[假设路径]；生育TFR 2023=751→2046=938对齐官方推算[真实数据路径形状]；净迁移总量级对齐官方推算、年龄权重偏劳动年龄[假设]
2042,20-24,劳动年龄15-64,男,146416.0,14.6416,中,混合,[混合] 基准人口锚点=C&SD表110-01001A年中人口(不含外佣)；2026-2056为队列成分法推算[假设路径]；生育TFR 2023=751→2046=938对齐官方推算[真实数据路径形状]；净迁移总量级对齐官方推算、年龄权重偏劳动年龄[假设]
2042,25-29,劳动年龄15-64,男,185543.7,18.5544,中,混合,[混合] 基准人口锚点=C&SD表110-01001A年中人口(不含外佣)；2026-2056为队列成分法推算[假设路径]；生育TFR 2023=751→2046=938对齐官方推算[真实数据路径形状]；净迁移总量级对齐官方推算、年龄权重偏劳动年龄[假设]
2042,30-34,劳动年龄15-64,男,196076.5,19.6076,中,混合,[混合] 基准人口锚点=C&SD表110-01001A年中人口(不含外佣)；2026-2056为队列成分法推算[假设路径]；生育TFR 2023=751→2046=938对齐官方推算[真实数据路径形状]；净迁移总量级对齐官方推算、年龄权重偏劳动年龄[假设]
2042,35-39,劳动年龄15-64,男,193951.2,19.3951,中,混合,[混合] 基准人口锚点=C&SD表110-01001A年中人口(不含外佣)；2026-2056为队列成分法推算[假设路径]；生育TFR 2023=751→2046=938对齐官方推算[真实数据路径形状]；净迁移总量级对齐官方推算、年龄权重偏劳动年龄[假设]
2042,40-44,劳动年龄15-64,男,221746.0,22.1746,中,混合,[混合] 基准人口锚点=C&SD表110-01001A年中人口(不含外佣)；2026-2056为队列成分法推算[假设路径]；生育TFR 2023=751→2046=938对齐官方推算[真实数据路径形状]；净迁移总量级对齐官方推算、年龄权重偏劳动年龄[假设]
2042,45-49,劳动年龄15-64,男,259090.0,25.909,中,混合,[混合] 基准人口锚点=C&SD表110-01001A年中人口(不含外佣)；2026-2056为队列成分法推算[假设路径]；生育TFR 2023=751→2046=938对齐官方推算[真实数据路径形状]；净迁移总量级对齐官方推算、年龄权重偏劳动年龄[假设]
2042,5-9,少儿0-14,男,87229.1,8.7229,中,混合,[混合] 基准人口锚点=C&SD表110-01001A年中人口(不含外佣)；2026-2056为队列成分法推算[假设路径]；生育TFR 2023=751→2046=938对齐官方推算[真实数据路径形状]；净迁移总量级对齐官方推算、年龄权重偏劳动年龄[假设]
2042,50-54,劳动年龄15-64,男,268554.9,26.8555,中,混合,[混合] 基准人口锚点=C&SD表110-01001A年中人口(不含外佣)；2026-2056为队列成分法推算[假设路径]；生育TFR 2023=751→2046=938对齐官方推算[真实数据路径形状]；净迁移总量级对齐官方推算、年龄权重偏劳动年龄[假设]
2042,55-59,劳动年龄15-64,男,264504.3,26.4504,中,混合,[混合] 基准人口锚点=C&SD表110-01001A年中人口(不含外佣)；2026-2056为队列成分法推算[假设路径]；生育TFR 2023=751→2046=938对齐官方推算[真实数据路径形状]；净迁移总量级对齐官方推算、年龄权重偏劳动年龄[假设]
2042,60-64,劳动年龄15-64,男,252341.1,25.2341,中,混合,[混合] 基准人口锚点=C&SD表110-01001A年中人口(不含外佣)；2026-2056为队列成分法推算[假设路径]；生育TFR 2023=751→2046=938对齐官方推算[真实数据路径形状]；净迁移总量级对齐官方推算、年龄权重偏劳动年龄[假设]
2042,65-69,退休65+,男,247353.8,24.7354,中,混合,[混合] 基准人口锚点=C&SD表110-01001A年中人口(不含外佣)；2026-2056为队列成分法推算[假设路径]；生育TFR 2023=751→2046=938对齐官方推算[真实数据路径形状]；净迁移总量级对齐官方推算、年龄权重偏劳动年龄[假设]
2042,70-74,退休65+,男,231372.4,23.1372,中,混合,[混合] 基准人口锚点=C&SD表110-01001A年中人口(不含外佣)；2026-2056为队列成分法推算[假设路径]；生育TFR 2023=751→2046=938对齐官方推算[真实数据路径形状]；净迁移总量级对齐官方推算、年龄权重偏劳动年龄[假设]
2042,75-79,退休65+,男,234896.4,23.4896,中,混合,[混合] 基准人口锚点=C&SD表110-01001A年中人口(不含外佣)；2026-2056为队列成分法推算[假设路径]；生育TFR 2023=751→2046=938对齐官方推算[真实数据路径形状]；净迁移总量级对齐官方推算、年龄权重偏劳动年龄[假设]
2042,80-84,退休65+,男,214300.9,21.4301,中,混合,[混合] 基准人口锚点=C&SD表110-01001A年中人口(不含外佣)；2026-2056为队列成分法推算[假设路径]；生育TFR 2023=751→2046=938对齐官方推算[真实数据路径形状]；净迁移总量级对齐官方推算、年龄权重偏劳动年龄[假设]
2042,85+,退休65+,男,257267.9,25.7268,中,混合,[混合] 基准人口锚点=C&SD表110-01001A年中人口(不含外佣)；2026-2056为队列成分法推算[假设路径]；生育TFR 2023=751→2046=938对齐官方推算[真实数据路径形状]；净迁移总量级对齐官方推算、年龄权重偏劳动年龄[假设]
2043,0-4,少儿0-14,女,82273.3,8.2273,中,混合,[混合] 基准人口锚点=C&SD表110-01001A年中人口(不含外佣)；2026-2056为队列成分法推算[假设路径]；生育TFR 2023=751→2046=938对齐官方推算[真实数据路径形状]；净迁移总量级对齐官方推算、年龄权重偏劳动年龄[假设]
2043,10-14,少儿0-14,女,88091.2,8.8091,中,混合,[混合] 基准人口锚点=C&SD表110-01001A年中人口(不含外佣)；2026-2056为队列成分法推算[假设路径]；生育TFR 2023=751→2046=938对齐官方推算[真实数据路径形状]；净迁移总量级对齐官方推算、年龄权重偏劳动年龄[假设]
2043,15-19,劳动年龄15-64,女,98010.8,9.8011,中,混合,[混合] 基准人口锚点=C&SD表110-01001A年中人口(不含外佣)；2026-2056为队列成分法推算[假设路径]；生育TFR 2023=751→2046=938对齐官方推算[真实数据路径形状]；净迁移总量级对齐官方推算、年龄权重偏劳动年龄[假设]
2043,20-24,劳动年龄15-64,女,133039.0,13.3039,中,混合,[混合] 基准人口锚点=C&SD表110-01001A年中人口(不含外佣)；2026-2056为队列成分法推算[假设路径]；生育TFR 2023=751→2046=938对齐官方推算[真实数据路径形状]；净迁移总量级对齐官方推算、年龄权重偏劳动年龄[假设]
2043,25-29,劳动年龄15-64,女,174631.8,17.4632,中,混合,[混合] 基准人口锚点=C&SD表110-01001A年中人口(不含外佣)；2026-2056为队列成分法推算[假设路径]；生育TFR 2023=751→2046=938对齐官方推算[真实数据路径形状]；净迁移总量级对齐官方推算、年龄权重偏劳动年龄[假设]
2043,30-34,劳动年龄15-64,女,192071.9,19.2072,中,混合,[混合] 基准人口锚点=C&SD表110-01001A年中人口(不含外佣)；2026-2056为队列成分法推算[假设路径]；生育TFR 2023=751→2046=938对齐官方推算[真实数据路径形状]；净迁移总量级对齐官方推算、年龄权重偏劳动年龄[假设]
2043,35-39,劳动年龄15-64,女,196102.1,19.6102,中,混合,[混合] 基准人口锚点=C&SD表110-01001A年中人口(不含外佣)；2026-2056为队列成分法推算[假设路径]；生育TFR 2023=751→2046=938对齐官方推算[真实数据路径形状]；净迁移总量级对齐官方推算、年龄权重偏劳动年龄[假设]
2043,40-44,劳动年龄15-64,女,214800.9,21.4801,中,混合,[混合] 基准人口锚点=C&SD表110-01001A年中人口(不含外佣)；2026-2056为队列成分法推算[假设路径]；生育TFR 2023=751→2046=938对齐官方推算[真实数据路径形状]；净迁移总量级对齐官方推算、年龄权重偏劳动年龄[假设]
2043,45-49,劳动年龄15-64,女,251337.8,25.1338,中,混合,[混合] 基准人口锚点=C&SD表110-01001A年中人口(不含外佣)；2026-2056为队列成分法推算[假设路径]；生育TFR 2023=751→2046=938对齐官方推算[真实数据路径形状]；净迁移总量级对齐官方推算、年龄权重偏劳动年龄[假设]
2043,5-9,少儿0-14,女,83325.7,8.3326,中,混合,[混合] 基准人口锚点=C&SD表110-01001A年中人口(不含外佣)；2026-2056为队列成分法推算[假设路径]；生育TFR 2023=751→2046=938对齐官方推算[真实数据路径形状]；净迁移总量级对齐官方推算、年龄权重偏劳动年龄[假设]
2043,50-54,劳动年龄15-64,女,277822.9,27.7823,中,混合,[混合] 基准人口锚点=C&SD表110-01001A年中人口(不含外佣)；2026-2056为队列成分法推算[假设路径]；生育TFR 2023=751→2046=938对齐官方推算[真实数据路径形状]；净迁移总量级对齐官方推算、年龄权重偏劳动年龄[假设]
2043,55-59,劳动年龄15-64,女,295852.1,29.5852,中,混合,[混合] 基准人口锚点=C&SD表110-01001A年中人口(不含外佣)；2026-2056为队列成分法推算[假设路径]；生育TFR 2023=751→2046=938对齐官方推算[真实数据路径形状]；净迁移总量级对齐官方推算、年龄权重偏劳动年龄[假设]
2043,60-64,劳动年龄15-64,女,308661.9,30.8662,中,混合,[混合] 基准人口锚点=C&SD表110-01001A年中人口(不含外佣)；2026-2056为队列成分法推算[假设路径]；生育TFR 2023=751→2046=938对齐官方推算[真实数据路径形状]；净迁移总量级对齐官方推算、年龄权重偏劳动年龄[假设]
2043,65-69,退休65+,女,316802.6,31.6803,中,混合,[混合] 基准人口锚点=C&SD表110-01001A年中人口(不含外佣)；2026-2056为队列成分法推算[假设路径]；生育TFR 2023=751→2046=938对齐官方推算[真实数据路径形状]；净迁移总量级对齐官方推算、年龄权重偏劳动年龄[假设]
2043,70-74,退休65+,女,313716.7,31.3717,中,混合,[混合] 基准人口锚点=C&SD表110-01001A年中人口(不含外佣)；2026-2056为队列成分法推算[假设路径]；生育TFR 2023=751→2046=938对齐官方推算[真实数据路径形状]；净迁移总量级对齐官方推算、年龄权重偏劳动年龄[假设]
2043,75-79,退休65+,女,311642.3,31.1642,中,混合,[混合] 基准人口锚点=C&SD表110-01001A年中人口(不含外佣)；2026-2056为队列成分法推算[假设路径]；生育TFR 2023=751→2046=938对齐官方推算[真实数据路径形状]；净迁移总量级对齐官方推算、年龄权重偏劳动年龄[假设]
2043,80-84,退休65+,女,279259.2,27.9259,中,混合,[混合] 基准人口锚点=C&SD表110-01001A年中人口(不含外佣)；2026-2056为队列成分法推算[假设路径]；生育TFR 2023=751→2046=938对齐官方推算[真实数据路径形状]；净迁移总量级对齐官方推算、年龄权重偏劳动年龄[假设]
2043,85+,退休65+,女,398490.3,39.849,中,混合,[混合] 基准人口锚点=C&SD表110-01001A年中人口(不含外佣)；2026-2056为队列成分法推算[假设路径]；生育TFR 2023=751→2046=938对齐官方推算[真实数据路径形状]；净迁移总量级对齐官方推算、年龄权重偏劳动年龄[假设]
2043,0-4,少儿0-14,男,86840.9,8.6841,中,混合,[混合] 基准人口锚点=C&SD表110-01001A年中人口(不含外佣)；2026-2056为队列成分法推算[假设路径]；生育TFR 2023=751→2046=938对齐官方推算[真实数据路径形状]；净迁移总量级对齐官方推算、年龄权重偏劳动年龄[假设]
2043,10-14,少儿0-14,男,91775.1,9.1775,中,混合,[混合] 基准人口锚点=C&SD表110-01001A年中人口(不含外佣)；2026-2056为队列成分法推算[假设路径]；生育TFR 2023=751→2046=938对齐官方推算[真实数据路径形状]；净迁移总量级对齐官方推算、年龄权重偏劳动年龄[假设]
2043,15-19,劳动年龄15-64,男,102257.1,10.2257,中,混合,[混合] 基准人口锚点=C&SD表110-01001A年中人口(不含外佣)；2026-2056为队列成分法推算[假设路径]；生育TFR 2023=751→2046=938对齐官方推算[真实数据路径形状]；净迁移总量级对齐官方推算、年龄权重偏劳动年龄[假设]
2043,20-24,劳动年龄15-64,男,138349.6,13.835,中,混合,[混合] 基准人口锚点=C&SD表110-01001A年中人口(不含外佣)；2026-2056为队列成分法推算[假设路径]；生育TFR 2023=751→2046=938对齐官方推算[真实数据路径形状]；净迁移总量级对齐官方推算、年龄权重偏劳动年龄[假设]
2043,25-29,劳动年龄15-64,男,181086.9,18.1087,中,混合,[混合] 基准人口锚点=C&SD表110-01001A年中人口(不含外佣)；2026-2056为队列成分法推算[假设路径]；生育TFR 2023=751→2046=938对齐官方推算[真实数据路径形状]；净迁移总量级对齐官方推算、年龄权重偏劳动年龄[假设]
2043,30-34,劳动年龄15-64,男,198270.7,19.8271,中,混合,[混合] 基准人口锚点=C&SD表110-01001A年中人口(不含外佣)；2026-2056为队列成分法推算[假设路径]；生育TFR 2023=751→2046=938对齐官方推算[真实数据路径形状]；净迁移总量级对齐官方推算、年龄权重偏劳动年龄[假设]
2043,35-39,劳动年龄15-64,男,196965.7,19.6966,中,混合,[混合] 基准人口锚点=C&SD表110-01001A年中人口(不含外佣)；2026-2056为队列成分法推算[假设路径]；生育TFR 2023=751→2046=938对齐官方推算[真实数据路径形状]；净迁移总量级对齐官方推算、年龄权重偏劳动年龄[假设]
2043,40-44,劳动年龄15-64,男,217102.9,21.7103,中,混合,[混合] 基准人口锚点=C&SD表110-01001A年中人口(不含外佣)；2026-2056为队列成分法推算[假设路径]；生育TFR 2023=751→2046=938对齐官方推算[真实数据路径形状]；净迁移总量级对齐官方推算、年龄权重偏劳动年龄[假设]
2043,45-49,劳动年龄15-64,男,253106.7,25.3107,中,混合,[混合] 基准人口锚点=C&SD表110-01001A年中人口(不含外佣)；2026-2056为队列成分法推算[假设路径]；生育TFR 2023=751→2046=938对齐官方推算[真实数据路径形状]；净迁移总量级对齐官方推算、年龄权重偏劳动年龄[假设]
2043,5-9,少儿0-14,男,87297.9,8.7298,中,混合,[混合] 基准人口锚点=C&SD表110-01001A年中人口(不含外佣)；2026-2056为队列成分法推算[假设路径]；生育TFR 2023=751→2046=938对齐官方推算[真实数据路径形状]；净迁移总量级对齐官方推算、年龄权重偏劳动年龄[假设]
2043,50-54,劳动年龄15-64,男,269024.4,26.9024,中,混合,[混合] 基准人口锚点=C&SD表110-01001A年中人口(不含外佣)；2026-2056为队列成分法推算[假设路径]；生育TFR 2023=751→2046=938对齐官方推算[真实数据路径形状]；净迁移总量级对齐官方推算、年龄权重偏劳动年龄[假设]
2043,55-59,劳动年龄15-64,男,266271.2,26.6271,中,混合,[混合] 基准人口锚点=C&SD表110-01001A年中人口(不含外佣)；2026-2056为队列成分法推算[假设路径]；生育TFR 2023=751→2046=938对齐官方推算[真实数据路径形状]；净迁移总量级对齐官方推算、年龄权重偏劳动年龄[假设]
2043,60-64,劳动年龄15-64,男,255138.4,25.5138,中,混合,[混合] 基准人口锚点=C&SD表110-01001A年中人口(不含外佣)；2026-2056为队列成分法推算[假设路径]；生育TFR 2023=751→2046=938对齐官方推算[真实数据路径形状]；净迁移总量级对齐官方推算、年龄权重偏劳动年龄[假设]
2043,65-69,退休65+,男,246891.8,24.6892,中,混合,[混合] 基准人口锚点=C&SD表110-01001A年中人口(不含外佣)；2026-2056为队列成分法推算[假设路径]；生育TFR 2023=751→2046=938对齐官方推算[真实数据路径形状]；净迁移总量级对齐官方推算、年龄权重偏劳动年龄[假设]
2043,70-74,退休65+,男,232610.8,23.2611,中,混合,[混合] 基准人口锚点=C&SD表110-01001A年中人口(不含外佣)；2026-2056为队列成分法推算[假设路径]；生育TFR 2023=751→2046=938对齐官方推算[真实数据路径形状]；净迁移总量级对齐官方推算、年龄权重偏劳动年龄[假设]
2043,75-79,退休65+,男,229077.4,22.9077,中,混合,[混合] 基准人口锚点=C&SD表110-01001A年中人口(不含外佣)；2026-2056为队列成分法推算[假设路径]；生育TFR 2023=751→2046=938对齐官方推算[真实数据路径形状]；净迁移总量级对齐官方推算、年龄权重偏劳动年龄[假设]
2043,80-84,退休65+,男,212041.7,21.2042,中,混合,[混合] 基准人口锚点=C&SD表110-01001A年中人口(不含外佣)；2026-2056为队列成分法推算[假设路径]；生育TFR 2023=751→2046=938对齐官方推算[真实数据路径形状]；净迁移总量级对齐官方推算、年龄权重偏劳动年龄[假设]
2043,85+,退休65+,男,273056.2,27.3056,中,混合,[混合] 基准人口锚点=C&SD表110-01001A年中人口(不含外佣)；2026-2056为队列成分法推算[假设路径]；生育TFR 2023=751→2046=938对齐官方推算[真实数据路径形状]；净迁移总量级对齐官方推算、年龄权重偏劳动年龄[假设]
2044,0-4,少儿0-14,女,82810.5,8.2811,中,混合,[混合] 基准人口锚点=C&SD表110-01001A年中人口(不含外佣)；2026-2056为队列成分法推算[假设路径]；生育TFR 2023=751→2046=938对齐官方推算[真实数据路径形状]；净迁移总量级对齐官方推算、年龄权重偏劳动年龄[假设]
2044,10-14,少儿0-14,女,87547.8,8.7548,中,混合,[混合] 基准人口锚点=C&SD表110-01001A年中人口(不含外佣)；2026-2056为队列成分法推算[假设路径]；生育TFR 2023=751→2046=938对齐官方推算[真实数据路径形状]；净迁移总量级对齐官方推算、年龄权重偏劳动年龄[假设]
2044,15-19,劳动年龄15-64,女,98524.6,9.8525,中,混合,[混合] 基准人口锚点=C&SD表110-01001A年中人口(不含外佣)；2026-2056为队列成分法推算[假设路径]；生育TFR 2023=751→2046=938对齐官方推算[真实数据路径形状]；净迁移总量级对齐官方推算、年龄权重偏劳动年龄[假设]
2044,20-24,劳动年龄15-64,女,125262.3,12.5262,中,混合,[混合] 基准人口锚点=C&SD表110-01001A年中人口(不含外佣)；2026-2056为队列成分法推算[假设路径]；生育TFR 2023=751→2046=938对齐官方推算[真实数据路径形状]；净迁移总量级对齐官方推算、年龄权重偏劳动年龄[假设]
2044,25-29,劳动年龄15-64,女,170451.0,17.0451,中,混合,[混合] 基准人口锚点=C&SD表110-01001A年中人口(不含外佣)；2026-2056为队列成分法推算[假设路径]；生育TFR 2023=751→2046=938对齐官方推算[真实数据路径形状]；净迁移总量级对齐官方推算、年龄权重偏劳动年龄[假设]
2044,30-34,劳动年龄15-64,女,193804.8,19.3805,中,混合,[混合] 基准人口锚点=C&SD表110-01001A年中人口(不含外佣)；2026-2056为队列成分法推算[假设路径]；生育TFR 2023=751→2046=938对齐官方推算[真实数据路径形状]；净迁移总量级对齐官方推算、年龄权重偏劳动年龄[假设]
2044,35-39,劳动年龄15-64,女,197590.1,19.759,中,混合,[混合] 基准人口锚点=C&SD表110-01001A年中人口(不含外佣)；2026-2056为队列成分法推算[假设路径]；生育TFR 2023=751→2046=938对齐官方推算[真实数据路径形状]；净迁移总量级对齐官方推算、年龄权重偏劳动年龄[假设]
2044,40-44,劳动年龄15-64,女,211939.6,21.194,中,混合,[混合] 基准人口锚点=C&SD表110-01001A年中人口(不含外佣)；2026-2056为队列成分法推算[假设路径]；生育TFR 2023=751→2046=938对齐官方推算[真实数据路径形状]；净迁移总量级对齐官方推算、年龄权重偏劳动年龄[假设]
2044,45-49,劳动年龄15-64,女,244350.0,24.435,中,混合,[混合] 基准人口锚点=C&SD表110-01001A年中人口(不含外佣)；2026-2056为队列成分法推算[假设路径]；生育TFR 2023=751→2046=938对齐官方推算[真实数据路径形状]；净迁移总量级对齐官方推算、年龄权重偏劳动年龄[假设]
2044,5-9,少儿0-14,女,83510.1,8.351,中,混合,[混合] 基准人口锚点=C&SD表110-01001A年中人口(不含外佣)；2026-2056为队列成分法推算[假设路径]；生育TFR 2023=751→2046=938对齐官方推算[真实数据路径形状]；净迁移总量级对齐官方推算、年龄权重偏劳动年龄[假设]
2044,50-54,劳动年龄15-64,女,275976.6,27.5977,中,混合,[混合] 基准人口锚点=C&SD表110-01001A年中人口(不含外佣)；2026-2056为队列成分法推算[假设路径]；生育TFR 2023=751→2046=938对齐官方推算[真实数据路径形状]；净迁移总量级对齐官方推算、年龄权重偏劳动年龄[假设]
2044,55-59,劳动年龄15-64,女,293105.1,29.3105,中,混合,[混合] 基准人口锚点=C&SD表110-01001A年中人口(不含外佣)；2026-2056为队列成分法推算[假设路径]；生育TFR 2023=751→2046=938对齐官方推算[真实数据路径形状]；净迁移总量级对齐官方推算、年龄权重偏劳动年龄[假设]
2044,60-64,劳动年龄15-64,女,307621.1,30.7621,中,混合,[混合] 基准人口锚点=C&SD表110-01001A年中人口(不含外佣)；2026-2056为队列成分法推算[假设路径]；生育TFR 2023=751→2046=938对齐官方推算[真实数据路径形状]；净迁移总量级对齐官方推算、年龄权重偏劳动年龄[假设]
2044,65-69,退休65+,女,314759.7,31.476,中,混合,[混合] 基准人口锚点=C&SD表110-01001A年中人口(不含外佣)；2026-2056为队列成分法推算[假设路径]；生育TFR 2023=751→2046=938对齐官方推算[真实数据路径形状]；净迁移总量级对齐官方推算、年龄权重偏劳动年龄[假设]
2044,70-74,退休65+,女,313996.4,31.3996,中,混合,[混合] 基准人口锚点=C&SD表110-01001A年中人口(不含外佣)；2026-2056为队列成分法推算[假设路径]；生育TFR 2023=751→2046=938对齐官方推算[真实数据路径形状]；净迁移总量级对齐官方推算、年龄权重偏劳动年龄[假设]
2044,75-79,退休65+,女,308212.0,30.8212,中,混合,[混合] 基准人口锚点=C&SD表110-01001A年中人口(不含外佣)；2026-2056为队列成分法推算[假设路径]；生育TFR 2023=751→2046=938对齐官方推算[真实数据路径形状]；净迁移总量级对齐官方推算、年龄权重偏劳动年龄[假设]
2044,80-84,退休65+,女,284374.6,28.4375,中,混合,[混合] 基准人口锚点=C&SD表110-01001A年中人口(不含外佣)；2026-2056为队列成分法推算[假设路径]；生育TFR 2023=751→2046=938对齐官方推算[真实数据路径形状]；净迁移总量级对齐官方推算、年龄权重偏劳动年龄[假设]
2044,85+,退休65+,女,420538.6,42.0539,中,混合,[混合] 基准人口锚点=C&SD表110-01001A年中人口(不含外佣)；2026-2056为队列成分法推算[假设路径]；生育TFR 2023=751→2046=938对齐官方推算[真实数据路径形状]；净迁移总量级对齐官方推算、年龄权重偏劳动年龄[假设]
2044,0-4,少儿0-14,男,87423.5,8.7424,中,混合,[混合] 基准人口锚点=C&SD表110-01001A年中人口(不含外佣)；2026-2056为队列成分法推算[假设路径]；生育TFR 2023=751→2046=938对齐官方推算[真实数据路径形状]；净迁移总量级对齐官方推算、年龄权重偏劳动年龄[假设]
2044,10-14,少儿0-14,男,91214.4,9.1214,中,混合,[混合] 基准人口锚点=C&SD表110-01001A年中人口(不含外佣)；2026-2056为队列成分法推算[假设路径]；生育TFR 2023=751→2046=938对齐官方推算[真实数据路径形状]；净迁移总量级对齐官方推算、年龄权重偏劳动年龄[假设]
2044,15-19,劳动年龄15-64,男,102356.0,10.2356,中,混合,[混合] 基准人口锚点=C&SD表110-01001A年中人口(不含外佣)；2026-2056为队列成分法推算[假设路径]；生育TFR 2023=751→2046=938对齐官方推算[真实数据路径形状]；净迁移总量级对齐官方推算、年龄权重偏劳动年龄[假设]
2044,20-24,劳动年龄15-64,男,130142.2,13.0142,中,混合,[混合] 基准人口锚点=C&SD表110-01001A年中人口(不含外佣)；2026-2056为队列成分法推算[假设路径]；生育TFR 2023=751→2046=938对齐官方推算[真实数据路径形状]；净迁移总量级对齐官方推算、年龄权重偏劳动年龄[假设]
2044,25-29,劳动年龄15-64,男,176426.1,17.6426,中,混合,[混合] 基准人口锚点=C&SD表110-01001A年中人口(不含外佣)；2026-2056为队列成分法推算[假设路径]；生育TFR 2023=751→2046=938对齐官方推算[真实数据路径形状]；净迁移总量级对齐官方推算、年龄权重偏劳动年龄[假设]
2044,30-34,劳动年龄15-64,男,199972.0,19.9972,中,混合,[混合] 基准人口锚点=C&SD表110-01001A年中人口(不含外佣)；2026-2056为队列成分法推算[假设路径]；生育TFR 2023=751→2046=938对齐官方推算[真实数据路径形状]；净迁移总量级对齐官方推算、年龄权重偏劳动年龄[假设]
2044,35-39,劳动年龄15-64,男,199863.1,19.9863,中,混合,[混合] 基准人口锚点=C&SD表110-01001A年中人口(不含外佣)；2026-2056为队列成分法推算[假设路径]；生育TFR 2023=751→2046=938对齐官方推算[真实数据路径形状]；净迁移总量级对齐官方推算、年龄权重偏劳动年龄[假设]
2044,40-44,劳动年龄15-64,男,212352.0,21.2352,中,混合,[混合] 基准人口锚点=C&SD表110-01001A年中人口(不含外佣)；2026-2056为队列成分法推算[假设路径]；生育TFR 2023=751→2046=938对齐官方推算[真实数据路径形状]；净迁移总量级对齐官方推算、年龄权重偏劳动年龄[假设]
2044,45-49,劳动年龄15-64,男,247029.1,24.7029,中,混合,[混合] 基准人口锚点=C&SD表110-01001A年中人口(不含外佣)；2026-2056为队列成分法推算[假设路径]；生育TFR 2023=751→2046=938对齐官方推算[真实数据路径形状]；净迁移总量级对齐官方推算、年龄权重偏劳动年龄[假设]
2044,5-9,少儿0-14,男,87523.5,8.7523,中,混合,[混合] 基准人口锚点=C&SD表110-01001A年中人口(不含外佣)；2026-2056为队列成分法推算[假设路径]；生育TFR 2023=751→2046=938对齐官方推算[真实数据路径形状]；净迁移总量级对齐官方推算、年龄权重偏劳动年龄[假设]
2044,50-54,劳动年龄15-64,男,269439.2,26.9439,中,混合,[混合] 基准人口锚点=C&SD表110-01001A年中人口(不含外佣)；2026-2056为队列成分法推算[假设路径]；生育TFR 2023=751→2046=938对齐官方推算[真实数据路径形状]；净迁移总量级对齐官方推算、年龄权重偏劳动年龄[假设]
2044,55-59,劳动年龄15-64,男,268032.7,26.8033,中,混合,[混合] 基准人口锚点=C&SD表110-01001A年中人口(不含外佣)；2026-2056为队列成分法推算[假设路径]；生育TFR 2023=751→2046=938对齐官方推算[真实数据路径形状]；净迁移总量级对齐官方推算、年龄权重偏劳动年龄[假设]
2044,60-64,劳动年龄15-64,男,258070.3,25.807,中,混合,[混合] 基准人口锚点=C&SD表110-01001A年中人口(不含外佣)；2026-2056为队列成分法推算[假设路径]；生育TFR 2023=751→2046=938对齐官方推算[真实数据路径形状]；净迁移总量级对齐官方推算、年龄权重偏劳动年龄[假设]
2044,65-69,退休65+,男,246430.7,24.6431,中,混合,[混合] 基准人口锚点=C&SD表110-01001A年中人口(不含外佣)；2026-2056为队列成分法推算[假设路径]；生育TFR 2023=751→2046=938对齐官方推算[真实数据路径形状]；净迁移总量级对齐官方推算、年龄权重偏劳动年龄[假设]
2044,70-74,退休65+,男,233904.6,23.3905,中,混合,[混合] 基准人口锚点=C&SD表110-01001A年中人口(不含外佣)；2026-2056为队列成分法推算[假设路径]；生育TFR 2023=751→2046=938对齐官方推算[真实数据路径形状]；净迁移总量级对齐官方推算、年龄权重偏劳动年龄[假设]
2044,75-79,退休65+,男,223540.4,22.354,中,混合,[混合] 基准人口锚点=C&SD表110-01001A年中人口(不含外佣)；2026-2056为队列成分法推算[假设路径]；生育TFR 2023=751→2046=938对齐官方推算[真实数据路径形状]；净迁移总量级对齐官方推算、年龄权重偏劳动年龄[假设]
2044,80-84,退休65+,男,210191.6,21.0192,中,混合,[混合] 基准人口锚点=C&SD表110-01001A年中人口(不含外佣)；2026-2056为队列成分法推算[假设路径]；生育TFR 2023=751→2046=938对齐官方推算[真实数据路径形状]；净迁移总量级对齐官方推算、年龄权重偏劳动年龄[假设]
2044,85+,退休65+,男,287349.6,28.735,中,混合,[混合] 基准人口锚点=C&SD表110-01001A年中人口(不含外佣)；2026-2056为队列成分法推算[假设路径]；生育TFR 2023=751→2046=938对齐官方推算[真实数据路径形状]；净迁移总量级对齐官方推算、年龄权重偏劳动年龄[假设]
2045,0-4,少儿0-14,女,83252.0,8.3252,中,混合,[混合] 基准人口锚点=C&SD表110-01001A年中人口(不含外佣)；2026-2056为队列成分法推算[假设路径]；生育TFR 2023=751→2046=938对齐官方推算[真实数据路径形状]；净迁移总量级对齐官方推算、年龄权重偏劳动年龄[假设]
2045,10-14,少儿0-14,女,87091.0,8.7091,中,混合,[混合] 基准人口锚点=C&SD表110-01001A年中人口(不含外佣)；2026-2056为队列成分法推算[假设路径]；生育TFR 2023=751→2046=938对齐官方推算[真实数据路径形状]；净迁移总量级对齐官方推算、年龄权重偏劳动年龄[假设]
2045,15-19,劳动年龄15-64,女,98720.9,9.8721,中,混合,[混合] 基准人口锚点=C&SD表110-01001A年中人口(不含外佣)；2026-2056为队列成分法推算[假设路径]；生育TFR 2023=751→2046=938对齐官方推算[真实数据路径形状]；净迁移总量级对齐官方推算、年龄权重偏劳动年龄[假设]
2045,20-24,劳动年龄15-64,女,117376.0,11.7376,中,混合,[混合] 基准人口锚点=C&SD表110-01001A年中人口(不含外佣)；2026-2056为队列成分法推算[假设路径]；生育TFR 2023=751→2046=938对齐官方推算[真实数据路径形状]；净迁移总量级对齐官方推算、年龄权重偏劳动年龄[假设]
2045,25-29,劳动年龄15-64,女,166048.1,16.6048,中,混合,[混合] 基准人口锚点=C&SD表110-01001A年中人口(不含外佣)；2026-2056为队列成分法推算[假设路径]；生育TFR 2023=751→2046=938对齐官方推算[真实数据路径形状]；净迁移总量级对齐官方推算、年龄权重偏劳动年龄[假设]
2045,30-34,劳动年龄15-64,女,194981.2,19.4981,中,混合,[混合] 基准人口锚点=C&SD表110-01001A年中人口(不含外佣)；2026-2056为队列成分法推算[假设路径]；生育TFR 2023=751→2046=938对齐官方推算[真实数据路径形状]；净迁移总量级对齐官方推算、年龄权重偏劳动年龄[假设]
2045,35-39,劳动年龄15-64,女,198951.6,19.8952,中,混合,[混合] 基准人口锚点=C&SD表110-01001A年中人口(不含外佣)；2026-2056为队列成分法推算[假设路径]；生育TFR 2023=751→2046=938对齐官方推算[真实数据路径形状]；净迁移总量级对齐官方推算、年龄权重偏劳动年龄[假设]
2045,40-44,劳动年龄15-64,女,208951.5,20.8952,中,混合,[混合] 基准人口锚点=C&SD表110-01001A年中人口(不含外佣)；2026-2056为队列成分法推算[假设路径]；生育TFR 2023=751→2046=938对齐官方推算[真实数据路径形状]；净迁移总量级对齐官方推算、年龄权重偏劳动年龄[假设]
2045,45-49,劳动年龄15-64,女,237245.8,23.7246,中,混合,[混合] 基准人口锚点=C&SD表110-01001A年中人口(不含外佣)；2026-2056为队列成分法推算[假设路径]；生育TFR 2023=751→2046=938对齐官方推算[真实数据路径形状]；净迁移总量级对齐官方推算、年龄权重偏劳动年龄[假设]
2045,5-9,少儿0-14,女,83824.9,8.3825,中,混合,[混合] 基准人口锚点=C&SD表110-01001A年中人口(不含外佣)；2026-2056为队列成分法推算[假设路径]；生育TFR 2023=751→2046=938对齐官方推算[真实数据路径形状]；净迁移总量级对齐官方推算、年龄权重偏劳动年龄[假设]
2045,50-54,劳动年龄15-64,女,274051.0,27.4051,中,混合,[混合] 基准人口锚点=C&SD表110-01001A年中人口(不含外佣)；2026-2056为队列成分法推算[假设路径]；生育TFR 2023=751→2046=938对齐官方推算[真实数据路径形状]；净迁移总量级对齐官方推算、年龄权重偏劳动年龄[假设]
2045,55-59,劳动年龄15-64,女,290341.0,29.0341,中,混合,[混合] 基准人口锚点=C&SD表110-01001A年中人口(不含外佣)；2026-2056为队列成分法推算[假设路径]；生育TFR 2023=751→2046=938对齐官方推算[真实数据路径形状]；净迁移总量级对齐官方推算、年龄权重偏劳动年龄[假设]
2045,60-64,劳动年龄15-64,女,306746.4,30.6746,中,混合,[混合] 基准人口锚点=C&SD表110-01001A年中人口(不含外佣)；2026-2056为队列成分法推算[假设路径]；生育TFR 2023=751→2046=938对齐官方推算[真实数据路径形状]；净迁移总量级对齐官方推算、年龄权重偏劳动年龄[假设]
2045,65-69,退休65+,女,312691.0,31.2691,中,混合,[混合] 基准人口锚点=C&SD表110-01001A年中人口(不含外佣)；2026-2056为队列成分法推算[假设路径]；生育TFR 2023=751→2046=938对齐官方推算[真实数据路径形状]；净迁移总量级对齐官方推算、年龄权重偏劳动年龄[假设]
2045,70-74,退休65+,女,314299.8,31.43,中,混合,[混合] 基准人口锚点=C&SD表110-01001A年中人口(不含外佣)；2026-2056为队列成分法推算[假设路径]；生育TFR 2023=751→2046=938对齐官方推算[真实数据路径形状]；净迁移总量级对齐官方推算、年龄权重偏劳动年龄[假设]
2045,75-79,退休65+,女,304946.1,30.4946,中,混合,[混合] 基准人口锚点=C&SD表110-01001A年中人口(不含外佣)；2026-2056为队列成分法推算[假设路径]；生育TFR 2023=751→2046=938对齐官方推算[真实数据路径形状]；净迁移总量级对齐官方推算、年龄权重偏劳动年龄[假设]
2045,80-84,退休65+,女,289615.4,28.9615,中,混合,[混合] 基准人口锚点=C&SD表110-01001A年中人口(不含外佣)；2026-2056为队列成分法推算[假设路径]；生育TFR 2023=751→2046=938对齐官方推算[真实数据路径形状]；净迁移总量级对齐官方推算、年龄权重偏劳动年龄[假设]
2045,85+,退休65+,女,441122.8,44.1123,中,混合,[混合] 基准人口锚点=C&SD表110-01001A年中人口(不含外佣)；2026-2056为队列成分法推算[假设路径]；生育TFR 2023=751→2046=938对齐官方推算[真实数据路径形状]；净迁移总量级对齐官方推算、年龄权重偏劳动年龄[假设]
2045,0-4,少儿0-14,男,87904.6,8.7905,中,混合,[混合] 基准人口锚点=C&SD表110-01001A年中人口(不含外佣)；2026-2056为队列成分法推算[假设路径]；生育TFR 2023=751→2046=938对齐官方推算[真实数据路径形状]；净迁移总量级对齐官方推算、年龄权重偏劳动年龄[假设]
2045,10-14,少儿0-14,男,90753.9,9.0754,中,混合,[混合] 基准人口锚点=C&SD表110-01001A年中人口(不含外佣)；2026-2056为队列成分法推算[假设路径]；生育TFR 2023=751→2046=938对齐官方推算[真实数据路径形状]；净迁移总量级对齐官方推算、年龄权重偏劳动年龄[假设]
2045,15-19,劳动年龄15-64,男,102147.9,10.2148,中,混合,[混合] 基准人口锚点=C&SD表110-01001A年中人口(不含外佣)；2026-2056为队列成分法推算[假设路径]；生育TFR 2023=751→2046=938对齐官方推算[真实数据路径形状]；净迁移总量级对齐官方推算、年龄权重偏劳动年龄[假设]
2045,20-24,劳动年龄15-64,男,121828.9,12.1829,中,混合,[混合] 基准人口锚点=C&SD表110-01001A年中人口(不含外佣)；2026-2056为队列成分法推算[假设路径]；生育TFR 2023=751→2046=938对齐官方推算[真实数据路径形状]；净迁移总量级对齐官方推算、年龄权重偏劳动年龄[假设]
2045,25-29,劳动年龄15-64,男,171561.3,17.1561,中,混合,[混合] 基准人口锚点=C&SD表110-01001A年中人口(不含外佣)；2026-2056为队列成分法推算[假设路径]；生育TFR 2023=751→2046=938对齐官方推算[真实数据路径形状]；净迁移总量级对齐官方推算、年龄权重偏劳动年龄[假设]
2045,30-34,劳动年龄15-64,男,201163.4,20.1163,中,混合,[混合] 基准人口锚点=C&SD表110-01001A年中人口(不含外佣)；2026-2056为队列成分法推算[假设路径]；生育TFR 2023=751→2046=938对齐官方推算[真实数据路径形状]；净迁移总量级对齐官方推算、年龄权重偏劳动年龄[假设]
2045,35-39,劳动年龄15-64,男,202643.5,20.2644,中,混合,[混合] 基准人口锚点=C&SD表110-01001A年中人口(不含外佣)；2026-2056为队列成分法推算[假设路径]；生育TFR 2023=751→2046=938对齐官方推算[真实数据路径形状]；净迁移总量级对齐官方推算、年龄权重偏劳动年龄[假设]
2045,40-44,劳动年龄15-64,男,207493.1,20.7493,中,混合,[混合] 基准人口锚点=C&SD表110-01001A年中人口(不含外佣)；2026-2056为队列成分法推算[假设路径]；生育TFR 2023=751→2046=938对齐官方推算[真实数据路径形状]；净迁移总量级对齐官方推算、年龄权重偏劳动年龄[假设]
2045,45-49,劳动年龄15-64,男,240856.8,24.0857,中,混合,[混合] 基准人口锚点=C&SD表110-01001A年中人口(不含外佣)；2026-2056为队列成分法推算[假设路径]；生育TFR 2023=751→2046=938对齐官方推算[真实数据路径形状]；净迁移总量级对齐官方推算、年龄权重偏劳动年龄[假设]
2045,5-9,少儿0-14,男,87890.7,8.7891,中,混合,[混合] 基准人口锚点=C&SD表110-01001A年中人口(不含外佣)；2026-2056为队列成分法推算[假设路径]；生育TFR 2023=751→2046=938对齐官方推算[真实数据路径形状]；净迁移总量级对齐官方推算、年龄权重偏劳动年龄[假设]
2045,50-54,劳动年龄15-64,男,269781.8,26.9782,中,混合,[混合] 基准人口锚点=C&SD表110-01001A年中人口(不含外佣)；2026-2056为队列成分法推算[假设路径]；生育TFR 2023=751→2046=938对齐官方推算[真实数据路径形状]；净迁移总量级对齐官方推算、年龄权重偏劳动年龄[假设]
2045,55-59,劳动年龄15-64,男,269788.9,26.9789,中,混合,[混合] 基准人口锚点=C&SD表110-01001A年中人口(不含外佣)；2026-2056为队列成分法推算[假设路径]；生育TFR 2023=751→2046=938对齐官方推算[真实数据路径形状]；净迁移总量级对齐官方推算、年龄权重偏劳动年龄[假设]
2045,60-64,劳动年龄15-64,男,261144.1,26.1144,中,混合,[混合] 基准人口锚点=C&SD表110-01001A年中人口(不含外佣)；2026-2056为队列成分法推算[假设路径]；生育TFR 2023=751→2046=938对齐官方推算[真实数据路径形状]；净迁移总量级对齐官方推算、年龄权重偏劳动年龄[假设]
2045,65-69,退休65+,男,245969.7,24.597,中,混合,[混合] 基准人口锚点=C&SD表110-01001A年中人口(不含外佣)；2026-2056为队列成分法推算[假设路径]；生育TFR 2023=751→2046=938对齐官方推算[真实数据路径形状]；净迁移总量级对齐官方推算、年龄权重偏劳动年龄[假设]
2045,70-74,退休65+,男,235233.8,23.5234,中,混合,[混合] 基准人口锚点=C&SD表110-01001A年中人口(不含外佣)；2026-2056为队列成分法推算[假设路径]；生育TFR 2023=751→2046=938对齐官方推算[真实数据路径形状]；净迁移总量级对齐官方推算、年龄权重偏劳动年龄[假设]
2045,75-79,退休65+,男,218276.0,21.8276,中,混合,[混合] 基准人口锚点=C&SD表110-01001A年中人口(不含外佣)；2026-2056为队列成分法推算[假设路径]；生育TFR 2023=751→2046=938对齐官方推算[真实数据路径形状]；净迁移总量级对齐官方推算、年龄权重偏劳动年龄[假设]
2045,80-84,退休65+,男,208735.4,20.8735,中,混合,[混合] 基准人口锚点=C&SD表110-01001A年中人口(不含外佣)；2026-2056为队列成分法推算[假设路径]；生育TFR 2023=751→2046=938对齐官方推算[真实数据路径形状]；净迁移总量级对齐官方推算、年龄权重偏劳动年龄[假设]
2045,85+,退休65+,男,300293.3,30.0293,中,混合,[混合] 基准人口锚点=C&SD表110-01001A年中人口(不含外佣)；2026-2056为队列成分法推算[假设路径]；生育TFR 2023=751→2046=938对齐官方推算[真实数据路径形状]；净迁移总量级对齐官方推算、年龄权重偏劳动年龄[假设]
2046,0-4,少儿0-14,女,83586.0,8.3586,中,混合,[混合] 基准人口锚点=C&SD表110-01001A年中人口(不含外佣)；2026-2056为队列成分法推算[假设路径]；生育TFR 2023=751→2046=938对齐官方推算[真实数据路径形状]；净迁移总量级对齐官方推算、年龄权重偏劳动年龄[假设]
2046,10-14,少儿0-14,女,86723.5,8.6723,中,混合,[混合] 基准人口锚点=C&SD表110-01001A年中人口(不含外佣)；2026-2056为队列成分法推算[假设路径]；生育TFR 2023=751→2046=938对齐官方推算[真实数据路径形状]；净迁移总量级对齐官方推算、年龄权重偏劳动年龄[假设]
2046,15-19,劳动年龄15-64,女,98597.7,9.8598,中,混合,[混合] 基准人口锚点=C&SD表110-01001A年中人口(不含外佣)；2026-2056为队列成分法推算[假设路径]；生育TFR 2023=751→2046=938对齐官方推算[真实数据路径形状]；净迁移总量级对齐官方推算、年龄权重偏劳动年龄[假设]
2046,20-24,劳动年龄15-64,女,109418.3,10.9418,中,混合,[混合] 基准人口锚点=C&SD表110-01001A年中人口(不含外佣)；2026-2056为队列成分法推算[假设路径]；生育TFR 2023=751→2046=938对齐官方推算[真实数据路径形状]；净迁移总量级对齐官方推算、年龄权重偏劳动年龄[假设]
2046,25-29,劳动年龄15-64,女,161423.1,16.1423,中,混合,[混合] 基准人口锚点=C&SD表110-01001A年中人口(不含外佣)；2026-2056为队列成分法推算[假设路径]；生育TFR 2023=751→2046=938对齐官方推算[真实数据路径形状]；净迁移总量级对齐官方推算、年龄权重偏劳动年龄[假设]
2046,30-34,劳动年龄15-64,女,195582.6,19.5583,中,混合,[混合] 基准人口锚点=C&SD表110-01001A年中人口(不含外佣)；2026-2056为队列成分法推算[假设路径]；生育TFR 2023=751→2046=938对齐官方推算[真实数据路径形状]；净迁移总量级对齐官方推算、年龄权重偏劳动年龄[假设]
2046,35-39,劳动年龄15-64,女,200186.5,20.0187,中,混合,[混合] 基准人口锚点=C&SD表110-01001A年中人口(不含外佣)；2026-2056为队列成分法推算[假设路径]；生育TFR 2023=751→2046=938对齐官方推算[真实数据路径形状]；净迁移总量级对齐官方推算、年龄权重偏劳动年龄[假设]
2046,40-44,劳动年龄15-64,女,205836.6,20.5837,中,混合,[混合] 基准人口锚点=C&SD表110-01001A年中人口(不含外佣)；2026-2056为队列成分法推算[假设路径]；生育TFR 2023=751→2046=938对齐官方推算[真实数据路径形状]；净迁移总量级对齐官方推算、年龄权重偏劳动年龄[假设]
2046,45-49,劳动年龄15-64,女,230025.2,23.0025,中,混合,[混合] 基准人口锚点=C&SD表110-01001A年中人口(不含外佣)；2026-2056为队列成分法推算[假设路径]；生育TFR 2023=751→2046=938对齐官方推算[真实数据路径形状]；净迁移总量级对齐官方推算、年龄权重偏劳动年龄[假设]
2046,5-9,少儿0-14,女,84256.3,8.4256,中,混合,[混合] 基准人口锚点=C&SD表110-01001A年中人口(不含外佣)；2026-2056为队列成分法推算[假设路径]；生育TFR 2023=751→2046=938对齐官方推算[真实数据路径形状]；净迁移总量级对齐官方推算、年龄权重偏劳动年龄[假设]
2046,50-54,劳动年龄15-64,女,272026.9,27.2027,中,混合,[混合] 基准人口锚点=C&SD表110-01001A年中人口(不含外佣)；2026-2056为队列成分法推算[假设路径]；生育TFR 2023=751→2046=938对齐官方推算[真实数据路径形状]；净迁移总量级对齐官方推算、年龄权重偏劳动年龄[假设]
2046,55-59,劳动年龄15-64,女,287559.6,28.756,中,混合,[混合] 基准人口锚点=C&SD表110-01001A年中人口(不含外佣)；2026-2056为队列成分法推算[假设路径]；生育TFR 2023=751→2046=938对齐官方推算[真实数据路径形状]；净迁移总量级对齐官方推算、年龄权重偏劳动年龄[假设]
2046,60-64,劳动年龄15-64,女,306046.0,30.6046,中,混合,[混合] 基准人口锚点=C&SD表110-01001A年中人口(不含外佣)；2026-2056为队列成分法推算[假设路径]；生育TFR 2023=751→2046=938对齐官方推算[真实数据路径形状]；净迁移总量级对齐官方推算、年龄权重偏劳动年龄[假设]
2046,65-69,退休65+,女,310596.0,31.0596,中,混合,[混合] 基准人口锚点=C&SD表110-01001A年中人口(不含外佣)；2026-2056为队列成分法推算[假设路径]；生育TFR 2023=751→2046=938对齐官方推算[真实数据路径形状]；净迁移总量级对齐官方推算、年龄权重偏劳动年龄[假设]
2046,70-74,退休65+,女,314604.7,31.4605,中,混合,[混合] 基准人口锚点=C&SD表110-01001A年中人口(不含外佣)；2026-2056为队列成分法推算[假设路径]；生育TFR 2023=751→2046=938对齐官方推算[真实数据路径形状]；净迁移总量级对齐官方推算、年龄权重偏劳动年龄[假设]
2046,75-79,退休65+,女,301842.2,30.1842,中,混合,[混合] 基准人口锚点=C&SD表110-01001A年中人口(不含外佣)；2026-2056为队列成分法推算[假设路径]；生育TFR 2023=751→2046=938对齐官方推算[真实数据路径形状]；净迁移总量级对齐官方推算、年龄权重偏劳动年龄[假设]
2046,80-84,退休65+,女,294989.1,29.4989,中,混合,[混合] 基准人口锚点=C&SD表110-01001A年中人口(不含外佣)；2026-2056为队列成分法推算[假设路径]；生育TFR 2023=751→2046=938对齐官方推算[真实数据路径形状]；净迁移总量级对齐官方推算、年龄权重偏劳动年龄[假设]
2046,85+,退休65+,女,460363.3,46.0363,中,混合,[混合] 基准人口锚点=C&SD表110-01001A年中人口(不含外佣)；2026-2056为队列成分法推算[假设路径]；生育TFR 2023=751→2046=938对齐官方推算[真实数据路径形状]；净迁移总量级对齐官方推算、年龄权重偏劳动年龄[假设]
2046,0-4,少儿0-14,男,88271.9,8.8272,中,混合,[混合] 基准人口锚点=C&SD表110-01001A年中人口(不含外佣)；2026-2056为队列成分法推算[假设路径]；生育TFR 2023=751→2046=938对齐官方推算[真实数据路径形状]；净迁移总量级对齐官方推算、年龄权重偏劳动年龄[假设]
2046,10-14,少儿0-14,男,90396.5,9.0396,中,混合,[混合] 基准人口锚点=C&SD表110-01001A年中人口(不含外佣)；2026-2056为队列成分法推算[假设路径]；生育TFR 2023=751→2046=938对齐官方推算[真实数据路径形状]；净迁移总量级对齐官方推算、年龄权重偏劳动年龄[假设]
2046,15-19,劳动年龄15-64,男,101631.5,10.1631,中,混合,[混合] 基准人口锚点=C&SD表110-01001A年中人口(不含外佣)；2026-2056为队列成分法推算[假设路径]；生育TFR 2023=751→2046=938对齐官方推算[真实数据路径形状]；净迁移总量级对齐官方推算、年龄权重偏劳动年龄[假设]
2046,20-24,劳动年龄15-64,男,113445.0,11.3445,中,混合,[混合] 基准人口锚点=C&SD表110-01001A年中人口(不含外佣)；2026-2056为队列成分法推算[假设路径]；生育TFR 2023=751→2046=938对齐官方推算[真实数据路径形状]；净迁移总量级对齐官方推算、年龄权重偏劳动年龄[假设]
2046,25-29,劳动年龄15-64,男,166492.5,16.6492,中,混合,[混合] 基准人口锚点=C&SD表110-01001A年中人口(不含外佣)；2026-2056为队列成分法推算[假设路径]；生育TFR 2023=751→2046=938对齐官方推算[真实数据路径形状]；净迁移总量级对齐官方推算、年龄权重偏劳动年龄[假设]
2046,30-34,劳动年龄15-64,男,201828.0,20.1828,中,混合,[混合] 基准人口锚点=C&SD表110-01001A年中人口(不含外佣)；2026-2056为队列成分法推算[假设路径]；生育TFR 2023=751→2046=938对齐官方推算[真实数据路径形状]；净迁移总量级对齐官方推算、年龄权重偏劳动年龄[假设]
2046,35-39,劳动年龄15-64,男,205306.8,20.5307,中,混合,[混合] 基准人口锚点=C&SD表110-01001A年中人口(不含外佣)；2026-2056为队列成分法推算[假设路径]；生育TFR 2023=751→2046=938对齐官方推算[真实数据路径形状]；净迁移总量级对齐官方推算、年龄权重偏劳动年龄[假设]
2046,40-44,劳动年龄15-64,男,202526.1,20.2526,中,混合,[混合] 基准人口锚点=C&SD表110-01001A年中人口(不含外佣)；2026-2056为队列成分法推算[假设路径]；生育TFR 2023=751→2046=938对齐官方推算[真实数据路径形状]；净迁移总量级对齐官方推算、年龄权重偏劳动年龄[假设]
2046,45-49,劳动年龄15-64,男,234589.6,23.459,中,混合,[混合] 基准人口锚点=C&SD表110-01001A年中人口(不含外佣)；2026-2056为队列成分法推算[假设路径]；生育TFR 2023=751→2046=938对齐官方推算[真实数据路径形状]；净迁移总量级对齐官方推算、年龄权重偏劳动年龄[假设]
2046,5-9,少儿0-14,男,88383.0,8.8383,中,混合,[混合] 基准人口锚点=C&SD表110-01001A年中人口(不含外佣)；2026-2056为队列成分法推算[假设路径]；生育TFR 2023=751→2046=938对齐官方推算[真实数据路径形状]；净迁移总量级对齐官方推算、年龄权重偏劳动年龄[假设]
2046,50-54,劳动年龄15-64,男,270034.8,27.0035,中,混合,[混合] 基准人口锚点=C&SD表110-01001A年中人口(不含外佣)；2026-2056为队列成分法推算[假设路径]；生育TFR 2023=751→2046=938对齐官方推算[真实数据路径形状]；净迁移总量级对齐官方推算、年龄权重偏劳动年龄[假设]
2046,55-59,劳动年龄15-64,男,271539.7,27.154,中,混合,[混合] 基准人口锚点=C&SD表110-01001A年中人口(不含外佣)；2026-2056为队列成分法推算[假设路径]；生育TFR 2023=751→2046=938对齐官方推算[真实数据路径形状]；净迁移总量级对齐官方推算、年龄权重偏劳动年龄[假设]
2046,60-64,劳动年龄15-64,男,264367.2,26.4367,中,混合,[混合] 基准人口锚点=C&SD表110-01001A年中人口(不含外佣)；2026-2056为队列成分法推算[假设路径]；生育TFR 2023=751→2046=938对齐官方推算[真实数据路径形状]；净迁移总量级对齐官方推算、年龄权重偏劳动年龄[假设]
2046,65-69,退休65+,男,245507.9,24.5508,中,混合,[混合] 基准人口锚点=C&SD表110-01001A年中人口(不含外佣)；2026-2056为队列成分法推算[假设路径]；生育TFR 2023=751→2046=938对齐官方推算[真实数据路径形状]；净迁移总量级对齐官方推算、年龄权重偏劳动年龄[假设]
2046,70-74,退休65+,男,236578.6,23.6579,中,混合,[混合] 基准人口锚点=C&SD表110-01001A年中人口(不含外佣)；2026-2056为队列成分法推算[假设路径]；生育TFR 2023=751→2046=938对齐官方推算[真实数据路径形状]；净迁移总量级对齐官方推算、年龄权重偏劳动年龄[假设]
2046,75-79,退休65+,男,213275.3,21.3275,中,混合,[混合] 基准人口锚点=C&SD表110-01001A年中人口(不含外佣)；2026-2056为队列成分法推算[假设路径]；生育TFR 2023=751→2046=938对齐官方推算[真实数据路径形状]；净迁移总量级对齐官方推算、年龄权重偏劳动年龄[假设]
2046,80-84,退休65+,男,207658.8,20.7659,中,混合,[混合] 基准人口锚点=C&SD表110-01001A年中人口(不含外佣)；2026-2056为队列成分法推算[假设路径]；生育TFR 2023=751→2046=938对齐官方推算[真实数据路径形状]；净迁移总量级对齐官方推算、年龄权重偏劳动年龄[假设]
2046,85+,退休65+,男,312017.9,31.2018,中,混合,[混合] 基准人口锚点=C&SD表110-01001A年中人口(不含外佣)；2026-2056为队列成分法推算[假设路径]；生育TFR 2023=751→2046=938对齐官方推算[真实数据路径形状]；净迁移总量级对齐官方推算、年龄权重偏劳动年龄[假设]
2047,0-4,少儿0-14,女,83800.7,8.3801,中,混合,[混合] 基准人口锚点=C&SD表110-01001A年中人口(不含外佣)；2026-2056为队列成分法推算[假设路径]；生育TFR 2023=751→2046=938对齐官方推算[真实数据路径形状]；净迁移总量级对齐官方推算、年龄权重偏劳动年龄[假设]
2047,10-14,少儿0-14,女,86447.7,8.6448,中,混合,[混合] 基准人口锚点=C&SD表110-01001A年中人口(不含外佣)；2026-2056为队列成分法推算[假设路径]；生育TFR 2023=751→2046=938对齐官方推算[真实数据路径形状]；净迁移总量级对齐官方推算、年龄权重偏劳动年龄[假设]
2047,15-19,劳动年龄15-64,女,97436.4,9.7436,中,混合,[混合] 基准人口锚点=C&SD表110-01001A年中人口(不含外佣)；2026-2056为队列成分法推算[假设路径]；生育TFR 2023=751→2046=938对齐官方推算[真实数据路径形状]；净迁移总量级对齐官方推算、年龄权重偏劳动年龄[假设]
2047,20-24,劳动年龄15-64,女,109909.8,10.991,中,混合,[混合] 基准人口锚点=C&SD表110-01001A年中人口(不含外佣)；2026-2056为队列成分法推算[假设路径]；生育TFR 2023=751→2046=938对齐官方推算[真实数据路径形状]；净迁移总量级对齐官方推算、年龄权重偏劳动年龄[假设]
2047,25-29,劳动年龄15-64,女,153338.2,15.3338,中,混合,[混合] 基准人口锚点=C&SD表110-01001A年中人口(不含外佣)；2026-2056为队列成分法推算[假设路径]；生育TFR 2023=751→2046=938对齐官方推算[真实数据路径形状]；净迁移总量级对齐官方推算、年龄权重偏劳动年龄[假设]
2047,30-34,劳动年龄15-64,女,191201.7,19.1202,中,混合,[混合] 基准人口锚点=C&SD表110-01001A年中人口(不含外佣)；2026-2056为队列成分法推算[假设路径]；生育TFR 2023=751→2046=938对齐官方推算[真实数据路径形状]；净迁移总量级对齐官方推算、年龄权重偏劳动年龄[假设]
2047,35-39,劳动年龄15-64,女,202327.1,20.2327,中,混合,[混合] 基准人口锚点=C&SD表110-01001A年中人口(不含外佣)；2026-2056为队列成分法推算[假设路径]；生育TFR 2023=751→2046=938对齐官方推算[真实数据路径形状]；净迁移总量级对齐官方推算、年龄权重偏劳动年龄[假设]
2047,40-44,劳动年龄15-64,女,206929.7,20.693,中,混合,[混合] 基准人口锚点=C&SD表110-01001A年中人口(不含外佣)；2026-2056为队列成分法推算[假设路径]；生育TFR 2023=751→2046=938对齐官方推算[真实数据路径形状]；净迁移总量级对齐官方推算、年龄权重偏劳动年龄[假设]
2047,45-49,劳动年龄15-64,女,226924.9,22.6925,中,混合,[混合] 基准人口锚点=C&SD表110-01001A年中人口(不含外佣)；2026-2056为队列成分法推算[假设路径]；生育TFR 2023=751→2046=938对齐官方推算[真实数据路径形状]；净迁移总量级对齐官方推算、年龄权重偏劳动年龄[假设]
2047,5-9,少儿0-14,女,84789.3,8.4789,中,混合,[混合] 基准人口锚点=C&SD表110-01001A年中人口(不含外佣)；2026-2056为队列成分法推算[假设路径]；生育TFR 2023=751→2046=938对齐官方推算[真实数据路径形状]；净迁移总量级对齐官方推算、年龄权重偏劳动年龄[假设]
2047,50-54,劳动年龄15-64,女,264905.2,26.4905,中,混合,[混合] 基准人口锚点=C&SD表110-01001A年中人口(不含外佣)；2026-2056为队列成分法推算[假设路径]；生育TFR 2023=751→2046=938对齐官方推算[真实数据路径形状]；净迁移总量级对齐官方推算、年龄权重偏劳动年龄[假设]
2047,55-59,劳动年龄15-64,女,285442.4,28.5442,中,混合,[混合] 基准人口锚点=C&SD表110-01001A年中人口(不含外佣)；2026-2056为队列成分法推算[假设路径]；生育TFR 2023=751→2046=938对齐官方推算[真实数据路径形状]；净迁移总量级对齐官方推算、年龄权重偏劳动年龄[假设]
2047,60-64,劳动年龄15-64,女,302982.5,30.2982,中,混合,[混合] 基准人口锚点=C&SD表110-01001A年中人口(不含外佣)；2026-2056为队列成分法推算[假设路径]；生育TFR 2023=751→2046=938对齐官方推算[真实数据路径形状]；净迁移总量级对齐官方推算、年龄权重偏劳动年龄[假设]
2047,65-69,退休65+,女,309074.0,30.9074,中,混合,[混合] 基准人口锚点=C&SD表110-01001A年中人口(不含外佣)；2026-2056为队列成分法推算[假设路径]；生育TFR 2023=751→2046=938对齐官方推算[真实数据路径形状]；净迁移总量级对齐官方推算、年龄权重偏劳动年龄[假设]
2047,70-74,退休65+,女,312590.4,31.259,中,混合,[混合] 基准人口锚点=C&SD表110-01001A年中人口(不含外佣)；2026-2056为队列成分法推算[假设路径]；生育TFR 2023=751→2046=938对齐官方推算[真实数据路径形状]；净迁移总量级对齐官方推算、年龄权重偏劳动年龄[假设]
2047,75-79,退休65+,女,301975.3,30.1975,中,混合,[混合] 基准人口锚点=C&SD表110-01001A年中人口(不含外佣)；2026-2056为队列成分法推算[假设路径]；生育TFR 2023=751→2046=938对齐官方推算[真实数据路径形状]；净迁移总量级对齐官方推算、年龄权重偏劳动年龄[假设]
2047,80-84,退休65+,女,291498.5,29.1499,中,混合,[混合] 基准人口锚点=C&SD表110-01001A年中人口(不含外佣)；2026-2056为队列成分法推算[假设路径]；生育TFR 2023=751→2046=938对齐官方推算[真实数据路径形状]；净迁移总量级对齐官方推算、年龄权重偏劳动年龄[假设]
2047,85+,退休65+,女,483096.9,48.3097,中,混合,[混合] 基准人口锚点=C&SD表110-01001A年中人口(不含外佣)；2026-2056为队列成分法推算[假设路径]；生育TFR 2023=751→2046=938对齐官方推算[真实数据路径形状]；净迁移总量级对齐官方推算、年龄权重偏劳动年龄[假设]
2047,0-4,少儿0-14,男,88512.8,8.8513,中,混合,[混合] 基准人口锚点=C&SD表110-01001A年中人口(不含外佣)；2026-2056为队列成分法推算[假设路径]；生育TFR 2023=751→2046=938对齐官方推算[真实数据路径形状]；净迁移总量级对齐官方推算、年龄权重偏劳动年龄[假设]
2047,10-14,少儿0-14,男,90144.9,9.0145,中,混合,[混合] 基准人口锚点=C&SD表110-01001A年中人口(不含外佣)；2026-2056为队列成分法推算[假设路径]；生育TFR 2023=751→2046=938对齐官方推算[真实数据路径形状]；净迁移总量级对齐官方推算、年龄权重偏劳动年龄[假设]
2047,15-19,劳动年龄15-64,男,100461.2,10.0461,中,混合,[混合] 基准人口锚点=C&SD表110-01001A年中人口(不含外佣)；2026-2056为队列成分法推算[假设路径]；生育TFR 2023=751→2046=938对齐官方推算[真实数据路径形状]；净迁移总量级对齐官方推算、年龄权重偏劳动年龄[假设]
2047,20-24,劳动年龄15-64,男,113553.5,11.3553,中,混合,[混合] 基准人口锚点=C&SD表110-01001A年中人口(不含外佣)；2026-2056为队列成分法推算[假设路径]；生育TFR 2023=751→2046=938对齐官方推算[真实数据路径形状]；净迁移总量级对齐官方推算、年龄权重偏劳动年龄[假设]
2047,25-29,劳动年龄15-64,男,158014.9,15.8015,中,混合,[混合] 基准人口锚点=C&SD表110-01001A年中人口(不含外佣)；2026-2056为队列成分法推算[假设路径]；生育TFR 2023=751→2046=938对齐官方推算[真实数据路径形状]；净迁移总量级对齐官方推算、年龄权重偏劳动年龄[假设]
2047,30-34,劳动年龄15-64,男,196987.0,19.6987,中,混合,[混合] 基准人口锚点=C&SD表110-01001A年中人口(不含外佣)；2026-2056为队列成分法推算[假设路径]；生育TFR 2023=751→2046=938对齐官方推算[真实数据路径形状]；净迁移总量级对齐官方推算、年龄权重偏劳动年龄[假设]
2047,35-39,劳动年龄15-64,男,207377.4,20.7377,中,混合,[混合] 基准人口锚点=C&SD表110-01001A年中人口(不含外佣)；2026-2056为队列成分法推算[假设路径]；生育TFR 2023=751→2046=938对齐官方推算[真实数据路径形状]；净迁移总量级对齐官方推算、年龄权重偏劳动年龄[假设]
2047,40-44,劳动年龄15-64,男,205057.2,20.5057,中,混合,[混合] 基准人口锚点=C&SD表110-01001A年中人口(不含外佣)；2026-2056为队列成分法推算[假设路径]；生育TFR 2023=751→2046=938对齐官方推算[真实数据路径形状]；净迁移总量级对齐官方推算、年龄权重偏劳动年龄[假设]
2047,45-49,劳动年龄15-64,男,229625.1,22.9625,中,混合,[混合] 基准人口锚点=C&SD表110-01001A年中人口(不含外佣)；2026-2056为队列成分法推算[假设路径]；生育TFR 2023=751→2046=938对齐官方推算[真实数据路径形状]；净迁移总量级对齐官方推算、年龄权重偏劳动年龄[假设]
2047,5-9,少儿0-14,男,88982.9,8.8983,中,混合,[混合] 基准人口锚点=C&SD表110-01001A年中人口(不含外佣)；2026-2056为队列成分法推算[假设路径]；生育TFR 2023=751→2046=938对齐官方推算[真实数据路径形状]；净迁移总量级对齐官方推算、年龄权重偏劳动年龄[假设]
2047,50-54,劳动年龄15-64,男,263842.3,26.3842,中,混合,[混合] 基准人口锚点=C&SD表110-01001A年中人口(不含外佣)；2026-2056为队列成分法推算[假设路径]；生育TFR 2023=751→2046=938对齐官方推算[真实数据路径形状]；净迁移总量级对齐官方推算、年龄权重偏劳动年龄[假设]
2047,55-59,劳动年龄15-64,男,271703.7,27.1704,中,混合,[混合] 基准人口锚点=C&SD表110-01001A年中人口(不含外佣)；2026-2056为队列成分法推算[假设路径]；生育TFR 2023=751→2046=938对齐官方推算[真实数据路径形状]；净迁移总量级对齐官方推算、年龄权重偏劳动年龄[假设]
2047,60-64,劳动年龄15-64,男,265787.3,26.5787,中,混合,[混合] 基准人口锚点=C&SD表110-01001A年中人口(不含外佣)；2026-2056为队列成分法推算[假设路径]；生育TFR 2023=751→2046=938对齐官方推算[真实数据路径形状]；净迁移总量级对齐官方推算、年龄权重偏劳动年龄[假设]
2047,65-69,退休65+,男,247969.1,24.7969,中,混合,[混合] 基准人口锚点=C&SD表110-01001A年中人口(不含外佣)；2026-2056为队列成分法推算[假设路径]；生育TFR 2023=751→2046=938对齐官方推算[真实数据路径形状]；净迁移总量级对齐官方推算、年龄权重偏劳动年龄[假设]
2047,70-74,退休65+,男,236147.9,23.6148,中,混合,[混合] 基准人口锚点=C&SD表110-01001A年中人口(不含外佣)；2026-2056为队列成分法推算[假设路径]；生育TFR 2023=751→2046=938对齐官方推算[真实数据路径形状]；净迁移总量级对齐官方推算、年龄权重偏劳动年龄[假设]
2047,75-79,退休65+,男,214424.7,21.4425,中,混合,[混合] 基准人口锚点=C&SD表110-01001A年中人口(不含外佣)；2026-2056为队列成分法推算[假设路径]；生育TFR 2023=751→2046=938对齐官方推算[真实数据路径形状]；净迁移总量级对齐官方推算、年龄权重偏劳动年龄[假设]
2047,80-84,退休65+,男,202313.0,20.2313,中,混合,[混合] 基准人口锚点=C&SD表110-01001A年中人口(不含外佣)；2026-2056为队列成分法推算[假设路径]；生育TFR 2023=751→2046=938对齐官方推算[真实数据路径形状]；净迁移总量级对齐官方推算、年龄权重偏劳动年龄[假设]
2047,85+,退休65+,男,321562.6,32.1563,中,混合,[混合] 基准人口锚点=C&SD表110-01001A年中人口(不含外佣)；2026-2056为队列成分法推算[假设路径]；生育TFR 2023=751→2046=938对齐官方推算[真实数据路径形状]；净迁移总量级对齐官方推算、年龄权重偏劳动年龄[假设]
2048,0-4,少儿0-14,女,83627.8,8.3628,中,混合,[混合] 基准人口锚点=C&SD表110-01001A年中人口(不含外佣)；2026-2056为队列成分法推算[假设路径]；生育TFR 2023=751→2046=938对齐官方推算[真实数据路径形状]；净迁移总量级对齐官方推算、年龄权重偏劳动年龄[假设]
2048,10-14,少儿0-14,女,86346.6,8.6347,中,混合,[混合] 基准人口锚点=C&SD表110-01001A年中人口(不含外佣)；2026-2056为队列成分法推算[假设路径]；生育TFR 2023=751→2046=938对齐官方推算[真实数据路径形状]；净迁移总量级对齐官方推算、年龄权重偏劳动年龄[假设]
2048,15-19,劳动年龄15-64,女,96434.3,9.6434,中,混合,[混合] 基准人口锚点=C&SD表110-01001A年中人口(不含外佣)；2026-2056为队列成分法推算[假设路径]；生育TFR 2023=751→2046=938对齐官方推算[真实数据路径形状]；净迁移总量级对齐官方推算、年龄权重偏劳动年龄[假设]
2048,20-24,劳动年龄15-64,女,110168.2,11.0168,中,混合,[混合] 基准人口锚点=C&SD表110-01001A年中人口(不含外佣)；2026-2056为队列成分法推算[假设路径]；生育TFR 2023=751→2046=938对齐官方推算[真实数据路径形状]；净迁移总量级对齐官方推算、年龄权重偏劳动年龄[假设]
2048,25-29,劳动年龄15-64,女,145146.1,14.5146,中,混合,[混合] 基准人口锚点=C&SD表110-01001A年中人口(不含外佣)；2026-2056为队列成分法推算[假设路径]；生育TFR 2023=751→2046=938对齐官方推算[真实数据路径形状]；净迁移总量级对齐官方推算、年龄权重偏劳动年龄[假设]
2048,30-34,劳动年龄15-64,女,186678.0,18.6678,中,混合,[混合] 基准人口锚点=C&SD表110-01001A年中人口(不含外佣)；2026-2056为队列成分法推算[假设路径]；生育TFR 2023=751→2046=938对齐官方推算[真实数据路径形状]；净迁移总量级对齐官方推算、年龄权重偏劳动年龄[假设]
2048,35-39,劳动年龄15-64,女,204027.8,20.4028,中,混合,[混合] 基准人口锚点=C&SD表110-01001A年中人口(不含外佣)；2026-2056为队列成分法推算[假设路径]；生育TFR 2023=751→2046=938对齐官方推算[真实数据路径形状]；净迁移总量级对齐官方推算、年龄权重偏劳动年龄[假设]
2048,40-44,劳动年龄15-64,女,207975.4,20.7975,中,混合,[混合] 基准人口锚点=C&SD表110-01001A年中人口(不含外佣)；2026-2056为队列成分法推算[假设路径]；生育TFR 2023=751→2046=938对齐官方推算[真实数据路径形状]；净迁移总量级对齐官方推算、年龄权重偏劳动年龄[假设]
2048,45-49,劳动年龄15-64,女,223749.4,22.3749,中,混合,[混合] 基准人口锚点=C&SD表110-01001A年中人口(不含外佣)；2026-2056为队列成分法推算[假设路径]；生育TFR 2023=751→2046=938对齐官方推算[真实数据路径形状]；净迁移总量级对齐官方推算、年龄权重偏劳动年龄[假设]
2048,5-9,少儿0-14,女,85269.1,8.5269,中,混合,[混合] 基准人口锚点=C&SD表110-01001A年中人口(不含外佣)；2026-2056为队列成分法推算[假设路径]；生育TFR 2023=751→2046=938对齐官方推算[真实数据路径形状]；净迁移总量级对齐官方推算、年龄权重偏劳动年龄[假设]
2048,50-54,劳动年龄15-64,女,257721.2,25.7721,中,混合,[混合] 基准人口锚点=C&SD表110-01001A年中人口(不含外佣)；2026-2056为队列成分法推算[假设路径]；生育TFR 2023=751→2046=938对齐官方推算[真实数据路径形状]；净迁移总量级对齐官方推算、年龄权重偏劳动年龄[假设]
2048,55-59,劳动年龄15-64,女,283336.0,28.3336,中,混合,[混合] 基准人口锚点=C&SD表110-01001A年中人口(不含外佣)；2026-2056为队列成分法推算[假设路径]；生育TFR 2023=751→2046=938对齐官方推算[真实数据路径形状]；净迁移总量级对齐官方推算、年龄权重偏劳动年龄[假设]
2048,60-64,劳动年龄15-64,女,299957.3,29.9957,中,混合,[混合] 基准人口锚点=C&SD表110-01001A年中人口(不含外佣)；2026-2056为队列成分法推算[假设路径]；生育TFR 2023=751→2046=938对齐官方推算[真实数据路径形状]；净迁移总量级对齐官方推算、年龄权重偏劳动年龄[假设]
2048,65-69,退休65+,女,307716.8,30.7717,中,混合,[混合] 基准人口锚点=C&SD表110-01001A年中人口(不含外佣)；2026-2056为队列成分法推算[假设路径]；生育TFR 2023=751→2046=938对齐官方推算[真实数据路径形状]；净迁移总量级对齐官方推算、年龄权重偏劳动年龄[假设]
2048,70-74,退休65+,女,310576.0,31.0576,中,混合,[混合] 基准人口锚点=C&SD表110-01001A年中人口(不含外佣)；2026-2056为队列成分法推算[假设路径]；生育TFR 2023=751→2046=938对齐官方推算[真实数据路径形状]；净迁移总量级对齐官方推算、年龄权重偏劳动年龄[假设]
2048,75-79,退休65+,女,302193.7,30.2194,中,混合,[混合] 基准人口锚点=C&SD表110-01001A年中人口(不含外佣)；2026-2056为队列成分法推算[假设路径]；生育TFR 2023=751→2046=938对齐官方推算[真实数据路径形状]；净迁移总量级对齐官方推算、年龄权重偏劳动年龄[假设]
2048,80-84,退休65+,女,288233.6,28.8234,中,混合,[混合] 基准人口锚点=C&SD表110-01001A年中人口(不含外佣)；2026-2056为队列成分法推算[假设路径]；生育TFR 2023=751→2046=938对齐官方推算[真实数据路径形状]；净迁移总量级对齐官方推算、年龄权重偏劳动年龄[假设]
2048,85+,退休65+,女,504617.4,50.4617,中,混合,[混合] 基准人口锚点=C&SD表110-01001A年中人口(不含外佣)；2026-2056为队列成分法推算[假设路径]；生育TFR 2023=751→2046=938对齐官方推算[真实数据路径形状]；净迁移总量级对齐官方推算、年龄权重偏劳动年龄[假设]
2048,0-4,少儿0-14,男,88340.3,8.834,中,混合,[混合] 基准人口锚点=C&SD表110-01001A年中人口(不含外佣)；2026-2056为队列成分法推算[假设路径]；生育TFR 2023=751→2046=938对齐官方推算[真实数据路径形状]；净迁移总量级对齐官方推算、年龄权重偏劳动年龄[假设]
2048,10-14,少儿0-14,男,90082.4,9.0082,中,混合,[混合] 基准人口锚点=C&SD表110-01001A年中人口(不含外佣)；2026-2056为队列成分法推算[假设路径]；生育TFR 2023=751→2046=938对齐官方推算[真实数据路径形状]；净迁移总量级对齐官方推算、年龄权重偏劳动年龄[假设]
2048,15-19,劳动年龄15-64,男,99457.5,9.9458,中,混合,[混合] 基准人口锚点=C&SD表110-01001A年中人口(不含外佣)；2026-2056为队列成分法推算[假设路径]；生育TFR 2023=751→2046=938对齐官方推算[真实数据路径形状]；净迁移总量级对齐官方推算、年龄权重偏劳动年龄[假设]
2048,20-24,劳动年龄15-64,男,113431.9,11.3432,中,混合,[混合] 基准人口锚点=C&SD表110-01001A年中人口(不含外佣)；2026-2056为队列成分法推算[假设路径]；生育TFR 2023=751→2046=938对齐官方推算[真实数据路径形状]；净迁移总量级对齐官方推算、年龄权重偏劳动年龄[假设]
2048,25-29,劳动年龄15-64,男,149434.4,14.9434,中,混合,[混合] 基准人口锚点=C&SD表110-01001A年中人口(不含外佣)；2026-2056为队列成分法推算[假设路径]；生育TFR 2023=751→2046=938对齐官方推算[真实数据路径形状]；净迁移总量级对齐官方推算、年龄权重偏劳动年龄[假设]
2048,30-34,劳动年龄15-64,男,192015.6,19.2016,中,混合,[混合] 基准人口锚点=C&SD表110-01001A年中人口(不含外佣)；2026-2056为队列成分法推算[假设路径]；生育TFR 2023=751→2046=938对齐官方推算[真实数据路径形状]；净迁移总量级对齐官方推算、年龄权重偏劳动年龄[假设]
2048,35-39,劳动年龄15-64,男,209046.1,20.9046,中,混合,[混合] 基准人口锚点=C&SD表110-01001A年中人口(不含外佣)；2026-2056为队列成分法推算[假设路径]；生育TFR 2023=751→2046=938对齐官方推算[真实数据路径形状]；净迁移总量级对齐官方推算、年龄权重偏劳动年龄[假设]
2048,40-44,劳动年龄15-64,男,207544.3,20.7544,中,混合,[混合] 基准人口锚点=C&SD表110-01001A年中人口(不含外佣)；2026-2056为队列成分法推算[假设路径]；生育TFR 2023=751→2046=938对齐官方推算[真实数据路径形状]；净迁移总量级对齐官方推算、年龄权重偏劳动年龄[假设]
2048,45-49,劳动年龄15-64,男,224602.8,22.4603,中,混合,[混合] 基准人口锚点=C&SD表110-01001A年中人口(不含外佣)；2026-2056为队列成分法推算[假设路径]；生育TFR 2023=751→2046=938对齐官方推算[真实数据路径形状]；净迁移总量级对齐官方推算、年龄权重偏劳动年龄[假设]
2048,5-9,少儿0-14,男,89523.8,8.9524,中,混合,[混合] 基准人口锚点=C&SD表110-01001A年中人口(不含外佣)；2026-2056为队列成分法推算[假设路径]；生育TFR 2023=751→2046=938对齐官方推算[真实数据路径形状]；净迁移总量级对齐官方推算、年龄权重偏劳动年龄[假设]
2048,50-54,劳动年龄15-64,男,257609.5,25.761,中,混合,[混合] 基准人口锚点=C&SD表110-01001A年中人口(不含外佣)；2026-2056为队列成分法推算[假设路径]；生育TFR 2023=751→2046=938对齐官方推算[真实数据路径形状]；净迁移总量级对齐官方推算、年龄权重偏劳动年龄[假设]
2048,55-59,劳动年龄15-64,男,271879.0,27.1879,中,混合,[混合] 基准人口锚点=C&SD表110-01001A年中人口(不含外佣)；2026-2056为队列成分法推算[假设路径]；生育TFR 2023=751→2046=938对齐官方推算[真实数据路径形状]；净迁移总量级对齐官方推算、年龄权重偏劳动年龄[假设]
2048,60-64,劳动年龄15-64,男,267249.0,26.7249,中,混合,[混合] 基准人口锚点=C&SD表110-01001A年中人口(不含外佣)；2026-2056为队列成分法推算[假设路径]；生育TFR 2023=751→2046=938对齐官方推算[真实数据路径形状]；净迁移总量级对齐官方推算、年龄权重偏劳动年龄[假设]
2048,65-69,退休65+,男,250564.3,25.0564,中,混合,[混合] 基准人口锚点=C&SD表110-01001A年中人口(不含外佣)；2026-2056为队列成分法推算[假设路径]；生育TFR 2023=751→2046=938对齐官方推算[真实数据路径形状]；净迁移总量级对齐官方推算、年龄权重偏劳动年龄[假设]
2048,70-74,退休65+,男,235739.5,23.5739,中,混合,[混合] 基准人口锚点=C&SD表110-01001A年中人口(不含外佣)；2026-2056为队列成分法推算[假设路径]；生育TFR 2023=751→2046=938对齐官方推算[真实数据路径形状]；净迁移总量级对齐官方推算、年龄权重偏劳动年龄[假设]
2048,75-79,退休65+,男,215656.8,21.5657,中,混合,[混合] 基准人口锚点=C&SD表110-01001A年中人口(不含外佣)；2026-2056为队列成分法推算[假设路径]；生育TFR 2023=751→2046=938对齐官方推算[真实数据路径形状]；净迁移总量级对齐官方推算、年龄权重偏劳动年龄[假设]
2048,80-84,退休65+,男,197365.5,19.7366,中,混合,[混合] 基准人口锚点=C&SD表110-01001A年中人口(不含外佣)；2026-2056为队列成分法推算[假设路径]；生育TFR 2023=751→2046=938对齐官方推算[真实数据路径形状]；净迁移总量级对齐官方推算、年龄权重偏劳动年龄[假设]
2048,85+,退休65+,男,330495.4,33.0495,中,混合,[混合] 基准人口锚点=C&SD表110-01001A年中人口(不含外佣)；2026-2056为队列成分法推算[假设路径]；生育TFR 2023=751→2046=938对齐官方推算[真实数据路径形状]；净迁移总量级对齐官方推算、年龄权重偏劳动年龄[假设]
2049,0-4,少儿0-14,女,83074.0,8.3074,中,混合,[混合] 基准人口锚点=C&SD表110-01001A年中人口(不含外佣)；2026-2056为队列成分法推算[假设路径]；生育TFR 2023=751→2046=938对齐官方推算[真实数据路径形状]；净迁移总量级对齐官方推算、年龄权重偏劳动年龄[假设]
2049,10-14,少儿0-14,女,86408.3,8.6408,中,混合,[混合] 基准人口锚点=C&SD表110-01001A年中人口(不含外佣)；2026-2056为队列成分法推算[假设路径]；生育TFR 2023=751→2046=938对齐官方推算[真实数据路径形状]；净迁移总量级对齐官方推算、年龄权重偏劳动年龄[假设]
2049,15-19,劳动年龄15-64,女,95582.8,9.5583,中,混合,[混合] 基准人口锚点=C&SD表110-01001A年中人口(不含外佣)；2026-2056为队列成分法推算[假设路径]；生育TFR 2023=751→2046=938对齐官方推算[真实数据路径形状]；净迁移总量级对齐官方推算、年龄权重偏劳动年龄[假设]
2049,20-24,劳动年龄15-64,女,110190.6,11.0191,中,混合,[混合] 基准人口锚点=C&SD表110-01001A年中人口(不含外佣)；2026-2056为队列成分法推算[假设路径]；生育TFR 2023=751→2046=938对齐官方推算[真实数据路径形状]；净迁移总量级对齐官方推算、年龄权重偏劳动年龄[假设]
2049,25-29,劳动年龄15-64,女,136885.0,13.6885,中,混合,[混合] 基准人口锚点=C&SD表110-01001A年中人口(不含外佣)；2026-2056为队列成分法推算[假设路径]；生育TFR 2023=751→2046=938对齐官方推算[真实数据路径形状]；净迁移总量级对齐官方推算、年龄权重偏劳动年龄[假设]
2049,30-34,劳动年龄15-64,女,182011.5,18.2011,中,混合,[混合] 基准人口锚点=C&SD表110-01001A年中人口(不含外佣)；2026-2056为队列成分法推算[假设路径]；生育TFR 2023=751→2046=938对齐官方推算[真实数据路径形状]；净迁移总量级对齐官方推算、年龄权重偏劳动年龄[假设]
2049,35-39,劳动年龄15-64,女,205270.0,20.527,中,混合,[混合] 基准人口锚点=C&SD表110-01001A年中人口(不含外佣)；2026-2056为队列成分法推算[假设路径]；生育TFR 2023=751→2046=938对齐官方推算[真实数据路径形状]；净迁移总量级对齐官方推算、年龄权重偏劳动年龄[假设]
2049,40-44,劳动年龄15-64,女,208973.7,20.8974,中,混合,[混合] 基准人口锚点=C&SD表110-01001A年中人口(不含外佣)；2026-2056为队列成分法推算[假设路径]；生育TFR 2023=751→2046=938对齐官方推算[真实数据路径形状]；净迁移总量级对齐官方推算、年龄权重偏劳动年龄[假设]
2049,45-49,劳动年龄15-64,女,220504.6,22.0505,中,混合,[混合] 基准人口锚点=C&SD表110-01001A年中人口(不含外佣)；2026-2056为队列成分法推算[假设路径]；生育TFR 2023=751→2046=938对齐官方推算[真实数据路径形状]；净迁移总量级对齐官方推算、年龄权重偏劳动年龄[假设]
2049,5-9,少儿0-14,女,85684.4,8.5684,中,混合,[混合] 基准人口锚点=C&SD表110-01001A年中人口(不含外佣)；2026-2056为队列成分法推算[假设路径]；生育TFR 2023=751→2046=938对齐官方推算[真实数据路径形状]；净迁移总量级对齐官方推算、年龄权重偏劳动年龄[假设]
2049,50-54,劳动年龄15-64,女,250474.4,25.0474,中,混合,[混合] 基准人口锚点=C&SD表110-01001A年中人口(不含外佣)；2026-2056为队列成分法推算[假设路径]；生育TFR 2023=751→2046=938对齐官方推算[真实数据路径形状]；净迁移总量级对齐官方推算、年龄权重偏劳动年龄[假设]
2049,55-59,劳动年龄15-64,女,281221.3,28.1221,中,混合,[混合] 基准人口锚点=C&SD表110-01001A年中人口(不含外佣)；2026-2056为队列成分法推算[假设路径]；生育TFR 2023=751→2046=938对齐官方推算[真实数据路径形状]；净迁移总量级对齐官方推算、年龄权重偏劳动年龄[假设]
2049,60-64,劳动年龄15-64,女,296969.9,29.697,中,混合,[混合] 基准人口锚点=C&SD表110-01001A年中人口(不含外佣)；2026-2056为队列成分法推算[假设路径]；生育TFR 2023=751→2046=938对齐官方推算[真实数据路径形状]；净迁移总量级对齐官方推算、年龄权重偏劳动年龄[假设]
2049,65-69,退休65+,女,306539.4,30.6539,中,混合,[混合] 基准人口锚点=C&SD表110-01001A年中人口(不含外佣)；2026-2056为队列成分法推算[假设路径]；生育TFR 2023=751→2046=938对齐官方推算[真实数据路径形状]；净迁移总量级对齐官方推算、年龄权重偏劳动年龄[假设]
2049,70-74,退休65+,女,308560.5,30.856,中,混合,[混合] 基准人口锚点=C&SD表110-01001A年中人口(不含外佣)；2026-2056为队列成分法推算[假设路径]；生育TFR 2023=751→2046=938对齐官方推算[真实数据路径形状]；净迁移总量级对齐官方推算、年龄权重偏劳动年龄[假设]
2049,75-79,退休65+,女,302475.2,30.2475,中,混合,[混合] 基准人口锚点=C&SD表110-01001A年中人口(不含外佣)；2026-2056为队列成分法推算[假设路径]；生育TFR 2023=751→2046=938对齐官方推算[真实数据路径形状]；净迁移总量级对齐官方推算、年龄权重偏劳动年龄[假设]
2049,80-84,退休65+,女,285187.9,28.5188,中,混合,[混合] 基准人口锚点=C&SD表110-01001A年中人口(不含外佣)；2026-2056为队列成分法推算[假设路径]；生育TFR 2023=751→2046=938对齐官方推算[真实数据路径形状]；净迁移总量级对齐官方推算、年龄权重偏劳动年龄[假设]
2049,85+,退休65+,女,525036.9,52.5037,中,混合,[混合] 基准人口锚点=C&SD表110-01001A年中人口(不含外佣)；2026-2056为队列成分法推算[假设路径]；生育TFR 2023=751→2046=938对齐官方推算[真实数据路径形状]；净迁移总量级对齐官方推算、年龄权重偏劳动年龄[假设]
2049,0-4,少儿0-14,男,87762.1,8.7762,中,混合,[混合] 基准人口锚点=C&SD表110-01001A年中人口(不含外佣)；2026-2056为队列成分法推算[假设路径]；生育TFR 2023=751→2046=938对齐官方推算[真实数据路径形状]；净迁移总量级对齐官方推算、年龄权重偏劳动年龄[假设]
2049,10-14,少儿0-14,男,90194.8,9.0195,中,混合,[混合] 基准人口锚点=C&SD表110-01001A年中人口(不含外佣)；2026-2056为队列成分法推算[假设路径]；生育TFR 2023=751→2046=938对齐官方推算[真实数据路径形状]；净迁移总量级对齐官方推算、年龄权重偏劳动年龄[假设]
2049,15-19,劳动年龄15-64,男,98612.8,9.8613,中,混合,[混合] 基准人口锚点=C&SD表110-01001A年中人口(不含外佣)；2026-2056为队列成分法推算[假设路径]；生育TFR 2023=751→2046=938对齐官方推算[真实数据路径形状]；净迁移总量级对齐官方推算、年龄权重偏劳动年龄[假设]
2049,20-24,劳动年龄15-64,男,113078.1,11.3078,中,混合,[混合] 基准人口锚点=C&SD表110-01001A年中人口(不含外佣)；2026-2056为队列成分法推算[假设路径]；生育TFR 2023=751→2046=938对齐官方推算[真实数据路径形状]；净迁移总量级对齐官方推算、年龄权重偏劳动年龄[假设]
2049,25-29,劳动年龄15-64,男,140786.1,14.0786,中,混合,[混合] 基准人口锚点=C&SD表110-01001A年中人口(不含外佣)；2026-2056为队列成分法推算[假设路径]；生育TFR 2023=751→2046=938对齐官方推算[真实数据路径形状]；净迁移总量级对齐官方推算、年龄权重偏劳动年龄[假设]
2049,30-34,劳动年龄15-64,男,186914.0,18.6914,中,混合,[混合] 基准人口锚点=C&SD表110-01001A年中人口(不含外佣)；2026-2056为队列成分法推算[假设路径]；生育TFR 2023=751→2046=938对齐官方推算[真实数据路径形状]；净迁移总量级对齐官方推算、年龄权重偏劳动年龄[假设]
2049,35-39,劳动年龄15-64,男,210296.0,21.0296,中,混合,[混合] 基准人口锚点=C&SD表110-01001A年中人口(不含外佣)；2026-2056为队列成分法推算[假设路径]；生育TFR 2023=751→2046=938对齐官方推算[真实数据路径形状]；净迁移总量级对齐官方推算、年龄权重偏劳动年龄[假设]
2049,40-44,劳动年龄15-64,男,209987.4,20.9987,中,混合,[混合] 基准人口锚点=C&SD表110-01001A年中人口(不含外佣)；2026-2056为队列成分法推算[假设路径]；生育TFR 2023=751→2046=938对齐官方推算[真实数据路径形状]；净迁移总量级对齐官方推算、年龄权重偏劳动年龄[假设]
2049,45-49,劳动年龄15-64,男,219528.0,21.9528,中,混合,[混合] 基准人口锚点=C&SD表110-01001A年中人口(不含外佣)；2026-2056为队列成分法推算[假设路径]；生育TFR 2023=751→2046=938对齐官方推算[真实数据路径形状]；净迁移总量级对齐官方推算、年龄权重偏劳动年龄[假设]
2049,5-9,少儿0-14,男,89993.8,8.9994,中,混合,[混合] 基准人口锚点=C&SD表110-01001A年中人口(不含外佣)；2026-2056为队列成分法推算[假设路径]；生育TFR 2023=751→2046=938对齐官方推算[真实数据路径形状]；净迁移总量级对齐官方推算、年龄权重偏劳动年龄[假设]
2049,50-54,劳动年龄15-64,男,251335.7,25.1336,中,混合,[混合] 基准人口锚点=C&SD表110-01001A年中人口(不含外佣)；2026-2056为队列成分法推算[假设路径]；生育TFR 2023=751→2046=938对齐官方推算[真实数据路径形状]；净迁移总量级对齐官方推算、年龄权重偏劳动年龄[假设]
2049,55-59,劳动年龄15-64,男,272048.2,27.2048,中,混合,[混合] 基准人口锚点=C&SD表110-01001A年中人口(不含外佣)；2026-2056为队列成分法推算[假设路径]；生育TFR 2023=751→2046=938对齐官方推算[真实数据路径形状]；净迁移总量级对齐官方推算、年龄权重偏劳动年龄[假设]
2049,60-64,劳动年龄15-64,男,268751.9,26.8752,中,混合,[混合] 基准人口锚点=C&SD表110-01001A年中人口(不含外佣)；2026-2056为队列成分法推算[假设路径]；生育TFR 2023=751→2046=938对齐官方推算[真实数据路径形状]；净迁移总量级对齐官方推算、年龄权重偏劳动年龄[假设]
2049,65-69,退休65+,男,253306.5,25.3306,中,混合,[混合] 基准人口锚点=C&SD表110-01001A年中人口(不含外佣)；2026-2056为队列成分法推算[假设路径]；生育TFR 2023=751→2046=938对齐官方推算[真实数据路径形状]；净迁移总量级对齐官方推算、年龄权重偏劳动年龄[假设]
2049,70-74,退休65+,男,235351.7,23.5352,中,混合,[混合] 基准人口锚点=C&SD表110-01001A年中人口(不含外佣)；2026-2056为队列成分法推算[假设路径]；生育TFR 2023=751→2046=938对齐官方推算[真实数据路径形状]；净迁移总量级对齐官方推算、年龄权重偏劳动年龄[假设]
2049,75-79,退休65+,男,216952.1,21.6952,中,混合,[混合] 基准人口锚点=C&SD表110-01001A年中人口(不含外佣)；2026-2056为队列成分法推算[假设路径]；生育TFR 2023=751→2046=938对齐官方推算[真实数据路径形状]；净迁移总量级对齐官方推算、年龄权重偏劳动年龄[假设]
2049,80-84,退休65+,男,192796.0,19.2796,中,混合,[混合] 基准人口锚点=C&SD表110-01001A年中人口(不含外佣)；2026-2056为队列成分法推算[假设路径]；生育TFR 2023=751→2046=938对齐官方推算[真实数据路径形状]；净迁移总量级对齐官方推算、年龄权重偏劳动年龄[假设]
2049,85+,退休65+,男,338883.5,33.8884,中,混合,[混合] 基准人口锚点=C&SD表110-01001A年中人口(不含外佣)；2026-2056为队列成分法推算[假设路径]；生育TFR 2023=751→2046=938对齐官方推算[真实数据路径形状]；净迁移总量级对齐官方推算、年龄权重偏劳动年龄[假设]
2050,0-4,少儿0-14,女,82147.8,8.2148,中,混合,[混合] 基准人口锚点=C&SD表110-01001A年中人口(不含外佣)；2026-2056为队列成分法推算[假设路径]；生育TFR 2023=751→2046=938对齐官方推算[真实数据路径形状]；净迁移总量级对齐官方推算、年龄权重偏劳动年龄[假设]
2050,10-14,少儿0-14,女,86620.2,8.662,中,混合,[混合] 基准人口锚点=C&SD表110-01001A年中人口(不含外佣)；2026-2056为队列成分法推算[假设路径]；生育TFR 2023=751→2046=938对齐官方推算[真实数据路径形状]；净迁移总量级对齐官方推算、年龄权重偏劳动年龄[假设]
2050,15-19,劳动年龄15-64,女,94873.1,9.4873,中,混合,[混合] 基准人口锚点=C&SD表110-01001A年中人口(不含外佣)；2026-2056为队列成分法推算[假设路径]；生育TFR 2023=751→2046=938对齐官方推算[真实数据路径形状]；净迁移总量级对齐官方推算、年龄权重偏劳动年龄[假设]
2050,20-24,劳动年龄15-64,女,109974.6,10.9975,中,混合,[混合] 基准人口锚点=C&SD表110-01001A年中人口(不含外佣)；2026-2056为队列成分法推算[假设路径]；生育TFR 2023=751→2046=938对齐官方推算[真实数据路径形状]；净迁移总量级对齐官方推算、年龄权重偏劳动年龄[假设]
2050,25-29,劳动年龄15-64,女,128593.0,12.8593,中,混合,[混合] 基准人口锚点=C&SD表110-01001A年中人口(不含外佣)；2026-2056为队列成分法推算[假设路径]；生育TFR 2023=751→2046=938对齐官方推算[真实数据路径形状]；净迁移总量级对齐官方推算、年龄权重偏劳动年龄[假设]
2050,30-34,劳动年龄15-64,女,177202.1,17.7202,中,混合,[混合] 基准人口锚点=C&SD表110-01001A年中人口(不含外佣)；2026-2056为队列成分法推算[假设路径]；生育TFR 2023=751→2046=938对齐官方推算[真实数据路径形状]；净迁移总量级对齐官方推算、年龄权重偏劳动年龄[假设]
2050,35-39,劳动年龄15-64,女,206035.4,20.6035,中,混合,[混合] 基准人口锚点=C&SD表110-01001A年中人口(不含外佣)；2026-2056为队列成分法推算[假设路径]；生育TFR 2023=751→2046=938对齐官方推算[真实数据路径形状]；净迁移总量级对齐官方推算、年龄权重偏劳动年龄[假设]
2050,40-44,劳动年龄15-64,女,209924.6,20.9925,中,混合,[混合] 基准人口锚点=C&SD表110-01001A年中人口(不含外佣)；2026-2056为队列成分法推算[假设路径]；生育TFR 2023=751→2046=938对齐官方推算[真实数据路径形状]；净迁移总量级对齐官方推算、年龄权重偏劳动年龄[假设]
2050,45-49,劳动年龄15-64,女,217196.2,21.7196,中,混合,[混合] 基准人口锚点=C&SD表110-01001A年中人口(不含外佣)；2026-2056为队列成分法推算[假设路径]；生育TFR 2023=751→2046=938对齐官方推算[真实数据路径形状]；净迁移总量级对齐官方推算、年龄权重偏劳动年龄[假设]
2050,5-9,少儿0-14,女,86023.6,8.6024,中,混合,[混合] 基准人口锚点=C&SD表110-01001A年中人口(不含外佣)；2026-2056为队列成分法推算[假设路径]；生育TFR 2023=751→2046=938对齐官方推算[真实数据路径形状]；净迁移总量级对齐官方推算、年龄权重偏劳动年龄[假设]
2050,50-54,劳动年龄15-64,女,243164.6,24.3165,中,混合,[混合] 基准人口锚点=C&SD表110-01001A年中人口(不含外佣)；2026-2056为队列成分法推算[假设路径]；生育TFR 2023=751→2046=938对齐官方推算[真实数据路径形状]；净迁移总量级对齐官方推算、年龄权重偏劳动年龄[假设]
2050,55-59,劳动年龄15-64,女,279079.3,27.9079,中,混合,[混合] 基准人口锚点=C&SD表110-01001A年中人口(不含外佣)；2026-2056为队列成分法推算[假设路径]；生育TFR 2023=751→2046=938对齐官方推算[真实数据路径形状]；净迁移总量级对齐官方推算、年龄权重偏劳动年龄[假设]
2050,60-64,劳动年龄15-64,女,294020.0,29.402,中,混合,[混合] 基准人口锚点=C&SD表110-01001A年中人口(不含外佣)；2026-2056为队列成分法推算[假设路径]；生育TFR 2023=751→2046=938对齐官方推算[真实数据路径形状]；净迁移总量级对齐官方推算、年龄权重偏劳动年龄[假设]
2050,65-69,退休65+,女,305556.2,30.5556,中,混合,[混合] 基准人口锚点=C&SD表110-01001A年中人口(不含外佣)；2026-2056为队列成分法推算[假设路径]；生育TFR 2023=751→2046=938对齐官方推算[真实数据路径形状]；净迁移总量级对齐官方推算、年龄权重偏劳动年龄[假设]
2050,70-74,退休65+,女,306543.2,30.6543,中,混合,[混合] 基准人口锚点=C&SD表110-01001A年中人口(不含外佣)；2026-2056为队列成分法推算[假设路径]；生育TFR 2023=751→2046=938对齐官方推算[真实数据路径形状]；净迁移总量级对齐官方推算、年龄权重偏劳动年龄[假设]
2050,75-79,退休65+,女,302798.1,30.2798,中,混合,[混合] 基准人口锚点=C&SD表110-01001A年中人口(不含外佣)；2026-2056为队列成分法推算[假设路径]；生育TFR 2023=751→2046=938对齐官方推算[真实数据路径形状]；净迁移总量级对齐官方推算、年龄权重偏劳动年龄[假设]
2050,80-84,退休65+,女,282355.5,28.2355,中,混合,[混合] 基准人口锚点=C&SD表110-01001A年中人口(不含外佣)；2026-2056为队列成分法推算[假设路径]；生育TFR 2023=751→2046=938对齐官方推算[真实数据路径形状]；净迁移总量级对齐官方推算、年龄权重偏劳动年龄[假设]
2050,85+,退休65+,女,544457.6,54.4458,中,混合,[混合] 基准人口锚点=C&SD表110-01001A年中人口(不含外佣)；2026-2056为队列成分法推算[假设路径]；生育TFR 2023=751→2046=938对齐官方推算[真实数据路径形状]；净迁移总量级对齐官方推算、年龄权重偏劳动年龄[假设]
2050,0-4,少儿0-14,男,86787.9,8.6788,中,混合,[混合] 基准人口锚点=C&SD表110-01001A年中人口(不含外佣)；2026-2056为队列成分法推算[假设路径]；生育TFR 2023=751→2046=938对齐官方推算[真实数据路径形状]；净迁移总量级对齐官方推算、年龄权重偏劳动年龄[假设]
2050,10-14,少儿0-14,男,90467.0,9.0467,中,混合,[混合] 基准人口锚点=C&SD表110-01001A年中人口(不含外佣)；2026-2056为队列成分法推算[假设路径]；生育TFR 2023=751→2046=938对齐官方推算[真实数据路径形状]；净迁移总量级对齐官方推算、年龄权重偏劳动年龄[假设]
2050,15-19,劳动年龄15-64,男,97919.2,9.7919,中,混合,[混合] 基准人口锚点=C&SD表110-01001A年中人口(不含外佣)；2026-2056为队列成分法推算[假设路径]；生育TFR 2023=751→2046=938对齐官方推算[真实数据路径形状]；净迁移总量级对齐官方推算、年龄权重偏劳动年龄[假设]
2050,20-24,劳动年龄15-64,男,112490.3,11.249,中,混合,[混合] 基准人口锚点=C&SD表110-01001A年中人口(不含外佣)；2026-2056为队列成分法推算[假设路径]；生育TFR 2023=751→2046=938对齐官方推算[真实数据路径形状]；净迁移总量级对齐官方推算、年龄权重偏劳动年龄[假设]
2050,25-29,劳动年龄15-64,男,132105.2,13.2105,中,混合,[混合] 基准人口锚点=C&SD表110-01001A年中人口(不含外佣)；2026-2056为队列成分法推算[假设路径]；生育TFR 2023=751→2046=938对齐官方推算[真实数据路径形状]；净迁移总量级对齐官方推算、年龄权重偏劳动年龄[假设]
2050,30-34,劳动年龄15-64,男,181681.9,18.1682,中,混合,[混合] 基准人口锚点=C&SD表110-01001A年中人口(不含外佣)；2026-2056为队列成分法推算[假设路径]；生育TFR 2023=751→2046=938对齐官方推算[真实数据路径形状]；净迁移总量级对齐官方推算、年龄权重偏劳动年龄[假设]
2050,35-39,劳动年龄15-64,男,211109.9,21.111,中,混合,[混合] 基准人口锚点=C&SD表110-01001A年中人口(不含外佣)；2026-2056为队列成分法推算[假设路径]；生育TFR 2023=751→2046=938对齐官方推算[真实数据路径形状]；净迁移总量级对齐官方推算、年龄权重偏劳动年龄[假设]
2050,40-44,劳动年龄15-64,男,212386.4,21.2386,中,混合,[混合] 基准人口锚点=C&SD表110-01001A年中人口(不含外佣)；2026-2056为队列成分法推算[假设路径]；生育TFR 2023=751→2046=938对齐官方推算[真实数据路径形状]；净迁移总量级对齐官方推算、年龄权重偏劳动年龄[假设]
2050,45-49,劳动年龄15-64,男,214405.9,21.4406,中,混合,[混合] 基准人口锚点=C&SD表110-01001A年中人口(不含外佣)；2026-2056为队列成分法推算[假设路径]；生育TFR 2023=751→2046=938对齐官方推算[真实数据路径形状]；净迁移总量级对齐官方推算、年龄权重偏劳动年龄[假设]
2050,5-9,少儿0-14,男,90380.7,9.0381,中,混合,[混合] 基准人口锚点=C&SD表110-01001A年中人口(不含外佣)；2026-2056为队列成分法推算[假设路径]；生育TFR 2023=751→2046=938对齐官方推算[真实数据路径形状]；净迁移总量级对齐官方推算、年龄权重偏劳动年龄[假设]
2050,50-54,劳动年龄15-64,男,245020.3,24.502,中,混合,[混合] 基准人口锚点=C&SD表110-01001A年中人口(不含外佣)；2026-2056为队列成分法推算[假设路径]；生育TFR 2023=751→2046=938对齐官方推算[真实数据路径形状]；净迁移总量级对齐官方推算、年龄权重偏劳动年龄[假设]
2050,55-59,劳动年龄15-64,男,272193.8,27.2194,中,混合,[混合] 基准人口锚点=C&SD表110-01001A年中人口(不含外佣)；2026-2056为队列成分法推算[假设路径]；生育TFR 2023=751→2046=938对齐官方推算[真实数据路径形状]；净迁移总量级对齐官方推算、年龄权重偏劳动年龄[假设]
2050,60-64,劳动年龄15-64,男,270295.8,27.0296,中,混合,[混合] 基准人口锚点=C&SD表110-01001A年中人口(不含外佣)；2026-2056为队列成分法推算[假设路径]；生育TFR 2023=751→2046=938对齐官方推算[真实数据路径形状]；净迁移总量级对齐官方推算、年龄权重偏劳动年龄[假设]
2050,65-69,退休65+,男,256208.7,25.6209,中,混合,[混合] 基准人口锚点=C&SD表110-01001A年中人口(不含外佣)；2026-2056为队列成分法推算[假设路径]；生育TFR 2023=751→2046=938对齐官方推算[真实数据路径形状]；净迁移总量级对齐官方推算、年龄权重偏劳动年龄[假设]
2050,70-74,退休65+,男,234983.1,23.4983,中,混合,[混合] 基准人口锚点=C&SD表110-01001A年中人口(不含外佣)；2026-2056为队列成分法推算[假设路径]；生育TFR 2023=751→2046=938对齐官方推算[真实数据路径形状]；净迁移总量级对齐官方推算、年龄权重偏劳动年龄[假设]
2050,75-79,退休65+,男,218291.6,21.8292,中,混合,[混合] 基准人口锚点=C&SD表110-01001A年中人口(不含外佣)；2026-2056为队列成分法推算[假设路径]；生育TFR 2023=751→2046=938对齐官方推算[真实数据路径形状]；净迁移总量级对齐官方推算、年龄权重偏劳动年龄[假设]
2050,80-84,退休65+,男,188585.6,18.8586,中,混合,[混合] 基准人口锚点=C&SD表110-01001A年中人口(不含外佣)；2026-2056为队列成分法推算[假设路径]；生育TFR 2023=751→2046=938对齐官方推算[真实数据路径形状]；净迁移总量级对齐官方推算、年龄权重偏劳动年龄[假设]
2050,85+,退休65+,男,346787.6,34.6788,中,混合,[混合] 基准人口锚点=C&SD表110-01001A年中人口(不含外佣)；2026-2056为队列成分法推算[假设路径]；生育TFR 2023=751→2046=938对齐官方推算[真实数据路径形状]；净迁移总量级对齐官方推算、年龄权重偏劳动年龄[假设]
2051,0-4,少儿0-14,女,80859.2,8.0859,中,混合,[混合] 基准人口锚点=C&SD表110-01001A年中人口(不含外佣)；2026-2056为队列成分法推算[假设路径]；生育TFR 2023=751→2046=938对齐官方推算[真实数据路径形状]；净迁移总量级对齐官方推算、年龄权重偏劳动年龄[假设]
2051,10-14,少儿0-14,女,86968.3,8.6968,中,混合,[混合] 基准人口锚点=C&SD表110-01001A年中人口(不含外佣)；2026-2056为队列成分法推算[假设路径]；生育TFR 2023=751→2046=938对齐官方推算[真实数据路径形状]；净迁移总量级对齐官方推算、年龄权重偏劳动年龄[假设]
2051,15-19,劳动年龄15-64,女,94295.9,9.4296,中,混合,[混合] 基准人口锚点=C&SD表110-01001A年中人口(不含外佣)；2026-2056为队列成分法推算[假设路径]；生育TFR 2023=751→2046=938对齐官方推算[真实数据路径形状]；净迁移总量级对齐官方推算、年龄权重偏劳动年龄[假设]
2051,20-24,劳动年龄15-64,女,109518.0,10.9518,中,混合,[混合] 基准人口锚点=C&SD表110-01001A年中人口(不含外佣)；2026-2056为队列成分法推算[假设路径]；生育TFR 2023=751→2046=938对齐官方推算[真实数据路径形状]；净迁移总量级对齐官方推算、年龄权重偏劳动年龄[假设]
2051,25-29,劳动年龄15-64,女,120308.3,12.0308,中,混合,[混合] 基准人口锚点=C&SD表110-01001A年中人口(不含外佣)；2026-2056为队列成分法推算[假设路径]；生育TFR 2023=751→2046=938对齐官方推算[真实数据路径形状]；净迁移总量级对齐官方推算、年龄权重偏劳动年龄[假设]
2051,30-34,劳动年龄15-64,女,172249.8,17.225,中,混合,[混合] 基准人口锚点=C&SD表110-01001A年中人口(不含外佣)；2026-2056为队列成分法推算[假设路径]；生育TFR 2023=751→2046=938对齐官方推算[真实数据路径形状]；净迁移总量级对齐官方推算、年龄权重偏劳动年龄[假设]
2051,35-39,劳动年龄15-64,女,206305.2,20.6305,中,混合,[混合] 基准人口锚点=C&SD表110-01001A年中人口(不含外佣)；2026-2056为队列成分法推算[假设路径]；生育TFR 2023=751→2046=938对齐官方推算[真实数据路径形状]；净迁移总量级对齐官方推算、年龄权重偏劳动年龄[假设]
2051,40-44,劳动年龄15-64,女,210828.1,21.0828,中,混合,[混合] 基准人口锚点=C&SD表110-01001A年中人口(不含外佣)；2026-2056为队列成分法推算[假设路径]；生育TFR 2023=751→2046=938对齐官方推算[真实数据路径形状]；净迁移总量级对齐官方推算、年龄权重偏劳动年龄[假设]
2051,45-49,劳动年龄15-64,女,213830.1,21.383,中,混合,[混合] 基准人口锚点=C&SD表110-01001A年中人口(不含外佣)；2026-2056为队列成分法推算[假设路径]；生育TFR 2023=751→2046=938对齐官方推算[真实数据路径形状]；净迁移总量级对齐官方推算、年龄权重偏劳动年龄[假设]
2051,5-9,少儿0-14,女,86275.1,8.6275,中,混合,[混合] 基准人口锚点=C&SD表110-01001A年中人口(不含外佣)；2026-2056为队列成分法推算[假设路径]；生育TFR 2023=751→2046=938对齐官方推算[真实数据路径形状]；净迁移总量级对齐官方推算、年龄权重偏劳动年龄[假设]
2051,50-54,劳动年龄15-64,女,235791.4,23.5791,中,混合,[混合] 基准人口锚点=C&SD表110-01001A年中人口(不含外佣)；2026-2056为队列成分法推算[假设路径]；生育TFR 2023=751→2046=938对齐官方推算[真实数据路径形状]；净迁移总量级对齐官方推算、年龄权重偏劳动年龄[假设]
2051,55-59,劳动年龄15-64,女,276890.7,27.6891,中,混合,[混合] 基准人口锚点=C&SD表110-01001A年中人口(不含外佣)；2026-2056为队列成分法推算[假设路径]；生育TFR 2023=751→2046=938对齐官方推算[真实数据路径形状]；净迁移总量级对齐官方推算、年龄权重偏劳动年龄[假设]
2051,60-64,劳动年龄15-64,女,291107.3,29.1107,中,混合,[混合] 基准人口锚点=C&SD表110-01001A年中人口(不含外佣)；2026-2056为队列成分法推算[假设路径]；生育TFR 2023=751→2046=938对齐官方推算[真实数据路径形状]；净迁移总量级对齐官方推算、年龄权重偏劳动年龄[假设]
2051,65-69,退休65+,女,304782.1,30.4782,中,混合,[混合] 基准人口锚点=C&SD表110-01001A年中人口(不含外佣)；2026-2056为队列成分法推算[假设路径]；生育TFR 2023=751→2046=938对齐官方推算[真实数据路径形状]；净迁移总量级对齐官方推算、年龄权重偏劳动年龄[假设]
2051,70-74,退休65+,女,304522.9,30.4523,中,混合,[混合] 基准人口锚点=C&SD表110-01001A年中人口(不含外佣)；2026-2056为队列成分法推算[假设路径]；生育TFR 2023=751→2046=938对齐官方推算[真实数据路径形状]；净迁移总量级对齐官方推算、年龄权重偏劳动年龄[假设]
2051,75-79,退休65+,女,303141.0,30.3141,中,混合,[混合] 基准人口锚点=C&SD表110-01001A年中人口(不含外佣)；2026-2056为队列成分法推算[假设路径]；生育TFR 2023=751→2046=938对齐官方推算[真实数据路径形状]；净迁移总量级对齐官方推算、年龄权重偏劳动年龄[假设]
2051,80-84,退休65+,女,279730.9,27.9731,中,混合,[混合] 基准人口锚点=C&SD表110-01001A年中人口(不含外佣)；2026-2056为队列成分法推算[假设路径]；生育TFR 2023=751→2046=938对齐官方推算[真实数据路径形状]；净迁移总量级对齐官方推算、年龄权重偏劳动年龄[假设]
2051,85+,退休65+,女,562973.0,56.2973,中,混合,[混合] 基准人口锚点=C&SD表110-01001A年中人口(不含外佣)；2026-2056为队列成分法推算[假设路径]；生育TFR 2023=751→2046=938对齐官方推算[真实数据路径形状]；净迁移总量级对齐官方推算、年龄权重偏劳动年龄[假设]
2051,0-4,少儿0-14,男,85428.9,8.5429,中,混合,[混合] 基准人口锚点=C&SD表110-01001A年中人口(不含外佣)；2026-2056为队列成分法推算[假设路径]；生育TFR 2023=751→2046=938对齐官方推算[真实数据路径形状]；净迁移总量级对齐官方推算、年龄权重偏劳动年龄[假设]
2051,10-14,少儿0-14,男,90882.5,9.0883,中,混合,[混合] 基准人口锚点=C&SD表110-01001A年中人口(不含外佣)；2026-2056为队列成分法推算[假设路径]；生育TFR 2023=751→2046=938对齐官方推算[真实数据路径形状]；净迁移总量级对齐官方推算、年龄权重偏劳动年龄[假设]
2051,15-19,劳动年龄15-64,男,97368.6,9.7369,中,混合,[混合] 基准人口锚点=C&SD表110-01001A年中人口(不含外佣)；2026-2056为队列成分法推算[假设路径]；生育TFR 2023=751→2046=938对齐官方推算[真实数据路径形状]；净迁移总量级对齐官方推算、年龄权重偏劳动年龄[假设]
2051,20-24,劳动年龄15-64,男,111667.2,11.1667,中,混合,[混合] 基准人口锚点=C&SD表110-01001A年中人口(不含外佣)；2026-2056为队列成分法推算[假设路径]；生育TFR 2023=751→2046=938对齐官方推算[真实数据路径形状]；净迁移总量级对齐官方推算、年龄权重偏劳动年龄[假设]
2051,25-29,劳动年龄15-64,男,123426.9,12.3427,中,混合,[混合] 基准人口锚点=C&SD表110-01001A年中人口(不含外佣)；2026-2056为队列成分法推算[假设路径]；生育TFR 2023=751→2046=938对齐官方推算[真实数据路径形状]；净迁移总量级对齐官方推算、年龄权重偏劳动年龄[假设]
2051,30-34,劳动年龄15-64,男,176319.3,17.6319,中,混合,[混合] 基准人口锚点=C&SD表110-01001A年中人口(不含外佣)；2026-2056为队列成分法推算[假设路径]；生育TFR 2023=751→2046=938对齐官方推算[真实数据路径形状]；净迁移总量级对齐官方推算、年龄权重偏劳动年龄[假设]
2051,35-39,劳动年龄15-64,男,211471.0,21.1471,中,混合,[混合] 基准人口锚点=C&SD表110-01001A年中人口(不含外佣)；2026-2056为队列成分法推算[假设路径]；生育TFR 2023=751→2046=938对齐官方推算[真实数据路径形状]；净迁移总量级对齐官方推算、年龄权重偏劳动年龄[假设]
2051,40-44,劳动年龄15-64,男,214741.5,21.4742,中,混合,[混合] 基准人口锚点=C&SD表110-01001A年中人口(不含外佣)；2026-2056为队列成分法推算[假设路径]；生育TFR 2023=751→2046=938对齐官方推算[真实数据路径形状]；净迁移总量级对齐官方推算、年龄权重偏劳动年龄[假设]
2051,45-49,劳动年龄15-64,男,209241.5,20.9242,中,混合,[混合] 基准人口锚点=C&SD表110-01001A年中人口(不含外佣)；2026-2056为队列成分法推算[假设路径]；生育TFR 2023=751→2046=938对齐官方推算[真实数据路径形状]；净迁移总量级对齐官方推算、年龄权重偏劳动年龄[假设]
2051,5-9,少儿0-14,男,90672.1,9.0672,中,混合,[混合] 基准人口锚点=C&SD表110-01001A年中人口(不含外佣)；2026-2056为队列成分法推算[假设路径]；生育TFR 2023=751→2046=938对齐官方推算[真实数据路径形状]；净迁移总量级对齐官方推算、年龄权重偏劳动年龄[假设]
2051,50-54,劳动年龄15-64,男,238662.9,23.8663,中,混合,[混合] 基准人口锚点=C&SD表110-01001A年中人口(不含外佣)；2026-2056为队列成分法推算[假设路径]；生育TFR 2023=751→2046=938对齐官方推算[真实数据路径形状]；净迁移总量级对齐官方推算、年龄权重偏劳动年龄[假设]
2051,55-59,劳动年龄15-64,男,272298.5,27.2298,中,混合,[混合] 基准人口锚点=C&SD表110-01001A年中人口(不含外佣)；2026-2056为队列成分法推算[假设路径]；生育TFR 2023=751→2046=938对齐官方推算[真实数据路径形状]；净迁移总量级对齐官方推算、年龄权重偏劳动年龄[假设]
2051,60-64,劳动年龄15-64,男,271880.4,27.188,中,混合,[混合] 基准人口锚点=C&SD表110-01001A年中人口(不含外佣)；2026-2056为队列成分法推算[假设路径]；生育TFR 2023=751→2046=938对齐官方推算[真实数据路径形状]；净迁移总量级对齐官方推算、年龄权重偏劳动年龄[假设]
2051,65-69,退休65+,男,259283.7,25.9284,中,混合,[混合] 基准人口锚点=C&SD表110-01001A年中人口(不含外佣)；2026-2056为队列成分法推算[假设路径]；生育TFR 2023=751→2046=938对齐官方推算[真实数据路径形状]；净迁移总量级对齐官方推算、年龄权重偏劳动年龄[假设]
2051,70-74,退休65+,男,234632.2,23.4632,中,混合,[混合] 基准人口锚点=C&SD表110-01001A年中人口(不含外佣)；2026-2056为队列成分法推算[假设路径]；生育TFR 2023=751→2046=938对齐官方推算[真实数据路径形状]；净迁移总量级对齐官方推算、年龄权重偏劳动年龄[假设]
2051,75-79,退休65+,男,219656.7,21.9657,中,混合,[混合] 基准人口锚点=C&SD表110-01001A年中人口(不含外佣)；2026-2056为队列成分法推算[假设路径]；生育TFR 2023=751→2046=938对齐官方推算[真实数据路径形状]；净迁移总量级对齐官方推算、年龄权重偏劳动年龄[假设]
2051,80-84,退休65+,男,184716.6,18.4717,中,混合,[混合] 基准人口锚点=C&SD表110-01001A年中人口(不含外佣)；2026-2056为队列成分法推算[假设路径]；生育TFR 2023=751→2046=938对齐官方推算[真实数据路径形状]；净迁移总量级对齐官方推算、年龄权重偏劳动年龄[假设]
2051,85+,退休65+,男,354262.3,35.4262,中,混合,[混合] 基准人口锚点=C&SD表110-01001A年中人口(不含外佣)；2026-2056为队列成分法推算[假设路径]；生育TFR 2023=751→2046=938对齐官方推算[真实数据路径形状]；净迁移总量级对齐官方推算、年龄权重偏劳动年龄[假设]
2052,0-4,少儿0-14,女,79220.1,7.922,中,混合,[混合] 基准人口锚点=C&SD表110-01001A年中人口(不含外佣)；2026-2056为队列成分法推算[假设路径]；生育TFR 2023=751→2046=938对齐官方推算[真实数据路径形状]；净迁移总量级对齐官方推算、年龄权重偏劳动年龄[假设]
2052,10-14,少儿0-14,女,87437.7,8.7438,中,混合,[混合] 基准人口锚点=C&SD表110-01001A年中人口(不含外佣)；2026-2056为队列成分法推算[假设路径]；生育TFR 2023=751→2046=938对齐官方推算[真实数据路径形状]；净迁移总量级对齐官方推算、年龄权重偏劳动年龄[假设]
2052,15-19,劳动年龄15-64,女,93842.0,9.3842,中,混合,[混合] 基准人口锚点=C&SD表110-01001A年中人口(不含外佣)；2026-2056为队列成分法推算[假设路径]；生育TFR 2023=751→2046=938对齐官方推算[真实数据路径形状]；净迁移总量级对齐官方推算、年龄权重偏劳动年龄[假设]
2052,20-24,劳动年龄15-64,女,108102.7,10.8103,中,混合,[混合] 基准人口锚点=C&SD表110-01001A年中人口(不含外佣)；2026-2056为队列成分法推算[假设路径]；生育TFR 2023=751→2046=938对齐官方推算[真实数据路径形状]；净迁移总量级对齐官方推算、年龄权重偏劳动年龄[假设]
2052,25-29,劳动年龄15-64,女,120545.4,12.0545,中,混合,[混合] 基准人口锚点=C&SD表110-01001A年中人口(不含外佣)；2026-2056为队列成分法推算[假设路径]；生育TFR 2023=751→2046=938对齐官方推算[真实数据路径形状]；净迁移总量级对齐官方推算、年龄权重偏劳动年龄[假设]
2052,30-34,劳动年龄15-64,女,163917.5,16.3917,中,混合,[混合] 基准人口锚点=C&SD表110-01001A年中人口(不含外佣)；2026-2056为队列成分法推算[假设路径]；生育TFR 2023=751→2046=938对齐官方推算[真实数据路径形状]；净迁移总量级对齐官方推算、年龄权重偏劳动年龄[假设]
2052,35-39,劳动年龄15-64,女,201677.2,20.1677,中,混合,[混合] 基准人口锚点=C&SD表110-01001A年中人口(不含外佣)；2026-2056为队列成分法推算[假设路径]；生育TFR 2023=751→2046=938对齐官方推算[真实数据路径形状]；净迁移总量级对齐官方推算、年龄权重偏劳动年龄[假设]
2052,40-44,劳动年龄15-64,女,212714.3,21.2714,中,混合,[混合] 基准人口锚点=C&SD表110-01001A年中人口(不含外佣)；2026-2056为队列成分法推算[假设路径]；生育TFR 2023=751→2046=938对齐官方推算[真实数据路径形状]；净迁移总量级对齐官方推算、年龄权重偏劳动年龄[假设]
2052,45-49,劳动年龄15-64,女,214728.5,21.4729,中,混合,[混合] 基准人口锚点=C&SD表110-01001A年中人口(不含外佣)；2026-2056为队列成分法推算[假设路径]；生育TFR 2023=751→2046=938对齐官方推算[真实数据路径形状]；净迁移总量级对齐官方推算、年龄权重偏劳动年龄[假设]
2052,5-9,少儿0-14,女,86427.1,8.6427,中,混合,[混合] 基准人口锚点=C&SD表110-01001A年中人口(不含外佣)；2026-2056为队列成分法推算[假设路径]；生育TFR 2023=751→2046=938对齐官方推算[真实数据路径形状]；净迁移总量级对齐官方推算、年龄权重偏劳动年龄[假设]
2052,50-54,劳动年龄15-64,女,232553.8,23.2554,中,混合,[混合] 基准人口锚点=C&SD表110-01001A年中人口(不含外佣)；2026-2056为队列成分法推算[假设路径]；生育TFR 2023=751→2046=938对齐官方推算[真实数据路径形状]；净迁移总量级对齐官方推算、年龄权重偏劳动年龄[假设]
2052,55-59,劳动年龄15-64,女,269672.2,26.9672,中,混合,[混合] 基准人口锚点=C&SD表110-01001A年中人口(不含外佣)；2026-2056为队列成分法推算[假设路径]；生育TFR 2023=751→2046=938对齐官方推算[真实数据路径形状]；净迁移总量级对齐官方推算、年龄权重偏劳动年龄[假设]
2052,60-64,劳动年龄15-64,女,288875.5,28.8876,中,混合,[混合] 基准人口锚点=C&SD表110-01001A年中人口(不含外佣)；2026-2056为队列成分法推算[假设路径]；生育TFR 2023=751→2046=938对齐官方推算[真实数据路径形状]；净迁移总量级对齐官方推算、年龄权重偏劳动年龄[假设]
2052,65-69,退休65+,女,301706.9,30.1707,中,混合,[混合] 基准人口锚点=C&SD表110-01001A年中人口(不含外佣)；2026-2056为队列成分法推算[假设路径]；生育TFR 2023=751→2046=938对齐官方推算[真实数据路径形状]；净迁移总量级对齐官方推算、年龄权重偏劳动年龄[假设]
2052,70-74,退休65+,女,303038.2,30.3038,中,混合,[混合] 基准人口锚点=C&SD表110-01001A年中人口(不含外佣)；2026-2056为队列成分法推算[假设路径]；生育TFR 2023=751→2046=938对齐官方推算[真实数据路径形状]；净迁移总量级对齐官方推算、年龄权重偏劳动年龄[假设]
2052,75-79,退休65+,女,301236.9,30.1237,中,混合,[混合] 基准人口锚点=C&SD表110-01001A年中人口(不含外佣)；2026-2056为队列成分法推算[假设路径]；生育TFR 2023=751→2046=938对齐官方推算[真实数据路径形状]；净迁移总量级对齐官方推算、年龄权重偏劳动年龄[假设]
2052,80-84,退休65+,女,279957.4,27.9957,中,混合,[混合] 基准人口锚点=C&SD表110-01001A年中人口(不含外佣)；2026-2056为队列成分法推算[假设路径]；生育TFR 2023=751→2046=938对齐官方推算[真实数据路径形状]；净迁移总量级对齐官方推算、年龄权重偏劳动年龄[假设]
2052,85+,退休65+,女,576886.1,57.6886,中,混合,[混合] 基准人口锚点=C&SD表110-01001A年中人口(不含外佣)；2026-2056为队列成分法推算[假设路径]；生育TFR 2023=751→2046=938对齐官方推算[真实数据路径形状]；净迁移总量级对齐官方推算、年龄权重偏劳动年龄[假设]
2052,0-4,少儿0-14,男,83698.0,8.3698,中,混合,[混合] 基准人口锚点=C&SD表110-01001A年中人口(不含外佣)；2026-2056为队列成分法推算[假设路径]；生育TFR 2023=751→2046=938对齐官方推算[真实数据路径形状]；净迁移总量级对齐官方推算、年龄权重偏劳动年龄[假设]
2052,10-14,少儿0-14,男,91423.7,9.1424,中,混合,[混合] 基准人口锚点=C&SD表110-01001A年中人口(不含外佣)；2026-2056为队列成分法推算[假设路径]；生育TFR 2023=751→2046=938对齐官方推算[真实数据路径形状]；净迁移总量级对齐官方推算、年龄权重偏劳动年龄[假设]
2052,15-19,劳动年龄15-64,男,96952.9,9.6953,中,混合,[混合] 基准人口锚点=C&SD表110-01001A年中人口(不含外佣)；2026-2056为队列成分法推算[假设路径]；生育TFR 2023=751→2046=938对齐官方推算[真实数据路径形状]；净迁移总量级对齐官方推算、年龄权重偏劳动年龄[假设]
2052,20-24,劳动年龄15-64,男,110263.6,11.0264,中,混合,[混合] 基准人口锚点=C&SD表110-01001A年中人口(不含外佣)；2026-2056为队列成分法推算[假设路径]；生育TFR 2023=751→2046=938对齐官方推算[真实数据路径形状]；净迁移总量级对齐官方推算、年龄权重偏劳动年龄[假设]
2052,25-29,劳动年龄15-64,男,123301.8,12.3302,中,混合,[混合] 基准人口锚点=C&SD表110-01001A年中人口(不含外佣)；2026-2056为队列成分法推算[假设路径]；生育TFR 2023=751→2046=938对齐官方推算[真实数据路径形状]；净迁移总量级对齐官方推算、年龄权重偏劳动年龄[假设]
2052,30-34,劳动年龄15-64,男,167622.5,16.7623,中,混合,[混合] 基准人口锚点=C&SD表110-01001A年中人口(不含外佣)；2026-2056为队列成分法推算[假设路径]；生育TFR 2023=751→2046=938对齐官方推算[真实数据路径形状]；净迁移总量级对齐官方推算、年龄权重偏劳动年龄[假设]
2052,35-39,劳动年龄15-64,男,206411.2,20.6411,中,混合,[混合] 基准人口锚点=C&SD表110-01001A年中人口(不含外佣)；2026-2056为队列成分法推算[假设路径]；生育TFR 2023=751→2046=938对齐官方推算[真实数据路径形状]；净迁移总量级对齐官方推算、年龄权重偏劳动年龄[假设]
2052,40-44,劳动年龄15-64,男,216578.7,21.6579,中,混合,[混合] 基准人口锚点=C&SD表110-01001A年中人口(不含外佣)；2026-2056为队列成分法推算[假设路径]；生育TFR 2023=751→2046=938对齐官方推算[真实数据路径形状]；净迁移总量级对齐官方推算、年龄权重偏劳动年龄[假设]
2052,45-49,劳动年龄15-64,男,211590.8,21.1591,中,混合,[混合] 基准人口锚点=C&SD表110-01001A年中人口(不含外佣)；2026-2056为队列成分法推算[假设路径]；生育TFR 2023=751→2046=938对齐官方推算[真实数据路径形状]；净迁移总量级对齐官方推算、年龄权重偏劳动年龄[假设]
2052,5-9,少儿0-14,男,90855.5,9.0855,中,混合,[混合] 基准人口锚点=C&SD表110-01001A年中人口(不含外佣)；2026-2056为队列成分法推算[假设路径]；生育TFR 2023=751→2046=938对齐官方推算[真实数据路径形状]；净迁移总量级对齐官方推算、年龄权重偏劳动年龄[假设]
2052,50-54,劳动年龄15-64,男,233608.8,23.3609,中,混合,[混合] 基准人口锚点=C&SD表110-01001A年中人口(不含外佣)；2026-2056为队列成分法推算[假设路径]；生育TFR 2023=751→2046=938对齐官方推算[真实数据路径形状]；净迁移总量级对齐官方推算、年龄权重偏劳动年龄[假设]
2052,55-59,劳动年龄15-64,男,266071.3,26.6071,中,混合,[混合] 基准人口锚点=C&SD表110-01001A年中人口(不含外佣)；2026-2056为队列成分法推算[假设路径]；生育TFR 2023=751→2046=938对齐官方推算[真实数据路径形状]；净迁移总量级对齐官方推算、年龄权重偏劳动年龄[假设]
2052,60-64,劳动年龄15-64,男,271948.3,27.1948,中,混合,[混合] 基准人口锚点=C&SD表110-01001A年中人口(不含外佣)；2026-2056为队列成分法推算[假设路径]；生育TFR 2023=751→2046=938对齐官方推算[真实数据路径形状]；净迁移总量级对齐官方推算、年龄权重偏劳动年龄[假设]
2052,65-69,退休65+,男,260657.4,26.0657,中,混合,[混合] 基准人口锚点=C&SD表110-01001A年中人口(不含外佣)；2026-2056为队列成分法推算[假设路径]；生育TFR 2023=751→2046=938对齐官方推算[真实数据路径形状]；净迁移总量级对齐官方推算、年龄权重偏劳动年龄[假设]
2052,70-74,退休65+,男,237061.9,23.7062,中,混合,[混合] 基准人口锚点=C&SD表110-01001A年中人口(不含外佣)；2026-2056为队列成分法推算[假设路径]；生育TFR 2023=751→2046=938对齐官方推算[真实数据路径形状]；净迁移总量级对齐官方推算、年龄权重偏劳动年龄[假设]
2052,75-79,退休65+,男,219379.4,21.9379,中,混合,[混合] 基准人口锚点=C&SD表110-01001A年中人口(不含外佣)；2026-2056为队列成分法推算[假设路径]；生育TFR 2023=751→2046=938对齐官方推算[真实数据路径形状]；净迁移总量级对齐官方推算、年龄权重偏劳动年龄[假设]
2052,80-84,退休65+,男,185880.1,18.588,中,混合,[混合] 基准人口锚点=C&SD表110-01001A年中人口(不含外佣)；2026-2056为队列成分法推算[假设路径]；生育TFR 2023=751→2046=938对齐官方推算[真实数据路径形状]；净迁移总量级对齐官方推算、年龄权重偏劳动年龄[假设]
2052,85+,退休65+,男,356812.8,35.6813,中,混合,[混合] 基准人口锚点=C&SD表110-01001A年中人口(不含外佣)；2026-2056为队列成分法推算[假设路径]；生育TFR 2023=751→2046=938对齐官方推算[真实数据路径形状]；净迁移总量级对齐官方推算、年龄权重偏劳动年龄[假设]
2053,0-4,少儿0-14,女,77482.1,7.7482,中,混合,[混合] 基准人口锚点=C&SD表110-01001A年中人口(不含外佣)；2026-2056为队列成分法推算[假设路径]；生育TFR 2023=751→2046=938对齐官方推算[真实数据路径形状]；净迁移总量级对齐官方推算、年龄权重偏劳动年龄[假设]
2053,10-14,少儿0-14,女,87854.0,8.7854,中,混合,[混合] 基准人口锚点=C&SD表110-01001A年中人口(不含外佣)；2026-2056为队列成分法推算[假设路径]；生育TFR 2023=751→2046=938对齐官方推算[真实数据路径形状]；净迁移总量级对齐官方推算、年龄权重偏劳动年龄[假设]
2053,15-19,劳动年龄15-64,女,93562.7,9.3563,中,混合,[混合] 基准人口锚点=C&SD表110-01001A年中人口(不含外佣)；2026-2056为队列成分法推算[假设路径]；生育TFR 2023=751→2046=938对齐官方推算[真实数据路径形状]；净迁移总量级对齐官方推算、年龄权重偏劳动年龄[假设]
2053,20-24,劳动年龄15-64,女,106846.7,10.6847,中,混合,[混合] 基准人口锚点=C&SD表110-01001A年中人口(不含外佣)；2026-2056为队列成分法推算[假设路径]；生育TFR 2023=751→2046=938对齐官方推算[真实数据路径形状]；净迁移总量级对齐官方推算、年龄权重偏劳动年龄[假设]
2053,25-29,劳动年龄15-64,女,120549.5,12.0549,中,混合,[混合] 基准人口锚点=C&SD表110-01001A年中人口(不含外佣)；2026-2056为队列成分法推算[假设路径]；生育TFR 2023=751→2046=938对齐官方推算[真实数据路径形状]；净迁移总量级对齐官方推算、年龄权重偏劳动年龄[假设]
2053,30-34,劳动年龄15-64,女,155478.6,15.5479,中,混合,[混合] 基准人口锚点=C&SD表110-01001A年中人口(不含外佣)；2026-2056为队列成分法推算[假设路径]；生育TFR 2023=751→2046=938对齐官方推算[真实数据路径形状]；净迁移总量级对齐官方推算、年龄权重偏劳动年龄[假设]
2053,35-39,劳动年龄15-64,女,196906.6,19.6907,中,混合,[混合] 基准人口锚点=C&SD表110-01001A年中人口(不含外佣)；2026-2056为队列成分法推算[假设路径]；生育TFR 2023=751→2046=938对齐官方推算[真实数据路径形状]；净迁移总量级对齐官方推算、年龄权重偏劳动年龄[假设]
2053,40-44,劳动年龄15-64,女,214161.4,21.4161,中,混合,[混合] 基准人口锚点=C&SD表110-01001A年中人口(不含外佣)；2026-2056为队列成分法推算[假设路径]；生育TFR 2023=751→2046=938对齐官方推算[真实数据路径形状]；净迁移总量级对齐官方推算、年龄权重偏劳动年龄[假设]
2053,45-49,劳动年龄15-64,女,215580.0,21.558,中,混合,[混合] 基准人口锚点=C&SD表110-01001A年中人口(不含外佣)；2026-2056为队列成分法推算[假设路径]；生育TFR 2023=751→2046=938对齐官方推算[真实数据路径形状]；净迁移总量级对齐官方推算、年龄权重偏劳动年龄[假设]
2053,5-9,少儿0-14,女,86191.7,8.6192,中,混合,[混合] 基准人口锚点=C&SD表110-01001A年中人口(不含外佣)；2026-2056为队列成分法推算[假设路径]；生育TFR 2023=751→2046=938对齐官方推算[真实数据路径形状]；净迁移总量级对齐官方推算、年龄权重偏劳动年龄[假设]
2053,50-54,劳动年龄15-64,女,229243.3,22.9243,中,混合,[混合] 基准人口锚点=C&SD表110-01001A年中人口(不含外佣)；2026-2056为队列成分法推算[假设路径]；生育TFR 2023=751→2046=938对齐官方推算[真实数据路径形状]；净迁移总量级对齐官方推算、年龄权重偏劳动年龄[假设]
2053,55-59,劳动年龄15-64,女,262396.2,26.2396,中,混合,[混合] 基准人口锚点=C&SD表110-01001A年中人口(不含外佣)；2026-2056为队列成分法推算[假设路径]；生育TFR 2023=751→2046=938对齐官方推算[真实数据路径形状]；净迁移总量级对齐官方推算、年龄权重偏劳动年龄[假设]
2053,60-64,劳动年龄15-64,女,286659.1,28.6659,中,混合,[混合] 基准人口锚点=C&SD表110-01001A年中人口(不含外佣)；2026-2056为队列成分法推算[假设路径]；生育TFR 2023=751→2046=938对齐官方推算[真实数据路径形状]；净迁移总量级对齐官方推算、年龄权重偏劳动年龄[假设]
2053,65-69,退休65+,女,298674.5,29.8675,中,混合,[混合] 基准人口锚点=C&SD表110-01001A年中人口(不含外佣)；2026-2056为队列成分法推算[假设路径]；生育TFR 2023=751→2046=938对齐官方推算[真实数据路径形状]；净迁移总量级对齐官方推算、年龄权重偏劳动年龄[假设]
2053,70-74,退休65+,女,301722.4,30.1722,中,混合,[混合] 基准人口锚点=C&SD表110-01001A年中人口(不含外佣)；2026-2056为队列成分法推算[假设路径]；生育TFR 2023=751→2046=938对齐官方推算[真实数据路径形状]；净迁移总量级对齐官方推算、年龄权重偏劳动年龄[假设]
2053,75-79,退休65+,女,299346.1,29.9346,中,混合,[混合] 基准人口锚点=C&SD表110-01001A年中人口(不含外佣)；2026-2056为队列成分法推算[假设路径]；生育TFR 2023=751→2046=938对齐官方推算[真实数据路径形状]；净迁移总量级对齐官方推算、年龄权重偏劳动年龄[假设]
2053,80-84,退休65+,女,280277.0,28.0277,中,混合,[混合] 基准人口锚点=C&SD表110-01001A年中人口(不含外佣)；2026-2056为队列成分法推算[假设路径]；生育TFR 2023=751→2046=938对齐官方推算[真实数据路径形状]；净迁移总量级对齐官方推算、年龄权重偏劳动年龄[假设]
2053,85+,退休65+,女,590376.5,59.0376,中,混合,[混合] 基准人口锚点=C&SD表110-01001A年中人口(不含外佣)；2026-2056为队列成分法推算[假设路径]；生育TFR 2023=751→2046=938对齐官方推算[真实数据路径形状]；净迁移总量级对齐官方推算、年龄权重偏劳动年龄[假设]
2053,0-4,少儿0-14,男,81862.5,8.1862,中,混合,[混合] 基准人口锚点=C&SD表110-01001A年中人口(不含外佣)；2026-2056为队列成分法推算[假设路径]；生育TFR 2023=751→2046=938对齐官方推算[真实数据路径形状]；净迁移总量级对齐官方推算、年龄权重偏劳动年龄[假设]
2053,10-14,少儿0-14,男,91905.9,9.1906,中,混合,[混合] 基准人口锚点=C&SD表110-01001A年中人口(不含外佣)；2026-2056为队列成分法推算[假设路径]；生育TFR 2023=751→2046=938对齐官方推算[真实数据路径形状]；净迁移总量级对齐官方推算、年龄权重偏劳动年龄[假设]
2053,15-19,劳动年龄15-64,男,96726.2,9.6726,中,混合,[混合] 基准人口锚点=C&SD表110-01001A年中人口(不含外佣)；2026-2056为队列成分法推算[假设路径]；生育TFR 2023=751→2046=938对齐官方推算[真实数据路径形状]；净迁移总量级对齐官方推算、年龄权重偏劳动年龄[假设]
2053,20-24,劳动年龄15-64,男,109026.5,10.9026,中,混合,[混合] 基准人口锚点=C&SD表110-01001A年中人口(不含外佣)；2026-2056为队列成分法推算[假设路径]；生育TFR 2023=751→2046=938对齐官方推算[真实数据路径形状]；净迁移总量级对齐官方推算、年龄权重偏劳动年龄[假设]
2053,25-29,劳动年龄15-64,男,122946.7,12.2947,中,混合,[混合] 基准人口锚点=C&SD表110-01001A年中人口(不含外佣)；2026-2056为队列成分法推算[假设路径]；生育TFR 2023=751→2046=938对齐官方推算[真实数据路径形状]；净迁移总量级对齐官方推算、年龄权重偏劳动年龄[假设]
2053,30-34,劳动年龄15-64,男,158823.8,15.8824,中,混合,[混合] 基准人口锚点=C&SD表110-01001A年中人口(不含外佣)；2026-2056为队列成分法推算[假设路径]；生育TFR 2023=751→2046=938对齐官方推算[真实数据路径形状]；净迁移总量级对齐官方推算、年龄权重偏劳动年龄[假设]
2053,35-39,劳动年龄15-64,男,201221.5,20.1222,中,混合,[混合] 基准人口锚点=C&SD表110-01001A年中人口(不含外佣)；2026-2056为队列成分法推算[假设路径]；生育TFR 2023=751→2046=938对齐官方推算[真实数据路径形状]；净迁移总量级对齐官方推算、年龄权重偏劳动年龄[假设]
2053,40-44,劳动年龄15-64,男,218015.2,21.8015,中,混合,[混合] 基准人口锚点=C&SD表110-01001A年中人口(不含外佣)；2026-2056为队列成分法推算[假设路径]；生育TFR 2023=751→2046=938对齐官方推算[真实数据路径形状]；净迁移总量级对齐官方推算、年龄权重偏劳动年龄[假设]
2053,45-49,劳动年龄15-64,男,213896.1,21.3896,中,混合,[混合] 基准人口锚点=C&SD表110-01001A年中人口(不含外佣)；2026-2056为队列成分法推算[假设路径]；生育TFR 2023=751→2046=938对齐官方推算[真实数据路径形状]；净迁移总量级对齐官方推算、年龄权重偏劳动年龄[假设]
2053,5-9,少儿0-14,男,90626.3,9.0626,中,混合,[混合] 基准人口锚点=C&SD表110-01001A年中人口(不含外佣)；2026-2056为队列成分法推算[假设路径]；生育TFR 2023=751→2046=938对齐官方推算[真实数据路径形状]；净迁移总量级对齐官方推算、年龄权重偏劳动年龄[假设]
2053,50-54,劳动年龄15-64,男,228503.2,22.8503,中,混合,[混合] 基准人口锚点=C&SD表110-01001A年中人口(不含外佣)；2026-2056为队列成分法推算[假设路径]；生育TFR 2023=751→2046=938对齐官方推算[真实数据路径形状]；净迁移总量级对齐官方推算、年龄权重偏劳动年龄[假设]
2053,55-59,劳动年龄15-64,男,259812.7,25.9813,中,混合,[混合] 基准人口锚点=C&SD表110-01001A年中人口(不含外佣)；2026-2056为队列成分法推算[假设路径]；生育TFR 2023=751→2046=938对齐官方推算[真实数据路径形状]；净迁移总量级对齐官方推算、年龄权重偏劳动年龄[假设]
2053,60-64,劳动年龄15-64,男,272030.2,27.203,中,混合,[混合] 基准人口锚点=C&SD表110-01001A年中人口(不含外佣)；2026-2056为队列成分法推算[假设路径]；生育TFR 2023=751→2046=938对齐官方推算[真实数据路径形状]；净迁移总量级对齐官方推算、年龄权重偏劳动年龄[假设]
2053,65-69,退休65+,男,262073.6,26.2074,中,混合,[混合] 基准人口锚点=C&SD表110-01001A年中人口(不含外佣)；2026-2056为队列成分法推算[假设路径]；生育TFR 2023=751→2046=938对齐官方推算[真实数据路径形状]；净迁移总量级对齐官方推算、年龄权重偏劳动年龄[假设]
2053,70-74,退休65+,男,239615.5,23.9615,中,混合,[混合] 基准人口锚点=C&SD表110-01001A年中人口(不含外佣)；2026-2056为队列成分法推算[假设路径]；生育TFR 2023=751→2046=938对齐官方推算[真实数据路径形状]；净迁移总量级对齐官方推算、年龄权重偏劳动年龄[假设]
2053,75-79,退休65+,男,219132.0,21.9132,中,混合,[混合] 基准人口锚点=C&SD表110-01001A年中人口(不含外佣)；2026-2056为队列成分法推算[假设路径]；生育TFR 2023=751→2046=938对齐官方推算[真实数据路径形状]；净迁移总量级对齐官方推算、年龄权重偏劳动年龄[假设]
2053,80-84,退休65+,男,187113.2,18.7113,中,混合,[混合] 基准人口锚点=C&SD表110-01001A年中人口(不含外佣)；2026-2056为队列成分法推算[假设路径]；生育TFR 2023=751→2046=938对齐官方推算[真实数据路径形状]；净迁移总量级对齐官方推算、年龄权重偏劳动年龄[假设]
2053,85+,退休65+,男,359480.6,35.9481,中,混合,[混合] 基准人口锚点=C&SD表110-01001A年中人口(不含外佣)；2026-2056为队列成分法推算[假设路径]；生育TFR 2023=751→2046=938对齐官方推算[真实数据路径形状]；净迁移总量级对齐官方推算、年龄权重偏劳动年龄[假设]
2054,0-4,少儿0-14,女,75651.2,7.5651,中,混合,[混合] 基准人口锚点=C&SD表110-01001A年中人口(不含外佣)；2026-2056为队列成分法推算[假设路径]；生育TFR 2023=751→2046=938对齐官方推算[真实数据路径形状]；净迁移总量级对齐官方推算、年龄权重偏劳动年龄[假设]
2054,10-14,少儿0-14,女,88205.7,8.8206,中,混合,[混合] 基准人口锚点=C&SD表110-01001A年中人口(不含外佣)；2026-2056为队列成分法推算[假设路径]；生育TFR 2023=751→2046=938对齐官方推算[真实数据路径形状]；净迁移总量级对齐官方推算、年龄权重偏劳动年龄[假设]
2054,15-19,劳动年龄15-64,女,93446.2,9.3446,中,混合,[混合] 基准人口锚点=C&SD表110-01001A年中人口(不含外佣)；2026-2056为队列成分法推算[假设路径]；生育TFR 2023=751→2046=938对齐官方推算[真实数据路径形状]；净迁移总量级对齐官方推算、年龄权重偏劳动年龄[假设]
2054,20-24,劳动年龄15-64,女,105741.2,10.5741,中,混合,[混合] 基准人口锚点=C&SD表110-01001A年中人口(不含外佣)；2026-2056为队列成分法推算[假设路径]；生育TFR 2023=751→2046=938对齐官方推算[真实数据路径形状]；净迁移总量级对齐官方推算、年龄权重偏劳动年龄[假设]
2054,25-29,劳动年龄15-64,女,120317.8,12.0318,中,混合,[混合] 基准人口锚点=C&SD表110-01001A年中人口(不含外佣)；2026-2056为队列成分法推算[假设路径]；生育TFR 2023=751→2046=938对齐官方推算[真实数据路径形状]；净迁移总量级对齐官方推算、年龄权重偏劳动年龄[假设]
2054,30-34,劳动年龄15-64,女,146971.0,14.6971,中,混合,[混合] 基准人口锚点=C&SD表110-01001A年中人口(不含外佣)；2026-2056为队列成分法推算[假设路径]；生育TFR 2023=751→2046=938对齐官方推算[真实数据路径形状]；净迁移总量级对齐官方推算、年龄权重偏劳动年龄[假设]
2054,35-39,劳动年龄15-64,女,191993.6,19.1994,中,混合,[混合] 基准人口锚点=C&SD表110-01001A年中人口(不含外佣)；2026-2056为队列成分法推算[假设路径]；生育TFR 2023=751→2046=938对齐官方推算[真实数据路径形状]；净迁移总量级对齐官方推算、年龄权重偏劳动年龄[假设]
2054,40-44,劳动年龄15-64,女,215150.7,21.5151,中,混合,[混合] 基准人口锚点=C&SD表110-01001A年中人口(不含外佣)；2026-2056为队列成分法推算[假设路径]；生育TFR 2023=751→2046=938对齐官方推算[真实数据路径形状]；净迁移总量级对齐官方推算、年龄权重偏劳动年龄[假设]
2054,45-49,劳动年龄15-64,女,216384.7,21.6385,中,混合,[混合] 基准人口锚点=C&SD表110-01001A年中人口(不含外佣)；2026-2056为队列成分法推算[假设路径]；生育TFR 2023=751→2046=938对齐官方推算[真实数据路径形状]；净迁移总量级对齐官方推算、年龄权重偏劳动年龄[假设]
2054,5-9,少儿0-14,女,85575.7,8.5576,中,混合,[混合] 基准人口锚点=C&SD表110-01001A年中人口(不含外佣)；2026-2056为队列成分法推算[假设路径]；生育TFR 2023=751→2046=938对齐官方推算[真实数据路径形状]；净迁移总量级对齐官方推算、年龄权重偏劳动年龄[假设]
2054,50-54,劳动年龄15-64,女,225865.8,22.5866,中,混合,[混合] 基准人口锚点=C&SD表110-01001A年中人口(不含外佣)；2026-2056为队列成分法推算[假设路径]；生育TFR 2023=751→2046=938对齐官方推算[真实数据路径形状]；净迁移总量级对齐官方推算、年龄权重偏劳动年龄[假设]
2054,55-59,劳动年龄15-64,女,255062.3,25.5062,中,混合,[混合] 基准人口锚点=C&SD表110-01001A年中人口(不含外佣)；2026-2056为队列成分法推算[假设路径]；生育TFR 2023=751→2046=938对齐官方推算[真实数据路径形状]；净迁移总量级对齐官方推算、年龄权重偏劳动年龄[假设]
2054,60-64,劳动年龄15-64,女,284439.2,28.4439,中,混合,[混合] 基准人口锚点=C&SD表110-01001A年中人口(不含外佣)；2026-2056为队列成分法推算[假设路径]；生育TFR 2023=751→2046=938对齐官方推算[真实数据路径形状]；净迁移总量级对齐官方推算、年龄权重偏劳动年龄[假设]
2054,65-69,退休65+,女,295684.4,29.5684,中,混合,[混合] 基准人口锚点=C&SD表110-01001A年中人口(不含外佣)；2026-2056为队列成分法推算[假设路径]；生育TFR 2023=751→2046=938对齐官方推算[真实数据路径形状]；净迁移总量级对齐官方推算、年龄权重偏劳动年龄[假设]
2054,70-74,退休65+,女,300589.2,30.0589,中,混合,[混合] 基准人口锚点=C&SD表110-01001A年中人口(不含外佣)；2026-2056为队列成分法推算[假设路径]；生育TFR 2023=751→2046=938对齐官方推算[真实数据路径形状]；净迁移总量级对齐官方推算、年龄权重偏劳动年龄[假设]
2054,75-79,退休65+,女,297467.1,29.7467,中,混合,[混合] 基准人口锚点=C&SD表110-01001A年中人口(不含外佣)；2026-2056为队列成分法推算[假设路径]；生育TFR 2023=751→2046=938对齐官方推算[真实数据路径形状]；净迁移总量级对齐官方推算、年龄权重偏劳动年龄[假设]
2054,80-84,退休65+,女,280667.9,28.0668,中,混合,[混合] 基准人口锚点=C&SD表110-01001A年中人口(不含外佣)；2026-2056为队列成分法推算[假设路径]；生育TFR 2023=751→2046=938对齐官方推算[真实数据路径形状]；净迁移总量级对齐官方推算、年龄权重偏劳动年龄[假设]
2054,85+,退休65+,女,603491.4,60.3491,中,混合,[混合] 基准人口锚点=C&SD表110-01001A年中人口(不含外佣)；2026-2056为队列成分法推算[假设路径]；生育TFR 2023=751→2046=938对齐官方推算[真实数据路径形状]；净迁移总量级对齐官方推算、年龄权重偏劳动年龄[假设]
2054,0-4,少儿0-14,男,79928.6,7.9929,中,混合,[混合] 基准人口锚点=C&SD表110-01001A年中人口(不含外佣)；2026-2056为队列成分法推算[假设路径]；生育TFR 2023=751→2046=938对齐官方推算[真实数据路径形状]；净迁移总量级对齐官方推算、年龄权重偏劳动年龄[假设]
2054,10-14,少儿0-14,男,92317.2,9.2317,中,混合,[混合] 基准人口锚点=C&SD表110-01001A年中人口(不含外佣)；2026-2056为队列成分法推算[假设路径]；生育TFR 2023=751→2046=938对齐官方推算[真实数据路径形状]；净迁移总量级对齐官方推算、年龄权重偏劳动年龄[假设]
2054,15-19,劳动年龄15-64,男,96674.3,9.6674,中,混合,[混合] 基准人口锚点=C&SD表110-01001A年中人口(不含外佣)；2026-2056为队列成分法推算[假设路径]；生育TFR 2023=751→2046=938对齐官方推算[真实数据路径形状]；净迁移总量级对齐官方推算、年龄权重偏劳动年龄[假设]
2054,20-24,劳动年龄15-64,男,107948.1,10.7948,中,混合,[混合] 基准人口锚点=C&SD表110-01001A年中人口(不含外佣)；2026-2056为队列成分法推算[假设路径]；生育TFR 2023=751→2046=938对齐官方推算[真实数据路径形状]；净迁移总量级对齐官方推算、年龄权重偏劳动年龄[假设]
2054,25-29,劳动年龄15-64,男,122359.5,12.236,中,混合,[混合] 基准人口锚点=C&SD表110-01001A年中人口(不含外佣)；2026-2056为队列成分法推算[假设路径]；生育TFR 2023=751→2046=938对齐官方推算[真实数据路径形状]；净迁移总量级对齐官方推算、年龄权重偏劳动年龄[假设]
2054,30-34,劳动年龄15-64,男,149958.2,14.9958,中,混合,[混合] 基准人口锚点=C&SD表110-01001A年中人口(不含外佣)；2026-2056为队列成分法推算[假设路径]；生育TFR 2023=751→2046=938对齐官方推算[真实数据路径形状]；净迁移总量级对齐官方推算、年龄权重偏劳动年龄[假设]
2054,35-39,劳动年龄15-64,男,195901.7,19.5902,中,混合,[混合] 基准人口锚点=C&SD表110-01001A年中人口(不含外佣)；2026-2056为队列成分法推算[假设路径]；生育TFR 2023=751→2046=938对齐官方推算[真实数据路径形状]；净迁移总量级对齐官方推算、年龄权重偏劳动年龄[假设]
2054,40-44,劳动年龄15-64,男,219034.0,21.9034,中,混合,[混合] 基准人口锚点=C&SD表110-01001A年中人口(不含外佣)；2026-2056为队列成分法推算[假设路径]；生育TFR 2023=751→2046=938对齐官方推算[真实数据路径形状]；净迁移总量级对齐官方推算、年龄权重偏劳动年龄[假设]
2054,45-49,劳动年龄15-64,男,216157.6,21.6158,中,混合,[混合] 基准人口锚点=C&SD表110-01001A年中人口(不含外佣)；2026-2056为队列成分法推算[假设路径]；生育TFR 2023=751→2046=938对齐官方推算[真实数据路径形状]；净迁移总量级对齐官方推算、年龄权重偏劳动年龄[假设]
2054,5-9,少儿0-14,男,89992.1,8.9992,中,混合,[混合] 基准人口锚点=C&SD表110-01001A年中人口(不含外佣)；2026-2056为队列成分法推算[假设路径]；生育TFR 2023=751→2046=938对齐官方推算[真实数据路径形状]；净迁移总量级对齐官方推算、年龄权重偏劳动年龄[假设]
2054,50-54,劳动年龄15-64,男,223351.2,22.3351,中,混合,[混合] 基准人口锚点=C&SD表110-01001A年中人口(不含外佣)；2026-2056为队列成分法推算[假设路径]；生育TFR 2023=751→2046=938对齐官方推算[真实数据路径形状]；净迁移总量级对齐官方推算、年龄权重偏劳动年龄[假设]
2054,55-59,劳动年龄15-64,男,253521.9,25.3522,中,混合,[混合] 基准人口锚点=C&SD表110-01001A年中人口(不含外佣)；2026-2056为队列成分法推算[假设路径]；生育TFR 2023=751→2046=938对齐官方推算[真实数据路径形状]；净迁移总量级对齐官方推算、年龄权重偏劳动年龄[假设]
2054,60-64,劳动年龄15-64,男,272108.9,27.2109,中,混合,[混合] 基准人口锚点=C&SD表110-01001A年中人口(不含外佣)；2026-2056为队列成分法推算[假设路径]；生育TFR 2023=751→2046=938对齐官方推算[真实数据路径形状]；净迁移总量级对齐官方推算、年龄权重偏劳动年龄[假设]
2054,65-69,退休65+,男,263531.9,26.3532,中,混合,[混合] 基准人口锚点=C&SD表110-01001A年中人口(不含外佣)；2026-2056为队列成分法推算[假设路径]；生育TFR 2023=751→2046=938对齐官方推算[真实数据路径形状]；净迁移总量级对齐官方推算、年龄权重偏劳动年龄[假设]
2054,70-74,退休65+,男,242305.0,24.2305,中,混合,[混合] 基准人口锚点=C&SD表110-01001A年中人口(不含外佣)；2026-2056为队列成分法推算[假设路径]；生育TFR 2023=751→2046=938对齐官方推算[真实数据路径形状]；净迁移总量级对齐官方推算、年龄权重偏劳动年龄[假设]
2054,75-79,退休65+,男,218912.2,21.8912,中,混合,[混合] 基准人口锚点=C&SD表110-01001A年中人口(不含外佣)；2026-2056为队列成分法推算[假设路径]；生育TFR 2023=751→2046=938对齐官方推算[真实数据路径形状]；净迁移总量级对齐官方推算、年龄权重偏劳动年龄[假设]
2054,80-84,退休65+,男,188397.8,18.8398,中,混合,[混合] 基准人口锚点=C&SD表110-01001A年中人口(不含外佣)；2026-2056为队列成分法推算[假设路径]；生育TFR 2023=751→2046=938对齐官方推算[真实数据路径形状]；净迁移总量级对齐官方推算、年龄权重偏劳动年龄[假设]
2054,85+,退休65+,男,362263.8,36.2264,中,混合,[混合] 基准人口锚点=C&SD表110-01001A年中人口(不含外佣)；2026-2056为队列成分法推算[假设路径]；生育TFR 2023=751→2046=938对齐官方推算[真实数据路径形状]；净迁移总量级对齐官方推算、年龄权重偏劳动年龄[假设]
2055,0-4,少儿0-14,女,73733.8,7.3734,中,混合,[混合] 基准人口锚点=C&SD表110-01001A年中人口(不含外佣)；2026-2056为队列成分法推算[假设路径]；生育TFR 2023=751→2046=938对齐官方推算[真实数据路径形状]；净迁移总量级对齐官方推算、年龄权重偏劳动年龄[假设]
2055,10-14,少儿0-14,女,88481.3,8.8481,中,混合,[混合] 基准人口锚点=C&SD表110-01001A年中人口(不含外佣)；2026-2056为队列成分法推算[假设路径]；生育TFR 2023=751→2046=938对齐官方推算[真实数据路径形状]；净迁移总量级对齐官方推算、年龄权重偏劳动年龄[假设]
2055,15-19,劳动年龄15-64,女,93479.8,9.348,中,混合,[混合] 基准人口锚点=C&SD表110-01001A年中人口(不含外佣)；2026-2056为队列成分法推算[假设路径]；生育TFR 2023=751→2046=938对齐官方推算[真实数据路径形状]；净迁移总量级对齐官方推算、年龄权重偏劳动年龄[假设]
2055,20-24,劳动年龄15-64,女,104777.3,10.4777,中,混合,[混合] 基准人口锚点=C&SD表110-01001A年中人口(不含外佣)；2026-2056为队列成分法推算[假设路径]；生育TFR 2023=751→2046=938对齐官方推算[真实数据路径形状]；净迁移总量级对齐官方推算、年龄权重偏劳动年龄[假设]
2055,25-29,劳动年龄15-64,女,119847.8,11.9848,中,混合,[混合] 基准人口锚点=C&SD表110-01001A年中人口(不含外佣)；2026-2056为队列成分法推算[假设路径]；生育TFR 2023=751→2046=938对齐官方推算[真实数据路径形状]；净迁移总量级对齐官方推算、年龄权重偏劳动年龄[假设]
2055,30-34,劳动年龄15-64,女,138433.0,13.8433,中,混合,[混合] 基准人口锚点=C&SD表110-01001A年中人口(不含外佣)；2026-2056为队列成分法推算[假设路径]；生育TFR 2023=751→2046=938对齐官方推算[真实数据路径形状]；净迁移总量级对齐官方推算、年龄权重偏劳动年龄[假设]
2055,35-39,劳动年龄15-64,女,186938.0,18.6938,中,混合,[混合] 基准人口锚点=C&SD表110-01001A年中人口(不含外佣)；2026-2056为队列成分法推算[假设路径]；生育TFR 2023=751→2046=938对齐官方推算[真实数据路径形状]；净迁移总量级对齐官方推算、年龄权重偏劳动年龄[假设]
2055,40-44,劳动年龄15-64,女,215663.8,21.5664,中,混合,[混合] 基准人口锚点=C&SD表110-01001A年中人口(不含外佣)；2026-2056为队列成分法推算[假设路径]；生育TFR 2023=751→2046=938对齐官方推算[真实数据路径形状]；净迁移总量级对齐官方推算、年龄权重偏劳动年龄[假设]
2055,45-49,劳动年龄15-64,女,217142.4,21.7142,中,混合,[混合] 基准人口锚点=C&SD表110-01001A年中人口(不含外佣)；2026-2056为队列成分法推算[假设路径]；生育TFR 2023=751→2046=938对齐官方推算[真实数据路径形状]；净迁移总量级对齐官方推算、年龄权重偏劳动年龄[假设]
2055,5-9,少儿0-14,女,84587.4,8.4587,中,混合,[混合] 基准人口锚点=C&SD表110-01001A年中人口(不含外佣)；2026-2056为队列成分法推算[假设路径]；生育TFR 2023=751→2046=938对齐官方推算[真实数据路径形状]；净迁移总量级对齐官方推算、年龄权重偏劳动年龄[假设]
2055,50-54,劳动年龄15-64,女,222427.0,22.2427,中,混合,[混合] 基准人口锚点=C&SD表110-01001A年中人口(不含外佣)；2026-2056为队列成分法推算[假设路径]；生育TFR 2023=751→2046=938对齐官方推算[真实数据路径形状]；净迁移总量级对齐官方推算、年龄权重偏劳动年龄[假设]
2055,55-59,劳动年龄15-64,女,247670.0,24.767,中,混合,[混合] 基准人口锚点=C&SD表110-01001A年中人口(不含外佣)；2026-2056为队列成分法推算[假设路径]；生育TFR 2023=751→2046=938对齐官方推算[真实数据路径形状]；净迁移总量级对齐官方推算、年龄权重偏劳动年龄[假设]
2055,60-64,劳动年龄15-64,女,282196.8,28.2197,中,混合,[混合] 基准人口锚点=C&SD表110-01001A年中人口(不含外佣)；2026-2056为队列成分法推算[假设路径]；生育TFR 2023=751→2046=938对齐官方推算[真实数据路径形状]；净迁移总量级对齐官方推算、年龄权重偏劳动年龄[假设]
2055,65-69,退休65+,女,292736.1,29.2736,中,混合,[混合] 基准人口锚点=C&SD表110-01001A年中人口(不含外佣)；2026-2056为队列成分法推算[假设路径]；生育TFR 2023=751→2046=938对齐官方推算[真实数据路径形状]；净迁移总量级对齐官方推算、年龄权重偏劳动年龄[假设]
2055,70-74,退休65+,女,299652.3,29.9652,中,混合,[混合] 基准人口锚点=C&SD表110-01001A年中人口(不含外佣)；2026-2056为队列成分法推算[假设路径]；生育TFR 2023=751→2046=938对齐官方推算[真实数据路径形状]；净迁移总量级对齐官方推算、年龄权重偏劳动年龄[假设]
2055,75-79,退休65+,女,295598.3,29.5598,中,混合,[混合] 基准人口锚点=C&SD表110-01001A年中人口(不含外佣)；2026-2056为队列成分法推算[假设路径]；生育TFR 2023=751→2046=938对齐官方推算[真实数据路径形状]；净迁移总量级对齐官方推算、年龄权重偏劳动年龄[假设]
2055,80-84,退休65+,女,281109.0,28.1109,中,混合,[混合] 基准人口锚点=C&SD表110-01001A年中人口(不含外佣)；2026-2056为队列成分法推算[假设路径]；生育TFR 2023=751→2046=938对齐官方推算[真实数据路径形状]；净迁移总量级对齐官方推算、年龄权重偏劳动年龄[假设]
2055,85+,退休65+,女,616274.4,61.6274,中,混合,[混合] 基准人口锚点=C&SD表110-01001A年中人口(不含外佣)；2026-2056为队列成分法推算[假设路径]；生育TFR 2023=751→2046=938对齐官方推算[真实数据路径形状]；净迁移总量级对齐官方推算、年龄权重偏劳动年龄[假设]
2055,0-4,少儿0-14,男,77903.1,7.7903,中,混合,[混合] 基准人口锚点=C&SD表110-01001A年中人口(不含外佣)；2026-2056为队列成分法推算[假设路径]；生育TFR 2023=751→2046=938对齐官方推算[真实数据路径形状]；净迁移总量级对齐官方推算、年龄权重偏劳动年龄[假设]
2055,10-14,少儿0-14,男,92645.5,9.2645,中,混合,[混合] 基准人口锚点=C&SD表110-01001A年中人口(不含外佣)；2026-2056为队列成分法推算[假设路径]；生育TFR 2023=751→2046=938对齐官方推算[真实数据路径形状]；净迁移总量级对齐官方推算、年龄权重偏劳动年龄[假设]
2055,15-19,劳动年龄15-64,男,96782.1,9.6782,中,混合,[混合] 基准人口锚点=C&SD表110-01001A年中人口(不含外佣)；2026-2056为队列成分法推算[假设路径]；生育TFR 2023=751→2046=938对齐官方推算[真实数据路径形状]；净迁移总量级对齐官方推算、年龄权重偏劳动年龄[假设]
2055,20-24,劳动年龄15-64,男,107020.7,10.7021,中,混合,[混合] 基准人口锚点=C&SD表110-01001A年中人口(不含外佣)；2026-2056为队列成分法推算[假设路径]；生育TFR 2023=751→2046=938对齐官方推算[真实数据路径形状]；净迁移总量级对齐官方推算、年龄权重偏劳动年龄[假设]
2055,25-29,劳动年龄15-64,男,121538.7,12.1539,中,混合,[混合] 基准人口锚点=C&SD表110-01001A年中人口(不含外佣)；2026-2056为队列成分法推算[假设路径]；生育TFR 2023=751→2046=938对齐官方推算[真实数据路径形状]；净迁移总量级对齐官方推算、年龄权重偏劳动年龄[假设]
2055,30-34,劳动年龄15-64,男,141060.9,14.1061,中,混合,[混合] 基准人口锚点=C&SD表110-01001A年中人口(不含外佣)；2026-2056为队列成分法推算[假设路径]；生育TFR 2023=751→2046=938对齐官方推算[真实数据路径形状]；净迁移总量级对齐官方推算、年龄权重偏劳动年龄[假设]
2055,35-39,劳动年龄15-64,男,190451.8,19.0452,中,混合,[混合] 基准人口锚点=C&SD表110-01001A年中人口(不含外佣)；2026-2056为队列成分法推算[假设路径]；生育TFR 2023=751→2046=938对齐官方推算[真实数据路径形状]；净迁移总量级对齐官方推算、年龄权重偏劳动年龄[假设]
2055,40-44,劳动年龄15-64,男,219618.3,21.9618,中,混合,[混合] 基准人口锚点=C&SD表110-01001A年中人口(不含外佣)；2026-2056为队列成分法推算[假设路径]；生育TFR 2023=751→2046=938对齐官方推算[真实数据路径形状]；净迁移总量级对齐官方推算、年龄权重偏劳动年龄[假设]
2055,45-49,劳动年龄15-64,男,218375.1,21.8375,中,混合,[混合] 基准人口锚点=C&SD表110-01001A年中人口(不含外佣)；2026-2056为队列成分法推算[假设路径]；生育TFR 2023=751→2046=938对齐官方推算[真实数据路径形状]；净迁移总量级对齐官方推算、年龄权重偏劳动年龄[假设]
2055,5-9,少儿0-14,男,88962.3,8.8962,中,混合,[混合] 基准人口锚点=C&SD表110-01001A年中人口(不含外佣)；2026-2056为队列成分法推算[假设路径]；生育TFR 2023=751→2046=938对齐官方推算[真实数据路径形状]；净迁移总量级对齐官方推算、年龄权重偏劳动年龄[假设]
2055,50-54,劳动年龄15-64,男,218157.8,21.8158,中,混合,[混合] 基准人口锚点=C&SD表110-01001A年中人口(不含外佣)；2026-2056为队列成分法推算[假设路径]；生育TFR 2023=751→2046=938对齐官方推算[真实数据路径形状]；净迁移总量级对齐官方推算、年龄权重偏劳动年龄[假设]
2055,55-59,劳动年龄15-64,男,247197.9,24.7198,中,混合,[混合] 基准人口锚点=C&SD表110-01001A年中人口(不含外佣)；2026-2056为队列成分法推算[假设路径]；生育TFR 2023=751→2046=938对齐官方推算[真实数据路径形状]；净迁移总量级对齐官方推算、年龄权重偏劳动年龄[假设]
2055,60-64,劳动年龄15-64,男,272167.4,27.2167,中,混合,[混合] 基准人口锚点=C&SD表110-01001A年中人口(不含外佣)；2026-2056为队列成分法推算[假设路径]；生育TFR 2023=751→2046=938对齐官方推算[真实数据路径形状]；净迁移总量级对齐官方推算、年龄权重偏劳动年龄[假设]
2055,65-69,退休65+,男,265031.8,26.5032,中,混合,[混合] 基准人口锚点=C&SD表110-01001A年中人口(不含外佣)；2026-2056为队列成分法推算[假设路径]；生育TFR 2023=751→2046=938对齐官方推算[真实数据路径形状]；净迁移总量级对齐官方推算、年龄权重偏劳动年龄[假设]
2055,70-74,退休65+,男,245142.4,24.5142,中,混合,[混合] 基准人口锚点=C&SD表110-01001A年中人口(不含外佣)；2026-2056为队列成分法推算[假设路径]；生育TFR 2023=751→2046=938对齐官方推算[真实数据路径形状]；净迁移总量级对齐官方推算、年龄权重偏劳动年龄[假设]
2055,75-79,退休65+,男,218717.7,21.8718,中,混合,[混合] 基准人口锚点=C&SD表110-01001A年中人口(不含外佣)；2026-2056为队列成分法推算[假设路径]；生育TFR 2023=751→2046=938对齐官方推算[真实数据路径形状]；净迁移总量级对齐官方推算、年龄权重偏劳动年龄[假设]
2055,80-84,退休65+,男,189716.6,18.9717,中,混合,[混合] 基准人口锚点=C&SD表110-01001A年中人口(不含外佣)；2026-2056为队列成分法推算[假设路径]；生育TFR 2023=751→2046=938对齐官方推算[真实数据路径形状]；净迁移总量级对齐官方推算、年龄权重偏劳动年龄[假设]
2055,85+,退休65+,男,365160.6,36.5161,中,混合,[混合] 基准人口锚点=C&SD表110-01001A年中人口(不含外佣)；2026-2056为队列成分法推算[假设路径]；生育TFR 2023=751→2046=938对齐官方推算[真实数据路径形状]；净迁移总量级对齐官方推算、年龄权重偏劳动年龄[假设]
2056,0-4,少儿0-14,女,71737.2,7.1737,中,混合,[混合] 基准人口锚点=C&SD表110-01001A年中人口(不含外佣)；2026-2056为队列成分法推算[假设路径]；生育TFR 2023=751→2046=938对齐官方推算[真实数据路径形状]；净迁移总量级对齐官方推算、年龄权重偏劳动年龄[假设]
2056,10-14,少儿0-14,女,88669.4,8.8669,中,混合,[混合] 基准人口锚点=C&SD表110-01001A年中人口(不含外佣)；2026-2056为队列成分法推算[假设路径]；生育TFR 2023=751→2046=938对齐官方推算[真实数据路径形状]；净迁移总量级对齐官方推算、年龄权重偏劳动年龄[假设]
2056,15-19,劳动年龄15-64,女,93649.5,9.365,中,混合,[混合] 基准人口锚点=C&SD表110-01001A年中人口(不含外佣)；2026-2056为队列成分法推算[假设路径]；生育TFR 2023=751→2046=938对齐官方推算[真实数据路径形状]；净迁移总量级对齐官方推算、年龄权重偏劳动年龄[假设]
2056,20-24,劳动年龄15-64,女,103945.9,10.3946,中,混合,[混合] 基准人口锚点=C&SD表110-01001A年中人口(不含外佣)；2026-2056为队列成分法推算[假设路径]；生育TFR 2023=751→2046=938对齐官方推算[真实数据路径形状]；净迁移总量级对齐官方推算、年龄权重偏劳动年龄[假设]
2056,25-29,劳动年龄15-64,女,119137.4,11.9137,中,混合,[混合] 基准人口锚点=C&SD表110-01001A年中人口(不含外佣)；2026-2056为队列成分法推算[假设路径]；生育TFR 2023=751→2046=938对齐官方推算[真实数据路径形状]；净迁移总量级对齐官方推算、年龄权重偏劳动年龄[假设]
2056,30-34,劳动年龄15-64,女,129902.6,12.9903,中,混合,[混合] 基准人口锚点=C&SD表110-01001A年中人口(不含外佣)；2026-2056为队列成分法推算[假设路径]；生育TFR 2023=751→2046=938对齐官方推算[真实数据路径形状]；净迁移总量级对齐官方推算、年龄权重偏劳动年龄[假设]
2056,35-39,劳动年龄15-64,女,181739.7,18.174,中,混合,[混合] 基准人口锚点=C&SD表110-01001A年中人口(不含外佣)；2026-2056为队列成分法推算[假设路径]；生育TFR 2023=751→2046=938对齐官方推算[真实数据路径形状]；净迁移总量级对齐官方推算、年龄权重偏劳动年龄[假设]
2056,40-44,劳动年龄15-64,女,215682.2,21.5682,中,混合,[混合] 基准人口锚点=C&SD表110-01001A年中人口(不含外佣)；2026-2056为队列成分法推算[假设路径]；生育TFR 2023=751→2046=938对齐官方推算[真实数据路径形状]；净迁移总量级对齐官方推算、年龄权重偏劳动年龄[假设]
2056,45-49,劳动年龄15-64,女,217853.3,21.7853,中,混合,[混合] 基准人口锚点=C&SD表110-01001A年中人口(不含外佣)；2026-2056为队列成分法推算[假设路径]；生育TFR 2023=751→2046=938对齐官方推算[真实数据路径形状]；净迁移总量级对齐官方推算、年龄权重偏劳动年龄[假设]
2056,5-9,少儿0-14,女,83237.0,8.3237,中,混合,[混合] 基准人口锚点=C&SD表110-01001A年中人口(不含外佣)；2026-2056为队列成分法推算[假设路径]；生育TFR 2023=751→2046=938对齐官方推算[真实数据路径形状]；净迁移总量级对齐官方推算、年龄权重偏劳动年龄[假设]
2056,50-54,劳动年龄15-64,女,218932.6,21.8933,中,混合,[混合] 基准人口锚点=C&SD表110-01001A年中人口(不含外佣)；2026-2056为队列成分法推算[假设路径]；生育TFR 2023=751→2046=938对齐官方推算[真实数据路径形状]；净迁移总量级对齐官方推算、年龄权重偏劳动年龄[假设]
2056,55-59,劳动年龄15-64,女,240218.8,24.0219,中,混合,[混合] 基准人口锚点=C&SD表110-01001A年中人口(不含外佣)；2026-2056为队列成分法推算[假设路径]；生育TFR 2023=751→2046=938对齐官方推算[真实数据路径形状]；净迁移总量级对齐官方推算、年龄权重偏劳动年龄[假设]
2056,60-64,劳动年龄15-64,女,279913.1,27.9913,中,混合,[混合] 基准人口锚点=C&SD表110-01001A年中人口(不含外佣)；2026-2056为队列成分法推算[假设路径]；生育TFR 2023=751→2046=938对齐官方推算[真实数据路径形状]；净迁移总量级对齐官方推算、年龄权重偏劳动年龄[假设]
2056,65-69,退休65+,女,289829.2,28.9829,中,混合,[混合] 基准人口锚点=C&SD表110-01001A年中人口(不含外佣)；2026-2056为队列成分法推算[假设路径]；生育TFR 2023=751→2046=938对齐官方推算[真实数据路径形状]；净迁移总量级对齐官方推算、年龄权重偏劳动年龄[假设]
2056,70-74,退休65+,女,298925.3,29.8925,中,混合,[混合] 基准人口锚点=C&SD表110-01001A年中人口(不含外佣)；2026-2056为队列成分法推算[假设路径]；生育TFR 2023=751→2046=938对齐官方推算[真实数据路径形状]；净迁移总量级对齐官方推算、年龄权重偏劳动年龄[假设]
2056,75-79,退休65+,女,293738.3,29.3738,中,混合,[混合] 基准人口锚点=C&SD表110-01001A年中人口(不含外佣)；2026-2056为队列成分法推算[假设路径]；生育TFR 2023=751→2046=938对齐官方推算[真实数据路径形状]；净迁移总量级对齐官方推算、年龄权重偏劳动年龄[假设]
2056,80-84,退休65+,女,281579.6,28.158,中,混合,[混合] 基准人口锚点=C&SD表110-01001A年中人口(不含外佣)；2026-2056为队列成分法推算[假设路径]；生育TFR 2023=751→2046=938对齐官方推算[真实数据路径形状]；净迁移总量级对齐官方推算、年龄权重偏劳动年龄[假设]
2056,85+,退休65+,女,628765.5,62.8766,中,混合,[混合] 基准人口锚点=C&SD表110-01001A年中人口(不含外佣)；2026-2056为队列成分法推算[假设路径]；生育TFR 2023=751→2046=938对齐官方推算[真实数据路径形状]；净迁移总量级对齐官方推算、年龄权重偏劳动年龄[假设]
2056,0-4,少儿0-14,男,75793.6,7.5794,中,混合,[混合] 基准人口锚点=C&SD表110-01001A年中人口(不含外佣)；2026-2056为队列成分法推算[假设路径]；生育TFR 2023=751→2046=938对齐官方推算[真实数据路径形状]；净迁移总量级对齐官方推算、年龄权重偏劳动年龄[假设]
2056,10-14,少儿0-14,男,92878.3,9.2878,中,混合,[混合] 基准人口锚点=C&SD表110-01001A年中人口(不含外佣)；2026-2056为队列成分法推算[假设路径]；生育TFR 2023=751→2046=938对齐官方推算[真实数据路径形状]；净迁移总量级对齐官方推算、年龄权重偏劳动年龄[假设]
2056,15-19,劳动年龄15-64,男,97033.0,9.7033,中,混合,[混合] 基准人口锚点=C&SD表110-01001A年中人口(不含外佣)；2026-2056为队列成分法推算[假设路径]；生育TFR 2023=751→2046=938对齐官方推算[真实数据路径形状]；净迁移总量级对齐官方推算、年龄权重偏劳动年龄[假设]
2056,20-24,劳动年龄15-64,男,106236.2,10.6236,中,混合,[混合] 基准人口锚点=C&SD表110-01001A年中人口(不含外佣)；2026-2056为队列成分法推算[假设路径]；生育TFR 2023=751→2046=938对齐官方推算[真实数据路径形状]；净迁移总量级对齐官方推算、年龄权重偏劳动年龄[假设]
2056,25-29,劳动年龄15-64,男,120482.8,12.0483,中,混合,[混合] 基准人口锚点=C&SD表110-01001A年中人口(不含外佣)；2026-2056为队列成分法推算[假设路径]；生育TFR 2023=751→2046=938对齐官方推算[真实数据路径形状]；净迁移总量级对齐官方推算、年龄权重偏劳动年龄[假设]
2056,30-34,劳动年龄15-64,男,132166.7,13.2167,中,混合,[混合] 基准人口锚点=C&SD表110-01001A年中人口(不含外佣)；2026-2056为队列成分法推算[假设路径]；生育TFR 2023=751→2046=938对齐官方推算[真实数据路径形状]；净迁移总量级对齐官方推算、年龄权重偏劳动年龄[假设]
2056,35-39,劳动年龄15-64,男,184871.7,18.4872,中,混合,[混合] 基准人口锚点=C&SD表110-01001A年中人口(不含外佣)；2026-2056为队列成分法推算[假设路径]；生育TFR 2023=751→2046=938对齐官方推算[真实数据路径形状]；净迁移总量级对齐官方推算、年龄权重偏劳动年龄[假设]
2056,40-44,劳动年龄15-64,男,219751.2,21.9751,中,混合,[混合] 基准人口锚点=C&SD表110-01001A年中人口(不含外佣)；2026-2056为队列成分法推算[假设路径]；生育TFR 2023=751→2046=938对齐官方推算[真实数据路径形状]；净迁移总量级对齐官方推算、年龄权重偏劳动年龄[假设]
2056,45-49,劳动年龄15-64,男,220548.8,22.0549,中,混合,[混合] 基准人口锚点=C&SD表110-01001A年中人口(不含外佣)；2026-2056为队列成分法推算[假设路径]；生育TFR 2023=751→2046=938对齐官方推算[真实数据路径形状]；净迁移总量级对齐官方推算、年龄权重偏劳动年龄[假设]
2056,5-9,少儿0-14,男,87548.1,8.7548,中,混合,[混合] 基准人口锚点=C&SD表110-01001A年中人口(不含外佣)；2026-2056为队列成分法推算[假设路径]；生育TFR 2023=751→2046=938对齐官方推算[真实数据路径形状]；净迁移总量级对齐官方推算、年龄权重偏劳动年龄[假设]
2056,50-54,劳动年龄15-64,男,212927.9,21.2928,中,混合,[混合] 基准人口锚点=C&SD表110-01001A年中人口(不含外佣)；2026-2056为队列成分法推算[假设路径]；生育TFR 2023=751→2046=938对齐官方推算[真实数据路径形状]；净迁移总量级对齐官方推算、年龄权重偏劳动年龄[假设]
2056,55-59,劳动年龄15-64,男,240840.1,24.084,中,混合,[混合] 基准人口锚点=C&SD表110-01001A年中人口(不含外佣)；2026-2056为队列成分法推算[假设路径]；生育TFR 2023=751→2046=938对齐官方推算[真实数据路径形状]；净迁移总量级对齐官方推算、年龄权重偏劳动年龄[假设]
2056,60-64,劳动年龄15-64,男,272188.5,27.2188,中,混合,[混合] 基准人口锚点=C&SD表110-01001A年中人口(不含外佣)；2026-2056为队列成分法推算[假设路径]；生育TFR 2023=751→2046=938对齐官方推算[真实数据路径形状]；净迁移总量级对齐官方推算、年龄权重偏劳动年龄[假设]
2056,65-69,退休65+,男,266572.9,26.6573,中,混合,[混合] 基准人口锚点=C&SD表110-01001A年中人口(不含外佣)；2026-2056为队列成分法推算[假设路径]；生育TFR 2023=751→2046=938对齐官方推算[真实数据路径形状]；净迁移总量级对齐官方推算、年龄权重偏劳动年龄[假设]
2056,70-74,退休65+,男,248139.4,24.8139,中,混合,[混合] 基准人口锚点=C&SD表110-01001A年中人口(不含外佣)；2026-2056为队列成分法推算[假设路径]；生育TFR 2023=751→2046=938对齐官方推算[真实数据路径形状]；净迁移总量级对齐官方推算、年龄权重偏劳动年龄[假设]
2056,75-79,退休65+,男,218546.5,21.8546,中,混合,[混合] 基准人口锚点=C&SD表110-01001A年中人口(不含外佣)；2026-2056为队列成分法推算[假设路径]；生育TFR 2023=751→2046=938对齐官方推算[真实数据路径形状]；净迁移总量级对齐官方推算、年龄权重偏劳动年龄[假设]
2056,80-84,退休65+,男,191053.0,19.1053,中,混合,[混合] 基准人口锚点=C&SD表110-01001A年中人口(不含外佣)；2026-2056为队列成分法推算[假设路径]；生育TFR 2023=751→2046=938对齐官方推算[真实数据路径形状]；净迁移总量级对齐官方推算、年龄权重偏劳动年龄[假设]
2056,85+,退休65+,男,368169.7,36.817,中,混合,[混合] 基准人口锚点=C&SD表110-01001A年中人口(不含外佣)；2026-2056为队列成分法推算[假设路径]；生育TFR 2023=751→2046=938对齐官方推算[真实数据路径形状]；净迁移总量级对齐官方推算、年龄权重偏劳动年龄[假设]
2026,0-4,少儿0-14,女,76800.0,7.68,低,混合,[混合] 基准人口锚点=C&SD表110-01001A年中人口(不含外佣)；2026-2056为队列成分法推算[假设路径]；生育TFR 2023=751→2046=938对齐官方推算[真实数据路径形状]；净迁移总量级对齐官方推算、年龄权重偏劳动年龄[假设]
2026,10-14,少儿0-14,女,138400.0,13.84,低,混合,[混合] 基准人口锚点=C&SD表110-01001A年中人口(不含外佣)；2026-2056为队列成分法推算[假设路径]；生育TFR 2023=751→2046=938对齐官方推算[真实数据路径形状]；净迁移总量级对齐官方推算、年龄权重偏劳动年龄[假设]
2026,15-19,劳动年龄15-64,女,139100.0,13.91,低,混合,[混合] 基准人口锚点=C&SD表110-01001A年中人口(不含外佣)；2026-2056为队列成分法推算[假设路径]；生育TFR 2023=751→2046=938对齐官方推算[真实数据路径形状]；净迁移总量级对齐官方推算、年龄权重偏劳动年龄[假设]
2026,20-24,劳动年龄15-64,女,145000.0,14.5,低,混合,[混合] 基准人口锚点=C&SD表110-01001A年中人口(不含外佣)；2026-2056为队列成分法推算[假设路径]；生育TFR 2023=751→2046=938对齐官方推算[真实数据路径形状]；净迁移总量级对齐官方推算、年龄权重偏劳动年龄[假设]
2026,25-29,劳动年龄15-64,女,172700.0,17.27,低,混合,[混合] 基准人口锚点=C&SD表110-01001A年中人口(不含外佣)；2026-2056为队列成分法推算[假设路径]；生育TFR 2023=751→2046=938对齐官方推算[真实数据路径形状]；净迁移总量级对齐官方推算、年龄权重偏劳动年龄[假设]
2026,30-34,劳动年龄15-64,女,221900.0,22.19,低,混合,[混合] 基准人口锚点=C&SD表110-01001A年中人口(不含外佣)；2026-2056为队列成分法推算[假设路径]；生育TFR 2023=751→2046=938对齐官方推算[真实数据路径形状]；净迁移总量级对齐官方推算、年龄权重偏劳动年龄[假设]
2026,35-39,劳动年龄15-64,女,246100.0,24.61,低,混合,[混合] 基准人口锚点=C&SD表110-01001A年中人口(不含外佣)；2026-2056为队列成分法推算[假设路径]；生育TFR 2023=751→2046=938对齐官方推算[真实数据路径形状]；净迁移总量级对齐官方推算、年龄权重偏劳动年龄[假设]
2026,40-44,劳动年龄15-64,女,274000.0,27.4,低,混合,[混合] 基准人口锚点=C&SD表110-01001A年中人口(不含外佣)；2026-2056为队列成分法推算[假设路径]；生育TFR 2023=751→2046=938对齐官方推算[真实数据路径形状]；净迁移总量级对齐官方推算、年龄权重偏劳动年龄[假设]
2026,45-49,劳动年龄15-64,女,289200.0,28.92,低,混合,[混合] 基准人口锚点=C&SD表110-01001A年中人口(不含外佣)；2026-2056为队列成分法推算[假设路径]；生育TFR 2023=751→2046=938对齐官方推算[真实数据路径形状]；净迁移总量级对齐官方推算、年龄权重偏劳动年龄[假设]
2026,5-9,少儿0-14,女,115700.0,11.57,低,混合,[混合] 基准人口锚点=C&SD表110-01001A年中人口(不含外佣)；2026-2056为队列成分法推算[假设路径]；生育TFR 2023=751→2046=938对齐官方推算[真实数据路径形状]；净迁移总量级对齐官方推算、年龄权重偏劳动年龄[假设]
2026,50-54,劳动年龄15-64,女,307900.0,30.79,低,混合,[混合] 基准人口锚点=C&SD表110-01001A年中人口(不含外佣)；2026-2056为队列成分法推算[假设路径]；生育TFR 2023=751→2046=938对齐官方推算[真实数据路径形状]；净迁移总量级对齐官方推算、年龄权重偏劳动年龄[假设]
2026,55-59,劳动年龄15-64,女,314700.0,31.47,低,混合,[混合] 基准人口锚点=C&SD表110-01001A年中人口(不含外佣)；2026-2056为队列成分法推算[假设路径]；生育TFR 2023=751→2046=938对齐官方推算[真实数据路径形状]；净迁移总量级对齐官方推算、年龄权重偏劳动年龄[假设]
2026,60-64,劳动年龄15-64,女,339700.0,33.97,低,混合,[混合] 基准人口锚点=C&SD表110-01001A年中人口(不含外佣)；2026-2056为队列成分法推算[假设路径]；生育TFR 2023=751→2046=938对齐官方推算[真实数据路径形状]；净迁移总量级对齐官方推算、年龄权重偏劳动年龄[假设]
2026,65-69,退休65+,女,309600.0,30.96,低,混合,[混合] 基准人口锚点=C&SD表110-01001A年中人口(不含外佣)；2026-2056为队列成分法推算[假设路径]；生育TFR 2023=751→2046=938对齐官方推算[真实数据路径形状]；净迁移总量级对齐官方推算、年龄权重偏劳动年龄[假设]
2026,70-74,退休65+,女,248600.0,24.86,低,混合,[混合] 基准人口锚点=C&SD表110-01001A年中人口(不含外佣)；2026-2056为队列成分法推算[假设路径]；生育TFR 2023=751→2046=938对齐官方推算[真实数据路径形状]；净迁移总量级对齐官方推算、年龄权重偏劳动年龄[假设]
2026,75-79,退休65+,女,182100.0,18.21,低,混合,[混合] 基准人口锚点=C&SD表110-01001A年中人口(不含外佣)；2026-2056为队列成分法推算[假设路径]；生育TFR 2023=751→2046=938对齐官方推算[真实数据路径形状]；净迁移总量级对齐官方推算、年龄权重偏劳动年龄[假设]
2026,80-84,退休65+,女,89700.0,8.97,低,混合,[混合] 基准人口锚点=C&SD表110-01001A年中人口(不含外佣)；2026-2056为队列成分法推算[假设路径]；生育TFR 2023=751→2046=938对齐官方推算[真实数据路径形状]；净迁移总量级对齐官方推算、年龄权重偏劳动年龄[假设]
2026,85+,退休65+,女,145300.0,14.53,低,混合,[混合] 基准人口锚点=C&SD表110-01001A年中人口(不含外佣)；2026-2056为队列成分法推算[假设路径]；生育TFR 2023=751→2046=938对齐官方推算[真实数据路径形状]；净迁移总量级对齐官方推算、年龄权重偏劳动年龄[假设]
2026,0-4,少儿0-14,男,83500.0,8.35,低,混合,[混合] 基准人口锚点=C&SD表110-01001A年中人口(不含外佣)；2026-2056为队列成分法推算[假设路径]；生育TFR 2023=751→2046=938对齐官方推算[真实数据路径形状]；净迁移总量级对齐官方推算、年龄权重偏劳动年龄[假设]
2026,10-14,少儿0-14,男,149500.0,14.95,低,混合,[混合] 基准人口锚点=C&SD表110-01001A年中人口(不含外佣)；2026-2056为队列成分法推算[假设路径]；生育TFR 2023=751→2046=938对齐官方推算[真实数据路径形状]；净迁移总量级对齐官方推算、年龄权重偏劳动年龄[假设]
2026,15-19,劳动年龄15-64,男,149600.0,14.96,低,混合,[混合] 基准人口锚点=C&SD表110-01001A年中人口(不含外佣)；2026-2056为队列成分法推算[假设路径]；生育TFR 2023=751→2046=938对齐官方推算[真实数据路径形状]；净迁移总量级对齐官方推算、年龄权重偏劳动年龄[假设]
2026,20-24,劳动年龄15-64,男,147300.0,14.73,低,混合,[混合] 基准人口锚点=C&SD表110-01001A年中人口(不含外佣)；2026-2056为队列成分法推算[假设路径]；生育TFR 2023=751→2046=938对齐官方推算[真实数据路径形状]；净迁移总量级对齐官方推算、年龄权重偏劳动年龄[假设]
2026,25-29,劳动年龄15-64,男,183500.0,18.35,低,混合,[混合] 基准人口锚点=C&SD表110-01001A年中人口(不含外佣)；2026-2056为队列成分法推算[假设路径]；生育TFR 2023=751→2046=938对齐官方推算[真实数据路径形状]；净迁移总量级对齐官方推算、年龄权重偏劳动年龄[假设]
2026,30-34,劳动年龄15-64,男,227100.0,22.71,低,混合,[混合] 基准人口锚点=C&SD表110-01001A年中人口(不含外佣)；2026-2056为队列成分法推算[假设路径]；生育TFR 2023=751→2046=938对齐官方推算[真实数据路径形状]；净迁移总量级对齐官方推算、年龄权重偏劳动年龄[假设]
2026,35-39,劳动年龄15-64,男,238500.0,23.85,低,混合,[混合] 基准人口锚点=C&SD表110-01001A年中人口(不含外佣)；2026-2056为队列成分法推算[假设路径]；生育TFR 2023=751→2046=938对齐官方推算[真实数据路径形状]；净迁移总量级对齐官方推算、年龄权重偏劳动年龄[假设]
2026,40-44,劳动年龄15-64,男,241900.0,24.19,低,混合,[混合] 基准人口锚点=C&SD表110-01001A年中人口(不含外佣)；2026-2056为队列成分法推算[假设路径]；生育TFR 2023=751→2046=938对齐官方推算[真实数据路径形状]；净迁移总量级对齐官方推算、年龄权重偏劳动年龄[假设]
2026,45-49,劳动年龄15-64,男,234900.0,23.49,低,混合,[混合] 基准人口锚点=C&SD表110-01001A年中人口(不含外佣)；2026-2056为队列成分法推算[假设路径]；生育TFR 2023=751→2046=938对齐官方推算[真实数据路径形状]；净迁移总量级对齐官方推算、年龄权重偏劳动年龄[假设]
2026,5-9,少儿0-14,男,124500.0,12.45,低,混合,[混合] 基准人口锚点=C&SD表110-01001A年中人口(不含外佣)；2026-2056为队列成分法推算[假设路径]；生育TFR 2023=751→2046=938对齐官方推算[真实数据路径形状]；净迁移总量级对齐官方推算、年龄权重偏劳动年龄[假设]
2026,50-54,劳动年龄15-64,男,244100.0,24.41,低,混合,[混合] 基准人口锚点=C&SD表110-01001A年中人口(不含外佣)；2026-2056为队列成分法推算[假设路径]；生育TFR 2023=751→2046=938对齐官方推算[真实数据路径形状]；净迁移总量级对齐官方推算、年龄权重偏劳动年龄[假设]
2026,55-59,劳动年龄15-64,男,243400.0,24.34,低,混合,[混合] 基准人口锚点=C&SD表110-01001A年中人口(不含外佣)；2026-2056为队列成分法推算[假设路径]；生育TFR 2023=751→2046=938对齐官方推算[真实数据路径形状]；净迁移总量级对齐官方推算、年龄权重偏劳动年龄[假设]
2026,60-64,劳动年龄15-64,男,281500.0,28.15,低,混合,[混合] 基准人口锚点=C&SD表110-01001A年中人口(不含外佣)；2026-2056为队列成分法推算[假设路径]；生育TFR 2023=751→2046=938对齐官方推算[真实数据路径形状]；净迁移总量级对齐官方推算、年龄权重偏劳动年龄[假设]
2026,65-69,退休65+,男,291500.0,29.15,低,混合,[混合] 基准人口锚点=C&SD表110-01001A年中人口(不含外佣)；2026-2056为队列成分法推算[假设路径]；生育TFR 2023=751→2046=938对齐官方推算[真实数据路径形状]；净迁移总量级对齐官方推算、年龄权重偏劳动年龄[假设]
2026,70-74,退休65+,男,226600.0,22.66,低,混合,[混合] 基准人口锚点=C&SD表110-01001A年中人口(不含外佣)；2026-2056为队列成分法推算[假设路径]；生育TFR 2023=751→2046=938对齐官方推算[真实数据路径形状]；净迁移总量级对齐官方推算、年龄权重偏劳动年龄[假设]
2026,75-79,退休65+,男,164300.0,16.43,低,混合,[混合] 基准人口锚点=C&SD表110-01001A年中人口(不含外佣)；2026-2056为队列成分法推算[假设路径]；生育TFR 2023=751→2046=938对齐官方推算[真实数据路径形状]；净迁移总量级对齐官方推算、年龄权重偏劳动年龄[假设]
2026,80-84,退休65+,男,78500.0,7.85,低,混合,[混合] 基准人口锚点=C&SD表110-01001A年中人口(不含外佣)；2026-2056为队列成分法推算[假设路径]；生育TFR 2023=751→2046=938对齐官方推算[真实数据路径形状]；净迁移总量级对齐官方推算、年龄权重偏劳动年龄[假设]
2026,85+,退休65+,男,95900.0,9.59,低,混合,[混合] 基准人口锚点=C&SD表110-01001A年中人口(不含外佣)；2026-2056为队列成分法推算[假设路径]；生育TFR 2023=751→2046=938对齐官方推算[真实数据路径形状]；净迁移总量级对齐官方推算、年龄权重偏劳动年龄[假设]
2027,0-4,少儿0-14,女,76344.9,7.6345,低,混合,[混合] 基准人口锚点=C&SD表110-01001A年中人口(不含外佣)；2026-2056为队列成分法推算[假设路径]；生育TFR 2023=751→2046=938对齐官方推算[真实数据路径形状]；净迁移总量级对齐官方推算、年龄权重偏劳动年龄[假设]
2027,10-14,少儿0-14,女,134302.5,13.4302,低,混合,[混合] 基准人口锚点=C&SD表110-01001A年中人口(不含外佣)；2026-2056为队列成分法推算[假设路径]；生育TFR 2023=751→2046=938对齐官方推算[真实数据路径形状]；净迁移总量级对齐官方推算、年龄权重偏劳动年龄[假设]
2027,15-19,劳动年龄15-64,女,140768.7,14.0769,低,混合,[混合] 基准人口锚点=C&SD表110-01001A年中人口(不含外佣)；2026-2056为队列成分法推算[假设路径]；生育TFR 2023=751→2046=938对齐官方推算[真实数据路径形状]；净迁移总量级对齐官方推算、年龄权重偏劳动年龄[假设]
2027,20-24,劳动年龄15-64,女,145616.9,14.5617,低,混合,[混合] 基准人口锚点=C&SD表110-01001A年中人口(不含外佣)；2026-2056为队列成分法推算[假设路径]；生育TFR 2023=751→2046=938对齐官方推算[真实数据路径形状]；净迁移总量级对齐官方推算、年龄权重偏劳动年龄[假设]
2027,25-29,劳动年龄15-64,女,168949.6,16.895,低,混合,[混合] 基准人口锚点=C&SD表110-01001A年中人口(不含外佣)；2026-2056为队列成分法推算[假设路径]；生育TFR 2023=751→2046=938对齐官方推算[真实数据路径形状]；净迁移总量级对齐官方推算、年龄权重偏劳动年龄[假设]
2027,30-34,劳动年龄15-64,女,213823.6,21.3824,低,混合,[混合] 基准人口锚点=C&SD表110-01001A年中人口(不含外佣)；2026-2056为队列成分法推算[假设路径]；生育TFR 2023=751→2046=938对齐官方推算[真实数据路径形状]；净迁移总量级对齐官方推算、年龄权重偏劳动年龄[假设]
2027,35-39,劳动年龄15-64,女,242992.4,24.2992,低,混合,[混合] 基准人口锚点=C&SD表110-01001A年中人口(不含外佣)；2026-2056为队列成分法推算[假设路径]；生育TFR 2023=751→2046=938对齐官方推算[真实数据路径形状]；净迁移总量级对齐官方推算、年龄权重偏劳动年龄[假设]
2027,40-44,劳动年龄15-64,女,270116.2,27.0116,低,混合,[混合] 基准人口锚点=C&SD表110-01001A年中人口(不含外佣)；2026-2056为队列成分法推算[假设路径]；生育TFR 2023=751→2046=938对齐官方推算[真实数据路径形状]；净迁移总量级对齐官方推算、年龄权重偏劳动年龄[假设]
2027,45-49,劳动年龄15-64,女,287046.0,28.7046,低,混合,[混合] 基准人口锚点=C&SD表110-01001A年中人口(不含外佣)；2026-2056为队列成分法推算[假设路径]；生育TFR 2023=751→2046=938对齐官方推算[真实数据路径形状]；净迁移总量级对齐官方推算、年龄权重偏劳动年龄[假设]
2027,5-9,少儿0-14,女,108362.2,10.8362,低,混合,[混合] 基准人口锚点=C&SD表110-01001A年中人口(不含外佣)；2026-2056为队列成分法推算[假设路径]；生育TFR 2023=751→2046=938对齐官方推算[真实数据路径形状]；净迁移总量级对齐官方推算、年龄权重偏劳动年龄[假设]
2027,50-54,劳动年龄15-64,女,304857.2,30.4857,低,混合,[混合] 基准人口锚点=C&SD表110-01001A年中人口(不含外佣)；2026-2056为队列成分法推算[假设路径]；生育TFR 2023=751→2046=938对齐官方推算[真实数据路径形状]；净迁移总量级对齐官方推算、年龄权重偏劳动年龄[假设]
2027,55-59,劳动年龄15-64,女,313792.0,31.3792,低,混合,[混合] 基准人口锚点=C&SD表110-01001A年中人口(不含外佣)；2026-2056为队列成分法推算[假设路径]；生育TFR 2023=751→2046=938对齐官方推算[真实数据路径形状]；净迁移总量级对齐官方推算、年龄权重偏劳动年龄[假设]
2027,60-64,劳动年龄15-64,女,334727.8,33.4728,低,混合,[混合] 基准人口锚点=C&SD表110-01001A年中人口(不含外佣)；2026-2056为队列成分法推算[假设路径]；生育TFR 2023=751→2046=938对齐官方推算[真实数据路径形状]；净迁移总量级对齐官方推算、年龄权重偏劳动年龄[假设]
2027,65-69,退休65+,女,314501.2,31.4501,低,混合,[混合] 基准人口锚点=C&SD表110-01001A年中人口(不含外佣)；2026-2056为队列成分法推算[假设路径]；生育TFR 2023=751→2046=938对齐官方推算[真实数据路径形状]；净迁移总量级对齐官方推算、年龄权重偏劳动年龄[假设]
2027,70-74,退休65+,女,259191.6,25.9192,低,混合,[混合] 基准人口锚点=C&SD表110-01001A年中人口(不含外佣)；2026-2056为队列成分法推算[假设路径]；生育TFR 2023=751→2046=938对齐官方推算[真实数据路径形状]；净迁移总量级对齐官方推算、年龄权重偏劳动年龄[假设]
2027,75-79,退休65+,女,193364.9,19.3365,低,混合,[混合] 基准人口锚点=C&SD表110-01001A年中人口(不含外佣)；2026-2056为队列成分法推算[假设路径]；生育TFR 2023=751→2046=938对齐官方推算[真实数据路径形状]；净迁移总量级对齐官方推算、年龄权重偏劳动年龄[假设]
2027,80-84,退休65+,女,105952.6,10.5953,低,混合,[混合] 基准人口锚点=C&SD表110-01001A年中人口(不含外佣)；2026-2056为队列成分法推算[假设路径]；生育TFR 2023=751→2046=938对齐官方推算[真实数据路径形状]；净迁移总量级对齐官方推算、年龄权重偏劳动年龄[假设]
2027,85+,退休65+,女,151395.5,15.1395,低,混合,[混合] 基准人口锚点=C&SD表110-01001A年中人口(不含外佣)；2026-2056为队列成分法推算[假设路径]；生育TFR 2023=751→2046=938对齐官方推算[真实数据路径形状]；净迁移总量级对齐官方推算、年龄权重偏劳动年龄[假设]
2027,0-4,少儿0-14,男,82514.0,8.2514,低,混合,[混合] 基准人口锚点=C&SD表110-01001A年中人口(不含外佣)；2026-2056为队列成分法推算[假设路径]；生育TFR 2023=751→2046=938对齐官方推算[真实数据路径形状]；净迁移总量级对齐官方推算、年龄权重偏劳动年龄[假设]
2027,10-14,少儿0-14,男,144906.4,14.4906,低,混合,[混合] 基准人口锚点=C&SD表110-01001A年中人口(不含外佣)；2026-2056为队列成分法推算[假设路径]；生育TFR 2023=751→2046=938对齐官方推算[真实数据路径形状]；净迁移总量级对齐官方推算、年龄权重偏劳动年龄[假设]
2027,15-19,劳动年龄15-64,男,151235.8,15.1236,低,混合,[混合] 基准人口锚点=C&SD表110-01001A年中人口(不含外佣)；2026-2056为队列成分法推算[假设路径]；生育TFR 2023=751→2046=938对齐官方推算[真实数据路径形状]；净迁移总量级对齐官方推算、年龄权重偏劳动年龄[假设]
2027,20-24,劳动年龄15-64,男,149401.8,14.9402,低,混合,[混合] 基准人口锚点=C&SD表110-01001A年中人口(不含外佣)；2026-2056为队列成分法推算[假设路径]；生育TFR 2023=751→2046=938对齐官方推算[真实数据路径形状]；净迁移总量级对齐官方推算、年龄权重偏劳动年龄[假设]
2027,25-29,劳动年龄15-64,男,177876.2,17.7876,低,混合,[混合] 基准人口锚点=C&SD表110-01001A年中人口(不含外佣)；2026-2056为队列成分法推算[假设路径]；生育TFR 2023=751→2046=938对齐官方推算[真实数据路径形状]；净迁移总量级对齐官方推算、年龄权重偏劳动年龄[假设]
2027,30-34,劳动年龄15-64,男,219941.4,21.9941,低,混合,[混合] 基准人口锚点=C&SD表110-01001A年中人口(不含外佣)；2026-2056为队列成分法推算[假设路径]；生育TFR 2023=751→2046=938对齐官方推算[真实数据路径形状]；净迁移总量级对齐官方推算、年龄权重偏劳动年龄[假设]
2027,35-39,劳动年龄15-64,男,237745.2,23.7745,低,混合,[混合] 基准人口锚点=C&SD表110-01001A年中人口(不含外佣)；2026-2056为队列成分法推算[假设路径]；生育TFR 2023=751→2046=938对齐官方推算[真实数据路径形状]；净迁移总量级对齐官方推算、年龄权重偏劳动年龄[假设]
2027,40-44,劳动年龄15-64,男,242643.0,24.2643,低,混合,[混合] 基准人口锚点=C&SD表110-01001A年中人口(不含外佣)；2026-2056为队列成分法推算[假设路径]；生育TFR 2023=751→2046=938对齐官方推算[真实数据路径形状]；净迁移总量级对齐官方推算、年龄权重偏劳动年龄[假设]
2027,45-49,劳动年龄15-64,男,236927.3,23.6927,低,混合,[混合] 基准人口锚点=C&SD表110-01001A年中人口(不含外佣)；2026-2056为队列成分法推算[假设路径]；生育TFR 2023=751→2046=938对齐官方推算[真实数据路径形状]；净迁移总量级对齐官方推算、年龄权重偏劳动年龄[假设]
2027,5-9,少儿0-14,男,116701.0,11.6701,低,混合,[混合] 基准人口锚点=C&SD表110-01001A年中人口(不含外佣)；2026-2056为队列成分法推算[假设路径]；生育TFR 2023=751→2046=938对齐官方推算[真实数据路径形状]；净迁移总量级对齐官方推算、年龄权重偏劳动年龄[假设]
2027,50-54,劳动年龄15-64,男,242607.2,24.2607,低,混合,[混合] 基准人口锚点=C&SD表110-01001A年中人口(不含外佣)；2026-2056为队列成分法推算[假设路径]；生育TFR 2023=751→2046=938对齐官方推算[真实数据路径形状]；净迁移总量级对齐官方推算、年龄权重偏劳动年龄[假设]
2027,55-59,劳动年龄15-64,男,243522.4,24.3522,低,混合,[混合] 基准人口锚点=C&SD表110-01001A年中人口(不含外佣)；2026-2056为队列成分法推算[假设路径]；生育TFR 2023=751→2046=938对齐官方推算[真实数据路径形状]；净迁移总量级对齐官方推算、年龄权重偏劳动年龄[假设]
2027,60-64,劳动年龄15-64,男,273179.8,27.318,低,混合,[混合] 基准人口锚点=C&SD表110-01001A年中人口(不含外佣)；2026-2056为队列成分法推算[假设路径]；生育TFR 2023=751→2046=938对齐官方推算[真实数据路径形状]；净迁移总量级对齐官方推算、年龄权重偏劳动年龄[假设]
2027,65-69,退休65+,男,286898.4,28.6898,低,混合,[混合] 基准人口锚点=C&SD表110-01001A年中人口(不含外佣)；2026-2056为队列成分法推算[假设路径]；生育TFR 2023=751→2046=938对齐官方推算[真实数据路径形状]；净迁移总量级对齐官方推算、年龄权重偏劳动年龄[假设]
2027,70-74,退休65+,男,236188.3,23.6188,低,混合,[混合] 基准人口锚点=C&SD表110-01001A年中人口(不含外佣)；2026-2056为队列成分法推算[假设路径]；生育TFR 2023=751→2046=938对齐官方推算[真实数据路径形状]；净迁移总量级对齐官方推算、年龄权重偏劳动年龄[假设]
2027,75-79,退休65+,男,172881.3,17.2881,低,混合,[混合] 基准人口锚点=C&SD表110-01001A年中人口(不含外佣)；2026-2056为队列成分法推算[假设路径]；生育TFR 2023=751→2046=938对齐官方推算[真实数据路径形状]；净迁移总量级对齐官方推算、年龄权重偏劳动年龄[假设]
2027,80-84,退休65+,男,91943.6,9.1944,低,混合,[混合] 基准人口锚点=C&SD表110-01001A年中人口(不含外佣)；2026-2056为队列成分法推算[假设路径]；生育TFR 2023=751→2046=938对齐官方推算[真实数据路径形状]；净迁移总量级对齐官方推算、年龄权重偏劳动年龄[假设]
2027,85+,退休65+,男,101926.7,10.1927,低,混合,[混合] 基准人口锚点=C&SD表110-01001A年中人口(不含外佣)；2026-2056为队列成分法推算[假设路径]；生育TFR 2023=751→2046=938对齐官方推算[真实数据路径形状]；净迁移总量级对齐官方推算、年龄权重偏劳动年龄[假设]
2028,0-4,少儿0-14,女,75632.8,7.5633,低,混合,[混合] 基准人口锚点=C&SD表110-01001A年中人口(不含外佣)；2026-2056为队列成分法推算[假设路径]；生育TFR 2023=751→2046=938对齐官方推算[真实数据路径形状]；净迁移总量级对齐官方推算、年龄权重偏劳动年龄[假设]
2028,10-14,少儿0-14,女,130227.8,13.0228,低,混合,[混合] 基准人口锚点=C&SD表110-01001A年中人口(不含外佣)；2026-2056为队列成分法推算[假设路径]；生育TFR 2023=751→2046=938对齐官方推算[真实数据路径形状]；净迁移总量级对齐官方推算、年龄权重偏劳动年龄[假设]
2028,15-19,劳动年龄15-64,女,142251.4,14.2251,低,混合,[混合] 基准人口锚点=C&SD表110-01001A年中人口(不含外佣)；2026-2056为队列成分法推算[假设路径]；生育TFR 2023=751→2046=938对齐官方推算[真实数据路径形状]；净迁移总量级对齐官方推算、年龄权重偏劳动年龄[假设]
2028,20-24,劳动年龄15-64,女,146324.3,14.6324,低,混合,[混合] 基准人口锚点=C&SD表110-01001A年中人口(不含外佣)；2026-2056为队列成分法推算[假设路径]；生育TFR 2023=751→2046=938对齐官方推算[真实数据路径形状]；净迁移总量级对齐官方推算、年龄权重偏劳动年龄[假设]
2028,25-29,劳动年龄15-64,女,165288.8,16.5289,低,混合,[混合] 基准人口锚点=C&SD表110-01001A年中人口(不含外佣)；2026-2056为队列成分法推算[假设路径]；生育TFR 2023=751→2046=938对齐官方推算[真实数据路径形状]；净迁移总量级对齐官方推算、年龄权重偏劳动年龄[假设]
2028,30-34,劳动年龄15-64,女,205843.8,20.5844,低,混合,[混合] 基准人口锚点=C&SD表110-01001A年中人口(不含外佣)；2026-2056为队列成分法推算[假设路径]；生育TFR 2023=751→2046=938对齐官方推算[真实数据路径形状]；净迁移总量级对齐官方推算、年龄权重偏劳动年龄[假设]
2028,35-39,劳动年龄15-64,女,239980.8,23.9981,低,混合,[混合] 基准人口锚点=C&SD表110-01001A年中人口(不含外佣)；2026-2056为队列成分法推算[假设路径]；生育TFR 2023=751→2046=938对齐官方推算[真实数据路径形状]；净迁移总量级对齐官方推算、年龄权重偏劳动年龄[假设]
2028,40-44,劳动年龄15-64,女,266330.6,26.6331,低,混合,[混合] 基准人口锚点=C&SD表110-01001A年中人口(不含外佣)；2026-2056为队列成分法推算[假设路径]；生育TFR 2023=751→2046=938对齐官方推算[真实数据路径形状]；净迁移总量级对齐官方推算、年龄权重偏劳动年龄[假设]
2028,45-49,劳动年龄15-64,女,285118.1,28.5118,低,混合,[混合] 基准人口锚点=C&SD表110-01001A年中人口(不含外佣)；2026-2056为队列成分法推算[假设路径]；生育TFR 2023=751→2046=938对齐官方推算[真实数据路径形状]；净迁移总量级对齐官方推算、年龄权重偏劳动年龄[假设]
2028,5-9,少儿0-14,女,101044.9,10.1045,低,混合,[混合] 基准人口锚点=C&SD表110-01001A年中人口(不含外佣)；2026-2056为队列成分法推算[假设路径]；生育TFR 2023=751→2046=938对齐官方推算[真实数据路径形状]；净迁移总量级对齐官方推算、年龄权重偏劳动年龄[假设]
2028,50-54,劳动年龄15-64,女,301918.5,30.1918,低,混合,[混合] 基准人口锚点=C&SD表110-01001A年中人口(不含外佣)；2026-2056为队列成分法推算[假设路径]；生育TFR 2023=751→2046=938对齐官方推算[真实数据路径形状]；净迁移总量级对齐官方推算、年龄权重偏劳动年龄[假设]
2028,55-59,劳动年龄15-64,女,312999.9,31.3,低,混合,[混合] 基准人口锚点=C&SD表110-01001A年中人口(不含外佣)；2026-2056为队列成分法推算[假设路径]；生育TFR 2023=751→2046=938对齐官方推算[真实数据路径形状]；净迁移总量级对齐官方推算、年龄权重偏劳动年龄[假设]
2028,60-64,劳动年龄15-64,女,329929.7,32.993,低,混合,[混合] 基准人口锚点=C&SD表110-01001A年中人口(不含外佣)；2026-2056为队列成分法推算[假设路径]；生育TFR 2023=751→2046=938对齐官方推算[真实数据路径形状]；净迁移总量级对齐官方推算、年龄权重偏劳动年龄[假设]
2028,65-69,退休65+,女,319628.4,31.9628,低,混合,[混合] 基准人口锚点=C&SD表110-01001A年中人口(不含外佣)；2026-2056为队列成分法推算[假设路径]；生育TFR 2023=751→2046=938对齐官方推算[真实数据路径形状]；净迁移总量级对齐官方推算、年龄权重偏劳动年龄[假设]
2028,70-74,退休65+,女,269832.2,26.9832,低,混合,[混合] 基准人口锚点=C&SD表110-01001A年中人口(不含外佣)；2026-2056为队列成分法推算[假设路径]；生育TFR 2023=751→2046=938对齐官方推算[真实数据路径形状]；净迁移总量级对齐官方推算、年龄权重偏劳动年龄[假设]
2028,75-79,退休65+,女,204590.6,20.4591,低,混合,[混合] 基准人口锚点=C&SD表110-01001A年中人口(不含外佣)；2026-2056为队列成分法推算[假设路径]；生育TFR 2023=751→2046=938对齐官方推算[真实数据路径形状]；净迁移总量级对齐官方推算、年龄权重偏劳动年龄[假设]
2028,80-84,退休65+,女,121794.9,12.1795,低,混合,[混合] 基准人口锚点=C&SD表110-01001A年中人口(不含外佣)；2026-2056为队列成分法推算[假设路径]；生育TFR 2023=751→2046=938对齐官方推算[真实数据路径形状]；净迁移总量级对齐官方推算、年龄权重偏劳动年龄[假设]
2028,85+,退休65+,女,156666.6,15.6667,低,混合,[混合] 基准人口锚点=C&SD表110-01001A年中人口(不含外佣)；2026-2056为队列成分法推算[假设路径]；生育TFR 2023=751→2046=938对齐官方推算[真实数据路径形状]；净迁移总量级对齐官方推算、年龄权重偏劳动年龄[假设]
2028,0-4,少儿0-14,男,81270.7,8.1271,低,混合,[混合] 基准人口锚点=C&SD表110-01001A年中人口(不含外佣)；2026-2056为队列成分法推算[假设路径]；生育TFR 2023=751→2046=938对齐官方推算[真实数据路径形状]；净迁移总量级对齐官方推算、年龄权重偏劳动年龄[假设]
2028,10-14,少儿0-14,男,140334.1,14.0334,低,混合,[混合] 基准人口锚点=C&SD表110-01001A年中人口(不含外佣)；2026-2056为队列成分法推算[假设路径]；生育TFR 2023=751→2046=938对齐官方推算[真实数据路径形状]；净迁移总量级对齐官方推算、年龄权重偏劳动年龄[假设]
2028,15-19,劳动年龄15-64,男,152702.9,15.2703,低,混合,[混合] 基准人口锚点=C&SD表110-01001A年中人口(不含外佣)；2026-2056为队列成分法推算[假设路径]；生育TFR 2023=751→2046=938对齐官方推算[真实数据路径形状]；净迁移总量级对齐官方推算、年龄权重偏劳动年龄[假设]
2028,20-24,劳动年龄15-64,男,151586.8,15.1587,低,混合,[混合] 基准人口锚点=C&SD表110-01001A年中人口(不含外佣)；2026-2056为队列成分法推算[假设路径]；生育TFR 2023=751→2046=938对齐官方推算[真实数据路径形状]；净迁移总量级对齐官方推算、年龄权重偏劳动年龄[假设]
2028,25-29,劳动年龄15-64,男,172341.7,17.2342,低,混合,[混合] 基准人口锚点=C&SD表110-01001A年中人口(不含外佣)；2026-2056为队列成分法推算[假设路径]；生育TFR 2023=751→2046=938对齐官方推算[真实数据路径形状]；净迁移总量级对齐官方推算、年龄权重偏劳动年龄[假设]
2028,30-34,劳动年龄15-64,男,212881.5,21.2882,低,混合,[混合] 基准人口锚点=C&SD表110-01001A年中人口(不含外佣)；2026-2056为队列成分法推算[假设路径]；生育TFR 2023=751→2046=938对齐官方推算[真实数据路径形状]；净迁移总量级对齐官方推算、年龄权重偏劳动年龄[假设]
2028,35-39,劳动年龄15-64,男,237079.6,23.708,低,混合,[混合] 基准人口锚点=C&SD表110-01001A年中人口(不含外佣)；2026-2056为队列成分法推算[假设路径]；生育TFR 2023=751→2046=938对齐官方推算[真实数据路径形状]；净迁移总量级对齐官方推算、年龄权重偏劳动年龄[假设]
2028,40-44,劳动年龄15-64,男,243493.3,24.3493,低,混合,[混合] 基准人口锚点=C&SD表110-01001A年中人口(不含外佣)；2026-2056为队列成分法推算[假设路径]；生育TFR 2023=751→2046=938对齐官方推算[真实数据路径形状]；净迁移总量级对齐官方推算、年龄权重偏劳动年龄[假设]
2028,45-49,劳动年龄15-64,男,239167.3,23.9167,低,混合,[混合] 基准人口锚点=C&SD表110-01001A年中人口(不含外佣)；2026-2056为队列成分法推算[假设路径]；生育TFR 2023=751→2046=938对齐官方推算[真实数据路径形状]；净迁移总量级对齐官方推算、年龄权重偏劳动年龄[假设]
2028,5-9,少儿0-14,男,108915.8,10.8916,低,混合,[混合] 基准人口锚点=C&SD表110-01001A年中人口(不含外佣)；2026-2056为队列成分法推算[假设路径]；生育TFR 2023=751→2046=938对齐官方推算[真实数据路径形状]；净迁移总量级对齐官方推算、年龄权重偏劳动年龄[假设]
2028,50-54,劳动年龄15-64,男,241237.8,24.1238,低,混合,[混合] 基准人口锚点=C&SD表110-01001A年中人口(不含外佣)；2026-2056为队列成分法推算[假设路径]；生育TFR 2023=751→2046=938对齐官方推算[真实数据路径形状]；净迁移总量级对齐官方推算、年龄权重偏劳动年龄[假设]
2028,55-59,劳动年龄15-64,男,243781.0,24.3781,低,混合,[混合] 基准人口锚点=C&SD表110-01001A年中人口(不含外佣)；2026-2056为队列成分法推算[假设路径]；生育TFR 2023=751→2046=938对齐官方推算[真实数据路径形状]；净迁移总量级对齐官方推算、年龄权重偏劳动年龄[假设]
2028,60-64,劳动年龄15-64,男,265134.0,26.5134,低,混合,[混合] 基准人口锚点=C&SD表110-01001A年中人口(不含外佣)；2026-2056为队列成分法推算[假设路径]；生育TFR 2023=751→2046=938对齐官方推算[真实数据路径形状]；净迁移总量级对齐官方推算、年龄权重偏劳动年龄[假设]
2028,65-69,退休65+,男,282786.6,28.2787,低,混合,[混合] 基准人口锚点=C&SD表110-01001A年中人口(不含外佣)；2026-2056为队列成分法推算[假设路径]；生育TFR 2023=751→2046=938对齐官方推算[真实数据路径形状]；净迁移总量级对齐官方推算、年龄权重偏劳动年龄[假设]
2028,70-74,退休65+,男,245796.9,24.5797,低,混合,[混合] 基准人口锚点=C&SD表110-01001A年中人口(不含外佣)；2026-2056为队列成分法推算[假设路径]；生育TFR 2023=751→2046=938对齐官方推算[真实数据路径形状]；净迁移总量级对齐官方推算、年龄权重偏劳动年龄[假设]
2028,75-79,退休65+,男,181378.3,18.1378,低,混合,[混合] 基准人口锚点=C&SD表110-01001A年中人口(不含外佣)；2026-2056为队列成分法推算[假设路径]；生育TFR 2023=751→2046=938对齐官方推算[真实数据路径形状]；净迁移总量级对齐官方推算、年龄权重偏劳动年龄[假设]
2028,80-84,退休65+,男,104672.8,10.4673,低,混合,[混合] 基准人口锚点=C&SD表110-01001A年中人口(不含外佣)；2026-2056为队列成分法推算[假设路径]；生育TFR 2023=751→2046=938对齐官方推算[真实数据路径形状]；净迁移总量级对齐官方推算、年龄权重偏劳动年龄[假设]
2028,85+,退休65+,男,106752.5,10.6753,低,混合,[混合] 基准人口锚点=C&SD表110-01001A年中人口(不含外佣)；2026-2056为队列成分法推算[假设路径]；生育TFR 2023=751→2046=938对齐官方推算[真实数据路径形状]；净迁移总量级对齐官方推算、年龄权重偏劳动年龄[假设]
2029,0-4,少儿0-14,女,74658.8,7.4659,低,混合,[混合] 基准人口锚点=C&SD表110-01001A年中人口(不含外佣)；2026-2056为队列成分法推算[假设路径]；生育TFR 2023=751→2046=938对齐官方推算[真实数据路径形状]；净迁移总量级对齐官方推算、年龄权重偏劳动年龄[假设]
2029,10-14,少儿0-14,女,126176.0,12.6176,低,混合,[混合] 基准人口锚点=C&SD表110-01001A年中人口(不含外佣)；2026-2056为队列成分法推算[假设路径]；生育TFR 2023=751→2046=938对齐官方推算[真实数据路径形状]；净迁移总量级对齐官方推算、年龄权重偏劳动年龄[假设]
2029,15-19,劳动年龄15-64,女,143535.2,14.3535,低,混合,[混合] 基准人口锚点=C&SD表110-01001A年中人口(不含外佣)；2026-2056为队列成分法推算[假设路径]；生育TFR 2023=751→2046=938对齐官方推算[真实数据路径形状]；净迁移总量级对齐官方推算、年龄权重偏劳动年龄[假设]
2029,20-24,劳动年龄15-64,女,147122.2,14.7122,低,混合,[混合] 基准人口锚点=C&SD表110-01001A年中人口(不含外佣)；2026-2056为队列成分法推算[假设路径]；生育TFR 2023=751→2046=938对齐官方推算[真实数据路径形状]；净迁移总量级对齐官方推算、年龄权重偏劳动年龄[假设]
2029,25-29,劳动年龄15-64,女,161717.5,16.1717,低,混合,[混合] 基准人口锚点=C&SD表110-01001A年中人口(不含外佣)；2026-2056为队列成分法推算[假设路径]；生育TFR 2023=751→2046=938对齐官方推算[真实数据路径形状]；净迁移总量级对齐官方推算、年龄权重偏劳动年龄[假设]
2029,30-34,劳动年龄15-64,女,197960.6,19.7961,低,混合,[混合] 基准人口锚点=C&SD表110-01001A年中人口(不含外佣)；2026-2056为队列成分法推算[假设路径]；生育TFR 2023=751→2046=938对齐官方推算[真实数据路径形状]；净迁移总量级对齐官方推算、年龄权重偏劳动年龄[假设]
2029,35-39,劳动年龄15-64,女,237065.0,23.7065,低,混合,[混合] 基准人口锚点=C&SD表110-01001A年中人口(不含外佣)；2026-2056为队列成分法推算[假设路径]；生育TFR 2023=751→2046=938对齐官方推算[真实数据路径形状]；净迁移总量级对齐官方推算、年龄权重偏劳动年龄[假设]
2029,40-44,劳动年龄15-64,女,262643.3,26.2643,低,混合,[混合] 基准人口锚点=C&SD表110-01001A年中人口(不含外佣)；2026-2056为队列成分法推算[假设路径]；生育TFR 2023=751→2046=938对齐官方推算[真实数据路径形状]；净迁移总量级对齐官方推算、年龄权重偏劳动年龄[假设]
2029,45-49,劳动年龄15-64,女,283422.3,28.3422,低,混合,[混合] 基准人口锚点=C&SD表110-01001A年中人口(不含外佣)；2026-2056为队列成分法推算[假设路径]；生育TFR 2023=751→2046=938对齐官方推算[真实数据路径形状]；净迁移总量级对齐官方推算、年龄权重偏劳动年龄[假设]
2029,5-9,少儿0-14,女,93748.4,9.3748,低,混合,[混合] 基准人口锚点=C&SD表110-01001A年中人口(不含外佣)；2026-2056为队列成分法推算[假设路径]；生育TFR 2023=751→2046=938对齐官方推算[真实数据路径形状]；净迁移总量级对齐官方推算、年龄权重偏劳动年龄[假设]
2029,50-54,劳动年龄15-64,女,299083.1,29.9083,低,混合,[混合] 基准人口锚点=C&SD表110-01001A年中人口(不含外佣)；2026-2056为队列成分法推算[假设路径]；生育TFR 2023=751→2046=938对齐官方推算[真实数据路径形状]；净迁移总量级对齐官方推算、年龄权重偏劳动年龄[假设]
2029,55-59,劳动年龄15-64,女,312322.6,31.2323,低,混合,[混合] 基准人口锚点=C&SD表110-01001A年中人口(不含外佣)；2026-2056为队列成分法推算[假设路径]；生育TFR 2023=751→2046=938对齐官方推算[真实数据路径形状]；净迁移总量级对齐官方推算、年龄权重偏劳动年龄[假设]
2029,60-64,劳动年龄15-64,女,325304.4,32.5304,低,混合,[混合] 基准人口锚点=C&SD表110-01001A年中人口(不含外佣)；2026-2056为队列成分法推算[假设路径]；生育TFR 2023=751→2046=938对齐官方推算[真实数据路径形状]；净迁移总量级对齐官方推算、年龄权重偏劳动年龄[假设]
2029,65-69,退休65+,女,324986.7,32.4987,低,混合,[混合] 基准人口锚点=C&SD表110-01001A年中人口(不含外佣)；2026-2056为队列成分法推算[假设路径]；生育TFR 2023=751→2046=938对齐官方推算[真实数据路径形状]；净迁移总量级对齐官方推算、年龄权重偏劳动年龄[假设]
2029,70-74,退休65+,女,280520.2,28.052,低,混合,[混合] 基准人口锚点=C&SD表110-01001A年中人口(不含外佣)；2026-2056为队列成分法推算[假设路径]；生育TFR 2023=751→2046=938对齐官方推算[真实数据路径形状]；净迁移总量级对齐官方推算、年龄权重偏劳动年龄[假设]
2029,75-79,退休65+,女,215776.7,21.5777,低,混合,[混合] 基准人口锚点=C&SD表110-01001A年中人口(不含外佣)；2026-2056为队列成分法推算[假设路径]；生育TFR 2023=751→2046=938对齐官方推算[真实数据路径形状]；净迁移总量级对齐官方推算、年龄权重偏劳动年龄[假设]
2029,80-84,退休65+,女,137238.7,13.7239,低,混合,[混合] 基准人口锚点=C&SD表110-01001A年中人口(不含外佣)；2026-2056为队列成分法推算[假设路径]；生育TFR 2023=751→2046=938对齐官方推算[真实数据路径形状]；净迁移总量级对齐官方推算、年龄权重偏劳动年龄[假设]
2029,85+,退休65+,女,161204.2,16.1204,低,混合,[混合] 基准人口锚点=C&SD表110-01001A年中人口(不含外佣)；2026-2056为队列成分法推算[假设路径]；生育TFR 2023=751→2046=938对齐官方推算[真实数据路径形状]；净迁移总量级对齐官方推算、年龄权重偏劳动年龄[假设]
2029,0-4,少儿0-14,男,79765.7,7.9766,低,混合,[混合] 基准人口锚点=C&SD表110-01001A年中人口(不含外佣)；2026-2056为队列成分法推算[假设路径]；生育TFR 2023=751→2046=938对齐官方推算[真实数据路径形状]；净迁移总量级对齐官方推算、年龄权重偏劳动年龄[假设]
2029,10-14,少儿0-14,男,135783.0,13.5783,低,混合,[混合] 基准人口锚点=C&SD表110-01001A年中人口(不含外佣)；2026-2056为队列成分法推算[假设路径]；生育TFR 2023=751→2046=938对齐官方推算[真实数据路径形状]；净迁移总量级对齐官方推算、年龄权重偏劳动年龄[假设]
2029,15-19,劳动年龄15-64,男,153989.3,15.3989,低,混合,[混合] 基准人口锚点=C&SD表110-01001A年中人口(不含外佣)；2026-2056为队列成分法推算[假设路径]；生育TFR 2023=751→2046=938对齐官方推算[真实数据路径形状]；净迁移总量级对齐官方推算、年龄权重偏劳动年龄[假设]
2029,20-24,劳动年龄15-64,男,153855.2,15.3855,低,混合,[混合] 基准人口锚点=C&SD表110-01001A年中人口(不含外佣)；2026-2056为队列成分法推算[假设路径]；生育TFR 2023=751→2046=938对齐官方推算[真实数据路径形状]；净迁移总量级对齐官方推算、年龄权重偏劳动年龄[假设]
2029,25-29,劳动年龄15-64,男,166896.4,16.6896,低,混合,[混合] 基准人口锚点=C&SD表110-01001A年中人口(不含外佣)；2026-2056为队列成分法推算[假设路径]；生育TFR 2023=751→2046=938对齐官方推算[真实数据路径形状]；净迁移总量级对齐官方推算、年龄权重偏劳动年龄[假设]
2029,30-34,劳动年龄15-64,男,205919.8,20.592,低,混合,[混合] 基准人口锚点=C&SD表110-01001A年中人口(不含外佣)；2026-2056为队列成分法推算[假设路径]；生育TFR 2023=751→2046=938对齐官方推算[真实数据路径形状]；净迁移总量级对齐官方推算、年龄权重偏劳动年龄[假设]
2029,35-39,劳动年龄15-64,男,236502.9,23.6503,低,混合,[混合] 基准人口锚点=C&SD表110-01001A年中人口(不含外佣)；2026-2056为队列成分法推算[假设路径]；生育TFR 2023=751→2046=938对齐官方推算[真实数据路径形状]；净迁移总量级对齐官方推算、年龄权重偏劳动年龄[假设]
2029,40-44,劳动年龄15-64,男,244450.3,24.445,低,混合,[混合] 基准人口锚点=C&SD表110-01001A年中人口(不含外佣)；2026-2056为队列成分法推算[假设路径]；生育TFR 2023=751→2046=938对齐官方推算[真实数据路径形状]；净迁移总量级对齐官方推算、年龄权重偏劳动年龄[假设]
2029,45-49,劳动年龄15-64,男,241625.2,24.1625,低,混合,[混合] 基准人口锚点=C&SD表110-01001A年中人口(不含外佣)；2026-2056为队列成分法推算[假设路径]；生育TFR 2023=751→2046=938对齐官方推算[真实数据路径形状]；净迁移总量级对齐官方推算、年龄权重偏劳动年龄[假设]
2029,5-9,少儿0-14,男,101144.4,10.1144,低,混合,[混合] 基准人口锚点=C&SD表110-01001A年中人口(不含外佣)；2026-2056为队列成分法推算[假设路径]；生育TFR 2023=751→2046=938对齐官方推算[真实数据路径形状]；净迁移总量级对齐官方推算、年龄权重偏劳动年龄[假设]
2029,50-54,劳动年龄15-64,男,239990.7,23.9991,低,混合,[混合] 基准人口锚点=C&SD表110-01001A年中人口(不含外佣)；2026-2056为队列成分法推算[假设路径]；生育TFR 2023=751→2046=938对齐官方推算[真实数据路径形状]；净迁移总量级对齐官方推算、年龄权重偏劳动年龄[假设]
2029,55-59,劳动年龄15-64,男,244174.2,24.4174,低,混合,[混合] 基准人口锚点=C&SD表110-01001A年中人口(不含外佣)；2026-2056为队列成分法推算[假设路径]；生育TFR 2023=751→2046=938对齐官方推算[真实数据路径形状]；净迁移总量级对齐官方推算、年龄权重偏劳动年龄[假设]
2029,60-64,劳动年龄15-64,男,257356.9,25.7357,低,混合,[混合] 基准人口锚点=C&SD表110-01001A年中人口(不含外佣)；2026-2056为队列成分法推算[假设路径]；生育TFR 2023=751→2046=938对齐官方推算[真实数据路径形状]；净迁移总量级对齐官方推算、年龄权重偏劳动年龄[假设]
2029,65-69,退休65+,男,279157.7,27.9158,低,混合,[混合] 基准人口锚点=C&SD表110-01001A年中人口(不含外佣)；2026-2056为队列成分法推算[假设路径]；生育TFR 2023=751→2046=938对齐官方推算[真实数据路径形状]；净迁移总量级对齐官方推算、年龄权重偏劳动年龄[假设]
2029,70-74,退休65+,男,255421.5,25.5421,低,混合,[混合] 基准人口锚点=C&SD表110-01001A年中人口(不含外佣)；2026-2056为队列成分法推算[假设路径]；生育TFR 2023=751→2046=938对齐官方推算[真实数据路径形状]；净迁移总量级对齐官方推算、年龄权重偏劳动年龄[假设]
2029,75-79,退休65+,男,189788.5,18.9789,低,混合,[混合] 基准人口锚点=C&SD表110-01001A年中人口(不含外佣)；2026-2056为队列成分法推算[假设路径]；生育TFR 2023=751→2046=938对齐官方推算[真实数据路径形状]；净迁移总量级对齐官方推算、年龄权重偏劳动年龄[假设]
2029,80-84,退休65+,男,116719.6,11.672,低,混合,[混合] 基准人口锚点=C&SD表110-01001A年中人口(不含外佣)；2026-2056为队列成分法推算[假设路径]；生育TFR 2023=751→2046=938对齐官方推算[真实数据路径形状]；净迁移总量级对齐官方推算、年龄权重偏劳动年龄[假设]
2029,85+,退休65+,男,110538.5,11.0539,低,混合,[混合] 基准人口锚点=C&SD表110-01001A年中人口(不含外佣)；2026-2056为队列成分法推算[假设路径]；生育TFR 2023=751→2046=938对齐官方推算[真实数据路径形状]；净迁移总量级对齐官方推算、年龄权重偏劳动年龄[假设]
2030,0-4,少儿0-14,女,73418.5,7.3418,低,混合,[混合] 基准人口锚点=C&SD表110-01001A年中人口(不含外佣)；2026-2056为队列成分法推算[假设路径]；生育TFR 2023=751→2046=938对齐官方推算[真实数据路径形状]；净迁移总量级对齐官方推算、年龄权重偏劳动年龄[假设]
2030,10-14,少儿0-14,女,122147.0,12.2147,低,混合,[混合] 基准人口锚点=C&SD表110-01001A年中人口(不含外佣)；2026-2056为队列成分法推算[假设路径]；生育TFR 2023=751→2046=938对齐官方推算[真实数据路径形状]；净迁移总量级对齐官方推算、年龄权重偏劳动年龄[假设]
2030,15-19,劳动年龄15-64,女,144606.8,14.4607,低,混合,[混合] 基准人口锚点=C&SD表110-01001A年中人口(不含外佣)；2026-2056为队列成分法推算[假设路径]；生育TFR 2023=751→2046=938对齐官方推算[真实数据路径形状]；净迁移总量级对齐官方推算、年龄权重偏劳动年龄[假设]
2030,20-24,劳动年龄15-64,女,148010.6,14.8011,低,混合,[混合] 基准人口锚点=C&SD表110-01001A年中人口(不含外佣)；2026-2056为队列成分法推算[假设路径]；生育TFR 2023=751→2046=938对齐官方推算[真实数据路径形状]；净迁移总量级对齐官方推算、年龄权重偏劳动年龄[假设]
2030,25-29,劳动年龄15-64,女,158235.6,15.8236,低,混合,[混合] 基准人口锚点=C&SD表110-01001A年中人口(不含外佣)；2026-2056为队列成分法推算[假设路径]；生育TFR 2023=751→2046=938对齐官方推算[真实数据路径形状]；净迁移总量级对齐官方推算、年龄权重偏劳动年龄[假设]
2030,30-34,劳动年龄15-64,女,190173.8,19.0174,低,混合,[混合] 基准人口锚点=C&SD表110-01001A年中人口(不含外佣)；2026-2056为队列成分法推算[假设路径]；生育TFR 2023=751→2046=938对齐官方推算[真实数据路径形状]；净迁移总量级对齐官方推算、年龄权重偏劳动年龄[假设]
2030,35-39,劳动年龄15-64,女,234244.8,23.4245,低,混合,[混合] 基准人口锚点=C&SD表110-01001A年中人口(不含外佣)；2026-2056为队列成分法推算[假设路径]；生育TFR 2023=751→2046=938对齐官方推算[真实数据路径形状]；净迁移总量级对齐官方推算、年龄权重偏劳动年龄[假设]
2030,40-44,劳动年龄15-64,女,259053.9,25.9054,低,混合,[混合] 基准人口锚点=C&SD表110-01001A年中人口(不含外佣)；2026-2056为队列成分法推算[假设路径]；生育TFR 2023=751→2046=938对齐官方推算[真实数据路径形状]；净迁移总量级对齐官方推算、年龄权重偏劳动年龄[假设]
2030,45-49,劳动年龄15-64,女,281964.3,28.1964,低,混合,[混合] 基准人口锚点=C&SD表110-01001A年中人口(不含外佣)；2026-2056为队列成分法推算[假设路径]；生育TFR 2023=751→2046=938对齐官方推算[真实数据路径形状]；净迁移总量级对齐官方推算、年龄权重偏劳动年龄[假设]
2030,5-9,少儿0-14,女,86472.5,8.6472,低,混合,[混合] 基准人口锚点=C&SD表110-01001A年中人口(不含外佣)；2026-2056为队列成分法推算[假设路径]；生育TFR 2023=751→2046=938对齐官方推算[真实数据路径形状]；净迁移总量级对齐官方推算、年龄权重偏劳动年龄[假设]
2030,50-54,劳动年龄15-64,女,296350.5,29.635,低,混合,[混合] 基准人口锚点=C&SD表110-01001A年中人口(不含外佣)；2026-2056为队列成分法推算[假设路径]；生育TFR 2023=751→2046=938对齐官方推算[真实数据路径形状]；净迁移总量级对齐官方推算、年龄权重偏劳动年龄[假设]
2030,55-59,劳动年龄15-64,女,311759.2,31.1759,低,混合,[混合] 基准人口锚点=C&SD表110-01001A年中人口(不含外佣)；2026-2056为队列成分法推算[假设路径]；生育TFR 2023=751→2046=938对齐官方推算[真实数据路径形状]；净迁移总量级对齐官方推算、年龄权重偏劳动年龄[假设]
2030,60-64,劳动年龄15-64,女,320850.6,32.0851,低,混合,[混合] 基准人口锚点=C&SD表110-01001A年中人口(不含外佣)；2026-2056为队列成分法推算[假设路径]；生育TFR 2023=751→2046=938对齐官方推算[真实数据路径形状]；净迁移总量级对齐官方推算、年龄权重偏劳动年龄[假设]
2030,65-69,退休65+,女,330581.4,33.0581,低,混合,[混合] 基准人口锚点=C&SD表110-01001A年中人口(不含外佣)；2026-2056为队列成分法推算[假设路径]；生育TFR 2023=751→2046=938对齐官方推算[真实数据路径形状]；净迁移总量级对齐官方推算、年龄权重偏劳动年龄[假设]
2030,70-74,退休65+,女,291254.2,29.1254,低,混合,[混合] 基准人口锚点=C&SD表110-01001A年中人口(不含外佣)；2026-2056为队列成分法推算[假设路径]；生育TFR 2023=751→2046=938对齐官方推算[真实数据路径形状]；净迁移总量级对齐官方推算、年龄权重偏劳动年龄[假设]
2030,75-79,退休65+,女,226922.4,22.6922,低,混合,[混合] 基准人口锚点=C&SD表110-01001A年中人口(不含外佣)；2026-2056为队列成分法推算[假设路径]；生育TFR 2023=751→2046=938对齐官方推算[真实数据路径形状]；净迁移总量级对齐官方推算、年龄权重偏劳动年龄[假设]
2030,80-84,退休65+,女,152295.4,15.2295,低,混合,[混合] 基准人口锚点=C&SD表110-01001A年中人口(不含外佣)；2026-2056为队列成分法推算[假设路径]；生育TFR 2023=751→2046=938对齐官方推算[真实数据路径形状]；净迁移总量级对齐官方推算、年龄权重偏劳动年龄[假设]
2030,85+,退休65+,女,165089.6,16.509,低,混合,[混合] 基准人口锚点=C&SD表110-01001A年中人口(不含外佣)；2026-2056为队列成分法推算[假设路径]；生育TFR 2023=751→2046=938对齐官方推算[真实数据路径形状]；净迁移总量级对齐官方推算、年龄权重偏劳动年龄[假设]
2030,0-4,少儿0-14,男,77994.7,7.7995,低,混合,[混合] 基准人口锚点=C&SD表110-01001A年中人口(不含外佣)；2026-2056为队列成分法推算[假设路径]；生育TFR 2023=751→2046=938对齐官方推算[真实数据路径形状]；净迁移总量级对齐官方推算、年龄权重偏劳动年龄[假设]
2030,10-14,少儿0-14,男,131253.2,13.1253,低,混合,[混合] 基准人口锚点=C&SD表110-01001A年中人口(不含外佣)；2026-2056为队列成分法推算[假设路径]；生育TFR 2023=751→2046=938对齐官方推算[真实数据路径形状]；净迁移总量级对齐官方推算、年龄权重偏劳动年龄[假设]
2030,15-19,劳动年龄15-64,男,155082.9,15.5083,低,混合,[混合] 基准人口锚点=C&SD表110-01001A年中人口(不含外佣)；2026-2056为队列成分法推算[假设路径]；生育TFR 2023=751→2046=938对齐官方推算[真实数据路径形状]；净迁移总量级对齐官方推算、年龄权重偏劳动年龄[假设]
2030,20-24,劳动年龄15-64,男,156206.9,15.6207,低,混合,[混合] 基准人口锚点=C&SD表110-01001A年中人口(不含外佣)；2026-2056为队列成分法推算[假设路径]；生育TFR 2023=751→2046=938对齐官方推算[真实数据路径形状]；净迁移总量级对齐官方推算、年龄权重偏劳动年龄[假设]
2030,25-29,劳动年龄15-64,男,161540.2,16.154,低,混合,[混合] 基准人口锚点=C&SD表110-01001A年中人口(不含外佣)；2026-2056为队列成分法推算[假设路径]；生育TFR 2023=751→2046=938对齐官方推算[真实数据路径形状]；净迁移总量级对齐官方推算、年龄权重偏劳动年龄[假设]
2030,30-34,劳动年龄15-64,男,199056.2,19.9056,低,混合,[混合] 基准人口锚点=C&SD表110-01001A年中人口(不含外佣)；2026-2056为队列成分法推算[假设路径]；生育TFR 2023=751→2046=938对齐官方推算[真实数据路径形状]；净迁移总量级对齐官方推算、年龄权重偏劳动年龄[假设]
2030,35-39,劳动年龄15-64,男,236015.0,23.6015,低,混合,[混合] 基准人口锚点=C&SD表110-01001A年中人口(不含外佣)；2026-2056为队列成分法推算[假设路径]；生育TFR 2023=751→2046=938对齐官方推算[真实数据路径形状]；净迁移总量级对齐官方推算、年龄权重偏劳动年龄[假设]
2030,40-44,劳动年龄15-64,男,245513.9,24.5514,低,混合,[混合] 基准人口锚点=C&SD表110-01001A年中人口(不含外佣)；2026-2056为队列成分法推算[假设路径]；生育TFR 2023=751→2046=938对齐官方推算[真实数据路径形状]；净迁移总量级对齐官方推算、年龄权重偏劳动年龄[假设]
2030,45-49,劳动年龄15-64,男,244306.2,24.4306,低,混合,[混合] 基准人口锚点=C&SD表110-01001A年中人口(不含外佣)；2026-2056为队列成分法推算[假设路径]；生育TFR 2023=751→2046=938对齐官方推算[真实数据路径形状]；净迁移总量级对齐官方推算、年龄权重偏劳动年龄[假设]
2030,5-9,少儿0-14,男,93386.9,9.3387,低,混合,[混合] 基准人口锚点=C&SD表110-01001A年中人口(不含外佣)；2026-2056为队列成分法推算[假设路径]；生育TFR 2023=751→2046=938对齐官方推算[真实数据路径形状]；净迁移总量级对齐官方推算、年龄权重偏劳动年龄[假设]
2030,50-54,劳动年龄15-64,男,238865.0,23.8865,低,混合,[混合] 基准人口锚点=C&SD表110-01001A年中人口(不含外佣)；2026-2056为队列成分法推算[假设路径]；生育TFR 2023=751→2046=938对齐官方推算[真实数据路径形状]；净迁移总量级对齐官方推算、年龄权重偏劳动年龄[假设]
2030,55-59,劳动年龄15-64,男,244700.2,24.47,低,混合,[混合] 基准人口锚点=C&SD表110-01001A年中人口(不含外佣)；2026-2056为队列成分法推算[假设路径]；生育TFR 2023=751→2046=938对齐官方推算[真实数据路径形状]；净迁移总量级对齐官方推算、年龄权重偏劳动年龄[假设]
2030,60-64,劳动年龄15-64,男,249843.3,24.9843,低,混合,[混合] 基准人口锚点=C&SD表110-01001A年中人口(不含外佣)；2026-2056为队列成分法推算[假设路径]；生育TFR 2023=751→2046=938对齐官方推算[真实数据路径形状]；净迁移总量级对齐官方推算、年龄权重偏劳动年龄[假设]
2030,65-69,退休65+,男,276005.3,27.6005,低,混合,[混合] 基准人口锚点=C&SD表110-01001A年中人口(不含外佣)；2026-2056为队列成分法推算[假设路径]；生育TFR 2023=751→2046=938对齐官方推算[真实数据路径形状]；净迁移总量级对齐官方推算、年龄权重偏劳动年龄[假设]
2030,70-74,退休65+,男,265058.4,26.5058,低,混合,[混合] 基准人口锚点=C&SD表110-01001A年中人口(不含外佣)；2026-2056为队列成分法推算[假设路径]；生育TFR 2023=751→2046=938对齐官方推算[真实数据路径形状]；净迁移总量级对齐官方推算、年龄权重偏劳动年龄[假设]
2030,75-79,退休65+,男,198109.5,19.8109,低,混合,[混合] 基准人口锚点=C&SD表110-01001A年中人口(不含外佣)；2026-2056为队列成分法推算[假设路径]；生育TFR 2023=751→2046=938对齐官方推算[真实数据路径形状]；净迁移总量级对齐官方推算、年龄权重偏劳动年龄[假设]
2030,80-84,退休65+,男,128115.4,12.8115,低,混合,[混合] 基准人口锚点=C&SD表110-01001A年中人口(不含外佣)；2026-2056为队列成分法推算[假设路径]；生育TFR 2023=751→2046=938对齐官方推算[真实数据路径形状]；净迁移总量级对齐官方推算、年龄权重偏劳动年龄[假设]
2030,85+,退休65+,男,113426.3,11.3426,低,混合,[混合] 基准人口锚点=C&SD表110-01001A年中人口(不含外佣)；2026-2056为队列成分法推算[假设路径]；生育TFR 2023=751→2046=938对齐官方推算[真实数据路径形状]；净迁移总量级对齐官方推算、年龄权重偏劳动年龄[假设]
2031,0-4,少儿0-14,女,71907.1,7.1907,低,混合,[混合] 基准人口锚点=C&SD表110-01001A年中人口(不含外佣)；2026-2056为队列成分法推算[假设路径]；生育TFR 2023=751→2046=938对齐官方推算[真实数据路径形状]；净迁移总量级对齐官方推算、年龄权重偏劳动年龄[假设]
2031,10-14,少儿0-14,女,118140.7,11.8141,低,混合,[混合] 基准人口锚点=C&SD表110-01001A年中人口(不含外佣)；2026-2056为队列成分法推算[假设路径]；生育TFR 2023=751→2046=938对齐官方推算[真实数据路径形状]；净迁移总量级对齐官方推算、年龄权重偏劳动年龄[假设]
2031,15-19,劳动年龄15-64,女,145453.4,14.5453,低,混合,[混合] 基准人口锚点=C&SD表110-01001A年中人口(不含外佣)；2026-2056为队列成分法推算[假设路径]；生育TFR 2023=751→2046=938对齐官方推算[真实数据路径形状]；净迁移总量级对齐官方推算、年龄权重偏劳动年龄[假设]
2031,20-24,劳动年龄15-64,女,148989.4,14.8989,低,混合,[混合] 基准人口锚点=C&SD表110-01001A年中人口(不含外佣)；2026-2056为队列成分法推算[假设路径]；生育TFR 2023=751→2046=938对齐官方推算[真实数据路径形状]；净迁移总量级对齐官方推算、年龄权重偏劳动年龄[假设]
2031,25-29,劳动年龄15-64,女,154843.1,15.4843,低,混合,[混合] 基准人口锚点=C&SD表110-01001A年中人口(不含外佣)；2026-2056为队列成分法推算[假设路径]；生育TFR 2023=751→2046=938对齐官方推算[真实数据路径形状]；净迁移总量级对齐官方推算、年龄权重偏劳动年龄[假设]
2031,30-34,劳动年龄15-64,女,182483.3,18.2483,低,混合,[混合] 基准人口锚点=C&SD表110-01001A年中人口(不含外佣)；2026-2056为队列成分法推算[假设路径]；生育TFR 2023=751→2046=938对齐官方推算[真实数据路径形状]；净迁移总量级对齐官方推算、年龄权重偏劳动年龄[假设]
2031,35-39,劳动年龄15-64,女,231520.1,23.152,低,混合,[混合] 基准人口锚点=C&SD表110-01001A年中人口(不含外佣)；2026-2056为队列成分法推算[假设路径]；生育TFR 2023=751→2046=938对齐官方推算[真实数据路径形状]；净迁移总量级对齐官方推算、年龄权重偏劳动年龄[假设]
2031,40-44,劳动年龄15-64,女,255562.4,25.5562,低,混合,[混合] 基准人口锚点=C&SD表110-01001A年中人口(不含外佣)；2026-2056为队列成分法推算[假设路径]；生育TFR 2023=751→2046=938对齐官方推算[真实数据路径形状]；净迁移总量级对齐官方推算、年龄权重偏劳动年龄[假设]
2031,45-49,劳动年龄15-64,女,280750.3,28.075,低,混合,[混合] 基准人口锚点=C&SD表110-01001A年中人口(不含外佣)；2026-2056为队列成分法推算[假设路径]；生育TFR 2023=751→2046=938对齐官方推算[真实数据路径形状]；净迁移总量级对齐官方推算、年龄权重偏劳动年龄[假设]
2031,5-9,少儿0-14,女,79217.4,7.9217,低,混合,[混合] 基准人口锚点=C&SD表110-01001A年中人口(不含外佣)；2026-2056为队列成分法推算[假设路径]；生育TFR 2023=751→2046=938对齐官方推算[真实数据路径形状]；净迁移总量级对齐官方推算、年龄权重偏劳动年龄[假设]
2031,50-54,劳动年龄15-64,女,293719.8,29.372,低,混合,[混合] 基准人口锚点=C&SD表110-01001A年中人口(不含外佣)；2026-2056为队列成分法推算[假设路径]；生育TFR 2023=751→2046=938对齐官方推算[真实数据路径形状]；净迁移总量级对齐官方推算、年龄权重偏劳动年龄[假设]
2031,55-59,劳动年龄15-64,女,311308.7,31.1309,低,混合,[混合] 基准人口锚点=C&SD表110-01001A年中人口(不含外佣)；2026-2056为队列成分法推算[假设路径]；生育TFR 2023=751→2046=938对齐官方推算[真实数据路径形状]；净迁移总量级对齐官方推算、年龄权重偏劳动年龄[假设]
2031,60-64,劳动年龄15-64,女,316567.0,31.6567,低,混合,[混合] 基准人口锚点=C&SD表110-01001A年中人口(不含外佣)；2026-2056为队列成分法推算[假设路径]；生育TFR 2023=751→2046=938对齐官方推算[真实数据路径形状]；净迁移总量级对齐官方推算、年龄权重偏劳动年龄[假设]
2031,65-69,退休65+,女,336417.7,33.6418,低,混合,[混合] 基准人口锚点=C&SD表110-01001A年中人口(不含外佣)；2026-2056为队列成分法推算[假设路径]；生育TFR 2023=751→2046=938对齐官方推算[真实数据路径形状]；净迁移总量级对齐官方推算、年龄权重偏劳动年龄[假设]
2031,70-74,退休65+,女,302032.7,30.2033,低,混合,[混合] 基准人口锚点=C&SD表110-01001A年中人口(不含外佣)；2026-2056为队列成分法推算[假设路径]；生育TFR 2023=751→2046=938对齐官方推算[真实数据路径形状]；净迁移总量级对齐官方推算、年龄权重偏劳动年龄[假设]
2031,75-79,退休65+,女,238027.4,23.8027,低,混合,[混合] 基准人口锚点=C&SD表110-01001A年中人口(不含外佣)；2026-2056为队列成分法推算[假设路径]；生育TFR 2023=751→2046=938对齐官方推算[真实数据路径形状]；净迁移总量级对齐官方推算、年龄权重偏劳动年龄[假设]
2031,80-84,退休65+,女,166976.2,16.6976,低,混合,[混合] 基准人口锚点=C&SD表110-01001A年中人口(不含外佣)；2026-2056为队列成分法推算[假设路径]；生育TFR 2023=751→2046=938对齐官方推算[真实数据路径形状]；净迁移总量级对齐官方推算、年龄权重偏劳动年龄[假设]
2031,85+,退休65+,女,168396.0,16.8396,低,混合,[混合] 基准人口锚点=C&SD表110-01001A年中人口(不含外佣)；2026-2056为队列成分法推算[假设路径]；生育TFR 2023=751→2046=938对齐官方推算[真实数据路径形状]；净迁移总量级对齐官方推算、年龄权重偏劳动年龄[假设]
2031,0-4,少儿0-14,男,75953.6,7.5954,低,混合,[混合] 基准人口锚点=C&SD表110-01001A年中人口(不含外佣)；2026-2056为队列成分法推算[假设路径]；生育TFR 2023=751→2046=938对齐官方推算[真实数据路径形状]；净迁移总量级对齐官方推算、年龄权重偏劳动年龄[假设]
2031,10-14,少儿0-14,男,126744.5,12.6745,低,混合,[混合] 基准人口锚点=C&SD表110-01001A年中人口(不含外佣)；2026-2056为队列成分法推算[假设路径]；生育TFR 2023=751→2046=938对齐官方推算[真实数据路径形状]；净迁移总量级对齐官方推算、年龄权重偏劳动年龄[假设]
2031,15-19,劳动年龄15-64,男,155971.7,15.5972,低,混合,[混合] 基准人口锚点=C&SD表110-01001A年中人口(不含外佣)；2026-2056为队列成分法推算[假设路径]；生育TFR 2023=751→2046=938对齐官方推算[真实数据路径形状]；净迁移总量级对齐官方推算、年龄权重偏劳动年龄[假设]
2031,20-24,劳动年龄15-64,男,158641.9,15.8642,低,混合,[混合] 基准人口锚点=C&SD表110-01001A年中人口(不含外佣)；2026-2056为队列成分法推算[假设路径]；生育TFR 2023=751→2046=938对齐官方推算[真实数据路径形状]；净迁移总量级对齐官方推算、年龄权重偏劳动年龄[假设]
2031,25-29,劳动年龄15-64,男,156272.9,15.6273,低,混合,[混合] 基准人口锚点=C&SD表110-01001A年中人口(不含外佣)；2026-2056为队列成分法推算[假设路径]；生育TFR 2023=751→2046=938对齐官方推算[真实数据路径形状]；净迁移总量级对齐官方推算、年龄权重偏劳动年龄[假设]
2031,30-34,劳动年龄15-64,男,192290.3,19.229,低,混合,[混合] 基准人口锚点=C&SD表110-01001A年中人口(不含外佣)；2026-2056为队列成分法推算[假设路径]；生育TFR 2023=751→2046=938对齐官方推算[真实数据路径形状]；净迁移总量级对齐官方推算、年龄权重偏劳动年龄[假设]
2031,35-39,劳动年龄15-64,男,235615.8,23.5616,低,混合,[混合] 基准人口锚点=C&SD表110-01001A年中人口(不含外佣)；2026-2056为队列成分法推算[假设路径]；生育TFR 2023=751→2046=938对齐官方推算[真实数据路径形状]；净迁移总量级对齐官方推算、年龄权重偏劳动年龄[假设]
2031,40-44,劳动年龄15-64,男,246683.8,24.6684,低,混合,[混合] 基准人口锚点=C&SD表110-01001A年中人口(不含外佣)；2026-2056为队列成分法推算[假设路径]；生育TFR 2023=751→2046=938对齐官方推算[真实数据路径形状]；净迁移总量级对齐官方推算、年龄权重偏劳动年龄[假设]
2031,45-49,劳动年龄15-64,男,247215.6,24.7216,低,混合,[混合] 基准人口锚点=C&SD表110-01001A年中人口(不含外佣)；2026-2056为队列成分法推算[假设路径]；生育TFR 2023=751→2046=938对齐官方推算[真实数据路径形状]；净迁移总量级对齐官方推算、年龄权重偏劳动年龄[假设]
2031,5-9,少儿0-14,男,85643.2,8.5643,低,混合,[混合] 基准人口锚点=C&SD表110-01001A年中人口(不含外佣)；2026-2056为队列成分法推算[假设路径]；生育TFR 2023=751→2046=938对齐官方推算[真实数据路径形状]；净迁移总量级对齐官方推算、年龄权重偏劳动年龄[假设]
2031,50-54,劳动年龄15-64,男,237859.6,23.786,低,混合,[混合] 基准人口锚点=C&SD表110-01001A年中人口(不含外佣)；2026-2056为队列成分法推算[假设路径]；生育TFR 2023=751→2046=938对齐官方推算[真实数据路径形状]；净迁移总量级对齐官方推算、年龄权重偏劳动年龄[假设]
2031,55-59,劳动年龄15-64,男,245357.5,24.5358,低,混合,[混合] 基准人口锚点=C&SD表110-01001A年中人口(不含外佣)；2026-2056为队列成分法推算[假设路径]；生育TFR 2023=751→2046=938对齐官方推算[真实数据路径形状]；净迁移总量级对齐官方推算、年龄权重偏劳动年龄[假设]
2031,60-64,劳动年龄15-64,男,242587.6,24.2588,低,混合,[混合] 基准人口锚点=C&SD表110-01001A年中人口(不含外佣)；2026-2056为队列成分法推算[假设路径]；生育TFR 2023=751→2046=938对齐官方推算[真实数据路径形状]；净迁移总量级对齐官方推算、年龄权重偏劳动年龄[假设]
2031,65-69,退休65+,男,273323.5,27.3324,低,混合,[混合] 基准人口锚点=C&SD表110-01001A年中人口(不含外佣)；2026-2056为队列成分法推算[假设路径]；生育TFR 2023=751→2046=938对齐官方推算[真实数据路径形状]；净迁移总量级对齐官方推算、年龄权重偏劳动年龄[假设]
2031,70-74,退休65+,男,274703.9,27.4704,低,混合,[混合] 基准人口锚点=C&SD表110-01001A年中人口(不含外佣)；2026-2056为队列成分法推算[假设路径]；生育TFR 2023=751→2046=938对齐官方推算[真实数据路径形状]；净迁移总量级对齐官方推算、年龄权重偏劳动年龄[假设]
2031,75-79,退休65+,男,206339.7,20.634,低,混合,[混合] 基准人口锚点=C&SD表110-01001A年中人口(不含外佣)；2026-2056为队列成分法推算[假设路径]；生育TFR 2023=751→2046=938对齐官方推算[真实数据路径形状]；净迁移总量级对齐官方推算、年龄权重偏劳动年龄[假设]
2031,80-84,退休65+,男,138890.4,13.889,低,混合,[混合] 基准人口锚点=C&SD表110-01001A年中人口(不含外佣)；2026-2056为队列成分法推算[假设路径]；生育TFR 2023=751→2046=938对齐官方推算[真实数据路径形状]；净迁移总量级对齐官方推算、年龄权重偏劳动年龄[假设]
2031,85+,退休65+,男,115540.3,11.554,低,混合,[混合] 基准人口锚点=C&SD表110-01001A年中人口(不含外佣)；2026-2056为队列成分法推算[假设路径]；生育TFR 2023=751→2046=938对齐官方推算[真实数据路径形状]；净迁移总量级对齐官方推算、年龄权重偏劳动年龄[假设]
2032,0-4,少儿0-14,女,71008.1,7.1008,低,混合,[混合] 基准人口锚点=C&SD表110-01001A年中人口(不含外佣)；2026-2056为队列成分法推算[假设路径]；生育TFR 2023=751→2046=938对齐官方推算[真实数据路径形状]；净迁移总量级对齐官方推算、年龄权重偏劳动年龄[假设]
2032,10-14,少儿0-14,女,110916.1,11.0916,低,混合,[混合] 基准人口锚点=C&SD表110-01001A年中人口(不含外佣)；2026-2056为队列成分法推算[假设路径]；生育TFR 2023=751→2046=938对齐官方推算[真实数据路径形状]；净迁移总量级对齐官方推算、年龄权重偏劳动年龄[假设]
2032,15-19,劳动年龄15-64,女,141664.3,14.1664,低,混合,[混合] 基准人口锚点=C&SD表110-01001A年中人口(不含外佣)；2026-2056为队列成分法推算[假设路径]；生育TFR 2023=751→2046=938对齐官方推算[真实数据路径形状]；净迁移总量级对齐官方推算、年龄权重偏劳动年龄[假设]
2032,20-24,劳动年龄15-64,女,151094.8,15.1095,低,混合,[混合] 基准人口锚点=C&SD表110-01001A年中人口(不含外佣)；2026-2056为队列成分法推算[假设路径]；生育TFR 2023=751→2046=938对齐官方推算[真实数据路径形状]；净迁移总量级对齐官方推算、年龄权重偏劳动年龄[假设]
2032,25-29,劳动年龄15-64,女,155897.8,15.5898,低,混合,[混合] 基准人口锚点=C&SD表110-01001A年中人口(不含外佣)；2026-2056为队列成分法推算[假设路径]；生育TFR 2023=751→2046=938对齐官方推算[真实数据路径形状]；净迁移总量级对齐官方推算、年龄权重偏劳动年龄[假设]
2032,30-34,劳动年龄15-64,女,179175.1,17.9175,低,混合,[混合] 基准人口锚点=C&SD表110-01001A年中人口(不含外佣)；2026-2056为队列成分法推算[假设路径]；生育TFR 2023=751→2046=938对齐官方推算[真实数据路径形状]；净迁移总量级对齐官方推算、年龄权重偏劳动年龄[假设]
2032,35-39,劳动年龄15-64,女,223895.7,22.3896,低,混合,[混合] 基准人口锚点=C&SD表110-01001A年中人口(不含外佣)；2026-2056为队列成分法推算[假设路径]；生育TFR 2023=751→2046=938对齐官方推算[真实数据路径形状]；净迁移总量级对齐官方推算、年龄权重偏劳动年龄[假设]
2032,40-44,劳动年龄15-64,女,252903.2,25.2903,低,混合,[混合] 基准人口锚点=C&SD表110-01001A年中人口(不含外佣)；2026-2056为队列成分法推算[假设路径]；生育TFR 2023=751→2046=938对齐官方推算[真实数据路径形状]；净迁移总量级对齐官方推算、年龄权重偏劳动年龄[假设]
2032,45-49,劳动年龄15-64,女,277222.9,27.7223,低,混合,[混合] 基准人口锚点=C&SD表110-01001A年中人口(不含外佣)；2026-2056为队列成分法推算[假设路径]；生育TFR 2023=751→2046=938对齐官方推算[真实数据路径形状]；净迁移总量级对齐官方推算、年龄权重偏劳动年龄[假设]
2032,5-9,少儿0-14,女,78873.9,7.8874,低,混合,[混合] 基准人口锚点=C&SD表110-01001A年中人口(不含外佣)；2026-2056为队列成分法推算[假设路径]；生育TFR 2023=751→2046=938对齐官方推算[真实数据路径形状]；净迁移总量级对齐官方推算、年龄权重偏劳动年龄[假设]
2032,50-54,劳动年龄15-64,女,291866.8,29.1867,低,混合,[混合] 基准人口锚点=C&SD表110-01001A年中人口(不含外佣)；2026-2056为队列成分法推算[假设路径]；生育TFR 2023=751→2046=938对齐官方推算[真实数据路径形状]；净迁移总量级对齐官方推算、年龄权重偏劳动年龄[假设]
2032,55-59,劳动年龄15-64,女,308591.8,30.8592,低,混合,[混合] 基准人口锚点=C&SD表110-01001A年中人口(不含外佣)；2026-2056为队列成分法推算[假设路径]；生育TFR 2023=751→2046=938对齐官方推算[真实数据路径形状]；净迁移总量级对齐官方推算、年龄权重偏劳动年龄[假设]
2032,60-64,劳动年龄15-64,女,315981.0,31.5981,低,混合,[混合] 基准人口锚点=C&SD表110-01001A年中人口(不含外佣)；2026-2056为队列成分法推算[假设路径]；生育TFR 2023=751→2046=938对齐官方推算[真实数据路径形状]；净迁移总量级对齐官方推算、年龄权重偏劳动年龄[假设]
2032,65-69,退休65+,女,331739.5,33.1739,低,混合,[混合] 基准人口锚点=C&SD表110-01001A年中人口(不含外佣)；2026-2056为队列成分法推算[假设路径]；生育TFR 2023=751→2046=938对齐官方推算[真实数据路径形状]；净迁移总量级对齐官方推算、年龄权重偏劳动年龄[假设]
2032,70-74,退休65+,女,306976.5,30.6976,低,混合,[混合] 基准人口锚点=C&SD表110-01001A年中人口(不含外佣)；2026-2056为队列成分法推算[假设路径]；生育TFR 2023=751→2046=938对齐官方推算[真实数据路径形状]；净迁移总量级对齐官方推算、年龄权重偏劳动年龄[假设]
2032,75-79,退休65+,女,248387.4,24.8387,低,混合,[混合] 基准人口锚点=C&SD表110-01001A年中人口(不含外佣)；2026-2056为队列成分法推算[假设路径]；生育TFR 2023=751→2046=938对齐官方推算[真实数据路径形状]；净迁移总量级对齐官方推算、年龄权重偏劳动年龄[假设]
2032,80-84,退休65+,女,177779.8,17.778,低,混合,[混合] 基准人口锚点=C&SD表110-01001A年中人口(不含外佣)；2026-2056为队列成分法推算[假设路径]；生育TFR 2023=751→2046=938对齐官方推算[真实数据路径形状]；净迁移总量级对齐官方推算、年龄权重偏劳动年龄[假设]
2032,85+,退休65+,女,187222.5,18.7222,低,混合,[混合] 基准人口锚点=C&SD表110-01001A年中人口(不含外佣)；2026-2056为队列成分法推算[假设路径]；生育TFR 2023=751→2046=938对齐官方推算[真实数据路径形状]；净迁移总量级对齐官方推算、年龄权重偏劳动年龄[假设]
2032,0-4,少儿0-14,男,74992.6,7.4993,低,混合,[混合] 基准人口锚点=C&SD表110-01001A年中人口(不含外佣)；2026-2056为队列成分法推算[假设路径]；生育TFR 2023=751→2046=938对齐官方推算[真实数据路径形状]；净迁移总量级对齐官方推算、年龄权重偏劳动年龄[假设]
2032,10-14,少儿0-14,男,119050.7,11.9051,低,混合,[混合] 基准人口锚点=C&SD表110-01001A年中人口(不含外佣)；2026-2056为队列成分法推算[假设路径]；生育TFR 2023=751→2046=938对齐官方推算[真实数据路径形状]；净迁移总量级对齐官方推算、年龄权重偏劳动年龄[假设]
2032,15-19,劳动年龄15-64,男,151663.5,15.1663,低,混合,[混合] 基准人口锚点=C&SD表110-01001A年中人口(不含外佣)；2026-2056为队列成分法推算[假设路径]；生育TFR 2023=751→2046=938对齐官方推算[真实数据路径形状]；净迁移总量级对齐官方推算、年龄权重偏劳动年龄[假设]
2032,20-24,劳动年龄15-64,男,160681.0,16.0681,低,混合,[混合] 基准人口锚点=C&SD表110-01001A年中人口(不含外佣)；2026-2056为队列成分法推算[假设路径]；生育TFR 2023=751→2046=938对齐官方推算[真实数据路径形状]；净迁移总量级对齐官方推算、年龄权重偏劳动年龄[假设]
2032,25-29,劳动年龄15-64,男,158777.3,15.8777,低,混合,[混合] 基准人口锚点=C&SD表110-01001A年中人口(不含外佣)；2026-2056为队列成分法推算[假设路径]；生育TFR 2023=751→2046=938对齐官方推算[真实数据路径形状]；净迁移总量级对齐官方推算、年龄权重偏劳动年龄[假设]
2032,30-34,劳动年龄15-64,男,187084.5,18.7084,低,混合,[混合] 基准人口锚点=C&SD表110-01001A年中人口(不含外佣)；2026-2056为队列成分法推算[假设路径]；生育TFR 2023=751→2046=938对齐官方推算[真实数据路径形状]；净迁移总量级对齐官方推算、年龄权重偏劳动年龄[假设]
2032,35-39,劳动年龄15-64,男,228888.5,22.8889,低,混合,[混合] 基准人口锚点=C&SD表110-01001A年中人口(不含外佣)；2026-2056为队列成分法推算[假设路径]；生育TFR 2023=751→2046=938对齐官方推算[真实数据路径形状]；净迁移总量级对齐官方推算、年龄权重偏劳动年龄[假设]
2032,40-44,劳动年龄15-64,男,246345.4,24.6345,低,混合,[混合] 基准人口锚点=C&SD表110-01001A年中人口(不含外佣)；2026-2056为队列成分法推算[假设路径]；生育TFR 2023=751→2046=938对齐官方推算[真实数据路径形状]；净迁移总量级对齐官方推算、年龄权重偏劳动年龄[假设]
2032,45-49,劳动年龄15-64,男,248284.7,24.8285,低,混合,[混合] 基准人口锚点=C&SD表110-01001A年中人口(不含外佣)；2026-2056为队列成分法推算[假设路径]；生育TFR 2023=751→2046=938对齐官方推算[真实数据路径形状]；净迁移总量级对齐官方推算、年龄权重偏劳动年龄[假设]
2032,5-9,少儿0-14,男,84763.0,8.4763,低,混合,[混合] 基准人口锚点=C&SD表110-01001A年中人口(不含外佣)；2026-2056为队列成分法推算[假设路径]；生育TFR 2023=751→2046=938对齐官方推算[真实数据路径形状]；净迁移总量级对齐官方推算、年龄权重偏劳动年龄[假设]
2032,50-54,劳动年龄15-64,男,240147.1,24.0147,低,混合,[混合] 基准人口锚点=C&SD表110-01001A年中人口(不含外佣)；2026-2056为队列成分法推算[假设路径]；生育TFR 2023=751→2046=938对齐官方推算[真实数据路径形状]；净迁移总量级对齐官方推算、年龄权重偏劳动年龄[假设]
2032,55-59,劳动年龄15-64,男,244181.6,24.4182,低,混合,[混合] 基准人口锚点=C&SD表110-01001A年中人口(不含外佣)；2026-2056为队列成分法推算[假设路径]；生育TFR 2023=751→2046=938对齐官方推算[真实数据路径形状]；净迁移总量级对齐官方推算、年龄权重偏劳动年龄[假设]
2032,60-64,劳动年龄15-64,男,243022.5,24.3023,低,混合,[混合] 基准人口锚点=C&SD表110-01001A年中人口(不含外佣)；2026-2056为队列成分法推算[假设路径]；生育TFR 2023=751→2046=938对齐官方推算[真实数据路径形状]；净迁移总量级对齐官方推算、年龄权重偏劳动年龄[假设]
2032,65-69,退休65+,男,265536.2,26.5536,低,混合,[混合] 基准人口锚点=C&SD表110-01001A年中人口(不含外佣)；2026-2056为队列成分法推算[假设路径]；生育TFR 2023=751→2046=938对齐官方推算[真实数据路径形状]；净迁移总量级对齐官方推算、年龄权重偏劳动年龄[假设]
2032,70-74,退休65+,男,270627.9,27.0628,低,混合,[混合] 基准人口锚点=C&SD表110-01001A年中人口(不含外佣)；2026-2056为队列成分法推算[假设路径]；生育TFR 2023=751→2046=938对齐官方推算[真实数据路径形状]；净迁移总量级对齐官方推算、年龄权重偏劳动年龄[假设]
2032,75-79,退休65+,男,215508.5,21.5509,低,混合,[混合] 基准人口锚点=C&SD表110-01001A年中人口(不含外佣)；2026-2056为队列成分法推算[假设路径]；生育TFR 2023=751→2046=938对齐官方推算[真实数据路径形状]；净迁移总量级对齐官方推算、年龄权重偏劳动年龄[假设]
2032,80-84,退休65+,男,146867.8,14.6868,低,混合,[混合] 基准人口锚点=C&SD表110-01001A年中人口(不含外佣)；2026-2056为队列成分法推算[假设路径]；生育TFR 2023=751→2046=938对齐官方推算[真实数据路径形状]；净迁移总量级对齐官方推算、年龄权重偏劳动年龄[假设]
2032,85+,退休65+,男,130235.7,13.0236,低,混合,[混合] 基准人口锚点=C&SD表110-01001A年中人口(不含外佣)；2026-2056为队列成分法推算[假设路径]；生育TFR 2023=751→2046=938对齐官方推算[真实数据路径形状]；净迁移总量级对齐官方推算、年龄权重偏劳动年龄[假设]
2033,0-4,少儿0-14,女,70220.1,7.022,低,混合,[混合] 基准人口锚点=C&SD表110-01001A年中人口(不含外佣)；2026-2056为队列成分法推算[假设路径]；生育TFR 2023=751→2046=938对齐官方推算[真实数据路径形状]；净迁移总量级对齐官方推算、年龄权重偏劳动年龄[假设]
2033,10-14,少儿0-14,女,103712.1,10.3712,低,混合,[混合] 基准人口锚点=C&SD表110-01001A年中人口(不含外佣)；2026-2056为队列成分法推算[假设路径]；生育TFR 2023=751→2046=938对齐官方推算[真实数据路径形状]；净迁移总量级对齐官方推算、年龄权重偏劳动年龄[假设]
2033,15-19,劳动年龄15-64,女,137898.0,13.7898,低,混合,[混合] 基准人口锚点=C&SD表110-01001A年中人口(不含外佣)；2026-2056为队列成分法推算[假设路径]；生育TFR 2023=751→2046=938对齐官方推算[真实数据路径形状]；净迁移总量级对齐官方推算、年龄权重偏劳动年龄[假设]
2033,20-24,劳动年龄15-64,女,153014.2,15.3014,低,混合,[混合] 基准人口锚点=C&SD表110-01001A年中人口(不含外佣)；2026-2056为队列成分法推算[假设路径]；生育TFR 2023=751→2046=938对齐官方推算[真实数据路径形状]；净迁移总量级对齐官方推算、年龄权重偏劳动年龄[假设]
2033,25-29,劳动年龄15-64,女,157042.8,15.7043,低,混合,[混合] 基准人口锚点=C&SD表110-01001A年中人口(不含外佣)；2026-2056为队列成分法推算[假设路径]；生育TFR 2023=751→2046=938对齐官方推算[真实数据路径形状]；净迁移总量级对齐官方推算、年龄权重偏劳动年龄[假设]
2033,30-34,劳动年龄15-64,女,175956.8,17.5957,低,混合,[混合] 基准人口锚点=C&SD表110-01001A年中人口(不含外佣)；2026-2056为队列成分法推算[假设路径]；生育TFR 2023=751→2046=938对齐官方推算[真实数据路径形状]；净迁移总量级对齐官方推算、年龄权重偏劳动年龄[假设]
2033,35-39,劳动年龄15-64,女,216368.3,21.6368,低,混合,[混合] 基准人口锚点=C&SD表110-01001A年中人口(不含外佣)；2026-2056为队列成分法推算[假设路径]；生育TFR 2023=751→2046=938对齐官方推算[真实数据路径形状]；净迁移总量级对齐官方推算、年龄权重偏劳动年龄[假设]
2033,40-44,劳动年龄15-64,女,250340.0,25.034,低,混合,[混合] 基准人口锚点=C&SD表110-01001A年中人口(不含外佣)；2026-2056为队列成分法推算[假设路径]；生育TFR 2023=751→2046=938对齐官方推算[真实数据路径形状]；净迁移总量级对齐官方推算、年龄权重偏劳动年龄[假设]
2033,45-49,劳动年龄15-64,女,273795.7,27.3796,低,混合,[混合] 基准人口锚点=C&SD表110-01001A年中人口(不含外佣)；2026-2056为队列成分法推算[假设路径]；生育TFR 2023=751→2046=938对齐官方推算[真实数据路径形状]；净迁移总量级对齐官方推算、年龄权重偏劳动年龄[假设]
2033,5-9,少儿0-14,女,78273.6,7.8274,低,混合,[混合] 基准人口锚点=C&SD表110-01001A年中人口(不含外佣)；2026-2056为队列成分法推算[假设路径]；生育TFR 2023=751→2046=938对齐官方推算[真实数据路径形状]；净迁移总量级对齐官方推算、年龄权重偏劳动年龄[假设]
2033,50-54,劳动年龄15-64,女,290240.0,29.024,低,混合,[混合] 基准人口锚点=C&SD表110-01001A年中人口(不含外佣)；2026-2056为队列成分法推算[假设路径]；生育TFR 2023=751→2046=938对齐官方推算[真实数据路径形状]；净迁移总量级对齐官方推算、年龄权重偏劳动年龄[假设]
2033,55-59,劳动年龄15-64,女,305980.0,30.598,低,混合,[混合] 基准人口锚点=C&SD表110-01001A年中人口(不含外佣)；2026-2056为队列成分法推算[假设路径]；生育TFR 2023=751→2046=938对齐官方推算[真实数据路径形状]；净迁移总量级对齐官方推算、年龄权重偏劳动年龄[假设]
2033,60-64,劳动年龄15-64,女,315510.2,31.551,低,混合,[混合] 基准人口锚点=C&SD表110-01001A年中人口(不含外佣)；2026-2056为队列成分法推算[假设路径]；生育TFR 2023=751→2046=938对齐官方推算[真实数据路径形状]；净迁移总量级对齐官方推算、年龄权重偏劳动年龄[假设]
2033,65-69,退休65+,女,327237.1,32.7237,低,混合,[混合] 基准人口锚点=C&SD表110-01001A年中人口(不含外佣)；2026-2056为队列成分法推算[假设路径]；生育TFR 2023=751→2046=938对齐官方推算[真实数据路径形状]；净迁移总量级对齐官方推算、年龄权重偏劳动年龄[假设]
2033,70-74,退休65+,女,312122.8,31.2123,低,混合,[混合] 基准人口锚点=C&SD表110-01001A年中人口(不含外佣)；2026-2056为队列成分法推算[假设路径]；生育TFR 2023=751→2046=938对齐官方推算[真实数据路径形状]；净迁移总量级对齐官方推算、年龄权重偏劳动年龄[假设]
2033,75-79,退休65+,女,258740.6,25.8741,低,混合,[混合] 基准人口锚点=C&SD表110-01001A年中人口(不含外佣)；2026-2056为队列成分法推算[假设路径]；生育TFR 2023=751→2046=938对齐官方推算[真实数据路径形状]；净迁移总量级对齐官方推算、年龄权重偏劳动年龄[假设]
2033,80-84,退休65+,女,188369.2,18.8369,低,混合,[混合] 基准人口锚点=C&SD表110-01001A年中人口(不含外佣)；2026-2056为队列成分法推算[假设路径]；生育TFR 2023=751→2046=938对齐官方推算[真实数据路径形状]；净迁移总量级对齐官方推算、年龄权重偏劳动年龄[假设]
2033,85+,退休65+,女,204394.7,20.4395,低,混合,[混合] 基准人口锚点=C&SD表110-01001A年中人口(不含外佣)；2026-2056为队列成分法推算[假设路径]；生育TFR 2023=751→2046=938对齐官方推算[真实数据路径形状]；净迁移总量级对齐官方推算、年龄权重偏劳动年龄[假设]
2033,0-4,少儿0-14,男,74149.1,7.4149,低,混合,[混合] 基准人口锚点=C&SD表110-01001A年中人口(不含外佣)；2026-2056为队列成分法推算[假设路径]；生育TFR 2023=751→2046=938对齐官方推算[真实数据路径形状]；净迁移总量级对齐官方推算、年龄权重偏劳动年龄[假设]
2033,10-14,少儿0-14,男,111370.6,11.1371,低,混合,[混合] 基准人口锚点=C&SD表110-01001A年中人口(不含外佣)；2026-2056为队列成分法推算[假设路径]；生育TFR 2023=751→2046=938对齐官方推算[真实数据路径形状]；净迁移总量级对齐官方推算、年龄权重偏劳动年龄[假设]
2033,15-19,劳动年龄15-64,男,147377.0,14.7377,低,混合,[混合] 基准人口锚点=C&SD表110-01001A年中人口(不含外佣)；2026-2056为队列成分法推算[假设路径]；生育TFR 2023=751→2046=938对齐官方推算[真实数据路径形状]；净迁移总量级对齐官方推算、年龄权重偏劳动年龄[假设]
2033,20-24,劳动年龄15-64,男,162551.5,16.2552,低,混合,[混合] 基准人口锚点=C&SD表110-01001A年中人口(不含外佣)；2026-2056为队列成分法推算[假设路径]；生育TFR 2023=751→2046=938对齐官方推算[真实数据路径形状]；净迁移总量级对齐官方推算、年龄权重偏劳动年龄[假设]
2033,25-29,劳动年龄15-64,男,161364.9,16.1365,低,混合,[混合] 基准人口锚点=C&SD表110-01001A年中人口(不含外佣)；2026-2056为队列成分法推算[假设路径]；生育TFR 2023=751→2046=938对齐官方推算[真实数据路径形状]；净迁移总量级对齐官方推算、年龄权重偏劳动年龄[假设]
2033,30-34,劳动年龄15-64,男,181968.8,18.1969,低,混合,[混合] 基准人口锚点=C&SD表110-01001A年中人口(不含外佣)；2026-2056为队列成分法推算[假设路径]；生育TFR 2023=751→2046=938对齐官方推算[真实数据路径形状]；净迁移总量级对齐官方推算、年龄权重偏劳动年龄[假设]
2033,35-39,劳动年龄15-64,男,222259.6,22.226,低,混合,[混合] 基准人口锚点=C&SD表110-01001A年中人口(不含外佣)；2026-2056为队列成分法推算[假设路径]；生育TFR 2023=751→2046=938对齐官方推算[真实数据路径形状]；净迁移总量级对齐官方推算、年龄权重偏劳动年龄[假设]
2033,40-44,劳动年龄15-64,男,246096.5,24.6096,低,混合,[混合] 基准人口锚点=C&SD表110-01001A年中人口(不含外佣)；2026-2056为队列成分法推算[假设路径]；生育TFR 2023=751→2046=938对齐官方推算[真实数据路径形状]；净迁移总量级对齐官方推算、年龄权重偏劳动年龄[假设]
2033,45-49,劳动年龄15-64,男,249460.7,24.9461,低,混合,[混合] 基准人口锚点=C&SD表110-01001A年中人口(不含外佣)；2026-2056为队列成分法推算[假设路径]；生育TFR 2023=751→2046=938对齐官方推算[真实数据路径形状]；净迁移总量级对齐官方推算、年龄权重偏劳动年龄[假设]
2033,5-9,少儿0-14,男,83625.6,8.3626,低,混合,[混合] 基准人口锚点=C&SD表110-01001A年中人口(不含外佣)；2026-2056为队列成分法推算[假设路径]；生育TFR 2023=751→2046=938对齐官方推算[真实数据路径形状]；净迁移总量级对齐官方推算、年龄权重偏劳动年龄[假设]
2033,50-54,劳动年龄15-64,男,242643.7,24.2644,低,混合,[混合] 基准人口锚点=C&SD表110-01001A年中人口(不含外佣)；2026-2056为队列成分法推算[假设路径]；生育TFR 2023=751→2046=938对齐官方推算[真实数据路径形状]；净迁移总量级对齐官方推算、年龄权重偏劳动年龄[假设]
2033,55-59,劳动年龄15-64,男,243128.9,24.3129,低,混合,[混合] 基准人口锚点=C&SD表110-01001A年中人口(不含外佣)；2026-2056为队列成分法推算[假设路径]；生育TFR 2023=751→2046=938对齐官方推算[真实数据路径形状]；净迁移总量级对齐官方推算、年龄权重偏劳动年龄[假设]
2033,60-64,劳动年龄15-64,男,243589.4,24.3589,低,混合,[混合] 基准人口锚点=C&SD表110-01001A年中人口(不含外佣)；2026-2056为队列成分法推算[假设路径]；生育TFR 2023=751→2046=938对齐官方推算[真实数据路径形状]；净迁移总量级对齐官方推算、年龄权重偏劳动年龄[假设]
2033,65-69,退休65+,男,258035.4,25.8035,低,混合,[混合] 基准人口锚点=C&SD表110-01001A年中人口(不含外佣)；2026-2056为队列成分法推算[假设路径]；生育TFR 2023=751→2046=938对齐官方推算[真实数据路径形状]；净迁移总量级对齐官方推算、年龄权重偏劳动年龄[假设]
2033,70-74,退休65+,男,267018.2,26.7018,低,混合,[混合] 基准人口锚点=C&SD表110-01001A年中人口(不含外佣)；2026-2056为队列成分法推算[假设路径]；生育TFR 2023=751→2046=938对齐官方推算[真实数据路径形状]；净迁移总量级对齐官方推算、年龄权重偏劳动年龄[假设]
2033,75-79,退休65+,男,224602.6,22.4603,低,混合,[混合] 基准人口锚点=C&SD表110-01001A年中人口(不含外佣)；2026-2056为队列成分法推算[假设路径]；生育TFR 2023=751→2046=938对齐官方推算[真实数据路径形状]；净迁移总量级对齐官方推算、年龄权重偏劳动年龄[假设]
2033,80-84,退休65+,男,154513.0,15.4513,低,混合,[混合] 基准人口锚点=C&SD表110-01001A年中人口(不含外佣)；2026-2056为队列成分法推算[假设路径]；生育TFR 2023=751→2046=938对齐官方推算[真实数据路径形状]；净迁移总量级对齐官方推算、年龄权重偏劳动年龄[假设]
2033,85+,退休65+,男,143092.9,14.3093,低,混合,[混合] 基准人口锚点=C&SD表110-01001A年中人口(不含外佣)；2026-2056为队列成分法推算[假设路径]；生育TFR 2023=751→2046=938对齐官方推算[真实数据路径形状]；净迁移总量级对齐官方推算、年龄权重偏劳动年龄[假设]
2034,0-4,少儿0-14,女,69546.0,6.9546,低,混合,[混合] 基准人口锚点=C&SD表110-01001A年中人口(不含外佣)；2026-2056为队列成分法推算[假设路径]；生育TFR 2023=751→2046=938对齐官方推算[真实数据路径形状]；净迁移总量级对齐官方推算、年龄权重偏劳动年龄[假设]
2034,10-14,少儿0-14,女,96528.6,9.6529,低,混合,[混合] 基准人口锚点=C&SD表110-01001A年中人口(不含外佣)；2026-2056为队列成分法推算[假设路径]；生育TFR 2023=751→2046=938对齐官方推算[真实数据路径形状]；净迁移总量级对齐官方推算、年龄权重偏劳动年龄[假设]
2034,15-19,劳动年龄15-64,女,134154.4,13.4154,低,混合,[混合] 基准人口锚点=C&SD表110-01001A年中人口(不含外佣)；2026-2056为队列成分法推算[假设路径]；生育TFR 2023=751→2046=938对齐官方推算[真实数据路径形状]；净迁移总量级对齐官方推算、年龄权重偏劳动年龄[假设]
2034,20-24,劳动年龄15-64,女,154734.8,15.4735,低,混合,[混合] 基准人口锚点=C&SD表110-01001A年中人口(不含外佣)；2026-2056为队列成分法推算[假设路径]；生育TFR 2023=751→2046=938对齐官方推算[真实数据路径形状]；净迁移总量级对齐官方推算、年龄权重偏劳动年龄[假设]
2034,25-29,劳动年龄15-64,女,158278.3,15.8278,低,混合,[混合] 基准人口锚点=C&SD表110-01001A年中人口(不含外佣)；2026-2056为队列成分法推算[假设路径]；生育TFR 2023=751→2046=938对齐官方推算[真实数据路径形状]；净迁移总量级对齐官方推算、年龄权重偏劳动年龄[假设]
2034,30-34,劳动年龄15-64,女,172828.3,17.2828,低,混合,[混合] 基准人口锚点=C&SD表110-01001A年中人口(不含外佣)；2026-2056为队列成分法推算[假设路径]；生育TFR 2023=751→2046=938对齐官方推算[真实数据路径形状]；净迁移总量级对齐官方推算、年龄权重偏劳动年龄[假设]
2034,35-39,劳动年龄15-64,女,208938.0,20.8938,低,混合,[混合] 基准人口锚点=C&SD表110-01001A年中人口(不含外佣)；2026-2056为队列成分法推算[假设路径]；生育TFR 2023=751→2046=938对齐官方推算[真实数据路径形状]；净迁移总量级对齐官方推算、年龄权重偏劳动年龄[假设]
2034,40-44,劳动年龄15-64,女,247872.5,24.7873,低,混合,[混合] 基准人口锚点=C&SD表110-01001A年中人口(不含外佣)；2026-2056为队列成分法推算[假设路径]；生育TFR 2023=751→2046=938对齐官方推算[真实数据路径形状]；净迁移总量级对齐官方推算、年龄权重偏劳动年龄[假设]
2034,45-49,劳动年龄15-64,女,270468.5,27.0468,低,混合,[混合] 基准人口锚点=C&SD表110-01001A年中人口(不含外佣)；2026-2056为队列成分法推算[假设路径]；生育TFR 2023=751→2046=938对齐官方推算[真实数据路径形状]；净迁移总量级对齐官方推算、年龄权重偏劳动年龄[假设]
2034,5-9,少儿0-14,女,77411.6,7.7412,低,混合,[混合] 基准人口锚点=C&SD表110-01001A年中人口(不含外佣)；2026-2056为队列成分法推算[假设路径]；生育TFR 2023=751→2046=938对齐官方推算[真实数据路径形状]；净迁移总量级对齐官方推算、年龄权重偏劳动年龄[假设]
2034,50-54,劳动年龄15-64,女,288845.2,28.8845,低,混合,[混合] 基准人口锚点=C&SD表110-01001A年中人口(不含外佣)；2026-2056为队列成分法推算[假设路径]；生育TFR 2023=751→2046=938对齐官方推算[真实数据路径形状]；净迁移总量级对齐官方推算、年龄权重偏劳动年龄[假设]
2034,55-59,劳动年龄15-64,女,303472.5,30.3472,低,混合,[混合] 基准人口锚点=C&SD表110-01001A年中人口(不含外佣)；2026-2056为队列成分法推算[假设路径]；生育TFR 2023=751→2046=938对齐官方推算[真实数据路径形状]；净迁移总量级对齐官方推算、年龄权重偏劳动年龄[假设]
2034,60-64,劳动年龄15-64,女,315153.8,31.5154,低,混合,[混合] 基准人口锚点=C&SD表110-01001A年中人口(不含外佣)；2026-2056为队列成分法推算[假设路径]；生育TFR 2023=751→2046=938对齐官方推算[真实数据路径形状]；净迁移总量级对齐官方推算、年龄权重偏劳动年龄[假设]
2034,65-69,退休65+,女,322908.8,32.2909,低,混合,[混合] 基准人口锚点=C&SD表110-01001A年中人口(不含外佣)；2026-2056为队列成分法推算[假设路径]；生育TFR 2023=751→2046=938对齐官方推算[真实数据路径形状]；净迁移总量级对齐官方推算、年龄权重偏劳动年龄[假设]
2034,70-74,退休65+,女,317476.7,31.7477,低,混合,[混合] 基准人口锚点=C&SD表110-01001A年中人口(不含外佣)；2026-2056为队列成分法推算[假设路径]；生育TFR 2023=751→2046=938对齐官方推算[真实数据路径形状]；净迁移总量级对齐官方推算、年龄权重偏劳动年龄[假设]
2034,75-79,退休65+,女,269087.1,26.9087,低,混合,[混合] 基准人口锚点=C&SD表110-01001A年中人口(不含外佣)；2026-2056为队列成分法推算[假设路径]；生育TFR 2023=751→2046=938对齐官方推算[真实数据路径形状]；净迁移总量级对齐官方推算、年龄权重偏劳动年龄[假设]
2034,80-84,退休65+,女,198752.8,19.8753,低,混合,[混合] 基准人口锚点=C&SD表110-01001A年中人口(不含外佣)；2026-2056为队列成分法推算[假设路径]；生育TFR 2023=751→2046=938对齐官方推算[真实数据路径形状]；净迁移总量级对齐官方推算、年龄权重偏劳动年龄[假设]
2034,85+,退休65+,女,220068.2,22.0068,低,混合,[混合] 基准人口锚点=C&SD表110-01001A年中人口(不含外佣)；2026-2056为队列成分法推算[假设路径]；生育TFR 2023=751→2046=938对齐官方推算[真实数据路径形状]；净迁移总量级对齐官方推算、年龄权重偏劳动年龄[假设]
2034,0-4,少儿0-14,男,73426.4,7.3426,低,混合,[混合] 基准人口锚点=C&SD表110-01001A年中人口(不含外佣)；2026-2056为队列成分法推算[假设路径]；生育TFR 2023=751→2046=938对齐官方推算[真实数据路径形状]；净迁移总量级对齐官方推算、年龄权重偏劳动年龄[假设]
2034,10-14,少儿0-14,男,103704.1,10.3704,低,混合,[混合] 基准人口锚点=C&SD表110-01001A年中人口(不含外佣)；2026-2056为队列成分法推算[假设路径]；生育TFR 2023=751→2046=938对齐官方推算[真实数据路径形状]；净迁移总量级对齐官方推算、年龄权重偏劳动年龄[假设]
2034,15-19,劳动年龄15-64,男,143112.1,14.3112,低,混合,[混合] 基准人口锚点=C&SD表110-01001A年中人口(不含外佣)；2026-2056为队列成分法推算[假设路径]；生育TFR 2023=751→2046=938对齐官方推算[真实数据路径形状]；净迁移总量级对齐官方推算、年龄权重偏劳动年龄[假设]
2034,20-24,劳动年龄15-64,男,164241.5,16.4242,低,混合,[混合] 基准人口锚点=C&SD表110-01001A年中人口(不含外佣)；2026-2056为队列成分法推算[假设路径]；生育TFR 2023=751→2046=938对齐官方推算[真实数据路径形状]；净迁移总量级对齐官方推算、年龄权重偏劳动年龄[假设]
2034,25-29,劳动年龄15-64,男,164035.6,16.4036,低,混合,[混合] 基准人口锚点=C&SD表110-01001A年中人口(不含外佣)；2026-2056为队列成分法推算[假设路径]；生育TFR 2023=751→2046=938对齐官方推算[真实数据路径形状]；净迁移总量级对齐官方推算、年龄权重偏劳动年龄[假设]
2034,30-34,劳动年龄15-64,男,176943.1,17.6943,低,混合,[混合] 基准人口锚点=C&SD表110-01001A年中人口(不含外佣)；2026-2056为队列成分法推算[假设路径]；生育TFR 2023=751→2046=938对齐官方推算[真实数据路径形状]；净迁移总量级对齐官方推算、年龄权重偏劳动年龄[假设]
2034,35-39,劳动年龄15-64,男,215729.0,21.5729,低,混合,[混合] 基准人口锚点=C&SD表110-01001A年中人口(不含外佣)；2026-2056为队列成分法推算[假设路径]；生育TFR 2023=751→2046=938对齐官方推算[真实数据路径形状]；净迁移总量级对齐官方推算、年龄权重偏劳动年龄[假设]
2034,40-44,劳动年龄15-64,男,245937.1,24.5937,低,混合,[混合] 基准人口锚点=C&SD表110-01001A年中人口(不含外佣)；2026-2056为队列成分法推算[假设路径]；生育TFR 2023=751→2046=938对齐官方推算[真实数据路径形状]；净迁移总量级对齐官方推算、年龄权重偏劳动年龄[假设]
2034,45-49,劳动年龄15-64,男,250743.2,25.0743,低,混合,[混合] 基准人口锚点=C&SD表110-01001A年中人口(不含外佣)；2026-2056为队列成分法推算[假设路径]；生育TFR 2023=751→2046=938对齐官方推算[真实数据路径形状]；净迁移总量级对齐官方推算、年龄权重偏劳动年龄[假设]
2034,5-9,少儿0-14,男,82226.4,8.2226,低,混合,[混合] 基准人口锚点=C&SD表110-01001A年中人口(不含外佣)；2026-2056为队列成分法推算[假设路径]；生育TFR 2023=751→2046=938对齐官方推算[真实数据路径形状]；净迁移总量级对齐官方推算、年龄权重偏劳动年龄[假设]
2034,50-54,劳动年龄15-64,男,245354.5,24.5355,低,混合,[混合] 基准人口锚点=C&SD表110-01001A年中人口(不含外佣)；2026-2056为队列成分法推算[假设路径]；生育TFR 2023=751→2046=938对齐官方推算[真实数据路径形状]；净迁移总量级对齐官方推算、年龄权重偏劳动年龄[假设]
2034,55-59,劳动年龄15-64,男,242198.2,24.2198,低,混合,[混合] 基准人口锚点=C&SD表110-01001A年中人口(不含外佣)；2026-2056为队列成分法推算[假设路径]；生育TFR 2023=751→2046=938对齐官方推算[真实数据路径形状]；净迁移总量级对齐官方推算、年龄权重偏劳动年龄[假设]
2034,60-64,劳动年龄15-64,男,244286.6,24.4287,低,混合,[混合] 基准人口锚点=C&SD表110-01001A年中人口(不含外佣)；2026-2056为队列成分法推算[假设路径]；生育TFR 2023=751→2046=938对齐官方推算[真实数据路径形状]；净迁移总量级对齐官方推算、年龄权重偏劳动年龄[假设]
2034,65-69,退休65+,男,250814.4,25.0814,低,混合,[混合] 基准人口锚点=C&SD表110-01001A年中人口(不含外佣)；2026-2056为队列成分法推算[假设路径]；生育TFR 2023=751→2046=938对齐官方推算[真实数据路径形状]；净迁移总量级对齐官方推算、年龄权重偏劳动年龄[假设]
2034,70-74,退休65+,男,263866.7,26.3867,低,混合,[混合] 基准人口锚点=C&SD表110-01001A年中人口(不含外佣)；2026-2056为队列成分法推算[假设路径]；生育TFR 2023=751→2046=938对齐官方推算[真实数据路径形状]；净迁移总量级对齐官方推算、年龄权重偏劳动年龄[假设]
2034,75-79,退休65+,男,233623.3,23.3623,低,混合,[混合] 基准人口锚点=C&SD表110-01001A年中人口(不含外佣)；2026-2056为队列成分法推算[假设路径]；生育TFR 2023=751→2046=938对齐官方推算[真实数据路径形状]；净迁移总量级对齐官方推算、年龄权重偏劳动年龄[假设]
2034,80-84,退休65+,男,161841.0,16.1841,低,混合,[混合] 基准人口锚点=C&SD表110-01001A年中人口(不含外佣)；2026-2056为队列成分法推算[假设路径]；生育TFR 2023=751→2046=938对齐官方推算[真实数据路径形状]；净迁移总量级对齐官方推算、年龄权重偏劳动年龄[假设]
2034,85+,退休65+,男,154318.0,15.4318,低,混合,[混合] 基准人口锚点=C&SD表110-01001A年中人口(不含外佣)；2026-2056为队列成分法推算[假设路径]；生育TFR 2023=751→2046=938对齐官方推算[真实数据路径形状]；净迁移总量级对齐官方推算、年龄权重偏劳动年龄[假设]
2035,0-4,少儿0-14,女,68988.9,6.8989,低,混合,[混合] 基准人口锚点=C&SD表110-01001A年中人口(不含外佣)；2026-2056为队列成分法推算[假设路径]；生育TFR 2023=751→2046=938对齐官方推算[真实数据路径形状]；净迁移总量级对齐官方推算、年龄权重偏劳动年龄[假设]
2035,10-14,少儿0-14,女,89365.8,8.9366,低,混合,[混合] 基准人口锚点=C&SD表110-01001A年中人口(不含外佣)；2026-2056为队列成分法推算[假设路径]；生育TFR 2023=751→2046=938对齐官方推算[真实数据路径形状]；净迁移总量级对齐官方推算、年龄权重偏劳动年龄[假设]
2035,15-19,劳动年龄15-64,女,130433.6,13.0434,低,混合,[混合] 基准人口锚点=C&SD表110-01001A年中人口(不含外佣)；2026-2056为队列成分法推算[假设路径]；生育TFR 2023=751→2046=938对齐官方推算[真实数据路径形状]；净迁移总量级对齐官方推算、年龄权重偏劳动年龄[假设]
2035,20-24,劳动年龄15-64,女,156243.5,15.6243,低,混合,[混合] 基准人口锚点=C&SD表110-01001A年中人口(不含外佣)；2026-2056为队列成分法推算[假设路径]；生育TFR 2023=751→2046=938对齐官方推算[真实数据路径形状]；净迁移总量级对齐官方推算、年龄权重偏劳动年龄[假设]
2035,25-29,劳动年龄15-64,女,159604.1,15.9604,低,混合,[混合] 基准人口锚点=C&SD表110-01001A年中人口(不含外佣)；2026-2056为队列成分法推算[假设路径]；生育TFR 2023=751→2046=938对齐官方推算[真实数据路径形状]；净迁移总量级对齐官方推算、年龄权重偏劳动年龄[假设]
2035,30-34,劳动年龄15-64,女,169789.4,16.9789,低,混合,[混合] 基准人口锚点=C&SD表110-01001A年中人口(不含外佣)；2026-2056为队列成分法推算[假设路径]；生育TFR 2023=751→2046=938对齐官方推算[真实数据路径形状]；净迁移总量级对齐官方推算、年龄权重偏劳动年龄[假设]
2035,35-39,劳动年龄15-64,女,201604.4,20.1604,低,混合,[混合] 基准人口锚点=C&SD表110-01001A年中人口(不含外佣)；2026-2056为队列成分法推算[假设路径]；生育TFR 2023=751→2046=938对齐官方推算[真实数据路径形状]；净迁移总量级对齐官方推算、年龄权重偏劳动年龄[假设]
2035,40-44,劳动年龄15-64,女,245500.8,24.5501,低,混合,[混合] 基准人口锚点=C&SD表110-01001A年中人口(不含外佣)；2026-2056为队列成分法推算[假设路径]；生育TFR 2023=751→2046=938对齐官方推算[真实数据路径形状]；净迁移总量级对齐官方推算、年龄权重偏劳动年龄[假设]
2035,45-49,劳动年龄15-64,女,267241.2,26.7241,低,混合,[混合] 基准人口锚点=C&SD表110-01001A年中人口(不含外佣)；2026-2056为队列成分法推算[假设路径]；生育TFR 2023=751→2046=938对齐官方推算[真实数据路径形状]；净迁移总量级对齐官方推算、年龄权重偏劳动年龄[假设]
2035,5-9,少儿0-14,女,76283.1,7.6283,低,混合,[混合] 基准人口锚点=C&SD表110-01001A年中人口(不含外佣)；2026-2056为队列成分法推算[假设路径]；生育TFR 2023=751→2046=938对齐官方推算[真实数据路径形状]；净迁移总量级对齐官方推算、年龄权重偏劳动年龄[假设]
2035,50-54,劳动年龄15-64,女,287688.3,28.7688,低,混合,[混合] 基准人口锚点=C&SD表110-01001A年中人口(不含外佣)；2026-2056为队列成分法推算[假设路径]；生育TFR 2023=751→2046=938对齐官方推算[真实数据路径形状]；净迁移总量级对齐官方推算、年龄权重偏劳动年龄[假设]
2035,55-59,劳动年龄15-64,女,301068.5,30.1069,低,混合,[混合] 基准人口锚点=C&SD表110-01001A年中人口(不含外佣)；2026-2056为队列成分法推算[假设路径]；生育TFR 2023=751→2046=938对齐官方推算[真实数据路径形状]；净迁移总量级对齐官方推算、年龄权重偏劳动年龄[假设]
2035,60-64,劳动年龄15-64,女,314910.8,31.4911,低,混合,[混合] 基准人口锚点=C&SD表110-01001A年中人口(不含外佣)；2026-2056为队列成分法推算[假设路径]；生育TFR 2023=751→2046=938对齐官方推算[真实数据路径形状]；净迁移总量级对齐官方推算、年龄权重偏劳动年龄[假设]
2035,65-69,退休65+,女,318753.2,31.8753,低,混合,[混合] 基准人口锚点=C&SD表110-01001A年中人口(不含外佣)；2026-2056为队列成分法推算[假设路径]；生育TFR 2023=751→2046=938对齐官方推算[真实数据路径形状]；净迁移总量级对齐官方推算、年龄权重偏劳动年龄[假设]
2035,70-74,退休65+,女,323043.2,32.3043,低,混合,[混合] 基准人口锚点=C&SD表110-01001A年中人口(不含外佣)；2026-2056为队列成分法推算[假设路径]；生育TFR 2023=751→2046=938对齐官方推算[真实数据路径形状]；净迁移总量级对齐官方推算、年龄权重偏劳动年龄[假设]
2035,75-79,退休65+,女,279426.9,27.9427,低,混合,[混合] 基准人口锚点=C&SD表110-01001A年中人口(不含外佣)；2026-2056为队列成分法推算[假设路径]；生育TFR 2023=751→2046=938对齐官方推算[真实数据路径形状]；净迁移总量级对齐官方推算、年龄权重偏劳动年龄[假设]
2035,80-84,退休65+,女,208938.8,20.8939,低,混合,[混合] 基准人口锚点=C&SD表110-01001A年中人口(不含外佣)；2026-2056为队列成分法推算[假设路径]；生育TFR 2023=751→2046=938对齐官方推算[真实数据路径形状]；净迁移总量级对齐官方推算、年龄权重偏劳动年龄[假设]
2035,85+,退休65+,女,234383.6,23.4384,低,混合,[混合] 基准人口锚点=C&SD表110-01001A年中人口(不含外佣)；2026-2056为队列成分法推算[假设路径]；生育TFR 2023=751→2046=938对齐官方推算[真实数据路径形状]；净迁移总量级对齐官方推算、年龄权重偏劳动年龄[假设]
2035,0-4,少儿0-14,男,72827.5,7.2828,低,混合,[混合] 基准人口锚点=C&SD表110-01001A年中人口(不含外佣)；2026-2056为队列成分法推算[假设路径]；生育TFR 2023=751→2046=938对齐官方推算[真实数据路径形状]；净迁移总量级对齐官方推算、年龄权重偏劳动年龄[假设]
2035,10-14,少儿0-14,男,96051.4,9.6051,低,混合,[混合] 基准人口锚点=C&SD表110-01001A年中人口(不含外佣)；2026-2056为队列成分法推算[假设路径]；生育TFR 2023=751→2046=938对齐官方推算[真实数据路径形状]；净迁移总量级对齐官方推算、年龄权重偏劳动年龄[假设]
2035,15-19,劳动年龄15-64,男,138868.8,13.8869,低,混合,[混合] 基准人口锚点=C&SD表110-01001A年中人口(不含外佣)；2026-2056为队列成分法推算[假设路径]；生育TFR 2023=751→2046=938对齐官方推算[真实数据路径形状]；净迁移总量级对齐官方推算、年龄权重偏劳动年龄[假设]
2035,20-24,劳动年龄15-64,男,165738.9,16.5739,低,混合,[混合] 基准人口锚点=C&SD表110-01001A年中人口(不含外佣)；2026-2056为队列成分法推算[假设路径]；生育TFR 2023=751→2046=938对齐官方推算[真实数据路径形状]；净迁移总量级对齐官方推算、年龄权重偏劳动年龄[假设]
2035,25-29,劳动年龄15-64,男,166789.6,16.679,低,混合,[混合] 基准人口锚点=C&SD表110-01001A年中人口(不含外佣)；2026-2056为队列成分法推算[假设路径]；生育TFR 2023=751→2046=938对齐官方推算[真实数据路径形状]；净迁移总量级对齐官方推算、年龄权重偏劳动年龄[假设]
2035,30-34,劳动年龄15-64,男,172007.3,17.2007,低,混合,[混合] 基准人口锚点=C&SD表110-01001A年中人口(不含外佣)；2026-2056为队列成分法推算[假设路径]；生育TFR 2023=751→2046=938对齐官方推算[真实数据路径形状]；净迁移总量级对齐官方推算、年龄权重偏劳动年龄[假设]
2035,35-39,劳动年龄15-64,男,209296.3,20.9296,低,混合,[混合] 基准人口锚点=C&SD表110-01001A年中人口(不含外佣)；2026-2056为队列成分法推算[假设路径]；生育TFR 2023=751→2046=938对齐官方推算[真实数据路径形状]；净迁移总量级对齐官方推算、年龄权重偏劳动年龄[假设]
2035,40-44,劳动年龄15-64,男,245867.0,24.5867,低,混合,[混合] 基准人口锚点=C&SD表110-01001A年中人口(不含外佣)；2026-2056为队列成分法推算[假设路径]；生育TFR 2023=751→2046=938对齐官方推算[真实数据路径形状]；净迁移总量级对齐官方推算、年龄权重偏劳动年龄[假设]
2035,45-49,劳动年龄15-64,男,252131.9,25.2132,低,混合,[混合] 基准人口锚点=C&SD表110-01001A年中人口(不含外佣)；2026-2056为队列成分法推算[假设路径]；生育TFR 2023=751→2046=938对齐官方推算[真实数据路径形状]；净迁移总量级对齐官方推算、年龄权重偏劳动年龄[假设]
2035,5-9,少儿0-14,男,80560.9,8.0561,低,混合,[混合] 基准人口锚点=C&SD表110-01001A年中人口(不含外佣)；2026-2056为队列成分法推算[假设路径]；生育TFR 2023=751→2046=938对齐官方推算[真实数据路径形状]；净迁移总量级对齐官方推算、年龄权重偏劳动年龄[假设]
2035,50-54,劳动年龄15-64,男,248284.7,24.8285,低,混合,[混合] 基准人口锚点=C&SD表110-01001A年中人口(不含外佣)；2026-2056为队列成分法推算[假设路径]；生育TFR 2023=751→2046=938对齐官方推算[真实数据路径形状]；净迁移总量级对齐官方推算、年龄权重偏劳动年龄[假设]
2035,55-59,劳动年龄15-64,男,241388.3,24.1388,低,混合,[混合] 基准人口锚点=C&SD表110-01001A年中人口(不含外佣)；2026-2056为队列成分法推算[假设路径]；生育TFR 2023=751→2046=938对齐官方推算[真实数据路径形状]；净迁移总量级对齐官方推算、年龄权重偏劳动年龄[假设]
2035,60-64,劳动年龄15-64,男,245112.5,24.5113,低,混合,[混合] 基准人口锚点=C&SD表110-01001A年中人口(不含外佣)；2026-2056为队列成分法推算[假设路径]；生育TFR 2023=751→2046=938对齐官方推算[真实数据路径形状]；净迁移总量级对齐官方推算、年龄权重偏劳动年龄[假设]
2035,65-69,退休65+,男,243866.9,24.3867,低,混合,[混合] 基准人口锚点=C&SD表110-01001A年中人口(不含外佣)；2026-2056为队列成分法推算[假设路径]；生育TFR 2023=751→2046=938对齐官方推算[真实数据路径形状]；净迁移总量级对齐官方推算、年龄权重偏劳动年龄[假设]
2035,70-74,退休65+,男,261165.6,26.1166,低,混合,[混合] 基准人口锚点=C&SD表110-01001A年中人口(不含外佣)；2026-2056为队列成分法推算[假设路径]；生育TFR 2023=751→2046=938对齐官方推算[真实数据路径形状]；净迁移总量级对齐官方推算、年龄权重偏劳动年龄[假设]
2035,75-79,退休65+,男,242571.8,24.2572,低,混合,[混合] 基准人口锚点=C&SD表110-01001A年中人口(不含外佣)；2026-2056为队列成分法推算[假设路径]；生育TFR 2023=751→2046=938对齐官方推算[真实数据路径形状]；净迁移总量级对齐官方推算、年龄权重偏劳动年龄[假设]
2035,80-84,退休65+,男,168866.5,16.8866,低,混合,[混合] 基准人口锚点=C&SD表110-01001A年中人口(不含外佣)；2026-2056为队列成分法推算[假设路径]；生育TFR 2023=751→2046=938对齐官方推算[真实数据路径形状]；净迁移总量级对齐官方推算、年龄权重偏劳动年龄[假设]
2035,85+,退休65+,男,164094.6,16.4095,低,混合,[混合] 基准人口锚点=C&SD表110-01001A年中人口(不含外佣)；2026-2056为队列成分法推算[假设路径]；生育TFR 2023=751→2046=938对齐官方推算[真实数据路径形状]；净迁移总量级对齐官方推算、年龄权重偏劳动年龄[假设]
2036,0-4,少儿0-14,女,68551.4,6.8551,低,混合,[混合] 基准人口锚点=C&SD表110-01001A年中人口(不含外佣)；2026-2056为队列成分法推算[假设路径]；生育TFR 2023=751→2046=938对齐官方推算[真实数据路径形状]；净迁移总量级对齐官方推算、年龄权重偏劳动年龄[假设]
2036,10-14,少儿0-14,女,82223.5,8.2224,低,混合,[混合] 基准人口锚点=C&SD表110-01001A年中人口(不含外佣)；2026-2056为队列成分法推算[假设路径]；生育TFR 2023=751→2046=938对齐官方推算[真实数据路径形状]；净迁移总量级对齐官方推算、年龄权重偏劳动年龄[假设]
2036,15-19,劳动年龄15-64,女,126735.4,12.6735,低,混合,[混合] 基准人口锚点=C&SD表110-01001A年中人口(不含外佣)；2026-2056为队列成分法推算[假设路径]；生育TFR 2023=751→2046=938对齐官方推算[真实数据路径形状]；净迁移总量级对齐官方推算、年龄权重偏劳动年龄[假设]
2036,20-24,劳动年龄15-64,女,157527.3,15.7527,低,混合,[混合] 基准人口锚点=C&SD表110-01001A年中人口(不含外佣)；2026-2056为队列成分法推算[假设路径]；生育TFR 2023=751→2046=938对齐官方推算[真实数据路径形状]；净迁移总量级对齐官方推算、年龄权重偏劳动年龄[假设]
2036,25-29,劳动年龄15-64,女,161020.3,16.102,低,混合,[混合] 基准人口锚点=C&SD表110-01001A年中人口(不含外佣)；2026-2056为队列成分法推算[假设路径]；生育TFR 2023=751→2046=938对齐官方推算[真实数据路径形状]；净迁移总量级对齐官方推算、年龄权重偏劳动年龄[假设]
2036,30-34,劳动年龄15-64,女,166840.3,16.684,低,混合,[混合] 基准人口锚点=C&SD表110-01001A年中人口(不含外佣)；2026-2056为队列成分法推算[假设路径]；生育TFR 2023=751→2046=938对齐官方推算[真实数据路径形状]；净迁移总量级对齐官方推算、年龄权重偏劳动年龄[假设]
2036,35-39,劳动年龄15-64,女,194367.5,19.4367,低,混合,[混合] 基准人口锚点=C&SD表110-01001A年中人口(不含外佣)；2026-2056为队列成分法推算[假设路径]；生育TFR 2023=751→2046=938对齐官方推算[真实数据路径形状]；净迁移总量级对齐官方推算、年龄权重偏劳动年龄[假设]
2036,40-44,劳动年龄15-64,女,243224.6,24.3225,低,混合,[混合] 基准人口锚点=C&SD表110-01001A年中人口(不含外佣)；2026-2056为队列成分法推算[假设路径]；生育TFR 2023=751→2046=938对齐官方推算[真实数据路径形状]；净迁移总量级对齐官方推算、年龄权重偏劳动年龄[假设]
2036,45-49,劳动年龄15-64,女,264113.5,26.4113,低,混合,[混合] 基准人口锚点=C&SD表110-01001A年中人口(不含外佣)；2026-2056为队列成分法推算[假设路径]；生育TFR 2023=751→2046=938对齐官方推算[真实数据路径形状]；净迁移总量级对齐官方推算、年龄权重偏劳动年龄[假设]
2036,5-9,少儿0-14,女,74883.6,7.4884,低,混合,[混合] 基准人口锚点=C&SD表110-01001A年中人口(不含外佣)；2026-2056为队列成分法推算[假设路径]；生育TFR 2023=751→2046=938对齐官方推算[真实数据路径形状]；净迁移总量级对齐官方推算、年龄权重偏劳动年龄[假设]
2036,50-54,劳动年龄15-64,女,286775.0,28.6775,低,混合,[混合] 基准人口锚点=C&SD表110-01001A年中人口(不含外佣)；2026-2056为队列成分法推算[假设路径]；生育TFR 2023=751→2046=938对齐官方推算[真实数据路径形状]；净迁移总量级对齐官方推算、年龄权重偏劳动年龄[假设]
2036,55-59,劳动年龄15-64,女,298767.4,29.8767,低,混合,[混合] 基准人口锚点=C&SD表110-01001A年中人口(不含外佣)；2026-2056为队列成分法推算[假设路径]；生育TFR 2023=751→2046=938对齐官方推算[真实数据路径形状]；净迁移总量级对齐官方推算、年龄权重偏劳动年龄[假设]
2036,60-64,劳动年龄15-64,女,314780.2,31.478,低,混合,[混合] 基准人口锚点=C&SD表110-01001A年中人口(不含外佣)；2026-2056为队列成分法推算[假设路径]；生育TFR 2023=751→2046=938对齐官方推算[真实数据路径形状]；净迁移总量级对齐官方推算、年龄权重偏劳动年龄[假设]
2036,65-69,退休65+,女,314769.0,31.4769,低,混合,[混合] 基准人口锚点=C&SD表110-01001A年中人口(不含外佣)；2026-2056为队列成分法推算[假设路径]；生育TFR 2023=751→2046=938对齐官方推算[真实数据路径形状]；净迁移总量级对齐官方推算、年龄权重偏劳动年龄[假设]
2036,70-74,退休65+,女,328827.4,32.8827,低,混合,[混合] 基准人口锚点=C&SD表110-01001A年中人口(不含外佣)；2026-2056为队列成分法推算[假设路径]；生育TFR 2023=751→2046=938对齐官方推算[真实数据路径形状]；净迁移总量级对齐官方推算、年龄权重偏劳动年龄[假设]
2036,75-79,退休65+,女,289760.2,28.976,低,混合,[混合] 基准人口锚点=C&SD表110-01001A年中人口(不含外佣)；2026-2056为队列成分法推算[假设路径]；生育TFR 2023=751→2046=938对齐官方推算[真实数据路径形状]；净迁移总量级对齐官方推算、年龄权重偏劳动年龄[假设]
2036,80-84,退休65+,女,218934.8,21.8935,低,混合,[混合] 基准人口锚点=C&SD表110-01001A年中人口(不含外佣)；2026-2056为队列成分法推算[假设路径]；生育TFR 2023=751→2046=938对齐官方推算[真实数据路径形状]；净迁移总量级对齐官方推算、年龄权重偏劳动年龄[假设]
2036,85+,退休65+,女,247468.4,24.7468,低,混合,[混合] 基准人口锚点=C&SD表110-01001A年中人口(不含外佣)；2026-2056为队列成分法推算[假设路径]；生育TFR 2023=751→2046=938对齐官方推算[真实数据路径形状]；净迁移总量级对齐官方推算、年龄权重偏劳动年龄[假设]
2036,0-4,少儿0-14,男,72355.4,7.2355,低,混合,[混合] 基准人口锚点=C&SD表110-01001A年中人口(不含外佣)；2026-2056为队列成分法推算[假设路径]；生育TFR 2023=751→2046=938对齐官方推算[真实数据路径形状]；净迁移总量级对齐官方推算、年龄权重偏劳动年龄[假设]
2036,10-14,少儿0-14,男,88412.5,8.8413,低,混合,[混合] 基准人口锚点=C&SD表110-01001A年中人口(不含外佣)；2026-2056为队列成分法推算[假设路径]；生育TFR 2023=751→2046=938对齐官方推算[真实数据路径形状]；净迁移总量级对齐官方推算、年龄权重偏劳动年龄[假设]
2036,15-19,劳动年龄15-64,男,134647.0,13.4647,低,混合,[混合] 基准人口锚点=C&SD表110-01001A年中人口(不含外佣)；2026-2056为队列成分法推算[假设路径]；生育TFR 2023=751→2046=938对齐官方推算[真实数据路径形状]；净迁移总量级对齐官方推算、年龄权重偏劳动年龄[假设]
2036,20-24,劳动年龄15-64,男,167031.8,16.7032,低,混合,[混合] 基准人口锚点=C&SD表110-01001A年中人口(不含外佣)；2026-2056为队列成分法推算[假设路径]；生育TFR 2023=751→2046=938对齐官方推算[真实数据路径形状]；净迁移总量级对齐官方推算、年龄权重偏劳动年龄[假设]
2036,25-29,劳动年龄15-64,男,169626.8,16.9627,低,混合,[混合] 基准人口锚点=C&SD表110-01001A年中人口(不含外佣)；2026-2056为队列成分法推算[假设路径]；生育TFR 2023=751→2046=938对齐官方推算[真实数据路径形状]；净迁移总量级对齐官方推算、年龄权重偏劳动年龄[假设]
2036,30-34,劳动年龄15-64,男,167161.1,16.7161,低,混合,[混合] 基准人口锚点=C&SD表110-01001A年中人口(不含外佣)；2026-2056为队列成分法推算[假设路径]；生育TFR 2023=751→2046=938对齐官方推算[真实数据路径形状]；净迁移总量级对齐官方推算、年龄权重偏劳动年龄[假设]
2036,35-39,劳动年龄15-64,男,202961.3,20.2961,低,混合,[混合] 基准人口锚点=C&SD表110-01001A年中人口(不含外佣)；2026-2056为队列成分法推算[假设路径]；生育TFR 2023=751→2046=938对齐官方推算[真实数据路径形状]；净迁移总量级对齐官方推算、年龄权重偏劳动年龄[假设]
2036,40-44,劳动年龄15-64,男,245886.0,24.5886,低,混合,[混合] 基准人口锚点=C&SD表110-01001A年中人口(不含外佣)；2026-2056为队列成分法推算[假设路径]；生育TFR 2023=751→2046=938对齐官方推算[真实数据路径形状]；净迁移总量级对齐官方推算、年龄权重偏劳动年龄[假设]
2036,45-49,劳动年龄15-64,男,253626.6,25.3627,低,混合,[混合] 基准人口锚点=C&SD表110-01001A年中人口(不含外佣)；2026-2056为队列成分法推算[假设路径]；生育TFR 2023=751→2046=938对齐官方推算[真实数据路径形状]；净迁移总量级对齐官方推算、年龄权重偏劳动年龄[假设]
2036,5-9,少儿0-14,男,78625.1,7.8625,低,混合,[混合] 基准人口锚点=C&SD表110-01001A年中人口(不含外佣)；2026-2056为队列成分法推算[假设路径]；生育TFR 2023=751→2046=938对齐官方推算[真实数据路径形状]；净迁移总量级对齐官方推算、年龄权重偏劳动年龄[假设]
2036,50-54,劳动年龄15-64,男,251439.3,25.1439,低,混合,[混合] 基准人口锚点=C&SD表110-01001A年中人口(不含外佣)；2026-2056为队列成分法推算[假设路径]；生育TFR 2023=751→2046=938对齐官方推算[真实数据路径形状]；净迁移总量级对齐官方推算、年龄权重偏劳动年龄[假设]
2036,55-59,劳动年龄15-64,男,240698.4,24.0698,低,混合,[混合] 基准人口锚点=C&SD表110-01001A年中人口(不含外佣)；2026-2056为队列成分法推算[假设路径]；生育TFR 2023=751→2046=938对齐官方推算[真实数据路径形状]；净迁移总量级对齐官方推算、年龄权重偏劳动年龄[假设]
2036,60-64,劳动年龄15-64,男,246065.4,24.6065,低,混合,[混合] 基准人口锚点=C&SD表110-01001A年中人口(不含外佣)；2026-2056为队列成分法推算[假设路径]；生育TFR 2023=751→2046=938对齐官方推算[真实数据路径形状]；净迁移总量级对齐官方推算、年龄权重偏劳动年龄[假设]
2036,65-69,退休65+,男,237186.5,23.7187,低,混合,[混合] 基准人口锚点=C&SD表110-01001A年中人口(不含外佣)；2026-2056为队列成分法推算[假设路径]；生育TFR 2023=751→2046=938对齐官方推算[真实数据路径形状]；净迁移总量级对齐官方推算、年龄权重偏劳动年龄[假设]
2036,70-74,退休65+,男,258907.9,25.8908,低,混合,[混合] 基准人口锚点=C&SD表110-01001A年中人口(不含外佣)；2026-2056为队列成分法推算[假设路径]；生育TFR 2023=751→2046=938对齐官方推算[真实数据路径形状]；净迁移总量级对齐官方推算、年龄权重偏劳动年龄[假设]
2036,75-79,退休65+,男,251449.7,25.145,低,混合,[混合] 基准人口锚点=C&SD表110-01001A年中人口(不含外佣)；2026-2056为队列成分法推算[假设路径]；生育TFR 2023=751→2046=938对齐官方推算[真实数据路径形状]；净迁移总量级对齐官方推算、年龄权重偏劳动年龄[假设]
2036,80-84,退休65+,男,175603.6,17.5604,低,混合,[混合] 基准人口锚点=C&SD表110-01001A年中人口(不含外佣)；2026-2056为队列成分法推算[假设路径]；生育TFR 2023=751→2046=938对齐官方推算[真实数据路径形状]；净迁移总量级对齐官方推算、年龄权重偏劳动年龄[假设]
2036,85+,退休65+,男,172586.2,17.2586,低,混合,[混合] 基准人口锚点=C&SD表110-01001A年中人口(不含外佣)；2026-2056为队列成分法推算[假设路径]；生育TFR 2023=751→2046=938对齐官方推算[真实数据路径形状]；净迁移总量级对齐官方推算、年龄权重偏劳动年龄[假设]
2037,0-4,少儿0-14,女,68191.8,6.8192,低,混合,[混合] 基准人口锚点=C&SD表110-01001A年中人口(不含外佣)；2026-2056为队列成分法推算[假设路径]；生育TFR 2023=751→2046=938对齐官方推算[真实数据路径形状]；净迁移总量级对齐官方推算、年龄权重偏劳动年龄[假设]
2037,10-14,少儿0-14,女,81945.3,8.1945,低,混合,[混合] 基准人口锚点=C&SD表110-01001A年中人口(不含外佣)；2026-2056为队列成分法推算[假设路径]；生育TFR 2023=751→2046=938对齐官方推算[真实数据路径形状]；净迁移总量级对齐官方推算、年龄权重偏劳动年龄[假设]
2037,15-19,劳动年龄15-64,女,119642.1,11.9642,低,混合,[混合] 基准人口锚点=C&SD表110-01001A年中人口(不含外佣)；2026-2056为队列成分法推算[假设路径]；生育TFR 2023=751→2046=938对齐官方推算[真实数据路径形状]；净迁移总量级对齐官方推算、年龄权重偏劳动年龄[假设]
2037,20-24,劳动年龄15-64,女,153999.2,15.3999,低,混合,[混合] 基准人口锚点=C&SD表110-01001A年中人口(不含外佣)；2026-2056为队列成分法推算[假设路径]；生育TFR 2023=751→2046=938对齐官方推算[真实数据路径形状]；净迁移总量级对齐官方推算、年龄权重偏劳动年龄[假设]
2037,25-29,劳动年龄15-64,女,163383.8,16.3384,低,混合,[混合] 基准人口锚点=C&SD表110-01001A年中人口(不含外佣)；2026-2056为队列成分法推算[假设路径]；生育TFR 2023=751→2046=938对齐官方推算[真实数据路径形状]；净迁移总量级对齐官方推算、年龄权重偏劳动年龄[假设]
2037,30-34,劳动年龄15-64,女,168153.9,16.8154,低,混合,[混合] 基准人口锚点=C&SD表110-01001A年中人口(不含外佣)；2026-2056为队列成分法推算[假设路径]；生育TFR 2023=751→2046=938对齐官方推算[真实数据路径形状]；净迁移总量级对齐官方推算、年龄权重偏劳动年龄[假设]
2037,35-39,劳动年龄15-64,女,191324.9,19.1325,低,混合,[混合] 基准人口锚点=C&SD表110-01001A年中人口(不含外佣)；2026-2056为队列成分法推算[假设路径]；生育TFR 2023=751→2046=938对齐官方推算[真实数据路径形状]；净迁移总量级对齐官方推算、年龄权重偏劳动年龄[假设]
2037,40-44,劳动年龄15-64,女,235877.1,23.5877,低,混合,[混合] 基准人口锚点=C&SD表110-01001A年中人口(不含外佣)；2026-2056为队列成分法推算[假设路径]；生育TFR 2023=751→2046=938对齐官方推算[真实数据路径形状]；净迁移总量级对齐官方推算、年龄权重偏劳动年龄[假设]
2037,45-49,劳动年龄15-64,女,261694.4,26.1694,低,混合,[混合] 基准人口锚点=C&SD表110-01001A年中人口(不含外佣)；2026-2056为队列成分法推算[假设路径]；生育TFR 2023=751→2046=938对齐官方推算[真实数据路径形状]；净迁移总量级对齐官方推算、年龄权重偏劳动年龄[假设]
2037,5-9,少儿0-14,女,74051.5,7.4051,低,混合,[混合] 基准人口锚点=C&SD表110-01001A年中人口(不含外佣)；2026-2056为队列成分法推算[假设路径]；生育TFR 2023=751→2046=938对齐官方推算[真实数据路径形状]；净迁移总量级对齐官方推算、年龄权重偏劳动年龄[假设]
2037,50-54,劳动年龄15-64,女,283439.9,28.344,低,混合,[混合] 基准人口锚点=C&SD表110-01001A年中人口(不含外佣)；2026-2056为队列成分法推算[假设路径]；生育TFR 2023=751→2046=938对齐官方推算[真实数据路径形状]；净迁移总量级对齐官方推算、年龄权重偏劳动年龄[假设]
2037,55-59,劳动年龄15-64,女,297115.5,29.7115,低,混合,[混合] 基准人口锚点=C&SD表110-01001A年中人口(不含外佣)；2026-2056为队列成分法推算[假设路径]；生育TFR 2023=751→2046=938对齐官方推算[真实数据路径形状]；净迁移总量级对齐官方推算、年龄权重偏劳动年龄[假设]
2037,60-64,劳动年龄15-64,女,312288.9,31.2289,低,混合,[混合] 基准人口锚点=C&SD表110-01001A年中人口(不含外佣)；2026-2056为队列成分法推算[假设路径]；生育TFR 2023=751→2046=938对齐官方推算[真实数据路径形状]；净迁移总量级对齐官方推算、年龄权重偏劳动年龄[假设]
2037,65-69,退休65+,女,314360.6,31.4361,低,混合,[混合] 基准人口锚点=C&SD表110-01001A年中人口(不含外佣)；2026-2056为队列成分法推算[假设路径]；生育TFR 2023=751→2046=938对齐官方推算[真实数据路径形状]；净迁移总量级对齐官方推算、年龄权重偏劳动年龄[假设]
2037,70-74,退休65+,女,324377.7,32.4378,低,混合,[混合] 基准人口锚点=C&SD表110-01001A年中人口(不含外佣)；2026-2056为队列成分法推算[假设路径]；生育TFR 2023=751→2046=938对齐官方推算[真实数据路径形状]；净迁移总量级对齐官方推算、年龄权重偏劳动年龄[假设]
2037,75-79,退休65+,女,294679.4,29.4679,低,混合,[混合] 基准人口锚点=C&SD表110-01001A年中人口(不含外佣)；2026-2056为队列成分法推算[假设路径]；生育TFR 2023=751→2046=938对齐官方推算[真实数据路径形状]；净迁移总量级对齐官方推算、年龄权重偏劳动年龄[假设]
2037,80-84,退休65+,女,228894.7,22.8895,低,混合,[混合] 基准人口锚点=C&SD表110-01001A年中人口(不含外佣)；2026-2056为队列成分法推算[假设路径]；生育TFR 2023=751→2046=938对齐官方推算[真实数据路径形状]；净迁移总量级对齐官方推算、年龄权重偏劳动年龄[假设]
2037,85+,退休65+,女,270310.9,27.0311,低,混合,[混合] 基准人口锚点=C&SD表110-01001A年中人口(不含外佣)；2026-2056为队列成分法推算[假设路径]；生育TFR 2023=751→2046=938对齐官方推算[真实数据路径形状]；净迁移总量级对齐官方推算、年龄权重偏劳动年龄[假设]
2037,0-4,少儿0-14,男,71971.8,7.1972,低,混合,[混合] 基准人口锚点=C&SD表110-01001A年中人口(不含外佣)；2026-2056为队列成分法推算[假设路径]；生育TFR 2023=751→2046=938对齐官方推算[真实数据路径形状]；净迁移总量级对齐官方推算、年龄权重偏劳动年龄[假设]
2037,10-14,少儿0-14,男,87592.8,8.7593,低,混合,[混合] 基准人口锚点=C&SD表110-01001A年中人口(不含外佣)；2026-2056为队列成分法推算[假设路径]；生育TFR 2023=751→2046=938对齐官方推算[真实数据路径形状]；净迁移总量级对齐官方推算、年龄权重偏劳动年龄[假设]
2037,15-19,劳动年龄15-64,男,127075.1,12.7075,低,混合,[混合] 基准人口锚点=C&SD表110-01001A年中人口(不含外佣)；2026-2056为队列成分法推算[假设路径]；生育TFR 2023=751→2046=938对齐官方推算[真实数据路径形状]；净迁移总量级对齐官方推算、年龄权重偏劳动年龄[假设]
2037,20-24,劳动年龄15-64,男,162967.8,16.2968,低,混合,[混合] 基准人口锚点=C&SD表110-01001A年中人口(不含外佣)；2026-2056为队列成分法推算[假设路径]；生育TFR 2023=751→2046=938对齐官方推算[真实数据路径形状]；净迁移总量级对齐官方推算、年龄权重偏劳动年龄[假设]
2037,25-29,劳动年龄15-64,男,171904.1,17.1904,低,混合,[混合] 基准人口锚点=C&SD表110-01001A年中人口(不含外佣)；2026-2056为队列成分法推算[假设路径]；生育TFR 2023=751→2046=938对齐官方推算[真实数据路径形状]；净迁移总量级对齐官方推算、年龄权重偏劳动年龄[假设]
2037,30-34,劳动年龄15-64,男,169902.8,16.9903,低,混合,[混合] 基准人口锚点=C&SD表110-01001A年中人口(不含外佣)；2026-2056为队列成分法推算[假设路径]；生育TFR 2023=751→2046=938对齐官方推算[真实数据路径形状]；净迁移总量级对齐官方推算、年龄权重偏劳动年龄[假设]
2037,35-39,劳动年龄15-64,男,198014.0,19.8014,低,混合,[混合] 基准人口锚点=C&SD表110-01001A年中人口(不含外佣)；2026-2056为队列成分法推算[假设路径]；生育TFR 2023=751→2046=938对齐官方推算[真实数据路径形状]；净迁移总量级对齐官方推算、年龄权重偏劳动年龄[假设]
2037,40-44,劳动年龄15-64,男,239427.6,23.9428,低,混合,[混合] 基准人口锚点=C&SD表110-01001A年中人口(不含外佣)；2026-2056为队列成分法推算[假设路径]；生育TFR 2023=751→2046=938对齐官方推算[真实数据路径形状]；净迁移总量级对齐官方推算、年龄权重偏劳动年龄[假设]
2037,45-49,劳动年龄15-64,男,253516.0,25.3516,低,混合,[混合] 基准人口锚点=C&SD表110-01001A年中人口(不含外佣)；2026-2056为队列成分法推算[假设路径]；生育TFR 2023=751→2046=938对齐官方推算[真实数据路径形状]；净迁移总量级对齐官方推算、年龄权重偏劳动年龄[假设]
2037,5-9,少儿0-14,男,77727.0,7.7727,低,混合,[混合] 基准人口锚点=C&SD表110-01001A年中人口(不含外佣)；2026-2056为队列成分法推算[假设路径]；生育TFR 2023=751→2046=938对齐官方推算[真实数据路径形状]；净迁移总量级对齐官方推算、年龄权重偏劳动年龄[假设]
2037,50-54,劳动年龄15-64,男,252673.0,25.2673,低,混合,[混合] 基准人口锚点=C&SD表110-01001A年中人口(不含外佣)；2026-2056为队列成分法推算[假设路径]；生育TFR 2023=751→2046=938对齐官方推算[真实数据路径形状]；净迁移总量级对齐官方推算、年龄权重偏劳动年龄[假设]
2037,55-59,劳动年龄15-64,男,243139.8,24.314,低,混合,[混合] 基准人口锚点=C&SD表110-01001A年中人口(不含外佣)；2026-2056为队列成分法推算[假设路径]；生育TFR 2023=751→2046=938对齐官方推算[真实数据路径形状]；净迁移总量级对齐官方推算、年龄权重偏劳动年龄[假设]
2037,60-64,劳动年龄15-64,男,245122.3,24.5122,低,混合,[混合] 基准人口锚点=C&SD表110-01001A年中人口(不含外佣)；2026-2056为队列成分法推算[假设路径]；生育TFR 2023=751→2046=938对齐官方推算[真实数据路径形状]；净迁移总量级对齐官方推算、年龄权重偏劳动年龄[假设]
2037,65-69,退休65+,男,237812.5,23.7812,低,混合,[混合] 基准人口锚点=C&SD表110-01001A年中人口(不含外佣)；2026-2056为队列成分法推算[假设路径]；生育TFR 2023=751→2046=938对齐官方推算[真实数据路径形状]；净迁移总量级对齐官方推算、年龄权重偏劳动年龄[假设]
2037,70-74,退休65+,男,251715.4,25.1715,低,混合,[混合] 基准人口锚点=C&SD表110-01001A年中人口(不含外佣)；2026-2056为队列成分法推算[假设路径]；生育TFR 2023=751→2046=938对齐官方推算[真实数据路径形状]；净迁移总量级对齐官方推算、年龄权重偏劳动年龄[假设]
2037,75-79,退休65+,男,248008.1,24.8008,低,混合,[混合] 基准人口锚点=C&SD表110-01001A年中人口(不含外佣)；2026-2056为队列成分法推算[假设路径]；生育TFR 2023=751→2046=938对齐官方推算[真实数据路径形状]；净迁移总量级对齐官方推算、年龄权重偏劳动年龄[假设]
2037,80-84,退休65+,男,184111.5,18.4111,低,混合,[混合] 基准人口锚点=C&SD表110-01001A年中人口(不含外佣)；2026-2056为队列成分法推算[假设路径]；生育TFR 2023=751→2046=938对齐官方推算[真实数据路径形状]；净迁移总量级对齐官方推算、年龄权重偏劳动年龄[假设]
2037,85+,退休65+,男,188519.2,18.8519,低,混合,[混合] 基准人口锚点=C&SD表110-01001A年中人口(不含外佣)；2026-2056为队列成分法推算[假设路径]；生育TFR 2023=751→2046=938对齐官方推算[真实数据路径形状]；净迁移总量级对齐官方推算、年龄权重偏劳动年龄[假设]
2038,0-4,少儿0-14,女,67970.6,6.7971,低,混合,[混合] 基准人口锚点=C&SD表110-01001A年中人口(不含外佣)；2026-2056为队列成分法推算[假设路径]；生育TFR 2023=751→2046=938对齐官方推算[真实数据路径形状]；净迁移总量级对齐官方推算、年龄权重偏劳动年龄[假设]
2038,10-14,少儿0-14,女,81365.7,8.1366,低,混合,[混合] 基准人口锚点=C&SD表110-01001A年中人口(不含外佣)；2026-2056为队列成分法推算[假设路径]；生育TFR 2023=751→2046=938对齐官方推算[真实数据路径形状]；净迁移总量级对齐官方推算、年龄权重偏劳动年龄[假设]
2038,15-19,劳动年龄15-64,女,112417.7,11.2418,低,混合,[混合] 基准人口锚点=C&SD表110-01001A年中人口(不含外佣)；2026-2056为队列成分法推算[假设路径]；生育TFR 2023=751→2046=938对齐官方推算[真实数据路径形状]；净迁移总量级对齐官方推算、年龄权重偏劳动年龄[假设]
2038,20-24,劳动年龄15-64,女,150316.0,15.0316,低,混合,[混合] 基准人口锚点=C&SD表110-01001A年中人口(不含外佣)；2026-2056为队列成分法推算[假设路径]；生育TFR 2023=751→2046=938对齐官方推算[真实数据路径形状]；净迁移总量级对齐官方推算、年龄权重偏劳动年龄[假设]
2038,25-29,劳动年龄15-64,女,165383.3,16.5383,低,混合,[混合] 基准人口锚点=C&SD表110-01001A年中人口(不含外佣)；2026-2056为队列成分法推算[假设路径]；生育TFR 2023=751→2046=938对齐官方推算[真实数据路径形状]；净迁移总量级对齐官方推算、年龄权重偏劳动年龄[假设]
2038,30-34,劳动年龄15-64,女,169379.8,16.938,低,混合,[混合] 基准人口锚点=C&SD表110-01001A年中人口(不含外佣)；2026-2056为队列成分法推算[假设路径]；生育TFR 2023=751→2046=938对齐官方推算[真实数据路径形状]；净迁移总量级对齐官方推算、年龄权重偏劳动年龄[假设]
2038,35-39,劳动年龄15-64,女,188194.3,18.8194,低,混合,[混合] 基准人口锚点=C&SD表110-01001A年中人口(不含外佣)；2026-2056为队列成分法推算[假设路径]；生育TFR 2023=751→2046=938对齐官方推算[真实数据路径形状]；净迁移总量级对齐官方推算、年龄权重偏劳动年龄[假设]
2038,40-44,劳动年龄15-64,女,228448.7,22.8449,低,混合,[混合] 基准人口锚点=C&SD表110-01001A年中人口(不含外佣)；2026-2056为队列成分法推算[假设路径]；生育TFR 2023=751→2046=938对齐官方推算[真实数据路径形状]；净迁移总量级对齐官方推算、年龄权重偏劳动年龄[假设]
2038,45-49,劳动年龄15-64,女,259248.2,25.9248,低,混合,[混合] 基准人口锚点=C&SD表110-01001A年中人口(不含外佣)；2026-2056为队列成分法推算[假设路径]；生育TFR 2023=751→2046=938对齐官方推算[真实数据路径形状]；净迁移总量级对齐官方推算、年龄权重偏劳动年龄[假设]
2038,5-9,少儿0-14,女,73285.5,7.3285,低,混合,[混合] 基准人口锚点=C&SD表110-01001A年中人口(不含外佣)；2026-2056为队列成分法推算[假设路径]；生育TFR 2023=751→2046=938对齐官方推算[真实数据路径形状]；净迁移总量级对齐官方推算、年龄权重偏劳动年龄[假设]
2038,50-54,劳动年龄15-64,女,280095.6,28.0096,低,混合,[混合] 基准人口锚点=C&SD表110-01001A年中人口(不含外佣)；2026-2056为队列成分法推算[假设路径]；生育TFR 2023=751→2046=938对齐官方推算[真实数据路径形状]；净迁移总量级对齐官方推算、年龄权重偏劳动年龄[假设]
2038,55-59,劳动年龄15-64,女,295578.4,29.5578,低,混合,[混合] 基准人口锚点=C&SD表110-01001A年中人口(不含外佣)；2026-2056为队列成分法推算[假设路径]；生育TFR 2023=751→2046=938对齐官方推算[真实数据路径形状]；净迁移总量级对齐官方推算、年龄权重偏劳动年龄[假设]
2038,60-64,劳动年龄15-64,女,309793.7,30.9794,低,混合,[混合] 基准人口锚点=C&SD表110-01001A年中人口(不含外佣)；2026-2056为队列成分法推算[假设路径]；生育TFR 2023=751→2046=938对齐官方推算[真实数据路径形状]；净迁移总量级对齐官方推算、年龄权重偏劳动年龄[假设]
2038,65-69,退休65+,女,314017.9,31.4018,低,混合,[混合] 基准人口锚点=C&SD表110-01001A年中人口(不含外佣)；2026-2056为队列成分法推算[假设路径]；生育TFR 2023=751→2046=938对齐官方推算[真实数据路径形状]；净迁移总量级对齐官方推算、年龄权重偏劳动年龄[假设]
2038,70-74,退休65+,女,320078.5,32.0078,低,混合,[混合] 基准人口锚点=C&SD表110-01001A年中人口(不含外佣)；2026-2056为队列成分法推算[假设路径]；生育TFR 2023=751→2046=938对齐官方推算[真实数据路径形状]；净迁移总量级对齐官方推算、年龄权重偏劳动年龄[假设]
2038,75-79,退休65+,女,299734.6,29.9735,低,混合,[混合] 基准人口锚点=C&SD表110-01001A年中人口(不含外佣)；2026-2056为队列成分法推算[假设路径]；生育TFR 2023=751→2046=938对齐官方推算[真实数据路径形状]；净迁移总量级对齐官方推算、年龄权重偏劳动年龄[假设]
2038,80-84,退休65+,女,238664.8,23.8665,低,混合,[混合] 基准人口锚点=C&SD表110-01001A年中人口(不含外佣)；2026-2056为队列成分法推算[假设路径]；生育TFR 2023=751→2046=938对齐官方推算[真实数据路径形状]；净迁移总量级对齐官方推算、年龄权重偏劳动年龄[假设]
2038,85+,退休65+,女,291372.8,29.1373,低,混合,[混合] 基准人口锚点=C&SD表110-01001A年中人口(不含外佣)；2026-2056为队列成分法推算[假设路径]；生育TFR 2023=751→2046=938对齐官方推算[真实数据路径形状]；净迁移总量级对齐官方推算、年龄权重偏劳动年龄[假设]
2038,0-4,少儿0-14,男,71739.8,7.174,低,混合,[混合] 基准人口锚点=C&SD表110-01001A年中人口(不含外佣)；2026-2056为队列成分法推算[假设路径]；生育TFR 2023=751→2046=938对齐官方推算[真实数据路径形状]；净迁移总量级对齐官方推算、年龄权重偏劳动年龄[假设]
2038,10-14,少儿0-14,男,86474.8,8.6475,低,混合,[混合] 基准人口锚点=C&SD表110-01001A年中人口(不含外佣)；2026-2056为队列成分法推算[假设路径]；生育TFR 2023=751→2046=938对齐官方推算[真实数据路径形状]；净迁移总量级对齐官方推算、年龄权重偏劳动年龄[假设]
2038,15-19,劳动年龄15-64,男,119377.5,11.9377,低,混合,[混合] 基准人口锚点=C&SD表110-01001A年中人口(不含外佣)；2026-2056为队列成分法推算[假设路径]；生育TFR 2023=751→2046=938对齐官方推算[真实数据路径形状]；净迁移总量级对齐官方推算、年龄权重偏劳动年龄[假设]
2038,20-24,劳动年龄15-64,男,158761.3,15.8761,低,混合,[混合] 基准人口锚点=C&SD表110-01001A年中人口(不含外佣)；2026-2056为队列成分法推算[假设路径]；生育TFR 2023=751→2046=938对齐官方推算[真实数据路径形状]；净迁移总量级对齐官方推算、年龄权重偏劳动年龄[假设]
2038,25-29,劳动年龄15-64,男,173848.7,17.3849,低,混合,[混合] 基准人口锚点=C&SD表110-01001A年中人口(不含外佣)；2026-2056为队列成分法推算[假设路径]；生育TFR 2023=751→2046=938对齐官方推算[真实数据路径形状]；净迁移总量级对齐官方推算、年龄权重偏劳动年龄[假设]
2038,30-34,劳动年龄15-64,男,172563.0,17.2563,低,混合,[混合] 基准人口锚点=C&SD表110-01001A年中人口(不含外佣)；2026-2056为队列成分法推算[假设路径]；生育TFR 2023=751→2046=938对齐官方推算[真实数据路径形状]；净迁移总量级对齐官方推算、年龄权重偏劳动年龄[假设]
2038,35-39,劳动年龄15-64,男,192992.2,19.2992,低,混合,[混合] 基准人口锚点=C&SD表110-01001A年中人口(不含外佣)；2026-2056为队列成分法推算[假设路径]；生育TFR 2023=751→2046=938对齐官方推算[真实数据路径形状]；净迁移总量级对齐官方推算、年龄权重偏劳动年龄[假设]
2038,40-44,劳动年龄15-64,男,232905.9,23.2906,低,混合,[混合] 基准人口锚点=C&SD表110-01001A年中人口(不含外佣)；2026-2056为队列成分法推算[假设路径]；生育TFR 2023=751→2046=938对齐官方推算[真实数据路径形状]；净迁移总量级对齐官方推算、年龄权重偏劳动年龄[假设]
2038,45-49,劳动年龄15-64,男,253380.8,25.3381,低,混合,[混合] 基准人口锚点=C&SD表110-01001A年中人口(不含外佣)；2026-2056为队列成分法推算[假设路径]；生育TFR 2023=751→2046=938对齐官方推算[真实数据路径形状]；净迁移总量级对齐官方推算、年龄权重偏劳动年龄[假设]
2038,5-9,少儿0-14,男,76905.0,7.6905,低,混合,[混合] 基准人口锚点=C&SD表110-01001A年中人口(不含外佣)；2026-2056为队列成分法推算[假设路径]；生育TFR 2023=751→2046=938对齐官方推算[真实数据路径形状]；净迁移总量级对齐官方推算、年龄权重偏劳动年龄[假设]
2038,50-54,劳动年龄15-64,男,253910.5,25.391,低,混合,[混合] 基准人口锚点=C&SD表110-01001A年中人口(不含外佣)；2026-2056为队列成分法推算[假设路径]；生育TFR 2023=751→2046=938对齐官方推算[真实数据路径形状]；净迁移总量级对齐官方推算、年龄权重偏劳动年龄[假设]
2038,55-59,劳动年龄15-64,男,245683.1,24.5683,低,混合,[混合] 基准人口锚点=C&SD表110-01001A年中人口(不含外佣)；2026-2056为队列成分法推算[假设路径]；生育TFR 2023=751→2046=938对齐官方推算[真实数据路径形状]；净迁移总量级对齐官方推算、年龄权重偏劳动年龄[假设]
2038,60-64,劳动年龄15-64,男,244199.3,24.4199,低,混合,[混合] 基准人口锚点=C&SD表110-01001A年中人口(不含外佣)；2026-2056为队列成分法推算[假设路径]；生育TFR 2023=751→2046=938对齐官方推算[真实数据路径形状]；净迁移总量级对齐官方推算、年龄权重偏劳动年龄[假设]
2038,65-69,退休65+,男,238519.9,23.852,低,混合,[混合] 基准人口锚点=C&SD表110-01001A年中人口(不含外佣)；2026-2056为队列成分法推算[假设路径]；生育TFR 2023=751→2046=938对齐官方推算[真实数据路径形状]；净迁移总量级对齐官方推算、年龄权重偏劳动年龄[假设]
2038,70-74,退休65+,男,244792.3,24.4792,低,混合,[混合] 基准人口锚点=C&SD表110-01001A年中人口(不含外佣)；2026-2056为队列成分法推算[假设路径]；生育TFR 2023=751→2046=938对齐官方推算[真实数据路径形状]；净迁移总量级对齐官方推算、年龄权重偏劳动年龄[假设]
2038,75-79,退休65+,男,244970.0,24.497,低,混合,[混合] 基准人口锚点=C&SD表110-01001A年中人口(不含外佣)；2026-2056为队列成分法推算[假设路径]；生育TFR 2023=751→2046=938对齐官方推算[真实数据路径形状]；净迁移总量级对齐官方推算、年龄权重偏劳动年龄[假设]
2038,80-84,退休65+,男,192277.6,19.2278,低,混合,[混合] 基准人口锚点=C&SD表110-01001A年中人口(不含外佣)；2026-2056为队列成分法推算[假设路径]；生育TFR 2023=751→2046=938对齐官方推算[真实数据路径形状]；净迁移总量级对齐官方推算、年龄权重偏劳动年龄[假设]
2038,85+,退休65+,男,202706.7,20.2707,低,混合,[混合] 基准人口锚点=C&SD表110-01001A年中人口(不含外佣)；2026-2056为队列成分法推算[假设路径]；生育TFR 2023=751→2046=938对齐官方推算[真实数据路径形状]；净迁移总量级对齐官方推算、年龄权重偏劳动年龄[假设]
2039,0-4,少儿0-14,女,67882.2,6.7882,低,混合,[混合] 基准人口锚点=C&SD表110-01001A年中人口(不含外佣)；2026-2056为队列成分法推算[假设路径]；生育TFR 2023=751→2046=938对齐官方推算[真实数据路径形状]；净迁移总量级对齐官方推算、年龄权重偏劳动年龄[假设]
2039,10-14,少儿0-14,女,80479.9,8.048,低,混合,[混合] 基准人口锚点=C&SD表110-01001A年中人口(不含外佣)；2026-2056为队列成分法推算[假设路径]；生育TFR 2023=751→2046=938对齐官方推算[真实数据路径形状]；净迁移总量级对齐官方推算、年龄权重偏劳动年龄[假设]
2039,15-19,劳动年龄15-64,女,105088.9,10.5089,低,混合,[混合] 基准人口锚点=C&SD表110-01001A年中人口(不含外佣)；2026-2056为队列成分法推算[假设路径]；生育TFR 2023=751→2046=938对齐官方推算[真实数据路径形状]；净迁移总量级对齐官方推算、年龄权重偏劳动年龄[假设]
2039,20-24,劳动年龄15-64,女,146477.5,14.6478,低,混合,[混合] 基准人口锚点=C&SD表110-01001A年中人口(不含外佣)；2026-2056为队列成分法推算[假设路径]；生育TFR 2023=751→2046=938对齐官方推算[真实数据路径形状]；净迁移总量级对齐官方推算、年龄权重偏劳动年龄[假设]
2039,25-29,劳动年龄15-64,女,167005.9,16.7006,低,混合,[混合] 基准人口锚点=C&SD表110-01001A年中人口(不含外佣)；2026-2056为队列成分法推算[假设路径]；生育TFR 2023=751→2046=938对齐官方推算[真实数据路径形状]；净迁移总量级对齐官方推算、年龄权重偏劳动年龄[假设]
2039,30-34,劳动年龄15-64,女,170517.8,17.0518,低,混合,[混合] 基准人口锚点=C&SD表110-01001A年中人口(不含外佣)；2026-2056为队列成分法推算[假设路径]；生育TFR 2023=751→2046=938对齐官方推算[真实数据路径形状]；净迁移总量级对齐官方推算、年龄权重偏劳动年龄[假设]
2039,35-39,劳动年龄15-64,女,184975.4,18.4975,低,混合,[混合] 基准人口锚点=C&SD表110-01001A年中人口(不含外佣)；2026-2056为队列成分法推算[假设路径]；生育TFR 2023=751→2046=938对齐官方推算[真实数据路径形状]；净迁移总量级对齐官方推算、年龄权重偏劳动年龄[假设]
2039,40-44,劳动年龄15-64,女,220939.4,22.0939,低,混合,[混合] 基准人口锚点=C&SD表110-01001A年中人口(不含外佣)；2026-2056为队列成分法推算[假设路径]；生育TFR 2023=751→2046=938对齐官方推算[真实数据路径形状]；净迁移总量级对齐官方推算、年龄权重偏劳动年龄[假设]
2039,45-49,劳动年龄15-64,女,256761.3,25.6761,低,混合,[混合] 基准人口锚点=C&SD表110-01001A年中人口(不含外佣)；2026-2056为队列成分法推算[假设路径]；生育TFR 2023=751→2046=938对齐官方推算[真实数据路径形状]；净迁移总量级对齐官方推算、年龄权重偏劳动年龄[假设]
2039,5-9,少儿0-14,女,72588.8,7.2589,低,混合,[混合] 基准人口锚点=C&SD表110-01001A年中人口(不含外佣)；2026-2056为队列成分法推算[假设路径]；生育TFR 2023=751→2046=938对齐官方推算[真实数据路径形状]；净迁移总量级对齐官方推算、年龄权重偏劳动年龄[假设]
2039,50-54,劳动年龄15-64,女,276742.0,27.6742,低,混合,[混合] 基准人口锚点=C&SD表110-01001A年中人口(不含外佣)；2026-2056为队列成分法推算[假设路径]；生育TFR 2023=751→2046=938对齐官方推算[真实数据路径形状]；净迁移总量级对齐官方推算、年龄权重偏劳动年龄[假设]
2039,55-59,劳动年龄15-64,女,294161.9,29.4162,低,混合,[混合] 基准人口锚点=C&SD表110-01001A年中人口(不含外佣)；2026-2056为队列成分法推算[假设路径]；生育TFR 2023=751→2046=938对齐官方推算[真实数据路径形状]；净迁移总量级对齐官方推算、年龄权重偏劳动年龄[假设]
2039,60-64,劳动年龄15-64,女,307294.1,30.7294,低,混合,[混合] 基准人口锚点=C&SD表110-01001A年中人口(不含外佣)；2026-2056为队列成分法推算[假设路径]；生育TFR 2023=751→2046=938对齐官方推算[真实数据路径形状]；净迁移总量级对齐官方推算、年龄权重偏劳动年龄[假设]
2039,65-69,退休65+,女,313724.4,31.3724,低,混合,[混合] 基准人口锚点=C&SD表110-01001A年中人口(不含外佣)；2026-2056为队列成分法推算[假设路径]；生育TFR 2023=751→2046=938对齐官方推算[真实数据路径形状]；净迁移总量级对齐官方推算、年龄权重偏劳动年龄[假设]
2039,70-74,退休65+,女,315927.9,31.5928,低,混合,[混合] 基准人口锚点=C&SD表110-01001A年中人口(不含外佣)；2026-2056为队列成分法推算[假设路径]；生育TFR 2023=751→2046=938对齐官方推算[真实数据路径形状]；净迁移总量级对齐官方推算、年龄权重偏劳动年龄[假设]
2039,75-79,退休65+,女,304931.1,30.4931,低,混合,[混合] 基准人口锚点=C&SD表110-01001A年中人口(不含外佣)；2026-2056为队列成分法推算[假设路径]；生育TFR 2023=751→2046=938对齐官方推算[真实数据路径形状]；净迁移总量级对齐官方推算、年龄权重偏劳动年龄[假设]
2039,80-84,退休65+,女,248252.8,24.8253,低,混合,[混合] 基准人口锚点=C&SD表110-01001A年中人口(不含外佣)；2026-2056为队列成分法推算[假设路径]；生育TFR 2023=751→2046=938对齐官方推算[真实数据路径形状]；净迁移总量级对齐官方推算、年龄权重偏劳动年龄[假设]
2039,85+,退休65+,女,310808.2,31.0808,低,混合,[混合] 基准人口锚点=C&SD表110-01001A年中人口(不含外佣)；2026-2056为队列成分法推算[假设路径]；生育TFR 2023=751→2046=938对齐官方推算[真实数据路径形状]；净迁移总量级对齐官方推算、年龄权重偏劳动年龄[假设]
2039,0-4,少儿0-14,男,71652.1,7.1652,低,混合,[混合] 基准人口锚点=C&SD表110-01001A年中人口(不含外佣)；2026-2056为队列成分法推算[假设路径]；生育TFR 2023=751→2046=938对齐官方推算[真实数据路径形状]；净迁移总量级对齐官方推算、年龄权重偏劳动年龄[假设]
2039,10-14,少儿0-14,男,85054.0,8.5054,低,混合,[混合] 基准人口锚点=C&SD表110-01001A年中人口(不含外佣)；2026-2056为队列成分法推算[假设路径]；生育TFR 2023=751→2046=938对齐官方推算[真实数据路径形状]；净迁移总量级对齐官方推算、年龄权重偏劳动年龄[假设]
2039,15-19,劳动年龄15-64,男,111579.1,11.1579,低,混合,[混合] 基准人口锚点=C&SD表110-01001A年中人口(不含外佣)；2026-2056为队列成分法推算[假设路径]；生育TFR 2023=751→2046=938对齐官方推算[真实数据路径形状]；净迁移总量级对齐官方推算、年龄权重偏劳动年龄[假设]
2039,20-24,劳动年龄15-64,男,154412.0,15.4412,低,混合,[混合] 基准人口锚点=C&SD表110-01001A年中人口(不含外佣)；2026-2056为队列成分法推算[假设路径]；生育TFR 2023=751→2046=938对齐官方推算[真实数据路径形状]；净迁移总量级对齐官方推算、年龄权重偏劳动年龄[假设]
2039,25-29,劳动年龄15-64,男,175448.5,17.5449,低,混合,[混合] 基准人口锚点=C&SD表110-01001A年中人口(不含外佣)；2026-2056为队列成分法推算[假设路径]；生育TFR 2023=751→2046=938对齐官方推算[真实数据路径形状]；净迁移总量级对齐官方推算、年龄权重偏劳动年龄[假设]
2039,30-34,劳动年龄15-64,男,175141.9,17.5142,低,混合,[混合] 基准人口锚点=C&SD表110-01001A年中人口(不含外佣)；2026-2056为队列成分法推算[假设路径]；生育TFR 2023=751→2046=938对齐官方推算[真实数据路径形状]；净迁移总量级对齐官方推算、年龄权重偏劳动年龄[假设]
2039,35-39,劳动年龄15-64,男,187896.1,18.7896,低,混合,[混合] 基准人口锚点=C&SD表110-01001A年中人口(不含外佣)；2026-2056为队列成分法推算[假设路径]；生育TFR 2023=751→2046=938对齐官方推算[真实数据路径形状]；净迁移总量级对齐官方推算、年龄权重偏劳动年龄[假设]
2039,40-44,劳动年龄15-64,男,226320.8,22.6321,低,混合,[混合] 基准人口锚点=C&SD表110-01001A年中人口(不含外佣)；2026-2056为队列成分法推算[假设路径]；生育TFR 2023=751→2046=938对齐官方推算[真实数据路径形状]；净迁移总量级对齐官方推算、年龄权重偏劳动年龄[假设]
2039,45-49,劳动年龄15-64,男,253208.5,25.3209,低,混合,[混合] 基准人口锚点=C&SD表110-01001A年中人口(不含外佣)；2026-2056为队列成分法推算[假设路径]；生育TFR 2023=751→2046=938对齐官方推算[真实数据路径形状]；净迁移总量级对齐官方推算、年龄权重偏劳动年龄[假设]
2039,5-9,少儿0-14,男,76162.4,7.6162,低,混合,[混合] 基准人口锚点=C&SD表110-01001A年中人口(不含外佣)；2026-2056为队列成分法推算[假设路径]；生育TFR 2023=751→2046=938对齐官方推算[真实数据路径形状]；净迁移总量级对齐官方推算、年龄权重偏劳动年龄[假设]
2039,50-54,劳动年龄15-64,男,255151.7,25.5152,低,混合,[混合] 基准人口锚点=C&SD表110-01001A年中人口(不含外佣)；2026-2056为队列成分法推算[假设路径]；生育TFR 2023=751→2046=938对齐官方推算[真实数据路径形状]；净迁移总量级对齐官方推算、年龄权重偏劳动年龄[假设]
2039,55-59,劳动年龄15-64,男,248333.7,24.8334,低,混合,[混合] 基准人口锚点=C&SD表110-01001A年中人口(不含外佣)；2026-2056为队列成分法推算[假设路径]；生育TFR 2023=751→2046=938对齐官方推算[真实数据路径形状]；净迁移总量级对齐官方推算、年龄权重偏劳动年龄[假设]
2039,60-64,劳动年龄15-64,男,243295.9,24.3296,低,混合,[混合] 基准人口锚点=C&SD表110-01001A年中人口(不含外佣)；2026-2056为队列成分法推算[假设路径]；生育TFR 2023=751→2046=938对齐官方推算[真实数据路径形状]；净迁移总量级对齐官方推算、年龄权重偏劳动年龄[假设]
2039,65-69,退休65+,男,239293.0,23.9293,低,混合,[混合] 基准人口锚点=C&SD表110-01001A年中人口(不含外佣)；2026-2056为队列成分法推算[假设路径]；生育TFR 2023=751→2046=938对齐官方推算[真实数据路径形状]；净迁移总量级对齐官方推算、年龄权重偏劳动年龄[假设]
2039,70-74,退休65+,男,238130.9,23.8131,低,混合,[混合] 基准人口锚点=C&SD表110-01001A年中人口(不含外佣)；2026-2056为队列成分法推算[假设路径]；生育TFR 2023=751→2046=938对齐官方推算[真实数据路径形状]；净迁移总量级对齐官方推算、年龄权重偏劳动年龄[假设]
2039,75-79,退休65+,男,242326.3,24.2326,低,混合,[混合] 基准人口锚点=C&SD表110-01001A年中人口(不含外佣)；2026-2056为队列成分法推算[假设路径]；生育TFR 2023=751→2046=938对齐官方推算[真实数据路径形状]；净迁移总量级对齐官方推算、年龄权重偏劳动年龄[假设]
2039,80-84,退休65+,男,200119.6,20.012,低,混合,[混合] 基准人口锚点=C&SD表110-01001A年中人口(不含外佣)；2026-2056为队列成分法推算[假设路径]；生育TFR 2023=751→2046=938对齐官方推算[真实数据路径形状]；净迁移总量级对齐官方推算、年龄权重偏劳动年龄[假设]
2039,85+,退休65+,男,215327.2,21.5327,低,混合,[混合] 基准人口锚点=C&SD表110-01001A年中人口(不含外佣)；2026-2056为队列成分法推算[假设路径]；生育TFR 2023=751→2046=938对齐官方推算[真实数据路径形状]；净迁移总量级对齐官方推算、年龄权重偏劳动年龄[假设]
2040,0-4,少儿0-14,女,67920.0,6.792,低,混合,[混合] 基准人口锚点=C&SD表110-01001A年中人口(不含外佣)；2026-2056为队列成分法推算[假设路径]；生育TFR 2023=751→2046=938对齐官方推算[真实数据路径形状]；净迁移总量级对齐官方推算、年龄权重偏劳动年龄[假设]
2040,10-14,少儿0-14,女,79283.2,7.9283,低,混合,[混合] 基准人口锚点=C&SD表110-01001A年中人口(不含外佣)；2026-2056为队列成分法推算[假设路径]；生育TFR 2023=751→2046=938对齐官方推算[真实数据路径形状]；净迁移总量级对齐官方推算、年龄权重偏劳动年龄[假设]
2040,15-19,劳动年龄15-64,女,97682.6,9.7683,低,混合,[混合] 基准人口锚点=C&SD表110-01001A年中人口(不含外佣)；2026-2056为队列成分法推算[假设路径]；生育TFR 2023=751→2046=938对齐官方推算[真实数据路径形状]；净迁移总量级对齐官方推算、年龄权重偏劳动年龄[假设]
2040,20-24,劳动年龄15-64,女,142483.9,14.2484,低,混合,[混合] 基准人口锚点=C&SD表110-01001A年中人口(不含外佣)；2026-2056为队列成分法推算[假设路径]；生育TFR 2023=751→2046=938对齐官方推算[真实数据路径形状]；净迁移总量级对齐官方推算、年龄权重偏劳动年龄[假设]
2040,25-29,劳动年龄15-64,女,168238.7,16.8239,低,混合,[混合] 基准人口锚点=C&SD表110-01001A年中人口(不含外佣)；2026-2056为队列成分法推算[假设路径]；生育TFR 2023=751→2046=938对齐官方推算[真实数据路径形状]；净迁移总量级对齐官方推算、年龄权重偏劳动年龄[假设]
2040,30-34,劳动年龄15-64,女,171568.2,17.1568,低,混合,[混合] 基准人口锚点=C&SD表110-01001A年中人口(不含外佣)；2026-2056为队列成分法推算[假设路径]；生育TFR 2023=751→2046=938对齐官方推算[真实数据路径形状]；净迁移总量级对齐官方推算、年龄权重偏劳动年龄[假设]
2040,35-39,劳动年龄15-64,女,181668.3,18.1668,低,混合,[混合] 基准人口锚点=C&SD表110-01001A年中人口(不含外佣)；2026-2056为队列成分法推算[假设路径]；生育TFR 2023=751→2046=938对齐官方推算[真实数据路径形状]；净迁移总量级对齐官方推算、年龄权重偏劳动年龄[假设]
2040,40-44,劳动年龄15-64,女,213349.0,21.3349,低,混合,[混合] 基准人口锚点=C&SD表110-01001A年中人口(不含外佣)；2026-2056为队列成分法推算[假设路径]；生育TFR 2023=751→2046=938对齐官方推算[真实数据路径形状]；净迁移总量级对齐官方推算、年龄权重偏劳动年龄[假设]
2040,45-49,劳动年龄15-64,女,254220.4,25.422,低,混合,[混合] 基准人口锚点=C&SD表110-01001A年中人口(不含外佣)；2026-2056为队列成分法推算[假设路径]；生育TFR 2023=751→2046=938对齐官方推算[真实数据路径形状]；净迁移总量级对齐官方推算、年龄权重偏劳动年龄[假设]
2040,5-9,少儿0-14,女,71964.3,7.1964,低,混合,[混合] 基准人口锚点=C&SD表110-01001A年中人口(不含外佣)；2026-2056为队列成分法推算[假设路径]；生育TFR 2023=751→2046=938对齐官方推算[真实数据路径形状]；净迁移总量级对齐官方推算、年龄权重偏劳动年龄[假设]
2040,50-54,劳动年龄15-64,女,273378.9,27.3379,低,混合,[混合] 基准人口锚点=C&SD表110-01001A年中人口(不含外佣)；2026-2056为队列成分法推算[假设路径]；生育TFR 2023=751→2046=938对齐官方推算[真实数据路径形状]；净迁移总量级对齐官方推算、年龄权重偏劳动年龄[假设]
2040,55-59,劳动年龄15-64,女,292872.0,29.2872,低,混合,[混合] 基准人口锚点=C&SD表110-01001A年中人口(不含外佣)；2026-2056为队列成分法推算[假设路径]；生育TFR 2023=751→2046=938对齐官方推算[真实数据路径形状]；净迁移总量级对齐官方推算、年龄权重偏劳动年龄[假设]
2040,60-64,劳动年龄15-64,女,304789.6,30.479,低,混合,[混合] 基准人口锚点=C&SD表110-01001A年中人口(不含外佣)；2026-2056为队列成分法推算[假设路径]；生育TFR 2023=751→2046=938对齐官方推算[真实数据路径形状]；净迁移总量级对齐官方推算、年龄权重偏劳动年龄[假设]
2040,65-69,退休65+,女,313464.0,31.3464,低,混合,[混合] 基准人口锚点=C&SD表110-01001A年中人口(不含外佣)；2026-2056为队列成分法推算[假设路径]；生育TFR 2023=751→2046=938对齐官方推算[真实数据路径形状]；净迁移总量级对齐官方推算、年龄权重偏劳动年龄[假设]
2040,70-74,退休65+,女,311924.2,31.1924,低,混合,[混合] 基准人口锚点=C&SD表110-01001A年中人口(不含外佣)；2026-2056为队列成分法推算[假设路径]；生育TFR 2023=751→2046=938对齐官方推算[真实数据路径形状]；净迁移总量级对齐官方推算、年龄权重偏劳动年龄[假设]
2040,75-79,退休65+,女,310274.2,31.0274,低,混合,[混合] 基准人口锚点=C&SD表110-01001A年中人口(不含外佣)；2026-2056为队列成分法推算[假设路径]；生育TFR 2023=751→2046=938对齐官方推算[真实数据路径形状]；净迁移总量级对齐官方推算、年龄权重偏劳动年龄[假设]
2040,80-84,退休65+,女,257666.1,25.7666,低,混合,[混合] 基准人口锚点=C&SD表110-01001A年中人口(不含外佣)；2026-2056为队列成分法推算[假设路径]；生育TFR 2023=751→2046=938对齐官方推算[真实数据路径形状]；净迁移总量级对齐官方推算、年龄权重偏劳动年龄[假设]
2040,85+,退休65+,女,328756.9,32.8757,低,混合,[混合] 基准人口锚点=C&SD表110-01001A年中人口(不含外佣)；2026-2056为队列成分法推算[假设路径]；生育TFR 2023=751→2046=938对齐官方推算[真实数据路径形状]；净迁移总量级对齐官方推算、年龄权重偏劳动年龄[假设]
2040,0-4,少儿0-14,男,71700.5,7.17,低,混合,[混合] 基准人口锚点=C&SD表110-01001A年中人口(不含外佣)；2026-2056为队列成分法推算[假设路径]；生育TFR 2023=751→2046=938对齐官方推算[真实数据路径形状]；净迁移总量级对齐官方推算、年龄权重偏劳动年龄[假设]
2040,10-14,少儿0-14,男,83325.9,8.3326,低,混合,[混合] 基准人口锚点=C&SD表110-01001A年中人口(不含外佣)；2026-2056为队列成分法推算[假设路径]；生育TFR 2023=751→2046=938对齐官方推算[真实数据路径形状]；净迁移总量级对齐官方推算、年龄权重偏劳动年龄[假设]
2040,15-19,劳动年龄15-64,男,103704.4,10.3704,低,混合,[混合] 基准人口锚点=C&SD表110-01001A年中人口(不含外佣)；2026-2056为队列成分法推算[假设路径]；生育TFR 2023=751→2046=938对齐官方推算[真实数据路径形状]；净迁移总量级对齐官方推算、年龄权重偏劳动年龄[假设]
2040,20-24,劳动年龄15-64,男,149920.2,14.992,低,混合,[混合] 基准人口锚点=C&SD表110-01001A年中人口(不含外佣)；2026-2056为队列成分法推算[假设路径]；生育TFR 2023=751→2046=938对齐官方推算[真实数据路径形状]；净迁移总量级对齐官方推算、年龄权重偏劳动年龄[假设]
2040,25-29,劳动年龄15-64,男,176691.7,17.6692,低,混合,[混合] 基准人口锚点=C&SD表110-01001A年中人口(不含外佣)；2026-2056为队列成分法推算[假设路径]；生育TFR 2023=751→2046=938对齐官方推算[真实数据路径形状]；净迁移总量级对齐官方推算、年龄权重偏劳动年龄[假设]
2040,30-34,劳动年龄15-64,男,177639.5,17.764,低,混合,[混合] 基准人口锚点=C&SD表110-01001A年中人口(不含外佣)；2026-2056为队列成分法推算[假设路径]；生育TFR 2023=751→2046=938对齐官方推算[真实数据路径形状]；净迁移总量级对齐官方推算、年龄权重偏劳动年龄[假设]
2040,35-39,劳动年龄15-64,男,182725.4,18.2725,低,混合,[混合] 基准人口锚点=C&SD表110-01001A年中人口(不含外佣)；2026-2056为队列成分法推算[假设路径]；生育TFR 2023=751→2046=938对齐官方推算[真实数据路径形状]；净迁移总量级对齐官方推算、年龄权重偏劳动年龄[假设]
2040,40-44,劳动年龄15-64,男,219671.9,21.9672,低,混合,[混合] 基准人口锚点=C&SD表110-01001A年中人口(不含外佣)；2026-2056为队列成分法推算[假设路径]；生育TFR 2023=751→2046=938对齐官方推算[真实数据路径形状]；净迁移总量级对齐官方推算、年龄权重偏劳动年龄[假设]
2040,45-49,劳动年龄15-64,男,252987.1,25.2987,低,混合,[混合] 基准人口锚点=C&SD表110-01001A年中人口(不含外佣)；2026-2056为队列成分法推算[假设路径]；生育TFR 2023=751→2046=938对齐官方推算[真实数据路径形状]；净迁移总量级对齐官方推算、年龄权重偏劳动年龄[假设]
2040,5-9,少儿0-14,男,75502.2,7.5502,低,混合,[混合] 基准人口锚点=C&SD表110-01001A年中人口(不含外佣)；2026-2056为队列成分法推算[假设路径]；生育TFR 2023=751→2046=938对齐官方推算[真实数据路径形状]；净迁移总量级对齐官方推算、年龄权重偏劳动年龄[假设]
2040,50-54,劳动年龄15-64,男,256396.6,25.6397,低,混合,[混合] 基准人口锚点=C&SD表110-01001A年中人口(不含外佣)；2026-2056为队列成分法推算[假设路径]；生育TFR 2023=751→2046=938对齐官方推算[真实数据路径形状]；净迁移总量级对齐官方推算、年龄权重偏劳动年龄[假设]
2040,55-59,劳动年龄15-64,男,251096.7,25.1097,低,混合,[混合] 基准人口锚点=C&SD表110-01001A年中人口(不含外佣)；2026-2056为队列成分法推算[假设路径]；生育TFR 2023=751→2046=938对齐官方推算[真实数据路径形状]；净迁移总量级对齐官方推算、年龄权重偏劳动年龄[假设]
2040,60-64,劳动年龄15-64,男,242411.2,24.2411,低,混合,[混合] 基准人口锚点=C&SD表110-01001A年中人口(不含外佣)；2026-2056为队列成分法推算[假设路径]；生育TFR 2023=751→2046=938对齐官方推算[真实数据路径形状]；净迁移总量级对齐官方推算、年龄权重偏劳动年龄[假设]
2040,65-69,退休65+,男,240116.5,24.0116,低,混合,[混合] 基准人口锚点=C&SD表110-01001A年中人口(不含外佣)；2026-2056为队列成分法推算[假设路径]；生育TFR 2023=751→2046=938对齐官方推算[真实数据路径形状]；净迁移总量级对齐官方推算、年龄权重偏劳动年龄[假设]
2040,70-74,退休65+,男,231723.7,23.1724,低,混合,[混合] 基准人口锚点=C&SD表110-01001A年中人口(不含外佣)；2026-2056为队列成分法推算[假设路径]；生育TFR 2023=751→2046=938对齐官方推算[真实数据路径形状]；净迁移总量级对齐官方推算、年龄权重偏劳动年龄[假设]
2040,75-79,退休65+,男,240068.2,24.0068,低,混合,[混合] 基准人口锚点=C&SD表110-01001A年中人口(不含外佣)；2026-2056为队列成分法推算[假设路径]；生育TFR 2023=751→2046=938对齐官方推算[真实数据路径形状]；净迁移总量级对齐官方推算、年龄权重偏劳动年龄[假设]
2040,80-84,退休65+,男,207653.7,20.7654,低,混合,[混合] 基准人口锚点=C&SD表110-01001A年中人口(不含外佣)；2026-2056为队列成分法推算[假设路径]；生育TFR 2023=751→2046=938对齐官方推算[真实数据路径形状]；净迁移总量级对齐官方推算、年龄权重偏劳动年龄[假设]
2040,85+,退休65+,男,226540.6,22.6541,低,混合,[混合] 基准人口锚点=C&SD表110-01001A年中人口(不含外佣)；2026-2056为队列成分法推算[假设路径]；生育TFR 2023=751→2046=938对齐官方推算[真实数据路径形状]；净迁移总量级对齐官方推算、年龄权重偏劳动年龄[假设]
2041,0-4,少儿0-14,女,68077.0,6.8077,低,混合,[混合] 基准人口锚点=C&SD表110-01001A年中人口(不含外佣)；2026-2056为队列成分法推算[假设路径]；生育TFR 2023=751→2046=938对齐官方推算[真实数据路径形状]；净迁移总量级对齐官方推算、年龄权重偏劳动年龄[假设]
2041,10-14,少儿0-14,女,77771.0,7.7771,低,混合,[混合] 基准人口锚点=C&SD表110-01001A年中人口(不含外佣)；2026-2056为队列成分法推算[假设路径]；生育TFR 2023=751→2046=938对齐官方推算[真实数据路径形状]；净迁移总量级对齐官方推算、年龄权重偏劳动年龄[假设]
2041,15-19,劳动年龄15-64,女,90225.6,9.0226,低,混合,[混合] 基准人口锚点=C&SD表110-01001A年中人口(不含外佣)；2026-2056为队列成分法推算[假设路径]；生育TFR 2023=751→2046=938对齐官方推算[真实数据路径形状]；净迁移总量级对齐官方推算、年龄权重偏劳动年龄[假设]
2041,20-24,劳动年龄15-64,女,138335.1,13.8335,低,混合,[混合] 基准人口锚点=C&SD表110-01001A年中人口(不含外佣)；2026-2056为队列成分法推算[假设路径]；生育TFR 2023=751→2046=938对齐官方推算[真实数据路径形状]；净迁移总量级对齐官方推算、年龄权重偏劳动年龄[假设]
2041,25-29,劳动年龄15-64,女,169068.5,16.9068,低,混合,[混合] 基准人口锚点=C&SD表110-01001A年中人口(不含外佣)；2026-2056为队列成分法推算[假设路径]；生育TFR 2023=751→2046=938对齐官方推算[真实数据路径形状]；净迁移总量级对齐官方推算、年龄权重偏劳动年龄[假设]
2041,30-34,劳动年龄15-64,女,172530.7,17.2531,低,混合,[混合] 基准人口锚点=C&SD表110-01001A年中人口(不含外佣)；2026-2056为队列成分法推算[假设路径]；生育TFR 2023=751→2046=938对齐官方推算[真实数据路径形状]；净迁移总量级对齐官方推算、年龄权重偏劳动年龄[假设]
2041,35-39,劳动年龄15-64,女,178272.9,17.8273,低,混合,[混合] 基准人口锚点=C&SD表110-01001A年中人口(不含外佣)；2026-2056为队列成分法推算[假设路径]；生育TFR 2023=751→2046=938对齐官方推算[真实数据路径形状]；净迁移总量级对齐官方推算、年龄权重偏劳动年龄[假设]
2041,40-44,劳动年龄15-64,女,205677.5,20.5678,低,混合,[混合] 基准人口锚点=C&SD表110-01001A年中人口(不含外佣)；2026-2056为队列成分法推算[假设路径]；生育TFR 2023=751→2046=938对齐官方推算[真实数据路径形状]；净迁移总量级对齐官方推算、年龄权重偏劳动年龄[假设]
2041,45-49,劳动年龄15-64,女,251612.1,25.1612,低,混合,[混合] 基准人口锚点=C&SD表110-01001A年中人口(不含外佣)；2026-2056为队列成分法推算[假设路径]；生育TFR 2023=751→2046=938对齐官方推算[真实数据路径形状]；净迁移总量级对齐官方推算、年龄权重偏劳动年龄[假设]
2041,5-9,少儿0-14,女,71414.8,7.1415,低,混合,[混合] 基准人口锚点=C&SD表110-01001A年中人口(不含外佣)；2026-2056为队列成分法推算[假设路径]；生育TFR 2023=751→2046=938对齐官方推算[真实数据路径形状]；净迁移总量级对齐官方推算、年龄权重偏劳动年龄[假设]
2041,50-54,劳动年龄15-64,女,270006.2,27.0006,低,混合,[混合] 基准人口锚点=C&SD表110-01001A年中人口(不含外佣)；2026-2056为队列成分法推算[假设路径]；生育TFR 2023=751→2046=938对齐官方推算[真实数据路径形状]；净迁移总量级对齐官方推算、年龄权重偏劳动年龄[假设]
2041,55-59,劳动年龄15-64,女,291714.4,29.1714,低,混合,[混合] 基准人口锚点=C&SD表110-01001A年中人口(不含外佣)；2026-2056为队列成分法推算[假设路径]；生育TFR 2023=751→2046=938对齐官方推算[真实数据路径形状]；净迁移总量级对齐官方推算、年龄权重偏劳动年龄[假设]
2041,60-64,劳动年龄15-64,女,302279.6,30.228,低,混合,[混合] 基准人口锚点=C&SD表110-01001A年中人口(不含外佣)；2026-2056为队列成分法推算[假设路径]；生育TFR 2023=751→2046=938对齐官方推算[真实数据路径形状]；净迁移总量级对齐官方推算、年龄权重偏劳动年龄[假设]
2041,65-69,退休65+,女,313220.6,31.3221,低,混合,[混合] 基准人口锚点=C&SD表110-01001A年中人口(不含外佣)；2026-2056为队列成分法推算[假设路径]；生育TFR 2023=751→2046=938对齐官方推算[真实数据路径形状]；净迁移总量级对齐官方推算、年龄权重偏劳动年龄[假设]
2041,70-74,退休65+,女,308065.7,30.8066,低,混合,[混合] 基准人口锚点=C&SD表110-01001A年中人口(不含外佣)；2026-2056为队列成分法推算[假设路径]；生育TFR 2023=751→2046=938对齐官方推算[真实数据路径形状]；净迁移总量级对齐官方推算、年龄权重偏劳动年龄[假设]
2041,75-79,退休65+,女,315769.1,31.5769,低,混合,[混合] 基准人口锚点=C&SD表110-01001A年中人口(不含外佣)；2026-2056为队列成分法推算[假设路径]；生育TFR 2023=751→2046=938对齐官方推算[真实数据路径形状]；净迁移总量级对齐官方推算、年龄权重偏劳动年龄[假设]
2041,80-84,退休65+,女,266911.5,26.6912,低,混合,[混合] 基准人口锚点=C&SD表110-01001A年中人口(不含外佣)；2026-2056为队列成分法推算[假设路径]；生育TFR 2023=751→2046=938对齐官方推算[真实数据路径形状]；净迁移总量级对齐官方推算、年龄权重偏劳动年龄[假设]
2041,85+,退休65+,女,345345.7,34.5346,低,混合,[混合] 基准人口锚点=C&SD表110-01001A年中人口(不含外佣)；2026-2056为队列成分法推算[假设路径]；生育TFR 2023=751→2046=938对齐官方推算[真实数据路径形状]；净迁移总量级对齐官方推算、年龄权重偏劳动年龄[假设]
2041,0-4,少儿0-14,男,71876.3,7.1876,低,混合,[混合] 基准人口锚点=C&SD表110-01001A年中人口(不含外佣)；2026-2056为队列成分法推算[假设路径]；生育TFR 2023=751→2046=938对齐官方推算[真实数据路径形状]；净迁移总量级对齐官方推算、年龄权重偏劳动年龄[假设]
2041,10-14,少儿0-14,男,81286.4,8.1286,低,混合,[混合] 基准人口锚点=C&SD表110-01001A年中人口(不含外佣)；2026-2056为队列成分法推算[假设路径]；生育TFR 2023=751→2046=938对齐官方推算[真实数据路径形状]；净迁移总量级对齐官方推算、年龄权重偏劳动年龄[假设]
2041,15-19,劳动年龄15-64,男,95778.3,9.5778,低,混合,[混合] 基准人口锚点=C&SD表110-01001A年中人口(不含外佣)；2026-2056为队列成分法推算[假设路径]；生育TFR 2023=751→2046=938对齐官方推算[真实数据路径形状]；净迁移总量级对齐官方推算、年龄权重偏劳动年龄[假设]
2041,20-24,劳动年龄15-64,男,145285.8,14.5286,低,混合,[混合] 基准人口锚点=C&SD表110-01001A年中人口(不含外佣)；2026-2056为队列成分法推算[假设路径]；生育TFR 2023=751→2046=938对齐官方推算[真实数据路径形状]；净迁移总量级对齐官方推算、年龄权重偏劳动年龄[假设]
2041,25-29,劳动年龄15-64,男,177566.2,17.7566,低,混合,[混合] 基准人口锚点=C&SD表110-01001A年中人口(不含外佣)；2026-2056为队列成分法推算[假设路径]；生育TFR 2023=751→2046=938对齐官方推算[真实数据路径形状]；净迁移总量级对齐官方推算、年龄权重偏劳动年龄[假设]
2041,30-34,劳动年龄15-64,男,180055.7,18.0056,低,混合,[混合] 基准人口锚点=C&SD表110-01001A年中人口(不含外佣)；2026-2056为队列成分法推算[假设路径]；生育TFR 2023=751→2046=938对齐官方推算[真实数据路径形状]；净迁移总量级对齐官方推算、年龄权重偏劳动年龄[假设]
2041,35-39,劳动年龄15-64,男,177480.1,17.748,低,混合,[混合] 基准人口锚点=C&SD表110-01001A年中人口(不含外佣)；2026-2056为队列成分法推算[假设路径]；生育TFR 2023=751→2046=938对齐官方推算[真实数据路径形状]；净迁移总量级对齐官方推算、年龄权重偏劳动年龄[假设]
2041,40-44,劳动年龄15-64,男,212959.2,21.2959,低,混合,[混合] 基准人口锚点=C&SD表110-01001A年中人口(不含外佣)；2026-2056为队列成分法推算[假设路径]；生育TFR 2023=751→2046=938对齐官方推算[真实数据路径形状]；净迁移总量级对齐官方推算、年龄权重偏劳动年龄[假设]
2041,45-49,劳动年龄15-64,男,252704.0,25.2704,低,混合,[混合] 基准人口锚点=C&SD表110-01001A年中人口(不含外佣)；2026-2056为队列成分法推算[假设路径]；生育TFR 2023=751→2046=938对齐官方推算[真实数据路径形状]；净迁移总量级对齐官方推算、年龄权重偏劳动年龄[假设]
2041,5-9,少儿0-14,男,74927.5,7.4928,低,混合,[混合] 基准人口锚点=C&SD表110-01001A年中人口(不含外佣)；2026-2056为队列成分法推算[假设路径]；生育TFR 2023=751→2046=938对齐官方推算[真实数据路径形状]；净迁移总量级对齐官方推算、年龄权重偏劳动年龄[假设]
2041,50-54,劳动年龄15-64,男,257645.0,25.7645,低,混合,[混合] 基准人口锚点=C&SD表110-01001A年中人口(不含外佣)；2026-2056为队列成分法推算[假设路径]；生育TFR 2023=751→2046=938对齐官方推算[真实数据路径形状]；净迁移总量级对齐官方推算、年龄权重偏劳动年龄[假设]
2041,55-59,劳动年龄15-64,男,253977.5,25.3977,低,混合,[混合] 基准人口锚点=C&SD表110-01001A年中人口(不含外佣)；2026-2056为队列成分法推算[假设路径]；生育TFR 2023=751→2046=938对齐官方推算[真实数据路径形状]；净迁移总量级对齐官方推算、年龄权重偏劳动年龄[假设]
2041,60-64,劳动年龄15-64,男,241544.5,24.1545,低,混合,[混合] 基准人口锚点=C&SD表110-01001A年中人口(不含外佣)；2026-2056为队列成分法推算[假设路径]；生育TFR 2023=751→2046=938对齐官方推算[真实数据路径形状]；净迁移总量级对齐官方推算、年龄权重偏劳动年龄[假设]
2041,65-69,退休65+,男,240975.3,24.0975,低,混合,[混合] 基准人口锚点=C&SD表110-01001A年中人口(不含外佣)；2026-2056为队列成分法推算[假设路径]；生育TFR 2023=751→2046=938对齐官方推算[真实数据路径形状]；净迁移总量级对齐官方推算、年龄权重偏劳动年龄[假设]
2041,70-74,退休65+,男,225563.5,22.5563,低,混合,[混合] 基准人口锚点=C&SD表110-01001A年中人口(不含外佣)；2026-2056为队列成分法推算[假设路径]；生育TFR 2023=751→2046=938对齐官方推算[真实数据路径形状]；净迁移总量级对齐官方推算、年龄权重偏劳动年龄[假设]
2041,75-79,退休65+,男,238187.5,23.8188,低,混合,[混合] 基准人口锚点=C&SD表110-01001A年中人口(不含外佣)；2026-2056为队列成分法推算[假设路径]；生育TFR 2023=751→2046=938对齐官方推算[真实数据路径形状]；净迁移总量级对齐官方推算、年龄权重偏劳动年龄[假设]
2041,80-84,退休65+,男,214895.3,21.4895,低,混合,[混合] 基准人口锚点=C&SD表110-01001A年中人口(不含外佣)；2026-2056为队列成分法推算[假设路径]；生育TFR 2023=751→2046=938对齐官方推算[真实数据路径形状]；净迁移总量级对齐官方推算、年龄权重偏劳动年龄[假设]
2041,85+,退休65+,男,236490.0,23.649,低,混合,[混合] 基准人口锚点=C&SD表110-01001A年中人口(不含外佣)；2026-2056为队列成分法推算[假设路径]；生育TFR 2023=751→2046=938对齐官方推算[真实数据路径形状]；净迁移总量级对齐官方推算、年龄权重偏劳动年龄[假设]
2042,0-4,少儿0-14,女,68345.2,6.8345,低,混合,[混合] 基准人口锚点=C&SD表110-01001A年中人口(不含外佣)；2026-2056为队列成分法推算[假设路径]；生育TFR 2023=751→2046=938对齐官方推算[真实数据路径形状]；净迁移总量级对齐官方推算、年龄权重偏劳动年龄[假设]
2042,10-14,少儿0-14,女,76825.9,7.6826,低,混合,[混合] 基准人口锚点=C&SD表110-01001A年中人口(不含外佣)；2026-2056为队列成分法推算[假设路径]；生育TFR 2023=751→2046=938对齐官方推算[真实数据路径形状]；净迁移总量级对齐官方推算、年龄权重偏劳动年龄[假设]
2042,15-19,劳动年龄15-64,女,89629.6,8.963,低,混合,[混合] 基准人口锚点=C&SD表110-01001A年中人口(不含外佣)；2026-2056为队列成分法推算[假设路径]；生育TFR 2023=751→2046=938对齐官方推算[真实数据路径形状]；净迁移总量级对齐官方推算、年龄权重偏劳动年龄[假设]
2042,20-24,劳动年龄15-64,女,130790.9,13.0791,低,混合,[混合] 基准人口锚点=C&SD表110-01001A年中人口(不含外佣)；2026-2056为队列成分法推算[假设路径]；生育TFR 2023=751→2046=938对齐官方推算[真实数据路径形状]；净迁移总量级对齐官方推算、年龄权重偏劳动年龄[假设]
2042,25-29,劳动年龄15-64,女,165090.4,16.509,低,混合,[混合] 基准人口锚点=C&SD表110-01001A年中人口(不含外佣)；2026-2056为队列成分法推算[假设路径]；生育TFR 2023=751→2046=938对齐官方推算[真实数据路径形状]；净迁移总量级对齐官方推算、年龄权重偏劳动年龄[假设]
2042,30-34,劳动年龄15-64,女,174439.3,17.4439,低,混合,[混合] 基准人口锚点=C&SD表110-01001A年中人口(不含外佣)；2026-2056为队列成分法推算[假设路径]；生育TFR 2023=751→2046=938对齐官方推算[真实数据路径形状]；净迁移总量级对齐官方推算、年龄权重偏劳动年龄[假设]
2042,35-39,劳动年龄15-64,女,179133.1,17.9133,低,混合,[混合] 基准人口锚点=C&SD表110-01001A年中人口(不含外佣)；2026-2056为队列成分法推算[假设路径]；生育TFR 2023=751→2046=938对齐官方推算[真实数据路径形状]；净迁移总量级对齐官方推算、年龄权重偏劳动年龄[假设]
2042,40-44,劳动年龄15-64,女,202189.8,20.219,低,混合,[混合] 基准人口锚点=C&SD表110-01001A年中人口(不含外佣)；2026-2056为队列成分法推算[假设路径]；生育TFR 2023=751→2046=938对齐官方推算[真实数据路径形状]；净迁移总量级对齐官方推算、年龄权重偏劳动年龄[假设]
2042,45-49,劳动年龄15-64,女,243934.4,24.3934,低,混合,[混合] 基准人口锚点=C&SD表110-01001A年中人口(不含外佣)；2026-2056为队列成分法推算[假设路径]；生育TFR 2023=751→2046=938对齐官方推算[真实数据路径形状]；净迁移总量级对齐官方推算、年龄权重偏劳动年龄[假设]
2042,5-9,少儿0-14,女,70943.0,7.0943,低,混合,[混合] 基准人口锚点=C&SD表110-01001A年中人口(不含外佣)；2026-2056为队列成分法推算[假设路径]；生育TFR 2023=751→2046=938对齐官方推算[真实数据路径形状]；净迁移总量级对齐官方推算、年龄权重偏劳动年龄[假设]
2042,50-54,劳动年龄15-64,女,267327.4,26.7327,低,混合,[混合] 基准人口锚点=C&SD表110-01001A年中人口(不含外佣)；2026-2056为队列成分法推算[假设路径]；生育TFR 2023=751→2046=938对齐官方推算[真实数据路径形状]；净迁移总量级对齐官方推算、年龄权重偏劳动年龄[假设]
2042,55-59,劳动年龄15-64,女,288142.4,28.8142,低,混合,[混合] 基准人口锚点=C&SD表110-01001A年中人口(不含外佣)；2026-2056为队列成分法推算[假设路径]；生育TFR 2023=751→2046=938对齐官方推算[真实数据路径形状]；净迁移总量级对齐官方推算、年龄权重偏劳动年龄[假设]
2042,60-64,劳动年龄15-64,女,300394.1,30.0394,低,混合,[混合] 基准人口锚点=C&SD表110-01001A年中人口(不含外佣)；2026-2056为队列成分法推算[假设路径]；生育TFR 2023=751→2046=938对齐官方推算[真实数据路径形状]；净迁移总量级对齐官方推算、年龄权重偏劳动年龄[假设]
2042,65-69,退休65+,女,310647.4,31.0647,低,混合,[混合] 基准人口锚点=C&SD表110-01001A年中人口(不含外佣)；2026-2056为队列成分法推算[假设路径]；生育TFR 2023=751→2046=938对齐官方推算[真实数据路径形状]；净迁移总量级对齐官方推算、年龄权重偏劳动年龄[假设]
2042,70-74,退休65+,女,307644.3,30.7644,低,混合,[混合] 基准人口锚点=C&SD表110-01001A年中人口(不含外佣)；2026-2056为队列成分法推算[假设路径]；生育TFR 2023=751→2046=938对齐官方推算[真实数据路径形状]；净迁移总量级对齐官方推算、年龄权重偏劳动年龄[假设]
2042,75-79,退休65+,女,311512.0,31.1512,低,混合,[混合] 基准人口锚点=C&SD表110-01001A年中人口(不含外佣)；2026-2056为队列成分法推算[假设路径]；生育TFR 2023=751→2046=938对齐官方推算[真实数据路径形状]；净迁移总量级对齐官方推算、年龄权重偏劳动年龄[假设]
2042,80-84,退休65+,女,271659.6,27.166,低,混合,[混合] 基准人口锚点=C&SD表110-01001A年中人口(不含外佣)；2026-2056为队列成分法推算[假设路径]；生育TFR 2023=751→2046=938对齐官方推算[真实数据路径形状]；净迁移总量级对齐官方推算、年龄权重偏劳动年龄[假设]
2042,85+,退休65+,女,370397.3,37.0397,低,混合,[混合] 基准人口锚点=C&SD表110-01001A年中人口(不含外佣)；2026-2056为队列成分法推算[假设路径]；生育TFR 2023=751→2046=938对齐官方推算[真实数据路径形状]；净迁移总量级对齐官方推算、年龄权重偏劳动年龄[假设]
2042,0-4,少儿0-14,男,72169.9,7.217,低,混合,[混合] 基准人口锚点=C&SD表110-01001A年中人口(不含外佣)；2026-2056为队列成分法推算[假设路径]；生育TFR 2023=751→2046=938对齐官方推算[真实数据路径形状]；净迁移总量级对齐官方推算、年龄权重偏劳动年龄[假设]
2042,10-14,少儿0-14,男,80284.2,8.0284,低,混合,[混合] 基准人口锚点=C&SD表110-01001A年中人口(不含外佣)；2026-2056为队列成分法推算[假设路径]；生育TFR 2023=751→2046=938对齐官方推算[真实数据路径形状]；净迁移总量级对齐官方推算、年龄权重偏劳动年龄[假设]
2042,15-19,劳动年龄15-64,男,94665.8,9.4666,低,混合,[混合] 基准人口锚点=C&SD表110-01001A年中人口(不含外佣)；2026-2056为队列成分法推算[假设路径]；生育TFR 2023=751→2046=938对齐官方推算[真实数据路径形状]；净迁移总量级对齐官方推算、年龄权重偏劳动年龄[假设]
2042,20-24,劳动年龄15-64,男,137302.1,13.7302,低,混合,[混合] 基准人口锚点=C&SD表110-01001A年中人口(不含外佣)；2026-2056为队列成分法推算[假设路径]；生育TFR 2023=751→2046=938对齐官方推算[真实数据路径形状]；净迁移总量级对齐官方推算、年龄权重偏劳动年龄[假设]
2042,25-29,劳动年龄15-64,男,173090.7,17.3091,低,混合,[混合] 基准人口锚点=C&SD表110-01001A年中人口(不含外佣)；2026-2056为队列成分法推算[假设路径]；生育TFR 2023=751→2046=938对齐官方推算[真实数据路径形状]；净迁移总量级对齐官方推算、年龄权重偏劳动年龄[假设]
2042,30-34,劳动年龄15-64,男,181913.5,18.1913,低,混合,[混合] 基准人口锚点=C&SD表110-01001A年中人口(不含外佣)；2026-2056为队列成分法推算[假设路径]；生育TFR 2023=751→2046=938对齐官方推算[真实数据路径形状]；净迁移总量级对齐官方推算、年龄权重偏劳动年龄[假设]
2042,35-39,劳动年龄15-64,男,179801.0,17.9801,低,混合,[混合] 基准人口锚点=C&SD表110-01001A年中人口(不含外佣)；2026-2056为队列成分法推算[假设路径]；生育TFR 2023=751→2046=938对齐官方推算[真实数据路径形状]；净迁移总量级对齐官方推算、年龄权重偏劳动年龄[假设]
2042,40-44,劳动年龄15-64,男,207615.0,20.7615,低,混合,[混合] 基准人口锚点=C&SD表110-01001A年中人口(不含外佣)；2026-2056为队列成分法推算[假设路径]；生育TFR 2023=751→2046=938对齐官方推算[真实数据路径形状]；净迁移总量级对齐官方推算、年龄权重偏劳动年龄[假设]
2042,45-49,劳动年龄15-64,男,245969.2,24.5969,低,混合,[混合] 基准人口锚点=C&SD表110-01001A年中人口(不含外佣)；2026-2056为队列成分法推算[假设路径]；生育TFR 2023=751→2046=938对齐官方推算[真实数据路径形状]；净迁移总量级对齐官方推算、年龄权重偏劳动年龄[假设]
2042,5-9,少儿0-14,男,74441.1,7.4441,低,混合,[混合] 基准人口锚点=C&SD表110-01001A年中人口(不含外佣)；2026-2056为队列成分法推算[假设路径]；生育TFR 2023=751→2046=938对齐官方推算[真实数据路径形状]；净迁移总量级对齐官方推算、年龄权重偏劳动年龄[假设]
2042,50-54,劳动年龄15-64,男,257298.8,25.7299,低,混合,[混合] 基准人口锚点=C&SD表110-01001A年中人口(不含外佣)；2026-2056为队列成分法推算[假设路径]；生育TFR 2023=751→2046=938对齐官方推算[真实数据路径形状]；净迁移总量级对齐官方推算、年龄权重偏劳动年龄[假设]
2042,55-59,劳动年龄15-64,男,254971.1,25.4971,低,混合,[混合] 基准人口锚点=C&SD表110-01001A年中人口(不含外佣)；2026-2056为队列成分法推算[假设路径]；生育TFR 2023=751→2046=938对齐官方推算[真实数据路径形状]；净迁移总量级对齐官方推算、年龄权重偏劳动年龄[假设]
2042,60-64,劳动年龄15-64,男,243731.8,24.3732,低,混合,[混合] 基准人口锚点=C&SD表110-01001A年中人口(不含外佣)；2026-2056为队列成分法推算[假设路径]；生育TFR 2023=751→2046=938对齐官方推算[真实数据路径形状]；净迁移总量级对齐官方推算、年龄权重偏劳动年龄[假设]
2042,65-69,退休65+,男,239995.4,23.9995,低,混合,[混合] 基准人口锚点=C&SD表110-01001A年中人口(不含外佣)；2026-2056为队列成分法推算[假设路径]；生育TFR 2023=751→2046=938对齐官方推算[真实数据路径形状]；净迁移总量级对齐官方推算、年龄权重偏劳动年龄[假设]
2042,70-74,退休65+,男,226214.4,22.6214,低,混合,[混合] 基准人口锚点=C&SD表110-01001A年中人口(不含外佣)；2026-2056为队列成分法推算[假设路径]；生育TFR 2023=751→2046=938对齐官方推算[真实数据路径形状]；净迁移总量级对齐官方推算、年龄权重偏劳动年龄[假设]
2042,75-79,退休65+,男,231664.5,23.1665,低,混合,[混合] 基准人口锚点=C&SD表110-01001A年中人口(不含外佣)；2026-2056为队列成分法推算[假设路径]；生育TFR 2023=751→2046=938对齐官方推算[真实数据路径形状]；净迁移总量级对齐官方推算、年龄权重偏劳动年龄[假设]
2042,80-84,退休65+,男,212101.9,21.2102,低,混合,[混合] 基准人口锚点=C&SD表110-01001A年中人口(不含外佣)；2026-2056为队列成分法推算[假设路径]；生育TFR 2023=751→2046=938对齐官方推算[真实数据路径形状]；净迁移总量级对齐官方推算、年龄权重偏劳动年龄[假设]
2042,85+,退休65+,男,253697.2,25.3697,低,混合,[混合] 基准人口锚点=C&SD表110-01001A年中人口(不含外佣)；2026-2056为队列成分法推算[假设路径]；生育TFR 2023=751→2046=938对齐官方推算[真实数据路径形状]；净迁移总量级对齐官方推算、年龄权重偏劳动年龄[假设]
2043,0-4,少儿0-14,女,68569.4,6.8569,低,混合,[混合] 基准人口锚点=C&SD表110-01001A年中人口(不含外佣)；2026-2056为队列成分法推算[假设路径]；生育TFR 2023=751→2046=938对齐官方推算[真实数据路径形状]；净迁移总量级对齐官方推算、年龄权重偏劳动年龄[假设]
2043,10-14,少儿0-14,女,75947.0,7.5947,低,混合,[混合] 基准人口锚点=C&SD表110-01001A年中人口(不含外佣)；2026-2056为队列成分法推算[假设路径]；生育TFR 2023=751→2046=938对齐官方推算[真实数据路径形状]；净迁移总量级对齐官方推算、年龄权重偏劳动年龄[假设]
2043,15-19,劳动年龄15-64,女,88732.4,8.8732,低,混合,[混合] 基准人口锚点=C&SD表110-01001A年中人口(不含外佣)；2026-2056为队列成分法推算[假设路径]；生育TFR 2023=751→2046=938对齐官方推算[真实数据路径形状]；净迁移总量级对齐官方推算、年龄权重偏劳动年龄[假设]
2043,20-24,劳动年龄15-64,女,123116.2,12.3116,低,混合,[混合] 基准人口锚点=C&SD表110-01001A年中人口(不含外佣)；2026-2056为队列成分法推算[假设路径]；生育TFR 2023=751→2046=938对齐官方推算[真实数据路径形状]；净迁移总量级对齐官方推算、年龄权重偏劳动年龄[假设]
2043,25-29,劳动年龄15-64,女,160957.2,16.0957,低,混合,[混合] 基准人口锚点=C&SD表110-01001A年中人口(不含外佣)；2026-2056为队列成分法推算[假设路径]；生育TFR 2023=751→2046=938对齐官方推算[真实数据路径形状]；净迁移总量级对齐官方推算、年龄权重偏劳动年龄[假设]
2043,30-34,劳动年龄15-64,女,175984.4,17.5984,低,混合,[混合] 基准人口锚点=C&SD表110-01001A年中人口(不含外佣)；2026-2056为队列成分法推算[假设路径]；生育TFR 2023=751→2046=938对齐官方推算[真实数据路径形状]；净迁移总量级对齐官方推算、年龄权重偏劳动年龄[假设]
2043,35-39,劳动年龄15-64,女,179905.7,17.9906,低,混合,[混合] 基准人口锚点=C&SD表110-01001A年中人口(不含外佣)；2026-2056为队列成分法推算[假设路径]；生育TFR 2023=751→2046=938对齐官方推算[真实数据路径形状]；净迁移总量级对齐官方推算、年龄权重偏劳动年龄[假设]
2043,40-44,劳动年龄15-64,女,198614.4,19.8614,低,混合,[混合] 基准人口锚点=C&SD表110-01001A年中人口(不含外佣)；2026-2056为队列成分法推算[假设路径]；生育TFR 2023=751→2046=938对齐官方推算[真实数据路径形状]；净迁移总量级对齐官方推算、年龄权重偏劳动年龄[假设]
2043,45-49,劳动年龄15-64,女,236179.7,23.618,低,混合,[混合] 基准人口锚点=C&SD表110-01001A年中人口(不含外佣)；2026-2056为队列成分法推算[假设路径]；生育TFR 2023=751→2046=938对齐官方推算[真实数据路径形状]；净迁移总量级对齐官方推算、年龄权重偏劳动年龄[假设]
2043,5-9,少儿0-14,女,70609.6,7.061,低,混合,[混合] 基准人口锚点=C&SD表110-01001A年中人口(不含外佣)；2026-2056为队列成分法推算[假设路径]；生育TFR 2023=751→2046=938对齐官方推算[真实数据路径形状]；净迁移总量级对齐官方推算、年龄权重偏劳动年龄[假设]
2043,50-54,劳动年龄15-64,女,264623.4,26.4623,低,混合,[混合] 基准人口锚点=C&SD表110-01001A年中人口(不含外佣)；2026-2056为队列成分法推算[假设路径]；生育TFR 2023=751→2046=938对齐官方推算[真实数据路径形状]；净迁移总量级对齐官方推算、年龄权重偏劳动年龄[假设]
2043,55-59,劳动年龄15-64,女,284564.1,28.4564,低,混合,[混合] 基准人口锚点=C&SD表110-01001A年中人口(不含外佣)；2026-2056为队列成分法推算[假设路径]；生育TFR 2023=751→2046=938对齐官方推算[真实数据路径形状]；净迁移总量级对齐官方推算、年龄权重偏劳动年龄[假设]
2043,60-64,劳动年龄15-64,女,298625.2,29.8625,低,混合,[混合] 基准人口锚点=C&SD表110-01001A年中人口(不含外佣)；2026-2056为队列成分法推算[假设路径]；生育TFR 2023=751→2046=938对齐官方推算[真实数据路径形状]；净迁移总量级对齐官方推算、年龄权重偏劳动年龄[假设]
2043,65-69,退休65+,女,308073.9,30.8074,低,混合,[混合] 基准人口锚点=C&SD表110-01001A年中人口(不含外佣)；2026-2056为队列成分法推算[假设路径]；生育TFR 2023=751→2046=938对齐官方推算[真实数据路径形状]；净迁移总量级对齐官方推算、年龄权重偏劳动年龄[假设]
2043,70-74,退休65+,女,307290.0,30.729,低,混合,[混合] 基准人口锚点=C&SD表110-01001A年中人口(不含外佣)；2026-2056为队列成分法推算[假设路径]；生育TFR 2023=751→2046=938对齐官方推算[真实数据路径形状]；净迁移总量级对齐官方推算、年龄权重偏劳动年龄[假设]
2043,75-79,退休65+,女,307417.2,30.7417,低,混合,[混合] 基准人口锚点=C&SD表110-01001A年中人口(不含外佣)；2026-2056为队列成分法推算[假设路径]；生育TFR 2023=751→2046=938对齐官方推算[真实数据路径形状]；净迁移总量级对齐官方推算、年龄权重偏劳动年龄[假设]
2043,80-84,退休65+,女,276465.1,27.6465,低,混合,[混合] 基准人口锚点=C&SD表110-01001A年中人口(不含外佣)；2026-2056为队列成分法推算[假设路径]；生育TFR 2023=751→2046=938对齐官方推算[真实数据路径形状]；净迁移总量级对齐官方推算、年龄权重偏劳动年龄[假设]
2043,85+,退休65+,女,393710.8,39.3711,低,混合,[混合] 基准人口锚点=C&SD表110-01001A年中人口(不含外佣)；2026-2056为队列成分法推算[假设路径]；生育TFR 2023=751→2046=938对齐官方推算[真实数据路径形状]；净迁移总量级对齐官方推算、年龄权重偏劳动年龄[假设]
2043,0-4,少儿0-14,男,72416.9,7.2417,低,混合,[混合] 基准人口锚点=C&SD表110-01001A年中人口(不含外佣)；2026-2056为队列成分法推算[假设路径]；生育TFR 2023=751→2046=938对齐官方推算[真实数据路径形状]；净迁移总量级对齐官方推算、年龄权重偏劳动年龄[假设]
2043,10-14,少儿0-14,男,79358.1,7.9358,低,混合,[混合] 基准人口锚点=C&SD表110-01001A年中人口(不含外佣)；2026-2056为队列成分法推算[假设路径]；生育TFR 2023=751→2046=938对齐官方推算[真实数据路径形状]；净迁移总量级对齐官方推算、年龄权重偏劳动年龄[假设]
2043,15-19,劳动年龄15-64,男,93255.2,9.3255,低,混合,[混合] 基准人口锚点=C&SD表110-01001A年中人口(不含外佣)；2026-2056为队列成分法推算[假设路径]；生育TFR 2023=751→2046=938对齐官方推算[真实数据路径形状]；净迁移总量级对齐官方推算、年龄权重偏劳动年龄[假设]
2043,20-24,劳动年龄15-64,男,129193.5,12.9193,低,混合,[混合] 基准人口锚点=C&SD表110-01001A年中人口(不含外佣)；2026-2056为队列成分法推算[假设路径]；生育TFR 2023=751→2046=938对齐官方推算[真实数据路径形状]；净迁移总量级对齐官方推算、年龄权重偏劳动年龄[假设]
2043,25-29,劳动年龄15-64,男,168473.0,16.8473,低,混合,[混合] 基准人口锚点=C&SD表110-01001A年中人口(不含外佣)；2026-2056为队列成分法推算[假设路径]；生育TFR 2023=751→2046=938对齐官方推算[真实数据路径形状]；净迁移总量级对齐官方推算、年龄权重偏劳动年龄[假设]
2043,30-34,劳动年龄15-64,男,183439.2,18.3439,低,混合,[混合] 基准人口锚点=C&SD表110-01001A年中人口(不含外佣)；2026-2056为队列成分法推算[假设路径]；生育TFR 2023=751→2046=938对齐官方推算[真实数据路径形状]；净迁移总量级对齐官方推算、年龄权重偏劳动年龄[假设]
2043,35-39,劳动年龄15-64,男,182040.8,18.2041,低,混合,[混合] 基准人口锚点=C&SD表110-01001A年中人口(不含外佣)；2026-2056为队列成分法推算[假设路径]；生育TFR 2023=751→2046=938对齐官方推算[真实数据路径形状]；净迁移总量级对齐官方推算、年龄权重偏劳动年龄[假设]
2043,40-44,劳动年龄15-64,男,202199.1,20.2199,低,混合,[混合] 基准人口锚点=C&SD表110-01001A年中人口(不含外佣)；2026-2056为队列成分法推算[假设路径]；生育TFR 2023=751→2046=938对齐官方推算[真实数据路径形状]；净迁移总量级对齐官方推算、年龄权重偏劳动年龄[假设]
2043,45-49,劳动年龄15-64,男,239176.4,23.9176,低,混合,[混合] 基准人口锚点=C&SD表110-01001A年中人口(不含外佣)；2026-2056为队列成分法推算[假设路径]；生育TFR 2023=751→2046=938对齐官方推算[真实数据路径形状]；净迁移总量级对齐官方推算、年龄权重偏劳动年龄[假设]
2043,5-9,少儿0-14,男,74106.0,7.4106,低,混合,[混合] 基准人口锚点=C&SD表110-01001A年中人口(不含外佣)；2026-2056为队列成分法推算[假设路径]；生育TFR 2023=751→2046=938对齐官方推算[真实数据路径形状]；净迁移总量级对齐官方推算、年龄权重偏劳动年龄[假设]
2043,50-54,劳动年龄15-64,男,256930.2,25.693,低,混合,[混合] 基准人口锚点=C&SD表110-01001A年中人口(不含外佣)；2026-2056为队列成分法推算[假设路径]；生育TFR 2023=751→2046=938对齐官方推算[真实数据路径形状]；净迁移总量级对齐官方推算、年龄权重偏劳动年龄[假设]
2043,55-59,劳动年龄15-64,男,255969.3,25.5969,低,混合,[混合] 基准人口锚点=C&SD表110-01001A年中人口(不含外佣)；2026-2056为队列成分法推算[假设路径]；生育TFR 2023=751→2046=938对齐官方推算[真实数据路径形状]；净迁移总量级对齐官方推算、年龄权重偏劳动年龄[假设]
2043,60-64,劳动年龄15-64,男,246017.1,24.6017,低,混合,[混合] 基准人口锚点=C&SD表110-01001A年中人口(不含外佣)；2026-2056为队列成分法推算[假设路径]；生育TFR 2023=751→2046=938对齐官方推算[真实数据路径形状]；净迁移总量级对齐官方推算、年龄权重偏劳动年龄[假设]
2043,65-69,退休65+,男,239040.0,23.904,低,混合,[混合] 基准人口锚点=C&SD表110-01001A年中人口(不含外佣)；2026-2056为队列成分法推算[假设路径]；生育TFR 2023=751→2046=938对齐官方推算[真实数据路径形状]；净迁移总量级对齐官方推算、年龄权重偏劳动年龄[假设]
2043,70-74,退休65+,男,226941.0,22.6941,低,混合,[混合] 基准人口锚点=C&SD表110-01001A年中人口(不含外佣)；2026-2056为队列成分法推算[假设路径]；生育TFR 2023=751→2046=938对齐官方推算[真实数据路径形状]；净迁移总量级对齐官方推算、年龄权重偏劳动年龄[假设]
2043,75-79,退休65+,男,225428.2,22.5428,低,混合,[混合] 基准人口锚点=C&SD表110-01001A年中人口(不含外佣)；2026-2056为队列成分法推算[假设路径]；生育TFR 2023=751→2046=938对齐官方推算[真实数据路径形状]；净迁移总量级对齐官方推算、年龄权重偏劳动年龄[假设]
2043,80-84,退休65+,男,209691.4,20.9691,低,混合,[混合] 基准人口锚点=C&SD表110-01001A年中人口(不含外佣)；2026-2056为队列成分法推算[假设路径]；生育TFR 2023=751→2046=938对齐官方推算[真实数据路径形状]；净迁移总量级对齐官方推算、年龄权重偏劳动年龄[假设]
2043,85+,退休65+,男,269254.8,26.9255,低,混合,[混合] 基准人口锚点=C&SD表110-01001A年中人口(不含外佣)；2026-2056为队列成分法推算[假设路径]；生育TFR 2023=751→2046=938对齐官方推算[真实数据路径形状]；净迁移总量级对齐官方推算、年龄权重偏劳动年龄[假设]
2044,0-4,少儿0-14,女,68742.1,6.8742,低,混合,[混合] 基准人口锚点=C&SD表110-01001A年中人口(不含外佣)；2026-2056为队列成分法推算[假设路径]；生育TFR 2023=751→2046=938对齐官方推算[真实数据路径形状]；净迁移总量级对齐官方推算、年龄权重偏劳动年龄[假设]
2044,10-14,少儿0-14,女,75137.3,7.5137,低,混合,[混合] 基准人口锚点=C&SD表110-01001A年中人口(不含外佣)；2026-2056为队列成分法推算[假设路径]；生育TFR 2023=751→2046=938对齐官方推算[真实数据路径形状]；净迁移总量级对齐官方推算、年龄权重偏劳动年龄[假设]
2044,15-19,劳动年龄15-64,女,87529.1,8.7529,低,混合,[混合] 基准人口锚点=C&SD表110-01001A年中人口(不含外佣)；2026-2056为队列成分法推算[假设路径]；生育TFR 2023=751→2046=938对齐官方推算[真实数据路径形状]；净迁移总量级对齐官方推算、年龄权重偏劳动年龄[假设]
2044,20-24,劳动年龄15-64,女,115337.8,11.5338,低,混合,[混合] 基准人口锚点=C&SD表110-01001A年中人口(不含外佣)；2026-2056为队列成分法推算[假设路径]；生育TFR 2023=751→2046=938对齐官方推算[真实数据路径形状]；净迁移总量级对齐官方推算、年龄权重偏劳动年龄[假设]
2044,25-29,劳动年龄15-64,女,156668.8,15.6669,低,混合,[混合] 基准人口锚点=C&SD表110-01001A年中人口(不含外佣)；2026-2056为队列成分法推算[假设路径]；生育TFR 2023=751→2046=938对齐官方推算[真实数据路径形状]；净迁移总量级对齐官方推算、年龄权重偏劳动年龄[假设]
2044,30-34,劳动年龄15-64,女,177152.9,17.7153,低,混合,[混合] 基准人口锚点=C&SD表110-01001A年中人口(不含外佣)；2026-2056为队列成分法推算[假设路径]；生育TFR 2023=751→2046=938对齐官方推算[真实数据路径形状]；净迁移总量级对齐官方推算、年龄权重偏劳动年龄[假设]
2044,35-39,劳动年龄15-64,女,180590.8,18.0591,低,混合,[混合] 基准人口锚点=C&SD表110-01001A年中人口(不含外佣)；2026-2056为队列成分法推算[假设路径]；生育TFR 2023=751→2046=938对齐官方推算[真实数据路径形状]；净迁移总量级对齐官方推算、年龄权重偏劳动年龄[假设]
2044,40-44,劳动年龄15-64,女,194951.1,19.4951,低,混合,[混合] 基准人口锚点=C&SD表110-01001A年中人口(不含外佣)；2026-2056为队列成分法推算[假设路径]；生育TFR 2023=751→2046=938对齐官方推算[真实数据路径形状]；净迁移总量级对齐官方推算、年龄权重偏劳动年龄[假设]
2044,45-49,劳动年龄15-64,女,228347.8,22.8348,低,混合,[混合] 基准人口锚点=C&SD表110-01001A年中人口(不含外佣)；2026-2056为队列成分法推算[假设路径]；生育TFR 2023=751→2046=938对齐官方推算[真实数据路径形状]；净迁移总量级对齐官方推算、年龄权重偏劳动年龄[假设]
2044,5-9,少儿0-14,女,70408.7,7.0409,低,混合,[混合] 基准人口锚点=C&SD表110-01001A年中人口(不含外佣)；2026-2056为队列成分法推算[假设路径]；生育TFR 2023=751→2046=938对齐官方推算[真实数据路径形状]；净迁移总量级对齐官方推算、年龄权重偏劳动年龄[假设]
2044,50-54,劳动年龄15-64,女,261881.0,26.1881,低,混合,[混合] 基准人口锚点=C&SD表110-01001A年中人口(不含外佣)；2026-2056为队列成分法推算[假设路径]；生育TFR 2023=751→2046=938对齐官方推算[真实数据路径形状]；净迁移总量级对齐官方推算、年龄权重偏劳动年龄[假设]
2044,55-59,劳动年龄15-64,女,280979.2,28.0979,低,混合,[混合] 基准人口锚点=C&SD表110-01001A年中人口(不含外佣)；2026-2056为队列成分法推算[假设路径]；生育TFR 2023=751→2046=938对齐官方推算[真实数据路径形状]；净迁移总量级对齐官方推算、年龄权重偏劳动年龄[假设]
2044,60-64,劳动年龄15-64,女,296978.4,29.6978,低,混合,[混合] 基准人口锚点=C&SD表110-01001A年中人口(不含外佣)；2026-2056为队列成分法推算[假设路径]；生育TFR 2023=751→2046=938对齐官方推算[真实数据路径形状]；净迁移总量级对齐官方推算、年龄权重偏劳动年龄[假设]
2044,65-69,退休65+,女,305499.4,30.5499,低,混合,[混合] 基准人口锚点=C&SD表110-01001A年中人口(不含外佣)；2026-2056为队列成分法推算[假设路径]；生育TFR 2023=751→2046=938对齐官方推算[真实数据路径形状]；净迁移总量级对齐官方推算、年龄权重偏劳动年龄[假设]
2044,70-74,退休65+,女,306986.7,30.6987,低,混合,[混合] 基准人口锚点=C&SD表110-01001A年中人口(不含外佣)；2026-2056为队列成分法推算[假设路径]；生育TFR 2023=751→2046=938对齐官方推算[真实数据路径形状]；净迁移总量级对齐官方推算、年龄权重偏劳动年龄[假设]
2044,75-79,退休65+,女,303482.1,30.3482,低,混合,[混合] 基准人口锚点=C&SD表110-01001A年中人口(不含外佣)；2026-2056为队列成分法推算[假设路径]；生育TFR 2023=751→2046=938对齐官方推算[真实数据路径形状]；净迁移总量级对齐官方推算、年龄权重偏劳动年龄[假设]
2044,80-84,退休65+,女,281334.2,28.1334,低,混合,[混合] 基准人口锚点=C&SD表110-01001A年中人口(不含外佣)；2026-2056为队列成分法推算[假设路径]；生育TFR 2023=751→2046=938对齐官方推算[真实数据路径形状]；净迁移总量级对齐官方推算、年龄权重偏劳动年龄[假设]
2044,85+,退休65+,女,415432.2,41.5432,低,混合,[混合] 基准人口锚点=C&SD表110-01001A年中人口(不含外佣)；2026-2056为队列成分法推算[假设路径]；生育TFR 2023=751→2046=938对齐官方推算[真实数据路径形状]；净迁移总量级对齐官方推算、年龄权重偏劳动年龄[假设]
2044,0-4,少儿0-14,男,72609.3,7.2609,低,混合,[混合] 基准人口锚点=C&SD表110-01001A年中人口(不含外佣)；2026-2056为队列成分法推算[假设路径]；生育TFR 2023=751→2046=938对齐官方推算[真实数据路径形状]；净迁移总量级对齐官方推算、年龄权重偏劳动年龄[假设]
2044,10-14,少儿0-14,男,78511.2,7.8511,低,混合,[混合] 基准人口锚点=C&SD表110-01001A年中人口(不含外佣)；2026-2056为队列成分法推算[假设路径]；生育TFR 2023=751→2046=938对齐官方推算[真实数据路径形状]；净迁移总量级对齐官方推算、年龄权重偏劳动年龄[假设]
2044,15-19,劳动年龄15-64,男,91541.9,9.1542,低,混合,[混合] 基准人口锚点=C&SD表110-01001A年中人口(不含外佣)；2026-2056为队列成分法推算[假设路径]；生育TFR 2023=751→2046=938对齐官方推算[真实数据路径形状]；净迁移总量级对齐官方推算、年龄权重偏劳动年龄[假设]
2044,20-24,劳动年龄15-64,男,120984.5,12.0984,低,混合,[混合] 基准人口锚点=C&SD表110-01001A年中人口(不含外佣)；2026-2056为队列成分法推算[假设路径]；生育TFR 2023=751→2046=938对齐官方推算[真实数据路径形状]；净迁移总量级对齐官方推算、年龄权重偏劳动年龄[假设]
2044,25-29,劳动年龄15-64,男,163713.0,16.3713,低,混合,[混合] 基准人口锚点=C&SD表110-01001A年中人口(不含外佣)；2026-2056为队列成分法推算[假设路径]；生育TFR 2023=751→2046=938对齐官方推算[真实数据路径形状]；净迁移总量级对齐官方推算、年龄权重偏劳动年龄[假设]
2044,30-34,劳动年龄15-64,男,184620.7,18.4621,低,混合,[混合] 基准人口锚点=C&SD表110-01001A年中人口(不含外佣)；2026-2056为队列成分法推算[假设路径]；生育TFR 2023=751→2046=938对齐官方推算[真实数据路径形状]；净迁移总量级对齐官方推算、年龄权重偏劳动年龄[假设]
2044,35-39,劳动年龄15-64,男,184199.5,18.42,低,混合,[混合] 基准人口锚点=C&SD表110-01001A年中人口(不含外佣)；2026-2056为队列成分法推算[假设路径]；生育TFR 2023=751→2046=938对齐官方推算[真实数据路径形状]；净迁移总量级对齐官方推算、年龄权重偏劳动年龄[假设]
2044,40-44,劳动年龄15-64,男,196711.4,19.6711,低,混合,[混合] 基准人口锚点=C&SD表110-01001A年中人口(不含外佣)；2026-2056为队列成分法推算[假设路径]；生育TFR 2023=751→2046=938对齐官方推算[真实数据路径形状]；净迁移总量级对齐官方推算、年龄权重偏劳动年龄[假设]
2044,45-49,劳动年龄15-64,男,232325.2,23.2325,低,混合,[混合] 基准人口锚点=C&SD表110-01001A年中人口(不含外佣)；2026-2056为队列成分法推算[假设路径]；生育TFR 2023=751→2046=938对齐官方推算[真实数据路径形状]；净迁移总量级对齐官方推算、年龄权重偏劳动年龄[假设]
2044,5-9,少儿0-14,男,73914.8,7.3915,低,混合,[混合] 基准人口锚点=C&SD表110-01001A年中人口(不含外佣)；2026-2056为队列成分法推算[假设路径]；生育TFR 2023=751→2046=938对齐官方推算[真实数据路径形状]；净迁移总量级对齐官方推算、年龄权重偏劳动年龄[假设]
2044,50-54,劳动年龄15-64,男,256527.0,25.6527,低,混合,[混合] 基准人口锚点=C&SD表110-01001A年中人口(不含外佣)；2026-2056为队列成分法推算[假设路径]；生育TFR 2023=751→2046=938对齐官方推算[真实数据路径形状]；净迁移总量级对齐官方推算、年龄权重偏劳动年龄[假设]
2044,55-59,劳动年龄15-64,男,256972.1,25.6972,低,混合,[混合] 基准人口锚点=C&SD表110-01001A年中人口(不含外佣)；2026-2056为队列成分法推算[假设路径]；生育TFR 2023=751→2046=938对齐官方推算[真实数据路径形状]；净迁移总量级对齐官方推算、年龄权重偏劳动年龄[假设]
2044,60-64,劳动年龄15-64,男,248405.6,24.8406,低,混合,[混合] 基准人口锚点=C&SD表110-01001A年中人口(不含外佣)；2026-2056为队列成分法推算[假设路径]；生育TFR 2023=751→2046=938对齐官方推算[真实数据路径形状]；净迁移总量级对齐官方推算、年龄权重偏劳动年龄[假设]
2044,65-69,退休65+,男,238107.9,23.8108,低,混合,[混合] 基准人口锚点=C&SD表110-01001A年中人口(不含外佣)；2026-2056为队列成分法推算[假设路径]；生育TFR 2023=751→2046=938对齐官方推算[真实数据路径形状]；净迁移总量级对齐官方推算、年龄权重偏劳动年龄[假设]
2044,70-74,退休65+,男,227728.1,22.7728,低,混合,[混合] 基准人口锚点=C&SD表110-01001A年中人口(不含外佣)；2026-2056为队列成分法推算[假设路径]；生育TFR 2023=751→2046=938对齐官方推算[真实数据路径形状]；净迁移总量级对齐官方推算、年龄权重偏劳动年龄[假设]
2044,75-79,退休65+,男,219468.4,21.9468,低,混合,[混合] 基准人口锚点=C&SD表110-01001A年中人口(不含外佣)；2026-2056为队列成分法推算[假设路径]；生育TFR 2023=751→2046=938对齐官方推算[真实数据路径形状]；净迁移总量级对齐官方推算、年龄权重偏劳动年龄[假设]
2044,80-84,退休65+,男,207647.3,20.7647,低,混合,[混合] 基准人口锚点=C&SD表110-01001A年中人口(不含外佣)；2026-2056为队列成分法推算[假设路径]；生育TFR 2023=751→2046=938对齐官方推算[真实数据路径形状]；净迁移总量级对齐官方推算、年龄权重偏劳动年龄[假设]
2044,85+,退休65+,男,283324.9,28.3325,低,混合,[混合] 基准人口锚点=C&SD表110-01001A年中人口(不含外佣)；2026-2056为队列成分法推算[假设路径]；生育TFR 2023=751→2046=938对齐官方推算[真实数据路径形状]；净迁移总量级对齐官方推算、年龄权重偏劳动年龄[假设]
2045,0-4,少儿0-14,女,68855.6,6.8856,低,混合,[混合] 基准人口锚点=C&SD表110-01001A年中人口(不含外佣)；2026-2056为队列成分法推算[假设路径]；生育TFR 2023=751→2046=938对齐官方推算[真实数据路径形状]；净迁移总量级对齐官方推算、年龄权重偏劳动年龄[假设]
2045,10-14,少儿0-14,女,74399.7,7.44,低,混合,[混合] 基准人口锚点=C&SD表110-01001A年中人口(不含外佣)；2026-2056为队列成分法推算[假设路径]；生育TFR 2023=751→2046=938对齐官方推算[真实数据路径形状]；净迁移总量级对齐官方推算、年龄权重偏劳动年龄[假设]
2045,15-19,劳动年龄15-64,女,86015.0,8.6015,低,混合,[混合] 基准人口锚点=C&SD表110-01001A年中人口(不含外佣)；2026-2056为队列成分法推算[假设路径]；生育TFR 2023=751→2046=938对齐官方推算[真实数据路径形状]；净迁移总量级对齐官方推算、年龄权重偏劳动年龄[假设]
2045,20-24,劳动年龄15-64,女,107482.4,10.7482,低,混合,[混合] 基准人口锚点=C&SD表110-01001A年中人口(不含外佣)；2026-2056为队列成分法推算[假设路径]；生育TFR 2023=751→2046=938对齐官方推算[真实数据路径形状]；净迁移总量级对齐官方推算、年龄权重偏劳动年龄[假设]
2045,25-29,劳动年龄15-64,女,152225.3,15.2225,低,混合,[混合] 基准人口锚点=C&SD表110-01001A年中人口(不含外佣)；2026-2056为队列成分法推算[假设路径]；生育TFR 2023=751→2046=938对齐官方推算[真实数据路径形状]；净迁移总量级对齐官方推算、年龄权重偏劳动年龄[假设]
2045,30-34,劳动年龄15-64,女,177931.9,17.7932,低,混合,[混合] 基准人口锚点=C&SD表110-01001A年中人口(不含外佣)；2026-2056为队列成分法推算[假设路径]；生育TFR 2023=751→2046=938对齐官方推算[真实数据路径形状]；净迁移总量级对齐官方推算、年龄权重偏劳动年龄[假设]
2045,35-39,劳动年龄15-64,女,181188.3,18.1188,低,混合,[混合] 基准人口锚点=C&SD表110-01001A年中人口(不含外佣)；2026-2056为队列成分法推算[假设路径]；生育TFR 2023=751→2046=938对齐官方推算[真实数据路径形状]；净迁移总量级对齐官方推算、年龄权重偏劳动年龄[假设]
2045,40-44,劳动年龄15-64,女,191200.0,19.12,低,混合,[混合] 基准人口锚点=C&SD表110-01001A年中人口(不含外佣)；2026-2056为队列成分法推算[假设路径]；生育TFR 2023=751→2046=938对齐官方推算[真实数据路径形状]；净迁移总量级对齐官方推算、年龄权重偏劳动年龄[假设]
2045,45-49,劳动年龄15-64,女,220438.6,22.0439,低,混合,[混合] 基准人口锚点=C&SD表110-01001A年中人口(不含外佣)；2026-2056为队列成分法推算[假设路径]；生育TFR 2023=751→2046=938对齐官方推算[真实数据路径形状]；净迁移总量级对齐官方推算、年龄权重偏劳动年龄[假设]
2045,5-9,少儿0-14,女,70333.9,7.0334,低,混合,[混合] 基准人口锚点=C&SD表110-01001A年中人口(不含外佣)；2026-2056为队列成分法推算[假设路径]；生育TFR 2023=751→2046=938对齐官方推算[真实数据路径形状]；净迁移总量级对齐官方推算、年龄权重偏劳动年龄[假设]
2045,50-54,劳动年龄15-64,女,259086.6,25.9087,低,混合,[混合] 基准人口锚点=C&SD表110-01001A年中人口(不含外佣)；2026-2056为队列成分法推算[假设路径]；生育TFR 2023=751→2046=938对齐官方推算[真实数据路径形状]；净迁移总量级对齐官方推算、年龄权重偏劳动年龄[假设]
2045,55-59,劳动年龄15-64,女,277387.7,27.7388,低,混合,[混合] 基准人口锚点=C&SD表110-01001A年中人口(不含外佣)；2026-2056为队列成分法推算[假设路径]；生育TFR 2023=751→2046=938对齐官方推算[真实数据路径形状]；净迁移总量级对齐官方推算、年龄权重偏劳动年龄[假设]
2045,60-64,劳动年龄15-64,女,295459.5,29.546,低,混合,[混合] 基准人口锚点=C&SD表110-01001A年中人口(不含外佣)；2026-2056为队列成分法推算[假设路径]；生育TFR 2023=751→2046=938对齐官方推算[真实数据路径形状]；净迁移总量级对齐官方推算、年龄权重偏劳动年龄[假设]
2045,65-69,退休65+,女,302923.5,30.2923,低,混合,[混合] 基准人口锚点=C&SD表110-01001A年中人口(不含外佣)；2026-2056为队列成分法推算[假设路径]；生育TFR 2023=751→2046=938对齐官方推算[真实数据路径形状]；净迁移总量级对齐官方推算、年龄权重偏劳动年龄[假设]
2045,70-74,退休65+,女,306718.5,30.6718,低,混合,[混合] 基准人口锚点=C&SD表110-01001A年中人口(不含外佣)；2026-2056为队列成分法推算[假设路径]；生育TFR 2023=751→2046=938对齐官方推算[真实数据路径形状]；净迁移总量级对齐官方推算、年龄权重偏劳动年龄[假设]
2045,75-79,退休65+,女,299704.1,29.9704,低,混合,[混合] 基准人口锚点=C&SD表110-01001A年中人口(不含外佣)；2026-2056为队列成分法推算[假设路径]；生育TFR 2023=751→2046=938对齐官方推算[真实数据路径形状]；净迁移总量级对齐官方推算、年龄权重偏劳动年龄[假设]
2045,80-84,退休65+,女,286273.1,28.6273,低,混合,[混合] 基准人口锚点=C&SD表110-01001A年中人口(不含外佣)；2026-2056为队列成分法推算[假设路径]；生育TFR 2023=751→2046=938对齐官方推算[真实数据路径形状]；净迁移总量级对齐官方推算、年龄权重偏劳动年龄[假设]
2045,85+,退休65+,女,435694.6,43.5695,低,混合,[混合] 基准人口锚点=C&SD表110-01001A年中人口(不含外佣)；2026-2056为队列成分法推算[假设路径]；生育TFR 2023=751→2046=938对齐官方推算[真实数据路径形状]；净迁移总量级对齐官方推算、年龄权重偏劳动年龄[假设]
2045,0-4,少儿0-14,男,72739.0,7.2739,低,混合,[混合] 基准人口锚点=C&SD表110-01001A年中人口(不含外佣)；2026-2056为队列成分法推算[假设路径]；生育TFR 2023=751→2046=938对齐官方推算[真实数据路径形状]；净迁移总量级对齐官方推算、年龄权重偏劳动年龄[假设]
2045,10-14,少儿0-14,男,77746.7,7.7747,低,混合,[混合] 基准人口锚点=C&SD表110-01001A年中人口(不含外佣)；2026-2056为队列成分法推算[假设路径]；生育TFR 2023=751→2046=938对齐官方推算[真实数据路径形状]；净迁移总量级对齐官方推算、年龄权重偏劳动年龄[假设]
2045,15-19,劳动年龄15-64,男,89521.7,8.9522,低,混合,[混合] 基准人口锚点=C&SD表110-01001A年中人口(不含外佣)；2026-2056为队列成分法推算[假设路径]；生育TFR 2023=751→2046=938对齐官方推算[真实数据路径形状]；净迁移总量级对齐官方推算、年龄权重偏劳动年龄[假设]
2045,20-24,劳动年龄15-64,男,112699.9,11.27,低,混合,[混合] 基准人口锚点=C&SD表110-01001A年中人口(不含外佣)；2026-2056为队列成分法推算[假设路径]；生育TFR 2023=751→2046=938对齐官方推算[真实数据路径形状]；净迁移总量级对齐官方推算、年龄权重偏劳动年龄[假设]
2045,25-29,劳动年龄15-64,男,158810.9,15.8811,低,混合,[混合] 基准人口锚点=C&SD表110-01001A年中人口(不含外佣)；2026-2056为队列成分法推算[假设路径]；生育TFR 2023=751→2046=938对齐官方推算[真实数据路径形状]；净迁移总量级对齐官方推算、年龄权重偏劳动年龄[假设]
2045,30-34,劳动年龄15-64,男,185446.3,18.5446,低,混合,[混合] 基准人口锚点=C&SD表110-01001A年中人口(不含外佣)；2026-2056为队列成分法推算[假设路径]；生育TFR 2023=751→2046=938对齐官方推算[真实数据路径形状]；净迁移总量级对齐官方推算、年龄权重偏劳动年龄[假设]
2045,35-39,劳动年龄15-64,男,186277.1,18.6277,低,混合,[混合] 基准人口锚点=C&SD表110-01001A年中人口(不含外佣)；2026-2056为队列成分法推算[假设路径]；生育TFR 2023=751→2046=938对齐官方推算[真实数据路径形状]；净迁移总量级对齐官方推算、年龄权重偏劳动年龄[假设]
2045,40-44,劳动年龄15-64,男,191151.7,19.1152,低,混合,[混合] 基准人口锚点=C&SD表110-01001A年中人口(不含外佣)；2026-2056为队列成分法推算[假设路径]；生育TFR 2023=751→2046=938对齐官方推算[真实数据路径形状]；净迁移总量级对齐官方推算、年龄权重偏劳动年龄[假设]
2045,45-49,劳动年龄15-64,男,225415.3,22.5415,低,混合,[混合] 基准人口锚点=C&SD表110-01001A年中人口(不含外佣)；2026-2056为队列成分法推算[假设路径]；生育TFR 2023=751→2046=938对齐官方推算[真实数据路径形状]；净迁移总量级对齐官方推算、年龄权重偏劳动年龄[假设]
2045,5-9,少儿0-14,男,73859.6,7.386,低,混合,[混合] 基准人口锚点=C&SD表110-01001A年中人口(不含外佣)；2026-2056为队列成分法推算[假设路径]；生育TFR 2023=751→2046=938对齐官方推算[真实数据路径形状]；净迁移总量级对齐官方推算、年龄权重偏劳动年龄[假设]
2045,50-54,劳动年龄15-64,男,256077.0,25.6077,低,混合,[混合] 基准人口锚点=C&SD表110-01001A年中人口(不含外佣)；2026-2056为队列成分法推算[假设路径]；生育TFR 2023=751→2046=938对齐官方推算[真实数据路径形状]；净迁移总量级对齐官方推算、年龄权重偏劳动年龄[假设]
2045,55-59,劳动年龄15-64,男,257979.2,25.7979,低,混合,[混合] 基准人口锚点=C&SD表110-01001A年中人口(不含外佣)；2026-2056为队列成分法推算[假设路径]；生育TFR 2023=751→2046=938对齐官方推算[真实数据路径形状]；净迁移总量级对齐官方推算、年龄权重偏劳动年龄[假设]
2045,60-64,劳动年龄15-64,男,250902.1,25.0902,低,混合,[混合] 基准人口锚点=C&SD表110-01001A年中人口(不含外佣)；2026-2056为队列成分法推算[假设路径]；生育TFR 2023=751→2046=938对齐官方推算[真实数据路径形状]；净迁移总量级对齐官方推算、年龄权重偏劳动年龄[假设]
2045,65-69,退休65+,男,237198.0,23.7198,低,混合,[混合] 基准人口锚点=C&SD表110-01001A年中人口(不含外佣)；2026-2056为队列成分法推算[假设路径]；生育TFR 2023=751→2046=938对齐官方推算[真实数据路径形状]；净迁移总量级对齐官方推算、年龄权重偏劳动年龄[假设]
2045,70-74,退休65+,男,228561.2,22.8561,低,混合,[混合] 基准人口锚点=C&SD表110-01001A年中人口(不含外佣)；2026-2056为队列成分法推算[假设路径]；生育TFR 2023=751→2046=938对齐官方推算[真实数据路径形状]；净迁移总量级对齐官方推算、年龄权重偏劳动年龄[假设]
2045,75-79,退休65+,男,213775.5,21.3775,低,混合,[混合] 基准人口锚点=C&SD表110-01001A年中人口(不含外佣)；2026-2056为队列成分法推算[假设路径]；生育TFR 2023=751→2046=938对齐官方推算[真实数据路径形状]；净迁移总量级对齐官方推算、年龄权重偏劳动年龄[假设]
2045,80-84,退休65+,男,205954.0,20.5954,低,混合,[混合] 基准人口锚点=C&SD表110-01001A年中人口(不含外佣)；2026-2056为队列成分法推算[假设路径]；生育TFR 2023=751→2046=938对齐官方推算[真实数据路径形状]；净迁移总量级对齐官方推算、年龄权重偏劳动年龄[假设]
2045,85+,退休65+,男,296053.2,29.6053,低,混合,[混合] 基准人口锚点=C&SD表110-01001A年中人口(不含外佣)；2026-2056为队列成分法推算[假设路径]；生育TFR 2023=751→2046=938对齐官方推算[真实数据路径形状]；净迁移总量级对齐官方推算、年龄权重偏劳动年龄[假设]
2046,0-4,少儿0-14,女,68901.9,6.8902,低,混合,[混合] 基准人口锚点=C&SD表110-01001A年中人口(不含外佣)；2026-2056为队列成分法推算[假设路径]；生育TFR 2023=751→2046=938对齐官方推算[真实数据路径形状]；净迁移总量级对齐官方推算、年龄权重偏劳动年龄[假设]
2046,10-14,少儿0-14,女,73737.2,7.3737,低,混合,[混合] 基准人口锚点=C&SD表110-01001A年中人口(不含外佣)；2026-2056为队列成分法推算[假设路径]；生育TFR 2023=751→2046=938对齐官方推算[真实数据路径形状]；净迁移总量级对齐官方推算、年龄权重偏劳动年龄[假设]
2046,15-19,劳动年龄15-64,女,84185.6,8.4186,低,混合,[混合] 基准人口锚点=C&SD表110-01001A年中人口(不含外佣)；2026-2056为队列成分法推算[假设路径]；生育TFR 2023=751→2046=938对齐官方推算[真实数据路径形状]；净迁移总量级对齐官方推算、年龄权重偏劳动年龄[假设]
2046,20-24,劳动年龄15-64,女,99576.8,9.9577,低,混合,[混合] 基准人口锚点=C&SD表110-01001A年中人口(不含外佣)；2026-2056为队列成分法推算[假设路径]；生育TFR 2023=751→2046=938对齐官方推算[真实数据路径形状]；净迁移总量级对齐官方推算、年龄权重偏劳动年龄[假设]
2046,25-29,劳动年龄15-64,女,147626.6,14.7627,低,混合,[混合] 基准人口锚点=C&SD表110-01001A年中人口(不含外佣)；2026-2056为队列成分法推算[假设路径]；生育TFR 2023=751→2046=938对齐官方推算[真实数据路径形状]；净迁移总量级对齐官方推算、年龄权重偏劳动年龄[假设]
2046,30-34,劳动年龄15-64,女,178308.4,17.8308,低,混合,[混合] 基准人口锚点=C&SD表110-01001A年中人口(不含外佣)；2026-2056为队列成分法推算[假设路径]；生育TFR 2023=751→2046=938对齐官方推算[真实数据路径形状]；净迁移总量级对齐官方推算、年龄权重偏劳动年龄[假设]
2046,35-39,劳动年龄15-64,女,181698.2,18.1698,低,混合,[混合] 基准人口锚点=C&SD表110-01001A年中人口(不含外佣)；2026-2056为队列成分法推算[假设路径]；生育TFR 2023=751→2046=938对齐官方推算[真实数据路径形状]；净迁移总量级对齐官方推算、年龄权重偏劳动年龄[假设]
2046,40-44,劳动年龄15-64,女,187361.1,18.7361,低,混合,[混合] 基准人口锚点=C&SD表110-01001A年中人口(不含外佣)；2026-2056为队列成分法推算[假设路径]；生育TFR 2023=751→2046=938对齐官方推算[真实数据路径形状]；净迁移总量级对齐官方推算、年龄权重偏劳动年龄[假设]
2046,45-49,劳动年龄15-64,女,212451.8,21.2452,低,混合,[混合] 基准人口锚点=C&SD表110-01001A年中人口(不含外佣)；2026-2056为队列成分法推算[假设路径]；生育TFR 2023=751→2046=938对齐官方推算[真实数据路径形状]；净迁移总量级对齐官方推算、年龄权重偏劳动年龄[假设]
2046,5-9,少儿0-14,女,70378.2,7.0378,低,混合,[混合] 基准人口锚点=C&SD表110-01001A年中人口(不含外佣)；2026-2056为队列成分法推算[假设路径]；生育TFR 2023=751→2046=938对齐官方推算[真实数据路径形状]；净迁移总量级对齐官方推算、年龄权重偏劳动年龄[假设]
2046,50-54,劳动年龄15-64,女,256226.9,25.6227,低,混合,[混合] 基准人口锚点=C&SD表110-01001A年中人口(不含外佣)；2026-2056为队列成分法推算[假设路径]；生育TFR 2023=751→2046=938对齐官方推算[真实数据路径形状]；净迁移总量级对齐官方推算、年龄权重偏劳动年龄[假设]
2046,55-59,劳动年龄15-64,女,273789.1,27.3789,低,混合,[混合] 基准人口锚点=C&SD表110-01001A年中人口(不含外佣)；2026-2056为队列成分法推算[假设路径]；生育TFR 2023=751→2046=938对齐官方推算[真实数据路径形状]；净迁移总量级对齐官方推算、年龄权重偏劳动年龄[假设]
2046,60-64,劳动年龄15-64,女,294073.9,29.4074,低,混合,[混合] 基准人口锚点=C&SD表110-01001A年中人口(不含外佣)；2026-2056为队列成分法推算[假设路径]；生育TFR 2023=751→2046=938对齐官方推算[真实数据路径形状]；净迁移总量级对齐官方推算、年龄权重偏劳动年龄[假设]
2046,65-69,退休65+,女,300345.3,30.0345,低,混合,[混合] 基准人口锚点=C&SD表110-01001A年中人口(不含外佣)；2026-2056为队列成分法推算[假设路径]；生育TFR 2023=751→2046=938对齐官方推算[真实数据路径形状]；净迁移总量级对齐官方推算、年龄权重偏劳动年龄[假设]
2046,70-74,退休65+,女,306469.5,30.647,低,混合,[混合] 基准人口锚点=C&SD表110-01001A年中人口(不含外佣)；2026-2056为队列成分法推算[假设路径]；生育TFR 2023=751→2046=938对齐官方推算[真实数据路径形状]；净迁移总量级对齐官方推算、年龄权重偏劳动年龄[假设]
2046,75-79,退休65+,女,296080.7,29.6081,低,混合,[混合] 基准人口锚点=C&SD表110-01001A年中人口(不含外佣)；2026-2056为队列成分法推算[假设路径]；生育TFR 2023=751→2046=938对齐官方推算[真实数据路径形状]；净迁移总量级对齐官方推算、年龄权重偏劳动年龄[假设]
2046,80-84,退休65+,女,291287.6,29.1288,低,混合,[混合] 基准人口锚点=C&SD表110-01001A年中人口(不含外佣)；2026-2056为队列成分法推算[假设路径]；生育TFR 2023=751→2046=938对齐官方推算[真实数据路径形状]；净迁移总量级对齐官方推算、年龄权重偏劳动年龄[假设]
2046,85+,退休65+,女,454618.9,45.4619,低,混合,[混合] 基准人口锚点=C&SD表110-01001A年中人口(不含外佣)；2026-2056为队列成分法推算[假设路径]；生育TFR 2023=751→2046=938对齐官方推算[真实数据路径形状]；净迁移总量级对齐官方推算、年龄权重偏劳动年龄[假设]
2046,0-4,少儿0-14,男,72797.5,7.2797,低,混合,[混合] 基准人口锚点=C&SD表110-01001A年中人口(不含外佣)；2026-2056为队列成分法推算[假设路径]；生育TFR 2023=751→2046=938对齐官方推算[真实数据路径形状]；净迁移总量级对齐官方推算、年龄权重偏劳动年龄[假设]
2046,10-14,少儿0-14,男,77067.7,7.7068,低,混合,[混合] 基准人口锚点=C&SD表110-01001A年中人口(不含外佣)；2026-2056为队列成分法推算[假设路径]；生育TFR 2023=751→2046=938对齐官方推算[真实数据路径形状]；净迁移总量级对齐官方推算、年龄权重偏劳动年龄[假设]
2046,15-19,劳动年龄15-64,男,87190.3,8.719,低,混合,[混合] 基准人口锚点=C&SD表110-01001A年中人口(不含外佣)；2026-2056为队列成分法推算[假设路径]；生育TFR 2023=751→2046=938对齐官方推算[真实数据路径形状]；净迁移总量级对齐官方推算、年龄权重偏劳动年龄[假设]
2046,20-24,劳动年龄15-64,男,104364.2,10.4364,低,混合,[混合] 基准人口锚点=C&SD表110-01001A年中人口(不含外佣)；2026-2056为队列成分法推算[假设路径]；生育TFR 2023=751→2046=938对齐官方推算[真实数据路径形状]；净迁移总量级对齐官方推算、年龄权重偏劳动年龄[假设]
2046,25-29,劳动年龄15-64,男,153766.5,15.3766,低,混合,[混合] 基准人口锚点=C&SD表110-01001A年中人口(不含外佣)；2026-2056为队列成分法推算[假设路径]；生育TFR 2023=751→2046=938对齐官方推算[真实数据路径形状]；净迁移总量级对齐官方推算、年龄权重偏劳动年龄[假设]
2046,30-34,劳动年龄15-64,男,185904.0,18.5904,低,混合,[混合] 基准人口锚点=C&SD表110-01001A年中人口(不含外佣)；2026-2056为队列成分法推算[假设路径]；生育TFR 2023=751→2046=938对齐官方推算[真实数据路径形状]；净迁移总量级对齐官方推算、年龄权重偏劳动年龄[假设]
2046,35-39,劳动年龄15-64,男,188273.6,18.8274,低,混合,[混合] 基准人口锚点=C&SD表110-01001A年中人口(不含外佣)；2026-2056为队列成分法推算[假设路径]；生育TFR 2023=751→2046=938对齐官方推算[真实数据路径形状]；净迁移总量级对齐官方推算、年龄权重偏劳动年龄[假设]
2046,40-44,劳动年龄15-64,男,185519.9,18.552,低,混合,[混合] 基准人口锚点=C&SD表110-01001A年中人口(不含外佣)；2026-2056为队列成分法推算[假设路径]；生育TFR 2023=751→2046=938对齐官方推算[真实数据路径形状]；净迁移总量级对齐官方推算、年龄权重偏劳动年龄[假设]
2046,45-49,劳动年龄15-64,男,218446.2,21.8446,低,混合,[混合] 基准人口锚点=C&SD表110-01001A年中人口(不含外佣)；2026-2056为队列成分法推算[假设路径]；生育TFR 2023=751→2046=938对齐官方推算[真实数据路径形状]；净迁移总量级对齐官方推算、年龄权重偏劳动年龄[假设]
2046,5-9,少儿0-14,男,73931.5,7.3932,低,混合,[混合] 基准人口锚点=C&SD表110-01001A年中人口(不含外佣)；2026-2056为队列成分法推算[假设路径]；生育TFR 2023=751→2046=938对齐官方推算[真实数据路径形状]；净迁移总量级对齐官方推算、年龄权重偏劳动年龄[假设]
2046,50-54,劳动年龄15-64,男,255567.8,25.5568,低,混合,[混合] 基准人口锚点=C&SD表110-01001A年中人口(不含外佣)；2026-2056为队列成分法推算[假设路径]；生育TFR 2023=751→2046=938对齐官方推算[真实数据路径形状]；净迁移总量级对齐官方推算、年龄权重偏劳动年龄[假设]
2046,55-59,劳动年龄15-64,男,258990.5,25.899,低,混合,[混合] 基准人口锚点=C&SD表110-01001A年中人口(不含外佣)；2026-2056为队列成分法推算[假设路径]；生育TFR 2023=751→2046=938对齐官方推算[真实数据路径形状]；净迁移总量级对齐官方推算、年龄权重偏劳动年龄[假设]
2046,60-64,劳动年龄15-64,男,253511.8,25.3512,低,混合,[混合] 基准人口锚点=C&SD表110-01001A年中人口(不含外佣)；2026-2056为队列成分法推算[假设路径]；生育TFR 2023=751→2046=938对齐官方推算[真实数据路径形状]；净迁移总量级对齐官方推算、年龄权重偏劳动年龄[假设]
2046,65-69,退休65+,男,236309.2,23.6309,低,混合,[混合] 基准人口锚点=C&SD表110-01001A年中人口(不含外佣)；2026-2056为队列成分法推算[假设路径]；生育TFR 2023=751→2046=938对齐官方推算[真实数据路径形状]；净迁移总量级对齐官方推算、年龄权重偏劳动年龄[假设]
2046,70-74,退休65+,男,229425.8,22.9426,低,混合,[混合] 基准人口锚点=C&SD表110-01001A年中人口(不含外佣)；2026-2056为队列成分法推算[假设路径]；生育TFR 2023=751→2046=938对齐官方推算[真实数据路径形状]；净迁移总量级对齐官方推算、年龄权重偏劳动年龄[假设]
2046,75-79,退休65+,男,208340.1,20.834,低,混合,[混合] 基准人口锚点=C&SD表110-01001A年中人口(不含外佣)；2026-2056为队列成分法推算[假设路径]；生育TFR 2023=751→2046=938对齐官方推算[真实数据路径形状]；净迁移总量级对齐官方推算、年龄权重偏劳动年龄[假设]
2046,80-84,退休65+,男,204597.0,20.4597,低,混合,[混合] 基准人口锚点=C&SD表110-01001A年中人口(不含外佣)；2026-2056为队列成分法推算[假设路径]；生育TFR 2023=751→2046=938对齐官方推算[真实数据路径形状]；净迁移总量级对齐官方推算、年龄权重偏劳动年龄[假设]
2046,85+,退休65+,男,307570.3,30.757,低,混合,[混合] 基准人口锚点=C&SD表110-01001A年中人口(不含外佣)；2026-2056为队列成分法推算[假设路径]；生育TFR 2023=751→2046=938对齐官方推算[真实数据路径形状]；净迁移总量级对齐官方推算、年龄权重偏劳动年龄[假设]
2047,0-4,少儿0-14,女,68873.1,6.8873,低,混合,[混合] 基准人口锚点=C&SD表110-01001A年中人口(不含外佣)；2026-2056为队列成分法推算[假设路径]；生育TFR 2023=751→2046=938对齐官方推算[真实数据路径形状]；净迁移总量级对齐官方推算、年龄权重偏劳动年龄[假设]
2047,10-14,少儿0-14,女,73152.3,7.3152,低,混合,[混合] 基准人口锚点=C&SD表110-01001A年中人口(不含外佣)；2026-2056为队列成分法推算[假设路径]；生育TFR 2023=751→2046=938对齐官方推算[真实数据路径形状]；净迁移总量级对齐官方推算、年龄权重偏劳动年龄[假设]
2047,15-19,劳动年龄15-64,女,82923.0,8.2923,低,混合,[混合] 基准人口锚点=C&SD表110-01001A年中人口(不含外佣)；2026-2056为队列成分法推算[假设路径]；生育TFR 2023=751→2046=938对齐官方推算[真实数据路径形状]；净迁移总量级对齐官方推算、年龄权重偏劳动年龄[假设]
2047,20-24,劳动年龄15-64,女,98527.1,9.8527,低,混合,[混合] 基准人口锚点=C&SD表110-01001A年中人口(不含外佣)；2026-2056为队列成分法推算[假设路径]；生育TFR 2023=751→2046=938对齐官方推算[真实数据路径形状]；净迁移总量级对齐官方推算、年龄权重偏劳动年龄[假设]
2047,25-29,劳动年龄15-64,女,139635.1,13.9635,低,混合,[混合] 基准人口锚点=C&SD表110-01001A年中人口(不含外佣)；2026-2056为队列成分法推算[假设路径]；生育TFR 2023=751→2046=938对齐官方推算[真实数据路径形状]；净迁移总量级对齐官方推算、年龄权重偏劳动年龄[假设]
2047,30-34,劳动年龄15-64,女,173880.8,17.3881,低,混合,[混合] 基准人口锚点=C&SD表110-01001A年中人口(不含外佣)；2026-2056为队列成分法推算[假设路径]；生育TFR 2023=751→2046=938对齐官方推算[真实数据路径形状]；净迁移总量级对齐官方推算、年龄权重偏劳动年龄[假设]
2047,35-39,劳动年龄15-64,女,183152.7,18.3153,低,混合,[混合] 基准人口锚点=C&SD表110-01001A年中人口(不含外佣)；2026-2056为队列成分法推算[假设路径]；生育TFR 2023=751→2046=938对齐官方推算[真实数据路径形状]；净迁移总量级对齐官方推算、年龄权重偏劳动年龄[假设]
2047,40-44,劳动年龄15-64,女,187769.1,18.7769,低,混合,[混合] 基准人口锚点=C&SD表110-01001A年中人口(不含外佣)；2026-2056为队列成分法推算[假设路径]；生育TFR 2023=751→2046=938对齐官方推算[真实数据路径形状]；净迁移总量级对齐官方推算、年龄权重偏劳动年龄[假设]
2047,45-49,劳动年龄15-64,女,208624.1,20.8624,低,混合,[混合] 基准人口锚点=C&SD表110-01001A年中人口(不含外佣)；2026-2056为队列成分法推算[假设路径]；生育TFR 2023=751→2046=938对齐官方推算[真实数据路径形状]；净迁移总量级对齐官方推算、年龄权重偏劳动年龄[假设]
2047,5-9,少儿0-14,女,70533.6,7.0534,低,混合,[混合] 基准人口锚点=C&SD表110-01001A年中人口(不含外佣)；2026-2056为队列成分法推算[假设路径]；生育TFR 2023=751→2046=938对齐官方推算[真实数据路径形状]；净迁移总量级对齐官方推算、年龄权重偏劳动年龄[假设]
2047,50-54,劳动年龄15-64,女,248308.4,24.8308,低,混合,[混合] 基准人口锚点=C&SD表110-01001A年中人口(不含外佣)；2026-2056为队列成分法推算[假设路径]；生育TFR 2023=751→2046=938对齐官方推算[真实数据路径形状]；净迁移总量级对齐官方推算、年龄权重偏劳动年龄[假设]
2047,55-59,劳动年龄15-64,女,270865.1,27.0865,低,混合,[混合] 基准人口锚点=C&SD表110-01001A年中人口(不含外佣)；2026-2056为队列成分法推算[假设路径]；生育TFR 2023=751→2046=938对齐官方推算[真实数据路径形状]；净迁移总量级对齐官方推算、年龄权重偏劳动年龄[假设]
2047,60-64,劳动年龄15-64,女,290281.7,29.0282,低,混合,[混合] 基准人口锚点=C&SD表110-01001A年中人口(不含外佣)；2026-2056为队列成分法推算[假设路径]；生育TFR 2023=751→2046=938对齐官方推算[真实数据路径形状]；净迁移总量级对齐官方推算、年龄权重偏劳动年龄[假设]
2047,65-69,退休65+,女,298364.0,29.8364,低,混合,[混合] 基准人口锚点=C&SD表110-01001A年中人口(不含外佣)；2026-2056为队列成分法推算[假设路径]；生育TFR 2023=751→2046=938对齐官方推算[真实数据路径形状]；净迁移总量级对齐官方推算、年龄权重偏劳动年龄[假设]
2047,70-74,退休65+,女,303925.1,30.3925,低,混合,[混合] 基准人口锚点=C&SD表110-01001A年中人口(不含外佣)；2026-2056为队列成分法推算[假设路径]；生育TFR 2023=751→2046=938对齐官方推算[真实数据路径形状]；净迁移总量级对齐官方推算、年龄权重偏劳动年龄[假设]
2047,75-79,退休65+,女,295686.6,29.5687,低,混合,[混合] 基准人口锚点=C&SD表110-01001A年中人口(不含外佣)；2026-2056为队列成分法推算[假设路径]；生育TFR 2023=751→2046=938对齐官方推算[真实数据路径形状]；净迁移总量级对齐官方推算、年龄权重偏劳动年龄[假设]
2047,80-84,退休65+,女,287379.4,28.7379,低,混合,[混合] 基准人口锚点=C&SD表110-01001A年中人口(不含外佣)；2026-2056为队列成分法推算[假设路径]；生育TFR 2023=751→2046=938对齐官方推算[真实数据路径形状]；净迁移总量级对齐官方推算、年龄权重偏劳动年龄[假设]
2047,85+,退休65+,女,477042.6,47.7043,低,混合,[混合] 基准人口锚点=C&SD表110-01001A年中人口(不含外佣)；2026-2056为队列成分法推算[假设路径]；生育TFR 2023=751→2046=938对齐官方推算[真实数据路径形状]；净迁移总量级对齐官方推算、年龄权重偏劳动年龄[假设]
2047,0-4,少儿0-14,男,72776.6,7.2777,低,混合,[混合] 基准人口锚点=C&SD表110-01001A年中人口(不含外佣)；2026-2056为队列成分法推算[假设路径]；生育TFR 2023=751→2046=938对齐官方推算[真实数据路径形状]；净迁移总量级对齐官方推算、年龄权重偏劳动年龄[假设]
2047,10-14,少儿0-14,男,76477.0,7.6477,低,混合,[混合] 基准人口锚点=C&SD表110-01001A年中人口(不含外佣)；2026-2056为队列成分法推算[假设路径]；生育TFR 2023=751→2046=938对齐官方推算[真实数据路径形状]；净迁移总量级对齐官方推算、年龄权重偏劳动年龄[假设]
2047,15-19,劳动年龄15-64,男,85895.5,8.5895,低,混合,[混合] 基准人口锚点=C&SD表110-01001A年中人口(不含外佣)；2026-2056为队列成分法推算[假设路径]；生育TFR 2023=751→2046=938对齐官方推算[真实数据路径形状]；净迁移总量级对齐官方推算、年龄权重偏劳动年龄[假设]
2047,20-24,劳动年龄15-64,男,102834.1,10.2834,低,混合,[混合] 基准人口锚点=C&SD表110-01001A年中人口(不含外佣)；2026-2056为队列成分法推算[假设路径]；生育TFR 2023=751→2046=938对齐官方推算[真实数据路径形状]；净迁移总量级对齐官方推算、年龄权重偏劳动年龄[假设]
2047,25-29,劳动年龄15-64,男,145375.1,14.5375,低,混合,[混合] 基准人口锚点=C&SD表110-01001A年中人口(不含外佣)；2026-2056为队列成分法推算[假设路径]；生育TFR 2023=751→2046=938对齐官方推算[真实数据路径形状]；净迁移总量级对齐官方推算、年龄权重偏劳动年龄[假设]
2047,30-34,劳动年龄15-64,男,181020.1,18.102,低,混合,[混合] 基准人口锚点=C&SD表110-01001A年中人口(不含外佣)；2026-2056为队列成分法推算[假设路径]；生育TFR 2023=751→2046=938对齐官方推算[真实数据路径形状]；净迁移总量级对齐官方推算、年龄权重偏劳动年龄[假设]
2047,35-39,劳动年龄15-64,男,189713.2,18.9713,低,混合,[混合] 基准人口锚点=C&SD表110-01001A年中人口(不含外佣)；2026-2056为队列成分法推算[假设路径]；生育TFR 2023=751→2046=938对齐官方推算[真实数据路径形状]；净迁移总量级对齐官方推算、年龄权重偏劳动年龄[假设]
2047,40-44,劳动年龄15-64,男,187422.0,18.7422,低,混合,[混合] 基准人口锚点=C&SD表110-01001A年中人口(不含外佣)；2026-2056为队列成分法推算[假设路径]；生育TFR 2023=751→2046=938对齐官方推算[真实数据路径形状]；净迁移总量级对齐官方推算、年龄权重偏劳动年龄[假设]
2047,45-49,劳动年龄15-64,男,212815.6,21.2816,低,混合,[混合] 基准人口锚点=C&SD表110-01001A年中人口(不含外佣)；2026-2056为队列成分法推算[假设路径]；生育TFR 2023=751→2046=938对齐官方推算[真实数据路径形状]；净迁移总量级对齐官方推算、年龄权重偏劳动年龄[假设]
2047,5-9,少儿0-14,男,74121.2,7.4121,低,混合,[混合] 基准人口锚点=C&SD表110-01001A年中人口(不含外佣)；2026-2056为队列成分法推算[假设路径]；生育TFR 2023=751→2046=938对齐官方推算[真实数据路径形状]；净迁移总量级对齐官方推算、年龄权重偏劳动年龄[假设]
2047,50-54,劳动年龄15-64,男,248648.7,24.8649,低,混合,[混合] 基准人口锚点=C&SD表110-01001A年中人口(不含外佣)；2026-2056为队列成分法推算[假设路径]；生育TFR 2023=751→2046=938对齐官方推算[真实数据路径形状]；净迁移总量级对齐官方推算、年龄权重偏劳动年龄[假设]
2047,55-59,劳动年龄15-64,男,258424.5,25.8424,低,混合,[混合] 基准人口锚点=C&SD表110-01001A年中人口(不含外佣)；2026-2056为队列成分法推算[假设路径]；生育TFR 2023=751→2046=938对齐官方推算[真实数据路径形状]；净迁移总量级对齐官方推算、年龄权重偏劳动年龄[假设]
2047,60-64,劳动年龄15-64,男,254280.1,25.428,低,混合,[混合] 基准人口锚点=C&SD表110-01001A年中人口(不含外佣)；2026-2056为队列成分法推算[假设路径]；生育TFR 2023=751→2046=938对齐官方推算[真实数据路径形状]；净迁移总量级对齐官方推算、年龄权重偏劳动年龄[假设]
2047,65-69,退休65+,男,238365.1,23.8365,低,混合,[混合] 基准人口锚点=C&SD表110-01001A年中人口(不含外佣)；2026-2056为队列成分法推算[假设路径]；生育TFR 2023=751→2046=938对齐官方推算[真实数据路径形状]；净迁移总量级对齐官方推算、年龄权重偏劳动年龄[假设]
2047,70-74,退休65+,男,228536.1,22.8536,低,混合,[混合] 基准人口锚点=C&SD表110-01001A年中人口(不含外佣)；2026-2056为队列成分法推算[假设路径]；生育TFR 2023=751→2046=938对齐官方推算[真实数据路径形状]；净迁移总量级对齐官方推算、年龄权重偏劳动年龄[假设]
2047,75-79,退休65+,男,209048.5,20.9048,低,混合,[混合] 基准人口锚点=C&SD表110-01001A年中人口(不含外佣)；2026-2056为队列成分法推算[假设路径]；生育TFR 2023=751→2046=938对齐官方推算[真实数据路径形状]；净迁移总量级对齐官方推算、年龄权重偏劳动年龄[假设]
2047,80-84,退休65+,男,198927.1,19.8927,低,混合,[混合] 基准人口锚点=C&SD表110-01001A年中人口(不含外佣)；2026-2056为队列成分法推算[假设路径]；生育TFR 2023=751→2046=938对齐官方推算[真实数据路径形状]；净迁移总量级对齐官方推算、年龄权重偏劳动年龄[假设]
2047,85+,退休65+,男,316915.8,31.6916,低,混合,[混合] 基准人口锚点=C&SD表110-01001A年中人口(不含外佣)；2026-2056为队列成分法推算[假设路径]；生育TFR 2023=751→2046=938对齐官方推算[真实数据路径形状]；净迁移总量级对齐官方推算、年龄权重偏劳动年龄[假设]
2048,0-4,少儿0-14,女,68527.5,6.8528,低,混合,[混合] 基准人口锚点=C&SD表110-01001A年中人口(不含外佣)；2026-2056为队列成分法推算[假设路径]；生育TFR 2023=751→2046=938对齐官方推算[真实数据路径形状]；净迁移总量级对齐官方推算、年龄权重偏劳动年龄[假设]
2048,10-14,少儿0-14,女,72719.4,7.2719,低,混合,[混合] 基准人口锚点=C&SD表110-01001A年中人口(不含外佣)；2026-2056为队列成分法推算[假设路径]；生育TFR 2023=751→2046=938对齐官方推算[真实数据路径形状]；净迁移总量级对齐官方推算、年龄权重偏劳动年龄[假设]
2048,15-19,劳动年龄15-64,女,81781.7,8.1782,低,混合,[混合] 基准人口锚点=C&SD表110-01001A年中人口(不含外佣)；2026-2056为队列成分法推算[假设路径]；生育TFR 2023=751→2046=938对齐官方推算[真实数据路径形状]；净迁移总量级对齐官方推算、年龄权重偏劳动年龄[假设]
2048,20-24,劳动年龄15-64,女,97231.5,9.7232,低,混合,[混合] 基准人口锚点=C&SD表110-01001A年中人口(不含外佣)；2026-2056为队列成分法推算[假设路径]；生育TFR 2023=751→2046=938对齐官方推算[真实数据路径形状]；净迁移总量级对齐官方推算、年龄权重偏劳动年龄[假设]
2048,25-29,劳动年龄15-64,女,131568.2,13.1568,低,混合,[混合] 基准人口锚点=C&SD表110-01001A年中人口(不含外佣)；2026-2056为队列成分法推算[假设路径]；生育TFR 2023=751→2046=938对齐官方推算[真实数据路径形状]；净迁移总量级对齐官方推算、年龄权重偏劳动年龄[假设]
2048,30-34,劳动年龄15-64,女,169353.6,16.9354,低,混合,[混合] 基准人口锚点=C&SD表110-01001A年中人口(不含外佣)；2026-2056为队列成分法推算[假设路径]；生育TFR 2023=751→2046=938对齐官方推算[真实数据路径形状]；净迁移总量级对齐官方推算、年龄权重偏劳动年龄[假设]
2048,35-39,劳动年龄15-64,女,184299.4,18.4299,低,混合,[混合] 基准人口锚点=C&SD表110-01001A年中人口(不含外佣)；2026-2056为队列成分法推算[假设路径]；生育TFR 2023=751→2046=938对齐官方推算[真实数据路径形状]；净迁移总量级对齐官方推算、年龄权重偏劳动年龄[假设]
2048,40-44,劳动年龄15-64,女,188145.0,18.8145,低,混合,[混合] 基准人口锚点=C&SD表110-01001A年中人口(不含外佣)；2026-2056为队列成分法推算[假设路径]；生育TFR 2023=751→2046=938对齐官方推算[真实数据路径形状]；净迁移总量级对齐官方推算、年龄权重偏劳动年龄[假设]
2048,45-49,劳动年龄15-64,女,204745.4,20.4745,低,混合,[混合] 基准人口锚点=C&SD表110-01001A年中人口(不含外佣)；2026-2056为队列成分法推算[假设路径]；生育TFR 2023=751→2046=938对齐官方推算[真实数据路径形状]；净迁移总量级对齐官方推算、年龄权重偏劳动年龄[假设]
2048,5-9,少儿0-14,女,70659.0,7.0659,低,混合,[混合] 基准人口锚点=C&SD表110-01001A年中人口(不含外佣)；2026-2056为队列成分法推算[假设路径]；生育TFR 2023=751→2046=938对齐官方推算[真实数据路径形状]；净迁移总量级对齐官方推算、年龄权重偏劳动年龄[假设]
2048,50-54,劳动年龄15-64,女,240351.5,24.0352,低,混合,[混合] 基准人口锚点=C&SD表110-01001A年中人口(不含外佣)；2026-2056为队列成分法推算[假设路径]；生育TFR 2023=751→2046=938对齐官方推算[真实数据路径形状]；净迁移总量级对齐官方推算、年龄权重偏劳动年龄[假设]
2048,55-59,劳动年龄15-64,女,267953.0,26.7953,低,混合,[混合] 基准人口锚点=C&SD表110-01001A年中人口(不含外佣)；2026-2056为队列成分法推算[假设路径]；生育TFR 2023=751→2046=938对齐官方推算[真实数据路径形状]；净迁移总量级对齐官方推算、年龄权重偏劳动年龄[假设]
2048,60-64,劳动年龄15-64,女,286523.2,28.6523,低,混合,[混合] 基准人口锚点=C&SD表110-01001A年中人口(不含外佣)；2026-2056为队列成分法推算[假设路径]；生育TFR 2023=751→2046=938对齐官方推算[真实数据路径形状]；净迁移总量级对齐官方推算、年龄权重偏劳动年龄[假设]
2048,65-69,退休65+,女,296510.5,29.6511,低,混合,[混合] 基准人口锚点=C&SD表110-01001A年中人口(不含外佣)；2026-2056为队列成分法推算[假设路径]；生育TFR 2023=751→2046=938对齐官方推算[真实数据路径形状]；净迁移总量级对齐官方推算、年龄权重偏劳动年龄[假设]
2048,70-74,退休65+,女,301399.7,30.14,低,混合,[混合] 基准人口锚点=C&SD表110-01001A年中人口(不含外佣)；2026-2056为队列成分法推算[假设路径]；生育TFR 2023=751→2046=938对齐官方推算[真实数据路径形状]；净迁移总量级对齐官方推算、年龄权重偏劳动年龄[假设]
2048,75-79,退休65+,女,295372.0,29.5372,低,混合,[混合] 基准人口锚点=C&SD表110-01001A年中人口(不含外佣)；2026-2056为队列成分法推算[假设路径]；生育TFR 2023=751→2046=938对齐官方推算[真实数据路径形状]；净迁移总量级对齐官方推算、年龄权重偏劳动年龄[假设]
2048,80-84,退休65+,女,283685.3,28.3685,低,混合,[混合] 基准人口锚点=C&SD表110-01001A年中人口(不含外佣)；2026-2056为队列成分法推算[假设路径]；生育TFR 2023=751→2046=938对齐官方推算[真实数据路径形状]；净迁移总量级对齐官方推算、年龄权重偏劳动年龄[假设]
2048,85+,退休65+,女,498202.5,49.8203,低,混合,[混合] 基准人口锚点=C&SD表110-01001A年中人口(不含外佣)；2026-2056为队列成分法推算[假设路径]；生育TFR 2023=751→2046=938对齐官方推算[真实数据路径形状]；净迁移总量级对齐官方推算、年龄权重偏劳动年龄[假设]
2048,0-4,少儿0-14,男,72417.9,7.2418,低,混合,[混合] 基准人口锚点=C&SD表110-01001A年中人口(不含外佣)；2026-2056为队列成分法推算[假设路径]；生育TFR 2023=751→2046=938对齐官方推算[真实数据路径形状]；净迁移总量级对齐官方推算、年龄权重偏劳动年龄[假设]
2048,10-14,少儿0-14,男,76050.1,7.605,低,混合,[混合] 基准人口锚点=C&SD表110-01001A年中人口(不含外佣)；2026-2056为队列成分法推算[假设路径]；生育TFR 2023=751→2046=938对齐官方推算[真实数据路径形状]；净迁移总量级对齐官方推算、年龄权重偏劳动年龄[假设]
2048,15-19,劳动年龄15-64,男,84727.6,8.4728,低,混合,[混合] 基准人口锚点=C&SD表110-01001A年中人口(不含外佣)；2026-2056为队列成分法推算[假设路径]；生育TFR 2023=751→2046=938对齐官方推算[真实数据路径形状]；净迁移总量级对齐官方推算、年龄权重偏劳动年龄[假设]
2048,20-24,劳动年龄15-64,男,101057.2,10.1057,低,混合,[混合] 基准人口锚点=C&SD表110-01001A年中人口(不含外佣)；2026-2056为队列成分法推算[假设路径]；生育TFR 2023=751→2046=938对齐官方推算[真实数据路径形状]；净迁移总量级对齐官方推算、年龄权重偏劳动年龄[假设]
2048,25-29,劳动年龄15-64,男,136910.1,13.691,低,混合,[混合] 基准人口锚点=C&SD表110-01001A年中人口(不含外佣)；2026-2056为队列成分法推算[假设路径]；生育TFR 2023=751→2046=938对齐官方推算[真实数据路径形状]；净迁移总量级对齐官方推算、年龄权重偏劳动年龄[假设]
2048,30-34,劳动年龄15-64,男,176045.7,17.6046,低,混合,[混合] 基准人口锚点=C&SD表110-01001A年中人口(不含外佣)；2026-2056为队列成分法推算[假设路径]；生育TFR 2023=751→2046=938对齐官方推算[真实数据路径形状]；净迁移总量级对齐官方推算、年龄权重偏劳动年龄[假设]
2048,35-39,劳动年龄15-64,男,190872.4,19.0872,低,混合,[混合] 基准人口锚点=C&SD表110-01001A年中人口(不含外佣)；2026-2056为队列成分法推算[假设路径]；生育TFR 2023=751→2046=938对齐官方推算[真实数据路径形状]；净迁移总量级对齐官方推算、年龄权重偏劳动年龄[假设]
2048,40-44,劳动年龄15-64,男,189294.0,18.9294,低,混合,[混合] 基准人口锚点=C&SD表110-01001A年中人口(不含外佣)；2026-2056为队列成分法推算[假设路径]；生育TFR 2023=751→2046=938对齐官方推算[真实数据路径形状]；净迁移总量级对齐官方推算、年龄权重偏劳动年龄[假设]
2048,45-49,劳动年龄15-64,男,207149.4,20.7149,低,混合,[混合] 基准人口锚点=C&SD表110-01001A年中人口(不含外佣)；2026-2056为队列成分法推算[假设路径]；生育TFR 2023=751→2046=938对齐官方推算[真实数据路径形状]；净迁移总量级对齐官方推算、年龄权重偏劳动年龄[假设]
2048,5-9,少儿0-14,男,74277.1,7.4277,低,混合,[混合] 基准人口锚点=C&SD表110-01001A年中人口(不含外佣)；2026-2056为队列成分法推算[假设路径]；生育TFR 2023=751→2046=938对齐官方推算[真实数据路径形状]；净迁移总量级对齐官方推算、年龄权重偏劳动年龄[假设]
2048,50-54,劳动年龄15-64,男,241711.1,24.1711,低,混合,[混合] 基准人口锚点=C&SD表110-01001A年中人口(不含外佣)；2026-2056为队列成分法推算[假设路径]；生育TFR 2023=751→2046=938对齐官方推算[真实数据路径形状]；净迁移总量级对齐官方推算、年龄权重偏劳动年龄[假设]
2048,55-59,劳动年龄15-64,男,257870.7,25.7871,低,混合,[混合] 基准人口锚点=C&SD表110-01001A年中人口(不含外佣)；2026-2056为队列成分法推算[假设路径]；生育TFR 2023=751→2046=938对齐官方推算[真实数据路径形状]；净迁移总量级对齐官方推算、年龄权重偏劳动年龄[假设]
2048,60-64,劳动年龄15-64,男,255085.7,25.5086,低,混合,[混合] 基准人口锚点=C&SD表110-01001A年中人口(不含外佣)；2026-2056为队列成分法推算[假设路径]；生育TFR 2023=751→2046=938对齐官方推算[真实数据路径形状]；净迁移总量级对齐官方推算、年龄权重偏劳动年龄[假设]
2048,65-69,退休65+,男,240522.2,24.0522,低,混合,[混合] 基准人口锚点=C&SD表110-01001A年中人口(不含外佣)；2026-2056为队列成分法推算[假设路径]；生育TFR 2023=751→2046=938对齐官方推算[真实数据路径形状]；净迁移总量级对齐官方推算、年龄权重偏劳动年龄[假设]
2048,70-74,退休65+,男,227685.5,22.7686,低,混合,[混合] 基准人口锚点=C&SD表110-01001A年中人口(不含外佣)；2026-2056为队列成分法推算[假设路径]；生育TFR 2023=751→2046=938对齐官方推算[真实数据路径形状]；净迁移总量级对齐官方推算、年龄权重偏劳动年龄[假设]
2048,75-79,退休65+,男,209834.6,20.9835,低,混合,[混合] 基准人口锚点=C&SD表110-01001A年中人口(不含外佣)；2026-2056为队列成分法推算[假设路径]；生育TFR 2023=751→2046=938对齐官方推算[真实数据路径形状]；净迁移总量级对齐官方推算、年龄权重偏劳动年龄[假设]
2048,80-84,退休65+,男,193646.2,19.3646,低,混合,[混合] 基准人口锚点=C&SD表110-01001A年中人口(不含外佣)；2026-2056为队列成分法推算[假设路径]；生育TFR 2023=751→2046=938对齐官方推算[真实数据路径形状]；净迁移总量级对齐官方推算、年龄权重偏劳动年龄[假设]
2048,85+,退休65+,男,325614.9,32.5615,低,混合,[混合] 基准人口锚点=C&SD表110-01001A年中人口(不含外佣)；2026-2056为队列成分法推算[假设路径]；生育TFR 2023=751→2046=938对齐官方推算[真实数据路径形状]；净迁移总量级对齐官方推算、年龄权重偏劳动年龄[假设]
2049,0-4,少儿0-14,女,67869.8,6.787,低,混合,[混合] 基准人口锚点=C&SD表110-01001A年中人口(不含外佣)；2026-2056为队列成分法推算[假设路径]；生育TFR 2023=751→2046=938对齐官方推算[真实数据路径形状]；净迁移总量级对齐官方推算、年龄权重偏劳动年龄[假设]
2049,10-14,少儿0-14,女,72432.9,7.2433,低,混合,[混合] 基准人口锚点=C&SD表110-01001A年中人口(不含外佣)；2026-2056为队列成分法推算[假设路径]；生育TFR 2023=751→2046=938对齐官方推算[真实数据路径形状]；净迁移总量级对齐官方推算、年龄权重偏劳动年龄[假设]
2049,15-19,劳动年龄15-64,女,80756.6,8.0757,低,混合,[混合] 基准人口锚点=C&SD表110-01001A年中人口(不含外佣)；2026-2056为队列成分法推算[假设路径]；生育TFR 2023=751→2046=938对齐官方推算[真实数据路径形状]；净迁移总量级对齐官方推算、年龄权重偏劳动年龄[假设]
2049,20-24,劳动年龄15-64,女,95685.2,9.5685,低,混合,[混合] 基准人口锚点=C&SD表110-01001A年中人口(不含外佣)；2026-2056为队列成分法推算[假设路径]；生育TFR 2023=751→2046=938对齐官方推算[真实数据路径形状]；净迁移总量级对齐官方推算、年龄权重偏劳动年龄[假设]
2049,25-29,劳动年龄15-64,女,123452.7,12.3453,低,混合,[混合] 基准人口锚点=C&SD表110-01001A年中人口(不含外佣)；2026-2056为队列成分法推算[假设路径]；生育TFR 2023=751→2046=938对齐官方推算[真实数据路径形状]；净迁移总量级对齐官方推算、年龄权重偏劳动年龄[假设]
2049,30-34,劳动年龄15-64,女,164726.9,16.4727,低,混合,[混合] 基准人口锚点=C&SD表110-01001A年中人口(不含外佣)；2026-2056为队列成分法推算[假设路径]；生育TFR 2023=751→2046=938对齐官方推算[真实数据路径形状]；净迁移总量级对齐官方推算、年龄权重偏劳动年龄[假设]
2049,35-39,劳动年龄15-64,女,185125.2,18.5125,低,混合,[混合] 基准人口锚点=C&SD表110-01001A年中人口(不含外佣)；2026-2056为队列成分法推算[假设路径]；生育TFR 2023=751→2046=938对齐官方推算[真实数据路径形状]；净迁移总量级对齐官方推算、年龄权重偏劳动年龄[假设]
2049,40-44,劳动年龄15-64,女,188488.8,18.8489,低,混合,[混合] 基准人口锚点=C&SD表110-01001A年中人口(不含外佣)；2026-2056为队列成分法推算[假设路径]；生育TFR 2023=751→2046=938对齐官方推算[真实数据路径形状]；净迁移总量级对齐官方推算、年龄权重偏劳动年龄[假设]
2049,45-49,劳动年龄15-64,女,200819.7,20.082,低,混合,[混合] 基准人口锚点=C&SD表110-01001A年中人口(不含外佣)；2026-2056为队列成分法推算[假设路径]；生育TFR 2023=751→2046=938对齐官方推算[真实数据路径形状]；净迁移总量级对齐官方推算、年龄权重偏劳动年龄[假设]
2049,5-9,少儿0-14,女,70746.6,7.0747,低,混合,[混合] 基准人口锚点=C&SD表110-01001A年中人口(不含外佣)；2026-2056为队列成分法推算[假设路径]；生育TFR 2023=751→2046=938对齐官方推算[真实数据路径形状]；净迁移总量级对齐官方推算、年龄权重偏劳动年龄[假设]
2049,50-54,劳动年龄15-64,女,232355.8,23.2356,低,混合,[混合] 基准人口锚点=C&SD表110-01001A年中人口(不含外佣)；2026-2056为队列成分法推算[假设路径]；生育TFR 2023=751→2046=938对齐官方推算[真实数据路径形状]；净迁移总量级对齐官方推算、年龄权重偏劳动年龄[假设]
2049,55-59,劳动年龄15-64,女,265039.4,26.5039,低,混合,[混合] 基准人口锚点=C&SD表110-01001A年中人口(不含外佣)；2026-2056为队列成分法推算[假设路径]；生育TFR 2023=751→2046=938对齐官方推算[真实数据路径形状]；净迁移总量级对齐官方推算、年龄权重偏劳动年龄[假设]
2049,60-64,劳动年龄15-64,女,282797.9,28.2798,低,混合,[混合] 基准人口锚点=C&SD表110-01001A年中人口(不含外佣)；2026-2056为队列成分法推算[假设路径]；生育TFR 2023=751→2046=938对齐官方推算[真实数据路径形状]；净迁移总量级对齐官方推算、年龄权重偏劳动年龄[假设]
2049,65-69,退休65+,女,294795.1,29.4795,低,混合,[混合] 基准人口锚点=C&SD表110-01001A年中人口(不含外佣)；2026-2056为队列成分法推算[假设路径]；生育TFR 2023=751→2046=938对齐官方推算[真实数据路径形状]；净迁移总量级对齐官方推算、年龄权重偏劳动年龄[假设]
2049,70-74,退休65+,女,298892.4,29.8892,低,混合,[混合] 基准人口锚点=C&SD表110-01001A年中人口(不含外佣)；2026-2056为队列成分法推算[假设路径]；生育TFR 2023=751→2046=938对齐官方推算[真实数据路径形状]；净迁移总量级对齐官方推算、年龄权重偏劳动年龄[假设]
2049,75-79,退休65+,女,295120.7,29.5121,低,混合,[混合] 基准人口锚点=C&SD表110-01001A年中人口(不含外佣)；2026-2056为队列成分法推算[假设路径]；生育TFR 2023=751→2046=938对齐官方推算[真实数据路径形状]；净迁移总量级对齐官方推算、年龄权重偏劳动年龄[假设]
2049,80-84,退休65+,女,280199.1,28.0199,低,混合,[混合] 基准人口锚点=C&SD表110-01001A年中人口(不含外佣)；2026-2056为队列成分法推算[假设路径]；生育TFR 2023=751→2046=938对齐官方推算[真实数据路径形状]；净迁移总量级对齐官方推算、年龄权重偏劳动年龄[假设]
2049,85+,退休65+,女,518211.7,51.8212,低,混合,[混合] 基准人口锚点=C&SD表110-01001A年中人口(不含外佣)；2026-2056为队列成分法推算[假设路径]；生育TFR 2023=751→2046=938对齐官方推算[真实数据路径形状]；净迁移总量级对齐官方推算、年龄权重偏劳动年龄[假设]
2049,0-4,少儿0-14,男,71727.1,7.1727,低,混合,[混合] 基准人口锚点=C&SD表110-01001A年中人口(不含外佣)；2026-2056为队列成分法推算[假设路径]；生育TFR 2023=751→2046=938对齐官方推算[真实数据路径形状]；净迁移总量级对齐官方推算、年龄权重偏劳动年龄[假设]
2049,10-14,少儿0-14,男,75780.0,7.578,低,混合,[混合] 基准人口锚点=C&SD表110-01001A年中人口(不含外佣)；2026-2056为队列成分法推算[假设路径]；生育TFR 2023=751→2046=938对齐官方推算[真实数据路径形状]；净迁移总量级对齐官方推算、年龄权重偏劳动年龄[假设]
2049,15-19,劳动年龄15-64,男,83682.3,8.3682,低,混合,[混合] 基准人口锚点=C&SD表110-01001A年中人口(不含外佣)；2026-2056为队列成分法推算[假设路径]；生育TFR 2023=751→2046=938对齐官方推算[真实数据路径形状]；净迁移总量级对齐官方推算、年龄权重偏劳动年龄[假设]
2049,20-24,劳动年龄15-64,男,99028.9,9.9029,低,混合,[混合] 基准人口锚点=C&SD表110-01001A年中人口(不含外佣)；2026-2056为队列成分法推算[假设路径]；生育TFR 2023=751→2046=938对齐官方推算[真实数据路径形状]；净迁移总量级对齐官方推算、年龄权重偏劳动年龄[假设]
2049,25-29,劳动年龄15-64,男,128396.3,12.8396,低,混合,[混合] 基准人口锚点=C&SD表110-01001A年中人口(不含外佣)；2026-2056为队列成分法推算[假设路径]；生育TFR 2023=751→2046=938对齐官方推算[真实数据路径形状]；净迁移总量级对齐官方推算、年龄权重偏劳动年龄[假设]
2049,30-34,劳动年龄15-64,男,170980.9,17.0981,低,混合,[混合] 基准人口锚点=C&SD表110-01001A年中人口(不含外佣)；2026-2056为队列成分法推算[假设路径]；生育TFR 2023=751→2046=938对齐官方推算[真实数据路径形状]；净迁移总量级对齐官方推算、年龄权重偏劳动年龄[假设]
2049,35-39,劳动年龄15-64,男,191739.4,19.1739,低,混合,[混合] 基准人口锚点=C&SD表110-01001A年中人口(不含外佣)；2026-2056为队列成分法推算[假设路径]；生育TFR 2023=751→2046=938对齐官方推算[真实数据路径形状]；净迁移总量级对齐官方推算、年龄权重偏劳动年龄[假设]
2049,40-44,劳动年龄15-64,男,191136.1,19.1136,低,混合,[混合] 基准人口锚点=C&SD表110-01001A年中人口(不含外佣)；2026-2056为队列成分法推算[假设路径]；生育TFR 2023=751→2046=938对齐官方推算[真实数据路径形状]；净迁移总量级对齐官方推算、年龄权重偏劳动年龄[假设]
2049,45-49,劳动年龄15-64,男,201451.1,20.1451,低,混合,[混合] 基准人口锚点=C&SD表110-01001A年中人口(不含外佣)；2026-2056为队列成分法推算[假设路径]；生育TFR 2023=751→2046=938对齐官方推算[真实数据路径形状]；净迁移总量级对齐官方推算、年龄权重偏劳动年龄[假设]
2049,5-9,少儿0-14,男,74391.3,7.4391,低,混合,[混合] 基准人口锚点=C&SD表110-01001A年中人口(不含外佣)；2026-2056为队列成分法推算[假设路径]；生育TFR 2023=751→2046=938对齐官方推算[真实数据路径形状]；净迁移总量级对齐官方推算、年龄权重偏劳动年龄[假设]
2049,50-54,劳动年龄15-64,男,234754.4,23.4754,低,混合,[混合] 基准人口锚点=C&SD表110-01001A年中人口(不含外佣)；2026-2056为队列成分法推算[假设路径]；生育TFR 2023=751→2046=938对齐官方推算[真实数据路径形状]；净迁移总量级对齐官方推算、年龄权重偏劳动年龄[假设]
2049,55-59,劳动年龄15-64,男,257316.8,25.7317,低,混合,[混合] 基准人口锚点=C&SD表110-01001A年中人口(不含外佣)；2026-2056为队列成分法推算[假设路径]；生育TFR 2023=751→2046=938对齐官方推算[真实数据路径形状]；净迁移总量级对齐官方推算、年龄权重偏劳动年龄[假设]
2049,60-64,劳动年龄15-64,男,255928.3,25.5928,低,混合,[混合] 基准人口锚点=C&SD表110-01001A年中人口(不含外佣)；2026-2056为队列成分法推算[假设路径]；生育TFR 2023=751→2046=938对齐官方推算[真实数据路径形状]；净迁移总量级对齐官方推算、年龄权重偏劳动年龄[假设]
2049,65-69,退休65+,男,242789.5,24.2789,低,混合,[混合] 基准人口锚点=C&SD表110-01001A年中人口(不含外佣)；2026-2056为队列成分法推算[假设路径]；生育TFR 2023=751→2046=938对齐官方推算[真实数据路径形状]；净迁移总量级对齐官方推算、年龄权重偏劳动年龄[假设]
2049,70-74,退休65+,男,226872.3,22.6872,低,混合,[混合] 基准人口锚点=C&SD表110-01001A年中人口(不含外佣)；2026-2056为队列成分法推算[假设路径]；生育TFR 2023=751→2046=938对齐官方推算[真实数据路径形状]；净迁移总量级对齐官方推算、年龄权重偏劳动年龄[假设]
2049,75-79,退休65+,男,210683.9,21.0684,低,混合,[混合] 基准人口锚点=C&SD表110-01001A年中人口(不含外佣)；2026-2056为队列成分法推算[假设路径]；生育TFR 2023=751→2046=938对齐官方推算[真实数据路径形状]；净迁移总量级对齐官方推算、年龄权重偏劳动年龄[假设]
2049,80-84,退休65+,男,188733.8,18.8734,低,混合,[混合] 基准人口锚点=C&SD表110-01001A年中人口(不含外佣)；2026-2056为队列成分法推算[假设路径]；生育TFR 2023=751→2046=938对齐官方推算[真实数据路径形状]；净迁移总量级对齐官方推算、年龄权重偏劳动年龄[假设]
2049,85+,退休65+,男,333735.9,33.3736,低,混合,[混合] 基准人口锚点=C&SD表110-01001A年中人口(不含外佣)；2026-2056为队列成分法推算[假设路径]；生育TFR 2023=751→2046=938对齐官方推算[真实数据路径形状]；净迁移总量级对齐官方推算、年龄权重偏劳动年龄[假设]
2050,0-4,少儿0-14,女,66905.7,6.6906,低,混合,[混合] 基准人口锚点=C&SD表110-01001A年中人口(不含外佣)；2026-2056为队列成分法推算[假设路径]；生育TFR 2023=751→2046=938对齐官方推算[真实数据路径形状]；净迁移总量级对齐官方推算、年龄权重偏劳动年龄[假设]
2050,10-14,少儿0-14,女,72286.2,7.2286,低,混合,[混合] 基准人口锚点=C&SD表110-01001A年中人口(不含外佣)；2026-2056为队列成分法推算[假设路径]；生育TFR 2023=751→2046=938对齐官方推算[真实数据路径形状]；净迁移总量级对齐官方推算、年龄权重偏劳动年龄[假设]
2050,15-19,劳动年龄15-64,女,79842.2,7.9842,低,混合,[混合] 基准人口锚点=C&SD表110-01001A年中人口(不含外佣)；2026-2056为队列成分法推算[假设路径]；生育TFR 2023=751→2046=938对齐官方推算[真实数据路径形状]；净迁移总量级对齐官方推算、年龄权重偏劳动年龄[假设]
2050,20-24,劳动年龄15-64,女,93883.5,9.3884,低,混合,[混合] 基准人口锚点=C&SD表110-01001A年中人口(不含外佣)；2026-2056为队列成分法推算[假设路径]；生育TFR 2023=751→2046=938对齐官方推算[真实数据路径形状]；净迁移总量级对齐官方推算、年龄权重偏劳动年龄[假设]
2050,25-29,劳动年龄15-64,女,115315.4,11.5315,低,混合,[混合] 基准人口锚点=C&SD表110-01001A年中人口(不含外佣)；2026-2056为队列成分法推算[假设路径]；生育TFR 2023=751→2046=938对齐官方推算[真实数据路径形状]；净迁移总量级对齐官方推算、年龄权重偏劳动年龄[假设]
2050,30-34,劳动年龄15-64,女,160000.6,16.0001,低,混合,[混合] 基准人口锚点=C&SD表110-01001A年中人口(不含外佣)；2026-2056为队列成分法推算[假设路径]；生育TFR 2023=751→2046=938对齐官方推算[真实数据路径形状]；净迁移总量级对齐官方推算、年龄权重偏劳动年龄[假设]
2050,35-39,劳动年龄15-64,女,185617.1,18.5617,低,混合,[混合] 基准人口锚点=C&SD表110-01001A年中人口(不含外佣)；2026-2056为队列成分法推算[假设路径]；生育TFR 2023=751→2046=938对齐官方推算[真实数据路径形状]；净迁移总量级对齐官方推算、年龄权重偏劳动年龄[假设]
2050,40-44,劳动年龄15-64,女,188800.4,18.88,低,混合,[混合] 基准人口锚点=C&SD表110-01001A年中人口(不含外佣)；2026-2056为队列成分法推算[假设路径]；生育TFR 2023=751→2046=938对齐官方推算[真实数据路径形状]；净迁移总量级对齐官方推算、年龄权重偏劳动年龄[假设]
2050,45-49,劳动年龄15-64,女,196851.0,19.6851,低,混合,[混合] 基准人口锚点=C&SD表110-01001A年中人口(不含外佣)；2026-2056为队列成分法推算[假设路径]；生育TFR 2023=751→2046=938对齐官方推算[真实数据路径形状]；净迁移总量级对齐官方推算、年龄权重偏劳动年龄[假设]
2050,5-9,少儿0-14,女,70788.7,7.0789,低,混合,[混合] 基准人口锚点=C&SD表110-01001A年中人口(不含外佣)；2026-2056为队列成分法推算[假设路径]；生育TFR 2023=751→2046=938对齐官方推算[真实数据路径形状]；净迁移总量级对齐官方推算、年龄权重偏劳动年龄[假设]
2050,50-54,劳动年龄15-64,女,224321.0,22.4321,低,混合,[混合] 基准人口锚点=C&SD表110-01001A年中人口(不含外佣)；2026-2056为队列成分法推算[假设路径]；生育TFR 2023=751→2046=938对齐官方推算[真实数据路径形状]；净迁移总量级对齐官方推算、年龄权重偏劳动年龄[假设]
2050,55-59,劳动年龄15-64,女,262110.8,26.2111,低,混合,[混合] 基准人口锚点=C&SD表110-01001A年中人口(不含外佣)；2026-2056为队列成分法推算[假设路径]；生育TFR 2023=751→2046=938对齐官方推算[真实数据路径形状]；净迁移总量级对齐官方推算、年龄权重偏劳动年龄[假设]
2050,60-64,劳动年龄15-64,女,279105.6,27.9106,低,混合,[混合] 基准人口锚点=C&SD表110-01001A年中人口(不含外佣)；2026-2056为队列成分法推算[假设路径]；生育TFR 2023=751→2046=938对齐官方推算[真实数据路径形状]；净迁移总量级对齐官方推算、年龄权重偏劳动年龄[假设]
2050,65-69,退休65+,女,293227.8,29.3228,低,混合,[混合] 基准人口锚点=C&SD表110-01001A年中人口(不含外佣)；2026-2056为队列成分法推算[假设路径]；生育TFR 2023=751→2046=938对齐官方推算[真实数据路径形状]；净迁移总量级对齐官方推算、年龄权重偏劳动年龄[假设]
2050,70-74,退休65+,女,296402.2,29.6402,低,混合,[混合] 基准人口锚点=C&SD表110-01001A年中人口(不含外佣)；2026-2056为队列成分法推算[假设路径]；生育TFR 2023=751→2046=938对齐官方推算[真实数据路径形状]；净迁移总量级对齐官方推算、年龄权重偏劳动年龄[假设]
2050,75-79,退休65+,女,294917.1,29.4917,低,混合,[混合] 基准人口锚点=C&SD表110-01001A年中人口(不含外佣)；2026-2056为队列成分法推算[假设路径]；生育TFR 2023=751→2046=938对齐官方推算[真实数据路径形状]；净迁移总量级对齐官方推算、年龄权重偏劳动年龄[假设]
2050,80-84,退休65+,女,276914.7,27.6915,低,混合,[混合] 基准人口锚点=C&SD表110-01001A年中人口(不含外佣)；2026-2056为队列成分法推算[假设路径]；生育TFR 2023=751→2046=938对齐官方推算[真实数据路径形状]；净迁移总量级对齐官方推算、年龄权重偏劳动年龄[假设]
2050,85+,退休65+,女,537173.4,53.7173,低,混合,[混合] 基准人口锚点=C&SD表110-01001A年中人口(不含外佣)；2026-2056为队列成分法推算[假设路径]；生育TFR 2023=751→2046=938对齐官方推算[真实数据路径形状]；净迁移总量级对齐官方推算、年龄权重偏劳动年龄[假设]
2050,0-4,少儿0-14,男,70710.7,7.0711,低,混合,[混合] 基准人口锚点=C&SD表110-01001A年中人口(不含外佣)；2026-2056为队列成分法推算[假设路径]；生育TFR 2023=751→2046=938对齐官方推算[真实数据路径形状]；净迁移总量级对齐官方推算、年龄权重偏劳动年龄[假设]
2050,10-14,少儿0-14,男,75658.4,7.5658,低,混合,[混合] 基准人口锚点=C&SD表110-01001A年中人口(不含外佣)；2026-2056为队列成分法推算[假设路径]；生育TFR 2023=751→2046=938对齐官方推算[真实数据路径形状]；净迁移总量级对齐官方推算、年龄权重偏劳动年龄[假设]
2050,15-19,劳动年龄15-64,男,82755.0,8.2755,低,混合,[混合] 基准人口锚点=C&SD表110-01001A年中人口(不含外佣)；2026-2056为队列成分法推算[假设路径]；生育TFR 2023=751→2046=938对齐官方推算[真实数据路径形状]；净迁移总量级对齐官方推算、年龄权重偏劳动年龄[假设]
2050,20-24,劳动年龄15-64,男,96744.9,9.6745,低,混合,[混合] 基准人口锚点=C&SD表110-01001A年中人口(不含外佣)；2026-2056为队列成分法推算[假设路径]；生育TFR 2023=751→2046=938对齐官方推算[真实数据路径形状]；净迁移总量级对齐官方推算、年龄权重偏劳动年龄[假设]
2050,25-29,劳动年龄15-64,男,119858.1,11.9858,低,混合,[混合] 基准人口锚点=C&SD表110-01001A年中人口(不含外佣)；2026-2056为队列成分法推算[假设路径]；生育TFR 2023=751→2046=938对齐官方推算[真实数据路径形状]；净迁移总量级对齐官方推算、年龄权重偏劳动年龄[假设]
2050,30-34,劳动年龄15-64,男,165825.4,16.5825,低,混合,[混合] 基准人口锚点=C&SD表110-01001A年中人口(不含外佣)；2026-2056为队列成分法推算[假设路径]；生育TFR 2023=751→2046=938对齐官方推算[真实数据路径形状]；净迁移总量级对齐官方推算、年龄权重偏劳动年龄[假设]
2050,35-39,劳动年龄15-64,男,192302.1,19.2302,低,混合,[混合] 基准人口锚点=C&SD表110-01001A年中人口(不含外佣)；2026-2056为队列成分法推算[假设路径]；生育TFR 2023=751→2046=938对齐官方推算[真实数据路径形状]；净迁移总量级对齐官方推算、年龄权重偏劳动年龄[假设]
2050,40-44,劳动年龄15-64,男,192948.1,19.2948,低,混合,[混合] 基准人口锚点=C&SD表110-01001A年中人口(不含外佣)；2026-2056为队列成分法推算[假设路径]；生育TFR 2023=751→2046=938对齐官方推算[真实数据路径形状]；净迁移总量级对齐官方推算、年龄权重偏劳动年龄[假设]
2050,45-49,劳动年龄15-64,男,195724.2,19.5724,低,混合,[混合] 基准人口锚点=C&SD表110-01001A年中人口(不含外佣)；2026-2056为队列成分法推算[假设路径]；生育TFR 2023=751→2046=938对齐官方推算[真实数据路径形状]；净迁移总量级对齐官方推算、年龄权重偏劳动年龄[假设]
2050,5-9,少儿0-14,男,74455.5,7.4455,低,混合,[混合] 基准人口锚点=C&SD表110-01001A年中人口(不含外佣)；2026-2056为队列成分法推算[假设路径]；生育TFR 2023=751→2046=938对齐官方推算[真实数据路径形状]；净迁移总量级对齐官方推算、年龄权重偏劳动年龄[假设]
2050,50-54,劳动年龄15-64,男,227778.0,22.7778,低,混合,[混合] 基准人口锚点=C&SD表110-01001A年中人口(不含外佣)；2026-2056为队列成分法推算[假设路径]；生育TFR 2023=751→2046=938对齐官方推算[真实数据路径形状]；净迁移总量级对齐官方推算、年龄权重偏劳动年龄[假设]
2050,55-59,劳动年龄15-64,男,256750.5,25.675,低,混合,[混合] 基准人口锚点=C&SD表110-01001A年中人口(不含外佣)；2026-2056为队列成分法推算[假设路径]；生育TFR 2023=751→2046=938对齐官方推算[真实数据路径形状]；净迁移总量级对齐官方推算、年龄权重偏劳动年龄[假设]
2050,60-64,劳动年龄15-64,男,256807.6,25.6808,低,混合,[混合] 基准人口锚点=C&SD表110-01001A年中人口(不含外佣)；2026-2056为队列成分法推算[假设路径]；生育TFR 2023=751→2046=938对齐官方推算[真实数据路径形状]；净迁移总量级对齐官方推算、年龄权重偏劳动年龄[假设]
2050,65-69,退休65+,男,245176.0,24.5176,低,混合,[混合] 基准人口锚点=C&SD表110-01001A年中人口(不含外佣)；2026-2056为队列成分法推算[假设路径]；生育TFR 2023=751→2046=938对齐官方推算[真实数据路径形状]；净迁移总量级对齐官方推算、年龄权重偏劳动年龄[假设]
2050,70-74,退休65+,男,226094.8,22.6095,低,混合,[混合] 基准人口锚点=C&SD表110-01001A年中人口(不含外佣)；2026-2056为队列成分法推算[假设路径]；生育TFR 2023=751→2046=938对齐官方推算[真实数据路径形状]；净迁移总量级对齐官方推算、年龄权重偏劳动年龄[假设]
2050,75-79,退休65+,男,211582.5,21.1582,低,混合,[混合] 基准人口锚点=C&SD表110-01001A年中人口(不含外佣)；2026-2056为队列成分法推算[假设路径]；生育TFR 2023=751→2046=938对齐官方推算[真实数据路径形状]；净迁移总量级对齐官方推算、年龄权重偏劳动年龄[假设]
2050,80-84,退休65+,男,184171.0,18.4171,低,混合,[混合] 基准人口锚点=C&SD表110-01001A年中人口(不含外佣)；2026-2056为队列成分法推算[假设路径]；生育TFR 2023=751→2046=938对齐官方推算[真实数据路径形状]；净迁移总量级对齐官方推算、年龄权重偏劳动年龄[假设]
2050,85+,退休65+,男,341340.2,34.134,低,混合,[混合] 基准人口锚点=C&SD表110-01001A年中人口(不含外佣)；2026-2056为队列成分法推算[假设路径]；生育TFR 2023=751→2046=938对齐官方推算[真实数据路径形状]；净迁移总量级对齐官方推算、年龄权重偏劳动年龄[假设]
2051,0-4,少儿0-14,女,65642.2,6.5642,低,混合,[混合] 基准人口锚点=C&SD表110-01001A年中人口(不含外佣)；2026-2056为队列成分法推算[假设路径]；生育TFR 2023=751→2046=938对齐官方推算[真实数据路径形状]；净迁移总量级对齐官方推算、年龄权重偏劳动年龄[假设]
2051,10-14,少儿0-14,女,72272.4,7.2272,低,混合,[混合] 基准人口锚点=C&SD表110-01001A年中人口(不含外佣)；2026-2056为队列成分法推算[假设路径]；生育TFR 2023=751→2046=938对齐官方推算[真实数据路径形状]；净迁移总量级对齐官方推算、年龄权重偏劳动年龄[假设]
2051,15-19,劳动年龄15-64,女,79033.1,7.9033,低,混合,[混合] 基准人口锚点=C&SD表110-01001A年中人口(不含外佣)；2026-2056为队列成分法推算[假设路径]；生育TFR 2023=751→2046=938对齐官方推算[真实数据路径形状]；净迁移总量级对齐官方推算、年龄权重偏劳动年龄[假设]
2051,20-24,劳动年龄15-64,女,91821.9,9.1822,低,混合,[混合] 基准人口锚点=C&SD表110-01001A年中人口(不含外佣)；2026-2056为队列成分法推算[假设路径]；生育TFR 2023=751→2046=938对齐官方推算[真实数据路径形状]；净迁移总量级对齐官方推算、年龄权重偏劳动年龄[假设]
2051,25-29,劳动年龄15-64,女,107182.9,10.7183,低,混合,[混合] 基准人口锚点=C&SD表110-01001A年中人口(不含外佣)；2026-2056为队列成分法推算[假设路径]；生育TFR 2023=751→2046=938对齐官方推算[真实数据路径形状]；净迁移总量级对齐官方推算、年龄权重偏劳动年龄[假设]
2051,30-34,劳动年龄15-64,女,155174.6,15.5175,低,混合,[混合] 基准人口锚点=C&SD表110-01001A年中人口(不含外佣)；2026-2056为队列成分法推算[假设路径]；生育TFR 2023=751→2046=938对齐官方推算[真实数据路径形状]；净迁移总量级对齐官方推算、年龄权重偏劳动年龄[假设]
2051,35-39,劳动年龄15-64,女,185762.3,18.5762,低,混合,[混合] 基准人口锚点=C&SD表110-01001A年中人口(不含外佣)；2026-2056为队列成分法推算[假设路径]；生育TFR 2023=751→2046=938对齐官方推算[真实数据路径形状]；净迁移总量级对齐官方推算、年龄权重偏劳动年龄[假设]
2051,40-44,劳动年龄15-64,女,189079.8,18.908,低,混合,[混合] 基准人口锚点=C&SD表110-01001A年中人口(不含外佣)；2026-2056为队列成分法推算[假设路径]；生育TFR 2023=751→2046=938对齐官方推算[真实数据路径形状]；净迁移总量级对齐官方推算、年龄权重偏劳动年龄[假设]
2051,45-49,劳动年龄15-64,女,192843.2,19.2843,低,混合,[混合] 基准人口锚点=C&SD表110-01001A年中人口(不含外佣)；2026-2056为队列成分法推算[假设路径]；生育TFR 2023=751→2046=938对齐官方推算[真实数据路径形状]；净迁移总量级对齐官方推算、年龄权重偏劳动年龄[假设]
2051,5-9,少儿0-14,女,70777.6,7.0778,低,混合,[混合] 基准人口锚点=C&SD表110-01001A年中人口(不含外佣)；2026-2056为队列成分法推算[假设路径]；生育TFR 2023=751→2046=938对齐官方推算[真实数据路径形状]；净迁移总量级对齐官方推算、年龄权重偏劳动年龄[假设]
2051,50-54,劳动年龄15-64,女,216246.8,21.6247,低,混合,[混合] 基准人口锚点=C&SD表110-01001A年中人口(不含外佣)；2026-2056为队列成分法推算[假设路径]；生育TFR 2023=751→2046=938对齐官方推算[真实数据路径形状]；净迁移总量级对齐官方推算、年龄权重偏劳动年龄[假设]
2051,55-59,劳动年龄15-64,女,259153.8,25.9154,低,混合,[混合] 基准人口锚点=C&SD表110-01001A年中人口(不含外佣)；2026-2056为队列成分法推算[假设路径]；生育TFR 2023=751→2046=938对齐官方推算[真实数据路径形状]；净迁移总量级对齐官方推算、年龄权重偏劳动年龄[假设]
2051,60-64,劳动年龄15-64,女,275445.8,27.5446,低,混合,[混合] 基准人口锚点=C&SD表110-01001A年中人口(不含外佣)；2026-2056为队列成分法推算[假设路径]；生育TFR 2023=751→2046=938对齐官方推算[真实数据路径形状]；净迁移总量级对齐官方推算、年龄权重偏劳动年龄[假设]
2051,65-69,退休65+,女,291818.6,29.1819,低,混合,[混合] 基准人口锚点=C&SD表110-01001A年中人口(不含外佣)；2026-2056为队列成分法推算[假设路径]；生育TFR 2023=751→2046=938对齐官方推算[真实数据路径形状]；净迁移总量级对齐官方推算、年龄权重偏劳动年龄[假设]
2051,70-74,退休65+,女,293928.0,29.3928,低,混合,[混合] 基准人口锚点=C&SD表110-01001A年中人口(不含外佣)；2026-2056为队列成分法推算[假设路径]；生育TFR 2023=751→2046=938对齐官方推算[真实数据路径形状]；净迁移总量级对齐官方推算、年龄权重偏劳动年龄[假设]
2051,75-79,退休65+,女,294745.8,29.4746,低,混合,[混合] 基准人口锚点=C&SD表110-01001A年中人口(不含外佣)；2026-2056为队列成分法推算[假设路径]；生育TFR 2023=751→2046=938对齐官方推算[真实数据路径形状]；净迁移总量级对齐官方推算、年龄权重偏劳动年龄[假设]
2051,80-84,退休65+,女,273826.4,27.3826,低,混合,[混合] 基准人口锚点=C&SD表110-01001A年中人口(不含外佣)；2026-2056为队列成分法推算[假设路径]；生育TFR 2023=751→2046=938对齐官方推算[真实数据路径形状]；净迁移总量级对齐官方推算、年龄权重偏劳动年龄[假设]
2051,85+,退休65+,女,555181.8,55.5182,低,混合,[混合] 基准人口锚点=C&SD表110-01001A年中人口(不含外佣)；2026-2056为队列成分法推算[假设路径]；生育TFR 2023=751→2046=938对齐官方推算[真实数据路径形状]；净迁移总量级对齐官方推算、年龄权重偏劳动年龄[假设]
2051,0-4,少儿0-14,男,69376.4,6.9376,低,混合,[混合] 基准人口锚点=C&SD表110-01001A年中人口(不含外佣)；2026-2056为队列成分法推算[假设路径]；生育TFR 2023=751→2046=938对齐官方推算[真实数据路径形状]；净迁移总量级对齐官方推算、年龄权重偏劳动年龄[假设]
2051,10-14,少儿0-14,男,75676.7,7.5677,低,混合,[混合] 基准人口锚点=C&SD表110-01001A年中人口(不含外佣)；2026-2056为队列成分法推算[假设路径]；生育TFR 2023=751→2046=938对齐官方推算[真实数据路径形状]；净迁移总量级对齐官方推算、年龄权重偏劳动年龄[假设]
2051,15-19,劳动年龄15-64,男,81941.0,8.1941,低,混合,[混合] 基准人口锚点=C&SD表110-01001A年中人口(不含外佣)；2026-2056为队列成分法推算[假设路径]；生育TFR 2023=751→2046=938对齐官方推算[真实数据路径形状]；净迁移总量级对齐官方推算、年龄权重偏劳动年龄[假设]
2051,20-24,劳动年龄15-64,男,94201.0,9.4201,低,混合,[混合] 基准人口锚点=C&SD表110-01001A年中人口(不含外佣)；2026-2056为队列成分法推算[假设路径]；生育TFR 2023=751→2046=938对齐官方推算[真实数据路径形状]；净迁移总量级对齐官方推算、年龄权重偏劳动年龄[假设]
2051,25-29,劳动年龄15-64,男,111320.3,11.132,低,混合,[混合] 基准人口锚点=C&SD表110-01001A年中人口(不含外佣)；2026-2056为队列成分法推算[假设路径]；生育TFR 2023=751→2046=938对齐官方推算[真实数据路径形状]；净迁移总量级对齐官方推算、年龄权重偏劳动年龄[假设]
2051,30-34,劳动年龄15-64,男,160579.4,16.0579,低,混合,[混合] 基准人口锚点=C&SD表110-01001A年中人口(不含外佣)；2026-2056为队列成分法推算[假设路径]；生育TFR 2023=751→2046=938对齐官方推算[真实数据路径形状]；净迁移总量级对齐官方推算、年龄权重偏劳动年龄[假设]
2051,35-39,劳动年龄15-64,男,192548.7,19.2549,低,混合,[混合] 基准人口锚点=C&SD表110-01001A年中人口(不含外佣)；2026-2056为队列成分法推算[假设路径]；生育TFR 2023=751→2046=938对齐官方推算[真实数据路径形状]；净迁移总量级对齐官方推算、年龄权重偏劳动年龄[假设]
2051,40-44,劳动年龄15-64,男,194730.1,19.473,低,混合,[混合] 基准人口锚点=C&SD表110-01001A年中人口(不含外佣)；2026-2056为队列成分法推算[假设路径]；生育TFR 2023=751→2046=938对齐官方推算[真实数据路径形状]；净迁移总量级对齐官方推算、年龄权重偏劳动年龄[假设]
2051,45-49,劳动年龄15-64,男,189972.3,18.9972,低,混合,[混合] 基准人口锚点=C&SD表110-01001A年中人口(不含外佣)；2026-2056为队列成分法推算[假设路径]；生育TFR 2023=751→2046=938对齐官方推算[真实数据路径形状]；净迁移总量级对齐官方推算、年龄权重偏劳动年龄[假设]
2051,5-9,少儿0-14,男,74461.4,7.4461,低,混合,[混合] 基准人口锚点=C&SD表110-01001A年中人口(不含外佣)；2026-2056为队列成分法推算[假设路径]；生育TFR 2023=751→2046=938对齐官方推算[真实数据路径形状]；净迁移总量级对齐官方推算、年龄权重偏劳动年龄[假设]
2051,50-54,劳动年龄15-64,男,220781.4,22.0781,低,混合,[混合] 基准人口锚点=C&SD表110-01001A年中人口(不含外佣)；2026-2056为队列成分法推算[假设路径]；生育TFR 2023=751→2046=938对齐官方推算[真实数据路径形状]；净迁移总量级对齐官方推算、年龄权重偏劳动年龄[假设]
2051,55-59,劳动年龄15-64,男,256159.6,25.616,低,混合,[混合] 基准人口锚点=C&SD表110-01001A年中人口(不含外佣)；2026-2056为队列成分法推算[假设路径]；生育TFR 2023=751→2046=938对齐官方推算[真实数据路径形状]；净迁移总量级对齐官方推算、年龄权重偏劳动年龄[假设]
2051,60-64,劳动年龄15-64,男,257723.2,25.7723,低,混合,[混合] 基准人口锚点=C&SD表110-01001A年中人口(不含外佣)；2026-2056为队列成分法推算[假设路径]；生育TFR 2023=751→2046=938对齐官方推算[真实数据路径形状]；净迁移总量级对齐官方推算、年龄权重偏劳动年龄[假设]
2051,65-69,退休65+,男,247690.4,24.769,低,混合,[混合] 基准人口锚点=C&SD表110-01001A年中人口(不含外佣)；2026-2056为队列成分法推算[假设路径]；生育TFR 2023=751→2046=938对齐官方推算[真实数据路径形状]；净迁移总量级对齐官方推算、年龄权重偏劳动年龄[假设]
2051,70-74,退休65+,男,225351.5,22.5352,低,混合,[混合] 基准人口锚点=C&SD表110-01001A年中人口(不含外佣)；2026-2056为队列成分法推算[假设路径]；生育TFR 2023=751→2046=938对齐官方推算[真实数据路径形状]；净迁移总量级对齐官方推算、年龄权重偏劳动年龄[假设]
2051,75-79,退休65+,男,212516.9,21.2517,低,混合,[混合] 基准人口锚点=C&SD表110-01001A年中人口(不含外佣)；2026-2056为队列成分法推算[假设路径]；生育TFR 2023=751→2046=938对齐官方推算[真实数据路径形状]；净迁移总量级对齐官方推算、年龄权重偏劳动年龄[假设]
2051,80-84,退休65+,男,179939.9,17.994,低,混合,[混合] 基准人口锚点=C&SD表110-01001A年中人口(不含外佣)；2026-2056为队列成分法推算[假设路径]；生育TFR 2023=751→2046=938对齐官方推算[真实数据路径形状]；净迁移总量级对齐官方推算、年龄权重偏劳动年龄[假设]
2051,85+,退休65+,男,348483.6,34.8484,低,混合,[混合] 基准人口锚点=C&SD表110-01001A年中人口(不含外佣)；2026-2056为队列成分法推算[假设路径]；生育TFR 2023=751→2046=938对齐官方推算[真实数据路径形状]；净迁移总量级对齐官方推算、年龄权重偏劳动年龄[假设]
2052,0-4,少儿0-14,女,64086.9,6.4087,低,混合,[混合] 基准人口锚点=C&SD表110-01001A年中人口(不含外佣)；2026-2056为队列成分法推算[假设路径]；生育TFR 2023=751→2046=938对齐官方推算[真实数据路径形状]；净迁移总量级对齐官方推算、年龄权重偏劳动年龄[假设]
2052,10-14,少儿0-14,女,72383.4,7.2383,低,混合,[混合] 基准人口锚点=C&SD表110-01001A年中人口(不含外佣)；2026-2056为队列成分法推算[假设路径]；生育TFR 2023=751→2046=938对齐官方推算[真实数据路径形状]；净迁移总量级对齐官方推算、年龄权重偏劳动年龄[假设]
2052,15-19,劳动年龄15-64,女,78323.7,7.8324,低,混合,[混合] 基准人口锚点=C&SD表110-01001A年中人口(不含外佣)；2026-2056为队列成分法推算[假设路径]；生育TFR 2023=751→2046=938对齐官方推算[真实数据路径形状]；净迁移总量级对齐官方推算、年龄权重偏劳动年龄[假设]
2052,20-24,劳动年龄15-64,女,90381.9,9.0382,低,混合,[混合] 基准人口锚点=C&SD表110-01001A年中人口(不含外佣)；2026-2056为队列成分法推算[假设路径]；生育TFR 2023=751→2046=938对齐官方推算[真实数据路径形状]；净迁移总量级对齐官方推算、年龄权重偏劳动年龄[假设]
2052,25-29,劳动年龄15-64,女,105956.2,10.5956,低,混合,[混合] 基准人口锚点=C&SD表110-01001A年中人口(不含外佣)；2026-2056为队列成分法推算[假设路径]；生育TFR 2023=751→2046=938对齐官方推算[真实数据路径形状]；净迁移总量级对齐官方推算、年龄权重偏劳动年龄[假设]
2052,30-34,劳动年龄15-64,女,147012.0,14.7012,低,混合,[混合] 基准人口锚点=C&SD表110-01001A年中人口(不含外佣)；2026-2056为队列成分法推算[假设路径]；生育TFR 2023=751→2046=938对齐官方推算[真实数据路径形状]；净迁移总量级对齐官方推算、年龄权重偏劳动年龄[假设]
2052,35-39,劳动年龄15-64,女,181163.8,18.1164,低,混合,[混合] 基准人口锚点=C&SD表110-01001A年中人口(不含外佣)；2026-2056为队列成分法推算[假设路径]；生育TFR 2023=751→2046=938对齐官方推算[真实数据路径形状]；净迁移总量级对齐官方推算、年龄权重偏劳动年龄[假设]
2052,40-44,劳动年龄15-64,女,190357.2,19.0357,低,混合,[混合] 基准人口锚点=C&SD表110-01001A年中人口(不含外佣)；2026-2056为队列成分法推算[假设路径]；生育TFR 2023=751→2046=938对齐官方推算[真实数据路径形状]；净迁移总量级对齐官方推算、年龄权重偏劳动年龄[假设]
2052,45-49,劳动年龄15-64,女,193117.0,19.3117,低,混合,[混合] 基准人口锚点=C&SD表110-01001A年中人口(不含外佣)；2026-2056为队列成分法推算[假设路径]；生育TFR 2023=751→2046=938对齐官方推算[真实数据路径形状]；净迁移总量级对齐官方推算、年龄权重偏劳动年龄[假设]
2052,5-9,少儿0-14,女,70705.2,7.0705,低,混合,[混合] 基准人口锚点=C&SD表110-01001A年中人口(不含外佣)；2026-2056为队列成分法推算[假设路径]；生育TFR 2023=751→2046=938对齐官方推算[真实数据路径形状]；净迁移总量级对齐官方推算、年龄权重偏劳动年龄[假设]
2052,50-54,劳动年龄15-64,女,212332.0,21.2332,低,混合,[混合] 基准人口锚点=C&SD表110-01001A年中人口(不含外佣)；2026-2056为队列成分法推算[假设路径]；生育TFR 2023=751→2046=938对齐官方推算[真实数据路径形状]；净迁移总量级对齐官方推算、年龄权重偏劳动年龄[假设]
2052,55-59,劳动年龄15-64,女,251190.6,25.1191,低,混合,[混合] 基准人口锚点=C&SD表110-01001A年中人口(不含外佣)；2026-2056为队列成分法推算[假设路径]；生育TFR 2023=751→2046=938对齐官方推算[真实数据路径形状]；净迁移总量级对齐官方推算、年龄权重偏劳动年龄[假设]
2052,60-64,劳动年龄15-64,女,272462.2,27.2462,低,混合,[混合] 基准人口锚点=C&SD表110-01001A年中人口(不含外佣)；2026-2056为队列成分法推算[假设路径]；生育TFR 2023=751→2046=938对齐官方推算[真实数据路径形状]；净迁移总量级对齐官方推算、年龄权重偏劳动年龄[假设]
2052,65-69,退休65+,女,288053.0,28.8053,低,混合,[混合] 基准人口锚点=C&SD表110-01001A年中人口(不含外佣)；2026-2056为队列成分法推算[假设路径]；生育TFR 2023=751→2046=938对齐官方推算[真实数据路径形状]；净迁移总量级对齐官方推算、年龄权重偏劳动年龄[假设]
2052,70-74,退休65+,女,292008.2,29.2008,低,混合,[混合] 基准人口锚点=C&SD表110-01001A年中人口(不含外佣)；2026-2056为队列成分法推算[假设路径]；生育TFR 2023=751→2046=938对齐官方推算[真实数据路径形状]；净迁移总量级对齐官方推算、年龄权重偏劳动年龄[假设]
2052,75-79,退休65+,女,292345.7,29.2346,低,混合,[混合] 基准人口锚点=C&SD表110-01001A年中人口(不含外佣)；2026-2056为队列成分法推算[假设路径]；生育TFR 2023=751→2046=938对齐官方推算[真实数据路径形状]；净迁移总量级对齐官方推算、年龄权重偏劳动年龄[假设]
2052,80-84,退休65+,女,273577.6,27.3578,低,混合,[混合] 基准人口锚点=C&SD表110-01001A年中人口(不含外佣)；2026-2056为队列成分法推算[假设路径]；生育TFR 2023=751→2046=938对齐官方推算[真实数据路径形状]；净迁移总量级对齐官方推算、年龄权重偏劳动年龄[假设]
2052,85+,退休65+,女,568540.6,56.8541,低,混合,[混合] 基准人口锚点=C&SD表110-01001A年中人口(不含外佣)；2026-2056为队列成分法推算[假设路径]；生育TFR 2023=751→2046=938对齐官方推算[真实数据路径形状]；净迁移总量级对齐官方推算、年龄权重偏劳动年龄[假设]
2052,0-4,少儿0-14,男,67732.9,6.7733,低,混合,[混合] 基准人口锚点=C&SD表110-01001A年中人口(不含外佣)；2026-2056为队列成分法推算[假设路径]；生育TFR 2023=751→2046=938对齐官方推算[真实数据路径形状]；净迁移总量级对齐官方推算、年龄权重偏劳动年龄[假设]
2052,10-14,少儿0-14,男,75825.4,7.5825,低,混合,[混合] 基准人口锚点=C&SD表110-01001A年中人口(不含外佣)；2026-2056为队列成分法推算[假设路径]；生育TFR 2023=751→2046=938对齐官方推算[真实数据路径形状]；净迁移总量级对齐官方推算、年龄权重偏劳动年龄[假设]
2052,15-19,劳动年龄15-64,男,81235.7,8.1236,低,混合,[混合] 基准人口锚点=C&SD表110-01001A年中人口(不含外佣)；2026-2056为队列成分法推算[假设路径]；生育TFR 2023=751→2046=938对齐官方推算[真实数据路径形状]；净迁移总量级对齐官方推算、年龄权重偏劳动年龄[假设]
2052,20-24,劳动年龄15-64,男,92743.5,9.2744,低,混合,[混合] 基准人口锚点=C&SD表110-01001A年中人口(不含外佣)；2026-2056为队列成分法推算[假设路径]；生育TFR 2023=751→2046=938对齐官方推算[真实数据路径形状]；净迁移总量级对齐官方推算、年龄权重偏劳动年龄[假设]
2052,25-29,劳动年龄15-64,男,109628.7,10.9629,低,混合,[混合] 基准人口锚点=C&SD表110-01001A年中人口(不含外佣)；2026-2056为队列成分法推算[假设路径]；生育TFR 2023=751→2046=938对齐官方推算[真实数据路径形状]；净迁移总量级对齐官方推算、年龄权重偏劳动年龄[假设]
2052,30-34,劳动年龄15-64,男,152039.0,15.2039,低,混合,[混合] 基准人口锚点=C&SD表110-01001A年中人口(不含外佣)；2026-2056为队列成分法推算[假设路径]；生育TFR 2023=751→2046=938对齐官方推算[真实数据路径形状]；净迁移总量级对齐官方推算、年龄权重偏劳动年龄[假设]
2052,35-39,劳动年龄15-64,男,187516.2,18.7516,低,混合,[混合] 基准人口锚点=C&SD表110-01001A年中人口(不含外佣)；2026-2056为队列成分法推算[假设路径]；生育TFR 2023=751→2046=938对齐官方推算[真实数据路径形状]；净迁移总量级对齐官方推算、年龄权重偏劳动年龄[假设]
2052,40-44,劳动年龄15-64,男,196008.3,19.6008,低,混合,[混合] 基准人口锚点=C&SD表110-01001A年中人口(不含外佣)；2026-2056为队列成分法推算[假设路径]；生育TFR 2023=751→2046=938对齐官方推算[真实数据路径形状]；净迁移总量级对齐官方推算、年龄权重偏劳动年龄[假设]
2052,45-49,劳动年龄15-64,男,191749.5,19.1749,低,混合,[混合] 基准人口锚点=C&SD表110-01001A年中人口(不含外佣)；2026-2056为队列成分法推算[假设路径]；生育TFR 2023=751→2046=938对齐官方推算[真实数据路径形状]；净迁移总量级对齐官方推算、年龄权重偏劳动年龄[假设]
2052,5-9,少儿0-14,男,74400.7,7.4401,低,混合,[混合] 基准人口锚点=C&SD表110-01001A年中人口(不含外佣)；2026-2056为队列成分法推算[假设路径]；生育TFR 2023=751→2046=938对齐官方推算[真实数据路径形状]；净迁移总量级对齐官方推算、年龄权重偏劳动年龄[假设]
2052,50-54,劳动年龄15-64,男,215109.7,21.511,低,混合,[混合] 基准人口锚点=C&SD表110-01001A年中人口(不含外佣)；2026-2056为队列成分法推算[假设路径]；生育TFR 2023=751→2046=938对齐官方推算[真实数据路径形状]；净迁移总量级对齐官方推算、年龄权重偏劳动年龄[假设]
2052,55-59,劳动年龄15-64,男,249258.2,24.9258,低,混合,[混合] 基准人口锚点=C&SD表110-01001A年中人口(不含外佣)；2026-2056为队列成分法推算[假设路径]；生育TFR 2023=751→2046=938对齐官方推算[真实数据路径形状]；净迁移总量级对齐官方推算、年龄权重偏劳动年龄[假设]
2052,60-64,劳动年龄15-64,男,257117.6,25.7118,低,混合,[混合] 基准人口锚点=C&SD表110-01001A年中人口(不含外佣)；2026-2056为队列成分法推算[假设路径]；生育TFR 2023=751→2046=938对齐官方推算[真实数据路径形状]；净迁移总量级对齐官方推算、年龄权重偏劳动年龄[假设]
2052,65-69,退休65+,男,248455.0,24.8455,低,混合,[混合] 基准人口锚点=C&SD表110-01001A年中人口(不含外佣)；2026-2056为队列成分法推算[假设路径]；生育TFR 2023=751→2046=938对齐官方推算[真实数据路径形状]；净迁移总量级对齐官方推算、年龄权重偏劳动年龄[假设]
2052,70-74,退休65+,男,227404.9,22.7405,低,混合,[混合] 基准人口锚点=C&SD表110-01001A年中人口(不含外佣)；2026-2056为队列成分法推算[假设路径]；生育TFR 2023=751→2046=938对齐官方推算[真实数据路径形状]；净迁移总量级对齐官方推算、年龄权重偏劳动年龄[假设]
2052,75-79,退休65+,男,211824.0,21.1824,低,混合,[混合] 基准人口锚点=C&SD表110-01001A年中人口(不含外佣)；2026-2056为队列成分法推算[假设路径]；生育TFR 2023=751→2046=938对齐官方推算[真实数据路径形状]；净迁移总量级对齐官方推算、年龄权重偏劳动年龄[假设]
2052,80-84,退休65+,男,180731.6,18.0732,低,混合,[混合] 基准人口锚点=C&SD表110-01001A年中人口(不含外佣)；2026-2056为队列成分法推算[假设路径]；生育TFR 2023=751→2046=938对齐官方推算[真实数据路径形状]；净迁移总量级对齐官方推算、年龄权重偏劳动年龄[假设]
2052,85+,退休65+,男,350671.8,35.0672,低,混合,[混合] 基准人口锚点=C&SD表110-01001A年中人口(不含外佣)；2026-2056为队列成分法推算[假设路径]；生育TFR 2023=751→2046=938对齐官方推算[真实数据路径形状]；净迁移总量级对齐官方推算、年龄权重偏劳动年龄[假设]
2053,0-4,少儿0-14,女,62442.1,6.2442,低,混合,[混合] 基准人口锚点=C&SD表110-01001A年中人口(不含外佣)；2026-2056为队列成分法推算[假设路径]；生育TFR 2023=751→2046=938对齐官方推算[真实数据路径形状]；净迁移总量级对齐官方推算、年龄权重偏劳动年龄[假设]
2053,10-14,少儿0-14,女,72464.4,7.2464,低,混合,[混合] 基准人口锚点=C&SD表110-01001A年中人口(不含外佣)；2026-2056为队列成分法推算[假设路径]；生育TFR 2023=751→2046=938对齐官方推算[真实数据路径形状]；净迁移总量级对齐官方推算、年龄权重偏劳动年龄[假设]
2053,15-19,劳动年龄15-64,女,77766.3,7.7766,低,混合,[混合] 基准人口锚点=C&SD表110-01001A年中人口(不含外佣)；2026-2056为队列成分法推算[假设路径]；生育TFR 2023=751→2046=938对齐官方推算[真实数据路径形状]；净迁移总量级对齐官方推算、年龄权重偏劳动年龄[假设]
2053,20-24,劳动年龄15-64,女,89063.2,8.9063,低,混合,[混合] 基准人口锚点=C&SD表110-01001A年中人口(不含外佣)；2026-2056为队列成分法推算[假设路径]；生育TFR 2023=751→2046=938对齐官方推算[真实数据路径形状]；净迁移总量级对齐官方推算、年龄权重偏劳动年龄[假设]
2053,25-29,劳动年龄15-64,女,104483.9,10.4484,低,混合,[混合] 基准人口锚点=C&SD表110-01001A年中人口(不含外佣)；2026-2056为队列成分法推算[假设路径]；生育TFR 2023=751→2046=938对齐官方推算[真实数据路径形状]；净迁移总量级对齐官方推算、年龄权重偏劳动年龄[假设]
2053,30-34,劳动年龄15-64,女,138774.6,13.8775,低,混合,[混合] 基准人口锚点=C&SD表110-01001A年中人口(不含外佣)；2026-2056为队列成分法推算[假设路径]；生育TFR 2023=751→2046=938对齐官方推算[真实数据路径形状]；净迁移总量级对齐官方推算、年龄权重偏劳动年龄[假设]
2053,35-39,劳动年龄15-64,女,176466.1,17.6466,低,混合,[混合] 基准人口锚点=C&SD表110-01001A年中人口(不含外佣)；2026-2056为队列成分法推算[假设路径]；生育TFR 2023=751→2046=938对齐官方推算[真实数据路径形状]；净迁移总量级对齐官方推算、年龄权重偏劳动年龄[假设]
2053,40-44,劳动年龄15-64,女,191327.2,19.1327,低,混合,[混合] 基准人口锚点=C&SD表110-01001A年中人口(不含外佣)；2026-2056为队列成分法推算[假设路径]；生育TFR 2023=751→2046=938对齐官方推算[真实数据路径形状]；净迁移总量级对齐官方推算、年龄权重偏劳动年龄[假设]
2053,45-49,劳动年龄15-64,女,193359.0,19.3359,低,混合,[混合] 基准人口锚点=C&SD表110-01001A年中人口(不含外佣)；2026-2056为队列成分法推算[假设路径]；生育TFR 2023=751→2046=938对齐官方推算[真实数据路径形状]；净迁移总量级对齐官方推算、年龄权重偏劳动年龄[假设]
2053,5-9,少儿0-14,女,70316.2,7.0316,低,混合,[混合] 基准人口锚点=C&SD表110-01001A年中人口(不含外佣)；2026-2056为队列成分法推算[假设路径]；生育TFR 2023=751→2046=938对齐官方推算[真实数据路径形状]；净迁移总量级对齐官方推算、年龄权重偏劳动年龄[假设]
2053,50-54,劳动年龄15-64,女,208368.3,20.8368,低,混合,[混合] 基准人口锚点=C&SD表110-01001A年中人口(不含外佣)；2026-2056为队列成分法推算[假设路径]；生育TFR 2023=751→2046=938对齐官方推算[真实数据路径形状]；净迁移总量级对齐官方推算、年龄权重偏劳动年龄[假设]
2053,55-59,劳动年龄15-64,女,243193.5,24.3194,低,混合,[混合] 基准人口锚点=C&SD表110-01001A年中人口(不含外佣)；2026-2056为队列成分法推算[假设路径]；生育TFR 2023=751→2046=938对齐官方推算[真实数据路径形状]；净迁移总量级对齐官方推算、年龄权重偏劳动年龄[假设]
2053,60-64,劳动年龄15-64,女,269495.2,26.9495,低,混合,[混合] 基准人口锚点=C&SD表110-01001A年中人口(不含外佣)；2026-2056为队列成分法推算[假设路径]；生育TFR 2023=751→2046=938对齐官方推算[真实数据路径形状]；净迁移总量级对齐官方推算、年龄权重偏劳动年龄[假设]
2053,65-69,退休65+,女,284325.5,28.4325,低,混合,[混合] 基准人口锚点=C&SD表110-01001A年中人口(不含外佣)；2026-2056为队列成分法推算[假设路径]；生育TFR 2023=751→2046=938对齐官方推算[真实数据路径形状]；净迁移总量级对齐官方推算、年龄权重偏劳动年龄[假设]
2053,70-74,退休65+,女,290220.7,29.0221,低,混合,[混合] 基准人口锚点=C&SD表110-01001A年中人口(不含外佣)；2026-2056为队列成分法推算[假设路径]；生育TFR 2023=751→2046=938对齐官方推算[真实数据路径形状]；净迁移总量级对齐官方推算、年龄权重偏劳动年龄[假设]
2053,75-79,退休65+,女,289977.0,28.9977,低,混合,[混合] 基准人口锚点=C&SD表110-01001A年中人口(不含外佣)；2026-2056为队列成分法推算[假设路径]；生育TFR 2023=751→2046=938对齐官方推算[真实数据路径形状]；净迁移总量级对齐官方推算、年龄权重偏劳动年龄[假设]
2053,80-84,退休65+,女,273415.9,27.3416,低,混合,[混合] 基准人口锚点=C&SD表110-01001A年中人口(不含外佣)；2026-2056为队列成分法推算[假设路径]；生育TFR 2023=751→2046=938对齐官方推算[真实数据路径形状]；净迁移总量级对齐官方推算、年龄权重偏劳动年龄[假设]
2053,85+,退休65+,女,581429.9,58.143,低,混合,[混合] 基准人口锚点=C&SD表110-01001A年中人口(不含外佣)；2026-2056为队列成分法推算[假设路径]；生育TFR 2023=751→2046=938对齐官方推算[真实数据路径形状]；净迁移总量级对齐官方推算、年龄权重偏劳动年龄[假设]
2053,0-4,少儿0-14,男,65994.4,6.5994,低,混合,[混合] 基准人口锚点=C&SD表110-01001A年中人口(不含外佣)；2026-2056为队列成分法推算[假设路径]；生育TFR 2023=751→2046=938对齐官方推算[真实数据路径形状]；净迁移总量级对齐官方推算、年龄权重偏劳动年龄[假设]
2053,10-14,少儿0-14,男,75940.4,7.594,低,混合,[混合] 基准人口锚点=C&SD表110-01001A年中人口(不含外佣)；2026-2056为队列成分法推算[假设路径]；生育TFR 2023=751→2046=938对齐官方推算[真实数据路径形状]；净迁移总量级对齐官方推算、年龄权重偏劳动年龄[假设]
2053,15-19,劳动年龄15-64,男,80694.2,8.0694,低,混合,[混合] 基准人口锚点=C&SD表110-01001A年中人口(不含外佣)；2026-2056为队列成分法推算[假设路径]；生育TFR 2023=751→2046=938对齐官方推算[真实数据路径形状]；净迁移总量级对齐官方推算、年龄权重偏劳动年龄[假设]
2053,20-24,劳动年龄15-64,男,91412.7,9.1413,低,混合,[混合] 基准人口锚点=C&SD表110-01001A年中人口(不含外佣)；2026-2056为队列成分法推算[假设路径]；生育TFR 2023=751→2046=938对齐官方推算[真实数据路径形状]；净迁移总量级对齐官方推算、年龄权重偏劳动年龄[假设]
2053,25-29,劳动年龄15-64,男,107690.7,10.7691,低,混合,[混合] 基准人口锚点=C&SD表110-01001A年中人口(不含外佣)；2026-2056为队列成分法推算[假设路径]；生育TFR 2023=751→2046=938对齐官方推算[真实数据路径形状]；净迁移总量级对齐官方推算、年龄权重偏劳动年龄[假设]
2053,30-34,劳动年龄15-64,男,143425.9,14.3426,低,混合,[混合] 基准人口锚点=C&SD表110-01001A年中人口(不含外佣)；2026-2056为队列成分法推算[假设路径]；生育TFR 2023=751→2046=938对齐官方推算[真实数据路径形状]；净迁移总量级对齐官方推算、年龄权重偏劳动年龄[假设]
2053,35-39,劳动年龄15-64,男,182393.6,18.2394,低,混合,[混合] 基准人口锚点=C&SD表110-01001A年中人口(不含外佣)；2026-2056为队列成分法推算[假设路径]；生育TFR 2023=751→2046=938对齐官方推算[真实数据路径形状]；净迁移总量级对齐官方推算、年龄权重偏劳动年龄[假设]
2053,40-44,劳动年龄15-64,男,197006.8,19.7007,低,混合,[混合] 基准人口锚点=C&SD表110-01001A年中人口(不含外佣)；2026-2056为队列成分法推算[假设路径]；生育TFR 2023=751→2046=938对齐官方推算[真实数据路径形状]；净迁移总量级对齐官方推算、年龄权重偏劳动年龄[假设]
2053,45-49,劳动年龄15-64,男,193496.7,19.3497,低,混合,[混合] 基准人口锚点=C&SD表110-01001A年中人口(不含外佣)；2026-2056为队列成分法推算[假设路径]；生育TFR 2023=751→2046=938对齐官方推算[真实数据路径形状]；净迁移总量级对齐官方推算、年龄权重偏劳动年龄[假设]
2053,5-9,少儿0-14,男,74003.0,7.4003,低,混合,[混合] 基准人口锚点=C&SD表110-01001A年中人口(不含外佣)；2026-2056为队列成分法推算[假设路径]；生育TFR 2023=751→2046=938对齐官方推算[真实数据路径形状]；净迁移总量级对齐官方推算、年龄权重偏劳动年龄[假设]
2053,50-54,劳动年龄15-64,男,209408.4,20.9408,低,混合,[混合] 基准人口锚点=C&SD表110-01001A年中人口(不含外佣)；2026-2056为队列成分法推算[假设路径]；生育TFR 2023=751→2046=938对齐官方推算[真实数据路径形状]；净迁移总量级对齐官方推算、年龄权重偏劳动年龄[假设]
2053,55-59,劳动年龄15-64,男,242346.7,24.2347,低,混合,[混合] 基准人口锚点=C&SD表110-01001A年中人口(不含外佣)；2026-2056为队列成分法推算[假设路径]；生育TFR 2023=751→2046=938对齐官方推算[真实数据路径形状]；净迁移总量级对齐官方推算、年龄权重偏劳动年龄[假设]
2053,60-64,劳动年龄15-64,男,256526.7,25.6527,低,混合,[混合] 基准人口锚点=C&SD表110-01001A年中人口(不含外佣)；2026-2056为队列成分法推算[假设路径]；生育TFR 2023=751→2046=938对齐官方推算[真实数据路径形状]；净迁移总量级对齐官方推算、年龄权重偏劳动年龄[假设]
2053,65-69,退休65+,男,249257.6,24.9258,低,混合,[混合] 基准人口锚点=C&SD表110-01001A年中人口(不含外佣)；2026-2056为队列成分法推算[假设路径]；生育TFR 2023=751→2046=938对齐官方推算[真实数据路径形状]；净迁移总量级对齐官方推算、年龄权重偏劳动年龄[假设]
2053,70-74,退休65+,男,229550.4,22.955,低,混合,[混合] 基准人口锚点=C&SD表110-01001A年中人口(不含外佣)；2026-2056为队列成分法推算[假设路径]；生育TFR 2023=751→2046=938对齐官方推算[真实数据路径形状]；净迁移总量级对齐官方推算、年龄权重偏劳动年龄[假设]
2053,75-79,退休65+,男,211175.9,21.1176,低,混合,[混合] 基准人口锚点=C&SD表110-01001A年中人口(不含外佣)；2026-2056为队列成分法推算[假设路径]；生育TFR 2023=751→2046=938对齐官方推算[真实数据路径形状]；净迁移总量级对齐官方推算、年龄权重偏劳动年龄[假设]
2053,80-84,退休65+,男,181587.9,18.1588,低,混合,[混合] 基准人口锚点=C&SD表110-01001A年中人口(不含外佣)；2026-2056为队列成分法推算[假设路径]；生育TFR 2023=751→2046=938对齐官方推算[真实数据路径形状]；净迁移总量级对齐官方推算、年龄权重偏劳动年龄[假设]
2053,85+,退休65+,男,352946.9,35.2947,低,混合,[混合] 基准人口锚点=C&SD表110-01001A年中人口(不含外佣)；2026-2056为队列成分法推算[假设路径]；生育TFR 2023=751→2046=938对齐官方推算[真实数据路径形状]；净迁移总量级对齐官方推算、年龄权重偏劳动年龄[假设]
2054,0-4,少儿0-14,女,60710.3,6.071,低,混合,[混合] 基准人口锚点=C&SD表110-01001A年中人口(不含外佣)；2026-2056为队列成分法推算[假设路径]；生育TFR 2023=751→2046=938对齐官方推算[真实数据路径形状]；净迁移总量级对齐官方推算、年龄权重偏劳动年龄[假设]
2054,10-14,少儿0-14,女,72507.6,7.2508,低,混合,[混合] 基准人口锚点=C&SD表110-01001A年中人口(不含外佣)；2026-2056为队列成分法推算[假设路径]；生育TFR 2023=751→2046=938对齐官方推算[真实数据路径形状]；净迁移总量级对齐官方推算、年龄权重偏劳动年龄[假设]
2054,15-19,劳动年龄15-64,女,77355.2,7.7355,低,混合,[混合] 基准人口锚点=C&SD表110-01001A年中人口(不含外佣)；2026-2056为队列成分法推算[假设路径]；生育TFR 2023=751→2046=938对齐官方推算[真实数据路径形状]；净迁移总量级对齐官方推算、年龄权重偏劳动年龄[假设]
2054,20-24,劳动年龄15-64,女,87860.5,8.786,低,混合,[混合] 基准人口锚点=C&SD表110-01001A年中人口(不含外佣)；2026-2056为队列成分法推算[假设路径]；生育TFR 2023=751→2046=938对齐官方推算[真实数据路径形状]；净迁移总量级对齐官方推算、年龄权重偏劳动年龄[假设]
2054,25-29,劳动年龄15-64,女,102761.0,10.2761,低,混合,[混合] 基准人口锚点=C&SD表110-01001A年中人口(不含外佣)；2026-2056为队列成分法推算[假设路径]；生育TFR 2023=751→2046=938对齐官方推算[真实数据路径形状]；净迁移总量级对齐官方推算、年龄权重偏劳动年龄[假设]
2054,30-34,劳动年龄15-64,女,130488.9,13.0489,低,混合,[混合] 基准人口锚点=C&SD表110-01001A年中人口(不含外佣)；2026-2056为队列成分法推算[假设路径]；生育TFR 2023=751→2046=938对齐官方推算[真实数据路径形状]；净迁移总量级对齐官方推算、年龄权重偏劳动年龄[假设]
2054,35-39,劳动年龄15-64,女,171669.0,17.1669,低,混合,[混合] 基准人口锚点=C&SD表110-01001A年中人口(不含外佣)；2026-2056为队列成分法推算[假设路径]；生育TFR 2023=751→2046=938对齐官方推算[真实数据路径形状]；净迁移总量级对齐官方推算、年龄权重偏劳动年龄[假设]
2054,40-44,劳动年龄15-64,女,191976.8,19.1977,低,混合,[混合] 基准人口锚点=C&SD表110-01001A年中人口(不含外佣)；2026-2056为队列成分法推算[假设路径]；生育TFR 2023=751→2046=938对齐官方推算[真实数据路径形状]；净迁移总量级对齐官方推算、年龄权重偏劳动年龄[假设]
2054,45-49,劳动年龄15-64,女,193569.4,19.3569,低,混合,[混合] 基准人口锚点=C&SD表110-01001A年中人口(不含外佣)；2026-2056为队列成分法推算[假设路径]；生育TFR 2023=751→2046=938对齐官方推算[真实数据路径形状]；净迁移总量级对齐官方推算、年龄权重偏劳动年龄[假设]
2054,5-9,少儿0-14,女,69615.2,6.9615,低,混合,[混合] 基准人口锚点=C&SD表110-01001A年中人口(不含外佣)；2026-2056为队列成分法推算[假设路径]；生育TFR 2023=751→2046=938对齐官方推算[真实数据路径形状]；净迁移总量级对齐官方推算、年龄权重偏劳动年龄[假设]
2054,50-54,劳动年龄15-64,女,204359.7,20.436,低,混合,[混合] 基准人口锚点=C&SD表110-01001A年中人口(不含外佣)；2026-2056为队列成分法推算[假设路径]；生育TFR 2023=751→2046=938对齐官方推算[真实数据路径形状]；净迁移总量级对齐官方推算、年龄权重偏劳动年龄[假设]
2054,55-59,劳动年龄15-64,女,235162.2,23.5162,低,混合,[混合] 基准人口锚点=C&SD表110-01001A年中人口(不含外佣)；2026-2056为队列成分法推算[假设路径]；生育TFR 2023=751→2046=938对齐官方推算[真实数据路径形状]；净迁移总量级对齐官方推算、年龄权重偏劳动年龄[假设]
2054,60-64,劳动年龄15-64,女,266531.1,26.6531,低,混合,[混合] 基准人口锚点=C&SD表110-01001A年中人口(不含外佣)；2026-2056为队列成分法推算[假设路径]；生育TFR 2023=751→2046=938对齐官方推算[真实数据路径形状]；净迁移总量级对齐官方推算、年龄权重偏劳动年龄[假设]
2054,65-69,退休65+,女,280635.6,28.0636,低,混合,[混合] 基准人口锚点=C&SD表110-01001A年中人口(不含外佣)；2026-2056为队列成分法推算[假设路径]；生育TFR 2023=751→2046=938对齐官方推算[真实数据路径形状]；净迁移总量级对齐官方推算、年龄权重偏劳动年龄[假设]
2054,70-74,退休65+,女,288574.8,28.8575,低,混合,[混合] 基准人口锚点=C&SD表110-01001A年中人口(不含外佣)；2026-2056为队列成分法推算[假设路径]；生育TFR 2023=751→2046=938对齐官方推算[真实数据路径形状]；净迁移总量级对齐官方推算、年龄权重偏劳动年龄[假设]
2054,75-79,退休65+,女,287638.0,28.7638,低,混合,[混合] 基准人口锚点=C&SD表110-01001A年中人口(不含外佣)；2026-2056为队列成分法推算[假设路径]；生育TFR 2023=751→2046=938对齐官方推算[真实数据路径形状]；净迁移总量级对齐官方推算、年龄权重偏劳动年龄[假设]
2054,80-84,退休65+,女,273325.4,27.3325,低,混合,[混合] 基准人口锚点=C&SD表110-01001A年中人口(不含外佣)；2026-2056为队列成分法推算[假设路径]；生育TFR 2023=751→2046=938对齐官方推算[真实数据路径形状]；净迁移总量级对齐官方推算、年龄权重偏劳动年龄[假设]
2054,85+,退休65+,女,593897.3,59.3897,低,混合,[混合] 基准人口锚点=C&SD表110-01001A年中人口(不含外佣)；2026-2056为队列成分法推算[假设路径]；生育TFR 2023=751→2046=938对齐官方推算[真实数据路径形状]；净迁移总量级对齐官方推算、年龄权重偏劳动年龄[假设]
2054,0-4,少儿0-14,男,64163.8,6.4164,低,混合,[混合] 基准人口锚点=C&SD表110-01001A年中人口(不含外佣)；2026-2056为队列成分法推算[假设路径]；生育TFR 2023=751→2046=938对齐官方推算[真实数据路径形状]；净迁移总量级对齐官方推算、年龄权重偏劳动年龄[假设]
2054,10-14,少儿0-14,男,76013.6,7.6014,低,混合,[混合] 基准人口锚点=C&SD表110-01001A年中人口(不含外佣)；2026-2056为队列成分法推算[假设路径]；生育TFR 2023=751→2046=938对齐官方推算[真实数据路径形状]；净迁移总量级对齐官方推算、年龄权重偏劳动年龄[假设]
2054,15-19,劳动年龄15-64,男,80309.3,8.0309,低,混合,[混合] 基准人口锚点=C&SD表110-01001A年中人口(不含外佣)；2026-2056为队列成分法推算[假设路径]；生育TFR 2023=751→2046=938对齐官方推算[真实数据路径形状]；净迁移总量级对齐官方推算、年龄权重偏劳动年龄[假设]
2054,20-24,劳动年龄15-64,男,90204.4,9.0204,低,混合,[混合] 基准人口锚点=C&SD表110-01001A年中人口(不含外佣)；2026-2056为队列成分法推算[假设路径]；生育TFR 2023=751→2046=938对齐官方推算[真实数据路径形状]；净迁移总量级对齐官方推算、年龄权重偏劳动年龄[假设]
2054,25-29,劳动年龄15-64,男,105501.6,10.5502,低,混合,[混合] 基准人口锚点=C&SD表110-01001A年中人口(不含外佣)；2026-2056为队列成分法推算[假设路径]；生育TFR 2023=751→2046=938对齐官方推算[真实数据路径形状]；净迁移总量级对齐官方推算、年龄权重偏劳动年龄[假设]
2054,30-34,劳动年龄15-64,男,134764.9,13.4765,低,混合,[混合] 基准人口锚点=C&SD表110-01001A年中人口(不含外佣)；2026-2056为队列成分法推算[假设路径]；生育TFR 2023=751→2046=938对齐官方推算[真实数据路径形状]；净迁移总量级对齐官方推算、年龄权重偏劳动年龄[假设]
2054,35-39,劳动年龄15-64,男,177180.7,17.7181,低,混合,[混合] 基准人口锚点=C&SD表110-01001A年中人口(不含外佣)；2026-2056为队列成分法推算[假设路径]；生育TFR 2023=751→2046=938对齐官方推算[真实数据路径形状]；净迁移总量级对齐官方推算、年龄权重偏劳动年龄[假设]
2054,40-44,劳动年龄15-64,男,197713.9,19.7714,低,混合,[混合] 基准人口锚点=C&SD表110-01001A年中人口(不含外佣)；2026-2056为队列成分法推算[假设路径]；生育TFR 2023=751→2046=938对齐官方推算[真实数据路径形状]；净迁移总量级对齐官方推算、年龄权重偏劳动年龄[假设]
2054,45-49,劳动年龄15-64,男,195213.8,19.5214,低,混合,[混合] 基准人口锚点=C&SD表110-01001A年中人口(不含外佣)；2026-2056为队列成分法推算[假设路径]；生育TFR 2023=751→2046=938对齐官方推算[真实数据路径形状]；净迁移总量级对齐官方推算、年龄权重偏劳动年龄[假设]
2054,5-9,少儿0-14,男,73273.6,7.3274,低,混合,[混合] 基准人口锚点=C&SD表110-01001A年中人口(不含外佣)；2026-2056为队列成分法推算[假设路径]；生育TFR 2023=751→2046=938对齐官方推算[真实数据路径形状]；净迁移总量级对齐官方推算、年龄权重偏劳动年龄[假设]
2054,50-54,劳动年龄15-64,男,203680.9,20.3681,低,混合,[混合] 基准人口锚点=C&SD表110-01001A年中人口(不含外佣)；2026-2056为队列成分法推算[假设路径]；生育TFR 2023=751→2046=938对齐官方推算[真实数据路径形状]；净迁移总量级对齐官方推算、年龄权重偏劳动年龄[假设]
2054,55-59,劳动年龄15-64,男,235424.3,23.5424,低,混合,[混合] 基准人口锚点=C&SD表110-01001A年中人口(不含外佣)；2026-2056为队列成分法推算[假设路径]；生育TFR 2023=751→2046=938对齐官方推算[真实数据路径形状]；净迁移总量级对齐官方推算、年龄权重偏劳动年龄[假设]
2054,60-64,劳动年龄15-64,男,255938.3,25.5938,低,混合,[混合] 基准人口锚点=C&SD表110-01001A年中人口(不含外佣)；2026-2056为队列成分法推算[假设路径]；生育TFR 2023=751→2046=938对齐官方推算[真实数据路径形状]；净迁移总量级对齐官方推算、年龄权重偏劳动年龄[假设]
2054,65-69,退休65+,男,250097.8,25.0098,低,混合,[混合] 基准人口锚点=C&SD表110-01001A年中人口(不含外佣)；2026-2056为队列成分法推算[假设路径]；生育TFR 2023=751→2046=938对齐官方推算[真实数据路径形状]；净迁移总量级对齐官方推算、年龄权重偏劳动年龄[假设]
2054,70-74,退休65+,男,231796.2,23.1796,低,混合,[混合] 基准人口锚点=C&SD表110-01001A年中人口(不含外佣)；2026-2056为队列成分法推算[假设路径]；生育TFR 2023=751→2046=938对齐官方推算[真实数据路径形状]；净迁移总量级对齐官方推算、年龄权重偏劳动年龄[假设]
2054,75-79,退休65+,男,210570.1,21.057,低,混合,[混合] 基准人口锚点=C&SD表110-01001A年中人口(不含外佣)；2026-2056为队列成分法推算[假设路径]；生育TFR 2023=751→2046=938对齐官方推算[真实数据路径形状]；净迁移总量级对齐官方推算、年龄权重偏劳动年龄[假设]
2054,80-84,退休65+,男,182495.2,18.2495,低,混合,[混合] 基准人口锚点=C&SD表110-01001A年中人口(不含外佣)；2026-2056为队列成分法推算[假设路径]；生育TFR 2023=751→2046=938对齐官方推算[真实数据路径形状]；净迁移总量级对齐官方推算、年龄权重偏劳动年龄[假设]
2054,85+,退休65+,男,355307.2,35.5307,低,混合,[混合] 基准人口锚点=C&SD表110-01001A年中人口(不含外佣)；2026-2056为队列成分法推算[假设路径]；生育TFR 2023=751→2046=938对齐官方推算[真实数据路径形状]；净迁移总量级对齐官方推算、年龄权重偏劳动年龄[假设]
2055,0-4,少儿0-14,女,58894.6,5.8895,低,混合,[混合] 基准人口锚点=C&SD表110-01001A年中人口(不含外佣)；2026-2056为队列成分法推算[假设路径]；生育TFR 2023=751→2046=938对齐官方推算[真实数据路径形状]；净迁移总量级对齐官方推算、年龄权重偏劳动年龄[假设]
2055,10-14,少儿0-14,女,72505.4,7.2505,低,混合,[混合] 基准人口锚点=C&SD表110-01001A年中人口(不含外佣)；2026-2056为队列成分法推算[假设路径]；生育TFR 2023=751→2046=938对齐官方推算[真实数据路径形状]；净迁移总量级对齐官方推算、年龄权重偏劳动年龄[假设]
2055,15-19,劳动年龄15-64,女,77083.8,7.7084,低,混合,[混合] 基准人口锚点=C&SD表110-01001A年中人口(不含外佣)；2026-2056为队列成分法推算[假设路径]；生育TFR 2023=751→2046=938对齐官方推算[真实数据路径形状]；净迁移总量级对齐官方推算、年龄权重偏劳动年龄[假设]
2055,20-24,劳动年龄15-64,女,86768.5,8.6768,低,混合,[混合] 基准人口锚点=C&SD表110-01001A年中人口(不含外佣)；2026-2056为队列成分法推算[假设路径]；生育TFR 2023=751→2046=938对齐官方推算[真实数据路径形状]；净迁移总量级对齐官方推算、年龄权重偏劳动年龄[假设]
2055,25-29,劳动年龄15-64,女,100782.9,10.0783,低,混合,[混合] 基准人口锚点=C&SD表110-01001A年中人口(不含外佣)；2026-2056为队列成分法推算[假设路径]；生育TFR 2023=751→2046=938对齐官方推算[真实数据路径形状]；净迁移总量级对齐官方推算、年龄权重偏劳动年龄[假设]
2055,30-34,劳动年龄15-64,女,122181.7,12.2182,低,混合,[混合] 基准人口锚点=C&SD表110-01001A年中人口(不含外佣)；2026-2056为队列成分法推算[假设路径]；生育TFR 2023=751→2046=938对齐官方推算[真实数据路径形状]；净迁移总量级对齐官方推算、年龄权重偏劳动年龄[假设]
2055,35-39,劳动年龄15-64,女,166772.6,16.6773,低,混合,[混合] 基准人口锚点=C&SD表110-01001A年中人口(不含外佣)；2026-2056为队列成分法推算[假设路径]；生育TFR 2023=751→2046=938对齐官方推算[真实数据路径形状]；净迁移总量级对齐官方推算、年龄权重偏劳动年龄[假设]
2055,40-44,劳动年龄15-64,女,192293.1,19.2293,低,混合,[混合] 基准人口锚点=C&SD表110-01001A年中人口(不含外佣)；2026-2056为队列成分法推算[假设路径]；生育TFR 2023=751→2046=938对齐官方推算[真实数据路径形状]；净迁移总量级对齐官方推算、年龄权重偏劳动年龄[假设]
2055,45-49,劳动年龄15-64,女,193748.1,19.3748,低,混合,[混合] 基准人口锚点=C&SD表110-01001A年中人口(不含外佣)；2026-2056为队列成分法推算[假设路径]；生育TFR 2023=751→2046=938对齐官方推算[真实数据路径形状]；净迁移总量级对齐官方推算、年龄权重偏劳动年龄[假设]
2055,5-9,少儿0-14,女,68608.0,6.8608,低,混合,[混合] 基准人口锚点=C&SD表110-01001A年中人口(不含外佣)；2026-2056为队列成分法推算[假设路径]；生育TFR 2023=751→2046=938对齐官方推算[真实数据路径形状]；净迁移总量级对齐官方推算、年龄权重偏劳动年龄[假设]
2055,50-54,劳动年龄15-64,女,200310.2,20.031,低,混合,[混合] 基准人口锚点=C&SD表110-01001A年中人口(不含外佣)；2026-2056为队列成分法推算[假设路径]；生育TFR 2023=751→2046=938对齐官方推算[真实数据路径形状]；净迁移总量级对齐官方推算、年龄权重偏劳动年龄[假设]
2055,55-59,劳动年龄15-64,女,227096.2,22.7096,低,混合,[混合] 基准人口锚点=C&SD表110-01001A年中人口(不含外佣)；2026-2056为队列成分法推算[假设路径]；生育TFR 2023=751→2046=938对齐官方推算[真实数据路径形状]；净迁移总量级对齐官方推算、年龄权重偏劳动年龄[假设]
2055,60-64,劳动年龄15-64,女,263556.8,26.3557,低,混合,[混合] 基准人口锚点=C&SD表110-01001A年中人口(不含外佣)；2026-2056为队列成分法推算[假设路径]；生育TFR 2023=751→2046=938对齐官方推算[真实数据路径形状]；净迁移总量级对齐官方推算、年龄权重偏劳动年龄[假设]
2055,65-69,退休65+,女,276982.8,27.6983,低,混合,[混合] 基准人口锚点=C&SD表110-01001A年中人口(不含外佣)；2026-2056为队列成分法推算[假设路径]；生育TFR 2023=751→2046=938对齐官方推算[真实数据路径形状]；净迁移总量级对齐官方推算、年龄权重偏劳动年龄[假设]
2055,70-74,退休65+,女,287080.0,28.708,低,混合,[混合] 基准人口锚点=C&SD表110-01001A年中人口(不含外佣)；2026-2056为队列成分法推算[假设路径]；生育TFR 2023=751→2046=938对齐官方推算[真实数据路径形状]；净迁移总量级对齐官方推算、年龄权重偏劳动年龄[假设]
2055,75-79,退休65+,女,285327.2,28.5327,低,混合,[混合] 基准人口锚点=C&SD表110-01001A年中人口(不含外佣)；2026-2056为队列成分法推算[假设路径]；生育TFR 2023=751→2046=938对齐官方推算[真实数据路径形状]；净迁移总量级对齐官方推算、年龄权重偏劳动年龄[假设]
2055,80-84,退休65+,女,273290.6,27.3291,低,混合,[混合] 基准人口锚点=C&SD表110-01001A年中人口(不含外佣)；2026-2056为队列成分法推算[假设路径]；生育TFR 2023=751→2046=938对齐官方推算[真实数据路径形状]；净迁移总量级对齐官方推算、年龄权重偏劳动年龄[假设]
2055,85+,退休65+,女,605986.5,60.5986,低,混合,[混合] 基准人口锚点=C&SD表110-01001A年中人口(不含外佣)；2026-2056为队列成分法推算[假设路径]；生育TFR 2023=751→2046=938对齐官方推算[真实数据路径形状]；净迁移总量级对齐官方推算、年龄权重偏劳动年龄[假设]
2055,0-4,少儿0-14,男,62244.4,6.2244,低,混合,[混合] 基准人口锚点=C&SD表110-01001A年中人口(不含外佣)；2026-2056为队列成分法推算[假设路径]；生育TFR 2023=751→2046=938对齐官方推算[真实数据路径形状]；净迁移总量级对齐官方推算、年龄权重偏劳动年龄[假设]
2055,10-14,少儿0-14,男,76036.9,7.6037,低,混合,[混合] 基准人口锚点=C&SD表110-01001A年中人口(不含外佣)；2026-2056为队列成分法推算[假设路径]；生育TFR 2023=751→2046=938对齐官方推算[真实数据路径形状]；净迁移总量级对齐官方推算、年龄权重偏劳动年龄[假设]
2055,15-19,劳动年龄15-64,男,80072.9,8.0073,低,混合,[混合] 基准人口锚点=C&SD表110-01001A年中人口(不含外佣)；2026-2056为队列成分法推算[假设路径]；生育TFR 2023=751→2046=938对齐官方推算[真实数据路径形状]；净迁移总量级对齐官方推算、年龄权重偏劳动年龄[假设]
2055,20-24,劳动年龄15-64,男,89114.0,8.9114,低,混合,[混合] 基准人口锚点=C&SD表110-01001A年中人口(不含外佣)；2026-2056为队列成分法推算[假设路径]；生育TFR 2023=751→2046=938对齐官方推算[真实数据路径形状]；净迁移总量级对齐官方推算、年龄权重偏劳动年龄[假设]
2055,25-29,劳动年龄15-64,男,103057.0,10.3057,低,混合,[混合] 基准人口锚点=C&SD表110-01001A年中人口(不含外佣)；2026-2056为队列成分法推算[假设路径]；生育TFR 2023=751→2046=938对齐官方推算[真实数据路径形状]；净迁移总量级对齐官方推算、年龄权重偏劳动年龄[假设]
2055,30-34,劳动年龄15-64,男,126080.3,12.608,低,混合,[混合] 基准人口锚点=C&SD表110-01001A年中人口(不含外佣)；2026-2056为队列成分法推算[假设路径]；生育TFR 2023=751→2046=938对齐官方推算[真实数据路径形状]；净迁移总量级对齐官方推算、年龄权重偏劳动年龄[假设]
2055,35-39,劳动年龄15-64,男,171877.4,17.1877,低,混合,[混合] 基准人口锚点=C&SD表110-01001A年中人口(不含外佣)；2026-2056为队列成分法推算[假设路径]；生育TFR 2023=751→2046=938对齐官方推算[真实数据路径形状]；净迁移总量级对齐官方推算、年龄权重偏劳动年龄[假设]
2055,40-44,劳动年龄15-64,男,198117.6,19.8118,低,混合,[混合] 基准人口锚点=C&SD表110-01001A年中人口(不含外佣)；2026-2056为队列成分法推算[假设路径]；生育TFR 2023=751→2046=938对齐官方推算[真实数据路径形状]；净迁移总量级对齐官方推算、年龄权重偏劳动年龄[假设]
2055,45-49,劳动年龄15-64,男,196900.8,19.6901,低,混合,[混合] 基准人口锚点=C&SD表110-01001A年中人口(不含外佣)；2026-2056为队列成分法推算[假设路径]；生育TFR 2023=751→2046=938对齐官方推算[真实数据路径形状]；净迁移总量级对齐官方推算、年龄权重偏劳动年龄[假设]
2055,5-9,少儿0-14,男,72219.0,7.2219,低,混合,[混合] 基准人口锚点=C&SD表110-01001A年中人口(不含外佣)；2026-2056为队列成分法推算[假设路径]；生育TFR 2023=751→2046=938对齐官方推算[真实数据路径形状]；净迁移总量级对齐官方推算、年龄权重偏劳动年龄[假设]
2055,50-54,劳动年龄15-64,男,197930.4,19.793,低,混合,[混合] 基准人口锚点=C&SD表110-01001A年中人口(不含外佣)；2026-2056为队列成分法推算[假设路径]；生育TFR 2023=751→2046=938对齐官方推算[真实数据路径形状]；净迁移总量级对齐官方推算、年龄权重偏劳动年龄[假设]
2055,55-59,劳动年龄15-64,男,228490.2,22.849,低,混合,[混合] 基准人口锚点=C&SD表110-01001A年中人口(不含外佣)；2026-2056为队列成分法推算[假设路径]；生育TFR 2023=751→2046=938对齐官方推算[真实数据路径形状]；净迁移总量级对齐官方推算、年龄权重偏劳动年龄[假设]
2055,60-64,劳动年龄15-64,男,255340.3,25.534,低,混合,[混合] 基准人口锚点=C&SD表110-01001A年中人口(不含外佣)；2026-2056为队列成分法推算[假设路径]；生育TFR 2023=751→2046=938对齐官方推算[真实数据路径形状]；净迁移总量级对齐官方推算、年龄权重偏劳动年龄[假设]
2055,65-69,退休65+,男,250975.0,25.0975,低,混合,[混合] 基准人口锚点=C&SD表110-01001A年中人口(不含外佣)；2026-2056为队列成分法推算[假设路径]；生育TFR 2023=751→2046=938对齐官方推算[真实数据路径形状]；净迁移总量级对齐官方推算、年龄权重偏劳动年龄[假设]
2055,70-74,退休65+,男,234150.6,23.4151,低,混合,[混合] 基准人口锚点=C&SD表110-01001A年中人口(不含外佣)；2026-2056为队列成分法推算[假设路径]；生育TFR 2023=751→2046=938对齐官方推算[真实数据路径形状]；净迁移总量级对齐官方推算、年龄权重偏劳动年龄[假设]
2055,75-79,退休65+,男,210004.4,21.0004,低,混合,[混合] 基准人口锚点=C&SD表110-01001A年中人口(不含外佣)；2026-2056为队列成分法推算[假设路径]；生育TFR 2023=751→2046=938对齐官方推算[真实数据路径形状]；净迁移总量级对齐官方推算、年龄权重偏劳动年龄[假设]
2055,80-84,退休65+,男,183440.7,18.3441,低,混合,[混合] 基准人口锚点=C&SD表110-01001A年中人口(不含外佣)；2026-2056为队列成分法推算[假设路径]；生育TFR 2023=751→2046=938对齐官方推算[真实数据路径形状]；净迁移总量级对齐官方推算、年龄权重偏劳动年龄[假设]
2055,85+,退休65+,男,357751.6,35.7752,低,混合,[混合] 基准人口锚点=C&SD表110-01001A年中人口(不含外佣)；2026-2056为队列成分法推算[假设路径]；生育TFR 2023=751→2046=938对齐官方推算[真实数据路径形状]；净迁移总量级对齐官方推算、年龄权重偏劳动年龄[假设]
2056,0-4,少儿0-14,女,56998.5,5.6998,低,混合,[混合] 基准人口锚点=C&SD表110-01001A年中人口(不含外佣)；2026-2056为队列成分法推算[假设路径]；生育TFR 2023=751→2046=938对齐官方推算[真实数据路径形状]；净迁移总量级对齐官方推算、年龄权重偏劳动年龄[假设]
2056,10-14,少儿0-14,女,72450.0,7.245,低,混合,[混合] 基准人口锚点=C&SD表110-01001A年中人口(不含外佣)；2026-2056为队列成分法推算[假设路径]；生育TFR 2023=751→2046=938对齐官方推算[真实数据路径形状]；净迁移总量级对齐官方推算、年龄权重偏劳动年龄[假设]
2056,15-19,劳动年龄15-64,女,76945.2,7.6945,低,混合,[混合] 基准人口锚点=C&SD表110-01001A年中人口(不含外佣)；2026-2056为队列成分法推算[假设路径]；生育TFR 2023=751→2046=938对齐官方推算[真实数据路径形状]；净迁移总量级对齐官方推算、年龄权重偏劳动年龄[假设]
2056,20-24,劳动年龄15-64,女,85781.7,8.5782,低,混合,[混合] 基准人口锚点=C&SD表110-01001A年中人口(不含外佣)；2026-2056为队列成分法推算[假设路径]；生育TFR 2023=751→2046=938对齐官方推算[真实数据路径形状]；净迁移总量级对齐官方推算、年龄权重偏劳动年龄[假设]
2056,25-29,劳动年龄15-64,女,98544.9,9.8545,低,混合,[混合] 基准人口锚点=C&SD表110-01001A年中人口(不含外佣)；2026-2056为队列成分法推算[假设路径]；生育TFR 2023=751→2046=938对齐官方推算[真实数据路径形状]；净迁移总量级对齐官方推算、年龄权重偏劳动年龄[假设]
2056,30-34,劳动年龄15-64,女,113879.8,11.388,低,混合,[混合] 基准人口锚点=C&SD表110-01001A年中人口(不含外佣)；2026-2056为队列成分法推算[假设路径]；生育TFR 2023=751→2046=938对齐官方推算[真实数据路径形状]；净迁移总量级对齐官方推算、年龄权重偏劳动年龄[假设]
2056,35-39,劳动年龄15-64,女,161776.8,16.1777,低,混合,[混合] 基准人口锚点=C&SD表110-01001A年中人口(不含外佣)；2026-2056为队列成分法推算[假设路径]；生育TFR 2023=751→2046=938对齐官方推算[真实数据路径形状]；净迁移总量级对齐官方推算、年龄权重偏劳动年龄[假设]
2056,40-44,劳动年龄15-64,女,192263.1,19.2263,低,混合,[混合] 基准人口锚点=C&SD表110-01001A年中人口(不含外佣)；2026-2056为队列成分法推算[假设路径]；生育TFR 2023=751→2046=938对齐官方推算[真实数据路径形状]；净迁移总量级对齐官方推算、年龄权重偏劳动年龄[假设]
2056,45-49,劳动年龄15-64,女,193895.1,19.3895,低,混合,[混合] 基准人口锚点=C&SD表110-01001A年中人口(不含外佣)；2026-2056为队列成分法推算[假设路径]；生育TFR 2023=751→2046=938对齐官方推算[真实数据路径形状]；净迁移总量级对齐官方推算、年龄权重偏劳动年龄[假设]
2056,5-9,少儿0-14,女,67301.4,6.7301,低,混合,[混合] 基准人口锚点=C&SD表110-01001A年中人口(不含外佣)；2026-2056为队列成分法推算[假设路径]；生育TFR 2023=751→2046=938对齐官方推算[真实数据路径形状]；净迁移总量级对齐官方推算、年龄权重偏劳动年龄[假设]
2056,50-54,劳动年龄15-64,女,196223.7,19.6224,低,混合,[混合] 基准人口锚点=C&SD表110-01001A年中人口(不含外佣)；2026-2056为队列成分法推算[假设路径]；生育TFR 2023=751→2046=938对齐官方推算[真实数据路径形状]；净迁移总量级对齐官方推算、年龄权重偏劳动年龄[假设]
2056,55-59,劳动年龄15-64,女,218995.0,21.8995,低,混合,[混合] 基准人口锚点=C&SD表110-01001A年中人口(不含外佣)；2026-2056为队列成分法推算[假设路径]；生育TFR 2023=751→2046=938对齐官方推算[真实数据路径形状]；净迁移总量级对齐官方推算、年龄权重偏劳动年龄[假设]
2056,60-64,劳动年龄15-64,女,260558.9,26.0559,低,混合,[混合] 基准人口锚点=C&SD表110-01001A年中人口(不含外佣)；2026-2056为队列成分法推算[假设路径]；生育TFR 2023=751→2046=938对齐官方推算[真实数据路径形状]；净迁移总量级对齐官方推算、年龄权重偏劳动年龄[假设]
2056,65-69,退休65+,女,273366.7,27.3367,低,混合,[混合] 基准人口锚点=C&SD表110-01001A年中人口(不含外佣)；2026-2056为队列成分法推算[假设路径]；生育TFR 2023=751→2046=938对齐官方推算[真实数据路径形状]；净迁移总量级对齐官方推算、年龄权重偏劳动年龄[假设]
2056,70-74,退休65+,女,285745.5,28.5745,低,混合,[混合] 基准人口锚点=C&SD表110-01001A年中人口(不含外佣)；2026-2056为队列成分法推算[假设路径]；生育TFR 2023=751→2046=938对齐官方推算[真实数据路径形状]；净迁移总量级对齐官方推算、年龄权重偏劳动年龄[假设]
2056,75-79,退休65+,女,283043.0,28.3043,低,混合,[混合] 基准人口锚点=C&SD表110-01001A年中人口(不含外佣)；2026-2056为队列成分法推算[假设路径]；生育TFR 2023=751→2046=938对齐官方推算[真实数据路径形状]；净迁移总量级对齐官方推算、年龄权重偏劳动年龄[假设]
2056,80-84,退休65+,女,273296.2,27.3296,低,混合,[混合] 基准人口锚点=C&SD表110-01001A年中人口(不含外佣)；2026-2056为队列成分法推算[假设路径]；生育TFR 2023=751→2046=938对齐官方推算[真实数据路径形状]；净迁移总量级对齐官方推算、年龄权重偏劳动年龄[假设]
2056,85+,退休65+,女,617737.9,61.7738,低,混合,[混合] 基准人口锚点=C&SD表110-01001A年中人口(不含外佣)；2026-2056为队列成分法推算[假设路径]；生育TFR 2023=751→2046=938对齐官方推算[真实数据路径形状]；净迁移总量级对齐官方推算、年龄权重偏劳动年龄[假设]
2056,0-4,少儿0-14,男,60239.8,6.024,低,混合,[混合] 基准人口锚点=C&SD表110-01001A年中人口(不含外佣)；2026-2056为队列成分法推算[假设路径]；生育TFR 2023=751→2046=938对齐官方推算[真实数据路径形状]；净迁移总量级对齐官方推算、年龄权重偏劳动年龄[假设]
2056,10-14,少儿0-14,男,76002.0,7.6002,低,混合,[混合] 基准人口锚点=C&SD表110-01001A年中人口(不含外佣)；2026-2056为队列成分法推算[假设路径]；生育TFR 2023=751→2046=938对齐官方推算[真实数据路径形状]；净迁移总量级对齐官方推算、年龄权重偏劳动年龄[假设]
2056,15-19,劳动年龄15-64,男,79976.2,7.9976,低,混合,[混合] 基准人口锚点=C&SD表110-01001A年中人口(不含外佣)；2026-2056为队列成分法推算[假设路径]；生育TFR 2023=751→2046=938对齐官方推算[真实数据路径形状]；净迁移总量级对齐官方推算、年龄权重偏劳动年龄[假设]
2056,20-24,劳动年龄15-64,男,88136.9,8.8137,低,混合,[混合] 基准人口锚点=C&SD表110-01001A年中人口(不含外佣)；2026-2056为队列成分法推算[假设路径]；生育TFR 2023=751→2046=938对齐官方推算[真实数据路径形状]；净迁移总量级对齐官方推算、年龄权重偏劳动年龄[假设]
2056,25-29,劳动年龄15-64,男,100353.0,10.0353,低,混合,[混合] 基准人口锚点=C&SD表110-01001A年中人口(不含外佣)；2026-2056为队列成分法推算[假设路径]；生育TFR 2023=751→2046=938对齐官方推算[真实数据路径形状]；净迁移总量级对齐官方推算、年龄权重偏劳动年龄[假设]
2056,30-34,劳动年龄15-64,男,117396.7,11.7397,低,混合,[混合] 基准人口锚点=C&SD表110-01001A年中人口(不含外佣)；2026-2056为队列成分法推算[假设路径]；生育TFR 2023=751→2046=938对齐官方推算[真实数据路径形状]；净迁移总量级对齐官方推算、年龄权重偏劳动年龄[假设]
2056,35-39,劳动年龄15-64,男,166483.6,16.6484,低,混合,[混合] 基准人口锚点=C&SD表110-01001A年中人口(不含外佣)；2026-2056为队列成分法推算[假设路径]；生育TFR 2023=751→2046=938对齐官方推算[真实数据路径形状]；净迁移总量级对齐官方推算、年龄权重偏劳动年龄[假设]
2056,40-44,劳动年龄15-64,男,198206.2,19.8206,低,混合,[混合] 基准人口锚点=C&SD表110-01001A年中人口(不含外佣)；2026-2056为队列成分法推算[假设路径]；生育TFR 2023=751→2046=938对齐官方推算[真实数据路径形状]；净迁移总量级对齐官方推算、年龄权重偏劳动年龄[假设]
2056,45-49,劳动年龄15-64,男,198557.8,19.8558,低,混合,[混合] 基准人口锚点=C&SD表110-01001A年中人口(不含外佣)；2026-2056为队列成分法推算[假设路径]；生育TFR 2023=751→2046=938对齐官方推算[真实数据路径形状]；净迁移总量级对齐官方推算、年龄权重偏劳动年龄[假设]
2056,5-9,少儿0-14,男,70846.8,7.0847,低,混合,[混合] 基准人口锚点=C&SD表110-01001A年中人口(不含外佣)；2026-2056为队列成分法推算[假设路径]；生育TFR 2023=751→2046=938对齐官方推算[真实数据路径形状]；净迁移总量级对齐官方推算、年龄权重偏劳动年龄[假设]
2056,50-54,劳动年龄15-64,男,192160.4,19.216,低,混合,[混合] 基准人口锚点=C&SD表110-01001A年中人口(不含外佣)；2026-2056为队列成分法推算[假设路径]；生育TFR 2023=751→2046=938对齐官方推算[真实数据路径形状]；净迁移总量级对齐官方推算、年龄权重偏劳动年龄[假设]
2056,55-59,劳动年龄15-64,男,221543.5,22.1544,低,混合,[混合] 基准人口锚点=C&SD表110-01001A年中人口(不含外佣)；2026-2056为队列成分法推算[假设路径]；生育TFR 2023=751→2046=938对齐官方推算[真实数据路径形状]；净迁移总量级对齐官方推算、年龄权重偏劳动年龄[假设]
2056,60-64,劳动年龄15-64,男,254720.7,25.4721,低,混合,[混合] 基准人口锚点=C&SD表110-01001A年中人口(不含外佣)；2026-2056为队列成分法推算[假设路径]；生育TFR 2023=751→2046=938对齐官方推算[真实数据路径形状]；净迁移总量级对齐官方推算、年龄权重偏劳动年龄[假设]
2056,65-69,退休65+,男,251888.9,25.1889,低,混合,[混合] 基准人口锚点=C&SD表110-01001A年中人口(不含外佣)；2026-2056为队列成分法推算[假设路径]；生育TFR 2023=751→2046=938对齐官方推算[真实数据路径形状]；净迁移总量级对齐官方推算、年龄权重偏劳动年龄[假设]
2056,70-74,退休65+,男,236621.6,23.6622,低,混合,[混合] 基准人口锚点=C&SD表110-01001A年中人口(不含外佣)；2026-2056为队列成分法推算[假设路径]；生育TFR 2023=751→2046=938对齐官方推算[真实数据路径形状]；净迁移总量级对齐官方推算、年龄权重偏劳动年龄[假设]
2056,75-79,退休65+,男,209476.5,20.9476,低,混合,[混合] 基准人口锚点=C&SD表110-01001A年中人口(不含外佣)；2026-2056为队列成分法推算[假设路径]；生育TFR 2023=751→2046=938对齐官方推算[真实数据路径形状]；净迁移总量级对齐官方推算、年龄权重偏劳动年龄[假设]
2056,80-84,退休65+,男,184412.0,18.4412,低,混合,[混合] 基准人口锚点=C&SD表110-01001A年中人口(不含外佣)；2026-2056为队列成分法推算[假设路径]；生育TFR 2023=751→2046=938对齐官方推算[真实数据路径形状]；净迁移总量级对齐官方推算、年龄权重偏劳动年龄[假设]
2056,85+,退休65+,男,360279.0,36.0279,低,混合,[混合] 基准人口锚点=C&SD表110-01001A年中人口(不含外佣)；2026-2056为队列成分法推算[假设路径]；生育TFR 2023=751→2046=938对齐官方推算[真实数据路径形状]；净迁移总量级对齐官方推算、年龄权重偏劳动年龄[假设]
2026,0-4,少儿0-14,女,76800.0,7.68,高,混合,[混合] 基准人口锚点=C&SD表110-01001A年中人口(不含外佣)；2026-2056为队列成分法推算[假设路径]；生育TFR 2023=751→2046=938对齐官方推算[真实数据路径形状]；净迁移总量级对齐官方推算、年龄权重偏劳动年龄[假设]
2026,10-14,少儿0-14,女,138400.0,13.84,高,混合,[混合] 基准人口锚点=C&SD表110-01001A年中人口(不含外佣)；2026-2056为队列成分法推算[假设路径]；生育TFR 2023=751→2046=938对齐官方推算[真实数据路径形状]；净迁移总量级对齐官方推算、年龄权重偏劳动年龄[假设]
2026,15-19,劳动年龄15-64,女,139100.0,13.91,高,混合,[混合] 基准人口锚点=C&SD表110-01001A年中人口(不含外佣)；2026-2056为队列成分法推算[假设路径]；生育TFR 2023=751→2046=938对齐官方推算[真实数据路径形状]；净迁移总量级对齐官方推算、年龄权重偏劳动年龄[假设]
2026,20-24,劳动年龄15-64,女,145000.0,14.5,高,混合,[混合] 基准人口锚点=C&SD表110-01001A年中人口(不含外佣)；2026-2056为队列成分法推算[假设路径]；生育TFR 2023=751→2046=938对齐官方推算[真实数据路径形状]；净迁移总量级对齐官方推算、年龄权重偏劳动年龄[假设]
2026,25-29,劳动年龄15-64,女,172700.0,17.27,高,混合,[混合] 基准人口锚点=C&SD表110-01001A年中人口(不含外佣)；2026-2056为队列成分法推算[假设路径]；生育TFR 2023=751→2046=938对齐官方推算[真实数据路径形状]；净迁移总量级对齐官方推算、年龄权重偏劳动年龄[假设]
2026,30-34,劳动年龄15-64,女,221900.0,22.19,高,混合,[混合] 基准人口锚点=C&SD表110-01001A年中人口(不含外佣)；2026-2056为队列成分法推算[假设路径]；生育TFR 2023=751→2046=938对齐官方推算[真实数据路径形状]；净迁移总量级对齐官方推算、年龄权重偏劳动年龄[假设]
2026,35-39,劳动年龄15-64,女,246100.0,24.61,高,混合,[混合] 基准人口锚点=C&SD表110-01001A年中人口(不含外佣)；2026-2056为队列成分法推算[假设路径]；生育TFR 2023=751→2046=938对齐官方推算[真实数据路径形状]；净迁移总量级对齐官方推算、年龄权重偏劳动年龄[假设]
2026,40-44,劳动年龄15-64,女,274000.0,27.4,高,混合,[混合] 基准人口锚点=C&SD表110-01001A年中人口(不含外佣)；2026-2056为队列成分法推算[假设路径]；生育TFR 2023=751→2046=938对齐官方推算[真实数据路径形状]；净迁移总量级对齐官方推算、年龄权重偏劳动年龄[假设]
2026,45-49,劳动年龄15-64,女,289200.0,28.92,高,混合,[混合] 基准人口锚点=C&SD表110-01001A年中人口(不含外佣)；2026-2056为队列成分法推算[假设路径]；生育TFR 2023=751→2046=938对齐官方推算[真实数据路径形状]；净迁移总量级对齐官方推算、年龄权重偏劳动年龄[假设]
2026,5-9,少儿0-14,女,115700.0,11.57,高,混合,[混合] 基准人口锚点=C&SD表110-01001A年中人口(不含外佣)；2026-2056为队列成分法推算[假设路径]；生育TFR 2023=751→2046=938对齐官方推算[真实数据路径形状]；净迁移总量级对齐官方推算、年龄权重偏劳动年龄[假设]
2026,50-54,劳动年龄15-64,女,307900.0,30.79,高,混合,[混合] 基准人口锚点=C&SD表110-01001A年中人口(不含外佣)；2026-2056为队列成分法推算[假设路径]；生育TFR 2023=751→2046=938对齐官方推算[真实数据路径形状]；净迁移总量级对齐官方推算、年龄权重偏劳动年龄[假设]
2026,55-59,劳动年龄15-64,女,314700.0,31.47,高,混合,[混合] 基准人口锚点=C&SD表110-01001A年中人口(不含外佣)；2026-2056为队列成分法推算[假设路径]；生育TFR 2023=751→2046=938对齐官方推算[真实数据路径形状]；净迁移总量级对齐官方推算、年龄权重偏劳动年龄[假设]
2026,60-64,劳动年龄15-64,女,339700.0,33.97,高,混合,[混合] 基准人口锚点=C&SD表110-01001A年中人口(不含外佣)；2026-2056为队列成分法推算[假设路径]；生育TFR 2023=751→2046=938对齐官方推算[真实数据路径形状]；净迁移总量级对齐官方推算、年龄权重偏劳动年龄[假设]
2026,65-69,退休65+,女,309600.0,30.96,高,混合,[混合] 基准人口锚点=C&SD表110-01001A年中人口(不含外佣)；2026-2056为队列成分法推算[假设路径]；生育TFR 2023=751→2046=938对齐官方推算[真实数据路径形状]；净迁移总量级对齐官方推算、年龄权重偏劳动年龄[假设]
2026,70-74,退休65+,女,248600.0,24.86,高,混合,[混合] 基准人口锚点=C&SD表110-01001A年中人口(不含外佣)；2026-2056为队列成分法推算[假设路径]；生育TFR 2023=751→2046=938对齐官方推算[真实数据路径形状]；净迁移总量级对齐官方推算、年龄权重偏劳动年龄[假设]
2026,75-79,退休65+,女,182100.0,18.21,高,混合,[混合] 基准人口锚点=C&SD表110-01001A年中人口(不含外佣)；2026-2056为队列成分法推算[假设路径]；生育TFR 2023=751→2046=938对齐官方推算[真实数据路径形状]；净迁移总量级对齐官方推算、年龄权重偏劳动年龄[假设]
2026,80-84,退休65+,女,89700.0,8.97,高,混合,[混合] 基准人口锚点=C&SD表110-01001A年中人口(不含外佣)；2026-2056为队列成分法推算[假设路径]；生育TFR 2023=751→2046=938对齐官方推算[真实数据路径形状]；净迁移总量级对齐官方推算、年龄权重偏劳动年龄[假设]
2026,85+,退休65+,女,145300.0,14.53,高,混合,[混合] 基准人口锚点=C&SD表110-01001A年中人口(不含外佣)；2026-2056为队列成分法推算[假设路径]；生育TFR 2023=751→2046=938对齐官方推算[真实数据路径形状]；净迁移总量级对齐官方推算、年龄权重偏劳动年龄[假设]
2026,0-4,少儿0-14,男,83500.0,8.35,高,混合,[混合] 基准人口锚点=C&SD表110-01001A年中人口(不含外佣)；2026-2056为队列成分法推算[假设路径]；生育TFR 2023=751→2046=938对齐官方推算[真实数据路径形状]；净迁移总量级对齐官方推算、年龄权重偏劳动年龄[假设]
2026,10-14,少儿0-14,男,149500.0,14.95,高,混合,[混合] 基准人口锚点=C&SD表110-01001A年中人口(不含外佣)；2026-2056为队列成分法推算[假设路径]；生育TFR 2023=751→2046=938对齐官方推算[真实数据路径形状]；净迁移总量级对齐官方推算、年龄权重偏劳动年龄[假设]
2026,15-19,劳动年龄15-64,男,149600.0,14.96,高,混合,[混合] 基准人口锚点=C&SD表110-01001A年中人口(不含外佣)；2026-2056为队列成分法推算[假设路径]；生育TFR 2023=751→2046=938对齐官方推算[真实数据路径形状]；净迁移总量级对齐官方推算、年龄权重偏劳动年龄[假设]
2026,20-24,劳动年龄15-64,男,147300.0,14.73,高,混合,[混合] 基准人口锚点=C&SD表110-01001A年中人口(不含外佣)；2026-2056为队列成分法推算[假设路径]；生育TFR 2023=751→2046=938对齐官方推算[真实数据路径形状]；净迁移总量级对齐官方推算、年龄权重偏劳动年龄[假设]
2026,25-29,劳动年龄15-64,男,183500.0,18.35,高,混合,[混合] 基准人口锚点=C&SD表110-01001A年中人口(不含外佣)；2026-2056为队列成分法推算[假设路径]；生育TFR 2023=751→2046=938对齐官方推算[真实数据路径形状]；净迁移总量级对齐官方推算、年龄权重偏劳动年龄[假设]
2026,30-34,劳动年龄15-64,男,227100.0,22.71,高,混合,[混合] 基准人口锚点=C&SD表110-01001A年中人口(不含外佣)；2026-2056为队列成分法推算[假设路径]；生育TFR 2023=751→2046=938对齐官方推算[真实数据路径形状]；净迁移总量级对齐官方推算、年龄权重偏劳动年龄[假设]
2026,35-39,劳动年龄15-64,男,238500.0,23.85,高,混合,[混合] 基准人口锚点=C&SD表110-01001A年中人口(不含外佣)；2026-2056为队列成分法推算[假设路径]；生育TFR 2023=751→2046=938对齐官方推算[真实数据路径形状]；净迁移总量级对齐官方推算、年龄权重偏劳动年龄[假设]
2026,40-44,劳动年龄15-64,男,241900.0,24.19,高,混合,[混合] 基准人口锚点=C&SD表110-01001A年中人口(不含外佣)；2026-2056为队列成分法推算[假设路径]；生育TFR 2023=751→2046=938对齐官方推算[真实数据路径形状]；净迁移总量级对齐官方推算、年龄权重偏劳动年龄[假设]
2026,45-49,劳动年龄15-64,男,234900.0,23.49,高,混合,[混合] 基准人口锚点=C&SD表110-01001A年中人口(不含外佣)；2026-2056为队列成分法推算[假设路径]；生育TFR 2023=751→2046=938对齐官方推算[真实数据路径形状]；净迁移总量级对齐官方推算、年龄权重偏劳动年龄[假设]
2026,5-9,少儿0-14,男,124500.0,12.45,高,混合,[混合] 基准人口锚点=C&SD表110-01001A年中人口(不含外佣)；2026-2056为队列成分法推算[假设路径]；生育TFR 2023=751→2046=938对齐官方推算[真实数据路径形状]；净迁移总量级对齐官方推算、年龄权重偏劳动年龄[假设]
2026,50-54,劳动年龄15-64,男,244100.0,24.41,高,混合,[混合] 基准人口锚点=C&SD表110-01001A年中人口(不含外佣)；2026-2056为队列成分法推算[假设路径]；生育TFR 2023=751→2046=938对齐官方推算[真实数据路径形状]；净迁移总量级对齐官方推算、年龄权重偏劳动年龄[假设]
2026,55-59,劳动年龄15-64,男,243400.0,24.34,高,混合,[混合] 基准人口锚点=C&SD表110-01001A年中人口(不含外佣)；2026-2056为队列成分法推算[假设路径]；生育TFR 2023=751→2046=938对齐官方推算[真实数据路径形状]；净迁移总量级对齐官方推算、年龄权重偏劳动年龄[假设]
2026,60-64,劳动年龄15-64,男,281500.0,28.15,高,混合,[混合] 基准人口锚点=C&SD表110-01001A年中人口(不含外佣)；2026-2056为队列成分法推算[假设路径]；生育TFR 2023=751→2046=938对齐官方推算[真实数据路径形状]；净迁移总量级对齐官方推算、年龄权重偏劳动年龄[假设]
2026,65-69,退休65+,男,291500.0,29.15,高,混合,[混合] 基准人口锚点=C&SD表110-01001A年中人口(不含外佣)；2026-2056为队列成分法推算[假设路径]；生育TFR 2023=751→2046=938对齐官方推算[真实数据路径形状]；净迁移总量级对齐官方推算、年龄权重偏劳动年龄[假设]
2026,70-74,退休65+,男,226600.0,22.66,高,混合,[混合] 基准人口锚点=C&SD表110-01001A年中人口(不含外佣)；2026-2056为队列成分法推算[假设路径]；生育TFR 2023=751→2046=938对齐官方推算[真实数据路径形状]；净迁移总量级对齐官方推算、年龄权重偏劳动年龄[假设]
2026,75-79,退休65+,男,164300.0,16.43,高,混合,[混合] 基准人口锚点=C&SD表110-01001A年中人口(不含外佣)；2026-2056为队列成分法推算[假设路径]；生育TFR 2023=751→2046=938对齐官方推算[真实数据路径形状]；净迁移总量级对齐官方推算、年龄权重偏劳动年龄[假设]
2026,80-84,退休65+,男,78500.0,7.85,高,混合,[混合] 基准人口锚点=C&SD表110-01001A年中人口(不含外佣)；2026-2056为队列成分法推算[假设路径]；生育TFR 2023=751→2046=938对齐官方推算[真实数据路径形状]；净迁移总量级对齐官方推算、年龄权重偏劳动年龄[假设]
2026,85+,退休65+,男,95900.0,9.59,高,混合,[混合] 基准人口锚点=C&SD表110-01001A年中人口(不含外佣)；2026-2056为队列成分法推算[假设路径]；生育TFR 2023=751→2046=938对齐官方推算[真实数据路径形状]；净迁移总量级对齐官方推算、年龄权重偏劳动年龄[假设]
2027,0-4,少儿0-14,女,79885.1,7.9885,高,混合,[混合] 基准人口锚点=C&SD表110-01001A年中人口(不含外佣)；2026-2056为队列成分法推算[假设路径]；生育TFR 2023=751→2046=938对齐官方推算[真实数据路径形状]；净迁移总量级对齐官方推算、年龄权重偏劳动年龄[假设]
2027,10-14,少儿0-14,女,134627.9,13.4628,高,混合,[混合] 基准人口锚点=C&SD表110-01001A年中人口(不含外佣)；2026-2056为队列成分法推算[假设路径]；生育TFR 2023=751→2046=938对齐官方推算[真实数据路径形状]；净迁移总量级对齐官方推算、年龄权重偏劳动年龄[假设]
2027,15-19,劳动年龄15-64,女,142070.3,14.207,高,混合,[混合] 基准人口锚点=C&SD表110-01001A年中人口(不含外佣)；2026-2056为队列成分法推算[假设路径]；生育TFR 2023=751→2046=938对齐官方推算[真实数据路径形状]；净迁移总量级对齐官方推算、年龄权重偏劳动年龄[假设]
2027,20-24,劳动年龄15-64,女,146918.5,14.6919,高,混合,[混合] 基准人口锚点=C&SD表110-01001A年中人口(不含外佣)；2026-2056为队列成分法推算[假设路径]；生育TFR 2023=751→2046=938对齐官方推算[真实数据路径形状]；净迁移总量级对齐官方推算、年龄权重偏劳动年龄[假设]
2027,25-29,劳动年龄15-64,女,170251.2,17.0251,高,混合,[混合] 基准人口锚点=C&SD表110-01001A年中人口(不含外佣)；2026-2056为队列成分法推算[假设路径]；生育TFR 2023=751→2046=938对齐官方推算[真实数据路径形状]；净迁移总量级对齐官方推算、年龄权重偏劳动年龄[假设]
2027,30-34,劳动年龄15-64,女,215125.2,21.5125,高,混合,[混合] 基准人口锚点=C&SD表110-01001A年中人口(不含外佣)；2026-2056为队列成分法推算[假设路径]；生育TFR 2023=751→2046=938对齐官方推算[真实数据路径形状]；净迁移总量级对齐官方推算、年龄权重偏劳动年龄[假设]
2027,35-39,劳动年龄15-64,女,244294.0,24.4294,高,混合,[混合] 基准人口锚点=C&SD表110-01001A年中人口(不含外佣)；2026-2056为队列成分法推算[假设路径]；生育TFR 2023=751→2046=938对齐官方推算[真实数据路径形状]；净迁移总量级对齐官方推算、年龄权重偏劳动年龄[假设]
2027,40-44,劳动年龄15-64,女,271417.7,27.1418,高,混合,[混合] 基准人口锚点=C&SD表110-01001A年中人口(不含外佣)；2026-2056为队列成分法推算[假设路径]；生育TFR 2023=751→2046=938对齐官方推算[真实数据路径形状]；净迁移总量级对齐官方推算、年龄权重偏劳动年龄[假设]
2027,45-49,劳动年龄15-64,女,287859.5,28.7859,高,混合,[混合] 基准人口锚点=C&SD表110-01001A年中人口(不含外佣)；2026-2056为队列成分法推算[假设路径]；生育TFR 2023=751→2046=938对齐官方推算[真实数据路径形状]；净迁移总量级对齐官方推算、年龄权重偏劳动年龄[假设]
2027,5-9,少儿0-14,女,108687.6,10.8688,高,混合,[混合] 基准人口锚点=C&SD表110-01001A年中人口(不含外佣)；2026-2056为队列成分法推算[假设路径]；生育TFR 2023=751→2046=938对齐官方推算[真实数据路径形状]；净迁移总量级对齐官方推算、年龄权重偏劳动年龄[假设]
2027,50-54,劳动年龄15-64,女,305670.7,30.5671,高,混合,[混合] 基准人口锚点=C&SD表110-01001A年中人口(不含外佣)；2026-2056为队列成分法推算[假设路径]；生育TFR 2023=751→2046=938对齐官方推算[真实数据路径形状]；净迁移总量级对齐官方推算、年龄权重偏劳动年龄[假设]
2027,55-59,劳动年龄15-64,女,314605.5,31.4606,高,混合,[混合] 基准人口锚点=C&SD表110-01001A年中人口(不含外佣)；2026-2056为队列成分法推算[假设路径]；生育TFR 2023=751→2046=938对齐官方推算[真实数据路径形状]；净迁移总量级对齐官方推算、年龄权重偏劳动年龄[假设]
2027,60-64,劳动年龄15-64,女,335541.3,33.5541,高,混合,[混合] 基准人口锚点=C&SD表110-01001A年中人口(不含外佣)；2026-2056为队列成分法推算[假设路径]；生育TFR 2023=751→2046=938对齐官方推算[真实数据路径形状]；净迁移总量级对齐官方推算、年龄权重偏劳动年龄[假设]
2027,65-69,退休65+,女,314745.3,31.4745,高,混合,[混合] 基准人口锚点=C&SD表110-01001A年中人口(不含外佣)；2026-2056为队列成分法推算[假设路径]；生育TFR 2023=751→2046=938对齐官方推算[真实数据路径形状]；净迁移总量级对齐官方推算、年龄权重偏劳动年龄[假设]
2027,70-74,退休65+,女,259435.6,25.9436,高,混合,[混合] 基准人口锚点=C&SD表110-01001A年中人口(不含外佣)；2026-2056为队列成分法推算[假设路径]；生育TFR 2023=751→2046=938对齐官方推算[真实数据路径形状]；净迁移总量级对齐官方推算、年龄权重偏劳动年龄[假设]
2027,75-79,退休65+,女,193608.9,19.3609,高,混合,[混合] 基准人口锚点=C&SD表110-01001A年中人口(不含外佣)；2026-2056为队列成分法推算[假设路径]；生育TFR 2023=751→2046=938对齐官方推算[真实数据路径形状]；净迁移总量级对齐官方推算、年龄权重偏劳动年龄[假设]
2027,80-84,退休65+,女,106196.6,10.6197,高,混合,[混合] 基准人口锚点=C&SD表110-01001A年中人口(不含外佣)；2026-2056为队列成分法推算[假设路径]；生育TFR 2023=751→2046=938对齐官方推算[真实数据路径形状]；净迁移总量级对齐官方推算、年龄权重偏劳动年龄[假设]
2027,85+,退休65+,女,151639.6,15.164,高,混合,[混合] 基准人口锚点=C&SD表110-01001A年中人口(不含外佣)；2026-2056为队列成分法推算[假设路径]；生育TFR 2023=751→2046=938对齐官方推算[真实数据路径形状]；净迁移总量级对齐官方推算、年龄权重偏劳动年龄[假设]
2027,0-4,少儿0-14,男,86221.6,8.6222,高,混合,[混合] 基准人口锚点=C&SD表110-01001A年中人口(不含外佣)；2026-2056为队列成分法推算[假设路径]；生育TFR 2023=751→2046=938对齐官方推算[真实数据路径形状]；净迁移总量级对齐官方推算、年龄权重偏劳动年龄[假设]
2027,10-14,少儿0-14,男,145206.8,14.5207,高,混合,[混合] 基准人口锚点=C&SD表110-01001A年中人口(不含外佣)；2026-2056为队列成分法推算[假设路径]；生育TFR 2023=751→2046=938对齐官方推算[真实数据路径形状]；净迁移总量级对齐官方推算、年龄权重偏劳动年龄[假设]
2027,15-19,劳动年龄15-64,男,152437.3,15.2437,高,混合,[混合] 基准人口锚点=C&SD表110-01001A年中人口(不含外佣)；2026-2056为队列成分法推算[假设路径]；生育TFR 2023=751→2046=938对齐官方推算[真实数据路径形状]；净迁移总量级对齐官方推算、年龄权重偏劳动年龄[假设]
2027,20-24,劳动年龄15-64,男,150603.2,15.0603,高,混合,[混合] 基准人口锚点=C&SD表110-01001A年中人口(不含外佣)；2026-2056为队列成分法推算[假设路径]；生育TFR 2023=751→2046=938对齐官方推算[真实数据路径形状]；净迁移总量级对齐官方推算、年龄权重偏劳动年龄[假设]
2027,25-29,劳动年龄15-64,男,179077.7,17.9078,高,混合,[混合] 基准人口锚点=C&SD表110-01001A年中人口(不含外佣)；2026-2056为队列成分法推算[假设路径]；生育TFR 2023=751→2046=938对齐官方推算[真实数据路径形状]；净迁移总量级对齐官方推算、年龄权重偏劳动年龄[假设]
2027,30-34,劳动年龄15-64,男,221142.9,22.1143,高,混合,[混合] 基准人口锚点=C&SD表110-01001A年中人口(不含外佣)；2026-2056为队列成分法推算[假设路径]；生育TFR 2023=751→2046=938对齐官方推算[真实数据路径形状]；净迁移总量级对齐官方推算、年龄权重偏劳动年龄[假设]
2027,35-39,劳动年龄15-64,男,238946.7,23.8947,高,混合,[混合] 基准人口锚点=C&SD表110-01001A年中人口(不含外佣)；2026-2056为队列成分法推算[假设路径]；生育TFR 2023=751→2046=938对齐官方推算[真实数据路径形状]；净迁移总量级对齐官方推算、年龄权重偏劳动年龄[假设]
2027,40-44,劳动年龄15-64,男,243844.5,24.3845,高,混合,[混合] 基准人口锚点=C&SD表110-01001A年中人口(不含外佣)；2026-2056为队列成分法推算[假设路径]；生育TFR 2023=751→2046=938对齐官方推算[真实数据路径形状]；净迁移总量级对齐官方推算、年龄权重偏劳动年龄[假设]
2027,45-49,劳动年龄15-64,男,237678.2,23.7678,高,混合,[混合] 基准人口锚点=C&SD表110-01001A年中人口(不含外佣)；2026-2056为队列成分法推算[假设路径]；生育TFR 2023=751→2046=938对齐官方推算[真实数据路径形状]；净迁移总量级对齐官方推算、年龄权重偏劳动年龄[假设]
2027,5-9,少儿0-14,男,117001.4,11.7001,高,混合,[混合] 基准人口锚点=C&SD表110-01001A年中人口(不含外佣)；2026-2056为队列成分法推算[假设路径]；生育TFR 2023=751→2046=938对齐官方推算[真实数据路径形状]；净迁移总量级对齐官方推算、年龄权重偏劳动年龄[假设]
2027,50-54,劳动年龄15-64,男,243358.1,24.3358,高,混合,[混合] 基准人口锚点=C&SD表110-01001A年中人口(不含外佣)；2026-2056为队列成分法推算[假设路径]；生育TFR 2023=751→2046=938对齐官方推算[真实数据路径形状]；净迁移总量级对齐官方推算、年龄权重偏劳动年龄[假设]
2027,55-59,劳动年龄15-64,男,244273.3,24.4273,高,混合,[混合] 基准人口锚点=C&SD表110-01001A年中人口(不含外佣)；2026-2056为队列成分法推算[假设路径]；生育TFR 2023=751→2046=938对齐官方推算[真实数据路径形状]；净迁移总量级对齐官方推算、年龄权重偏劳动年龄[假设]
2027,60-64,劳动年龄15-64,男,273930.7,27.3931,高,混合,[混合] 基准人口锚点=C&SD表110-01001A年中人口(不含外佣)；2026-2056为队列成分法推算[假设路径]；生育TFR 2023=751→2046=938对齐官方推算[真实数据路径形状]；净迁移总量级对齐官方推算、年龄权重偏劳动年龄[假设]
2027,65-69,退休65+,男,287123.6,28.7124,高,混合,[混合] 基准人口锚点=C&SD表110-01001A年中人口(不含外佣)；2026-2056为队列成分法推算[假设路径]；生育TFR 2023=751→2046=938对齐官方推算[真实数据路径形状]；净迁移总量级对齐官方推算、年龄权重偏劳动年龄[假设]
2027,70-74,退休65+,男,236413.6,23.6414,高,混合,[混合] 基准人口锚点=C&SD表110-01001A年中人口(不含外佣)；2026-2056为队列成分法推算[假设路径]；生育TFR 2023=751→2046=938对齐官方推算[真实数据路径形状]；净迁移总量级对齐官方推算、年龄权重偏劳动年龄[假设]
2027,75-79,退休65+,男,173106.6,17.3107,高,混合,[混合] 基准人口锚点=C&SD表110-01001A年中人口(不含外佣)；2026-2056为队列成分法推算[假设路径]；生育TFR 2023=751→2046=938对齐官方推算[真实数据路径形状]；净迁移总量级对齐官方推算、年龄权重偏劳动年龄[假设]
2027,80-84,退休65+,男,92168.9,9.2169,高,混合,[混合] 基准人口锚点=C&SD表110-01001A年中人口(不含外佣)；2026-2056为队列成分法推算[假设路径]；生育TFR 2023=751→2046=938对齐官方推算[真实数据路径形状]；净迁移总量级对齐官方推算、年龄权重偏劳动年龄[假设]
2027,85+,退休65+,男,102152.0,10.2152,高,混合,[混合] 基准人口锚点=C&SD表110-01001A年中人口(不含外佣)；2026-2056为队列成分法推算[假设路径]；生育TFR 2023=751→2046=938对齐官方推算[真实数据路径形状]；净迁移总量级对齐官方推算、年龄权重偏劳动年龄[假设]
2028,0-4,少儿0-14,女,82728.7,8.2729,高,混合,[混合] 基准人口锚点=C&SD表110-01001A年中人口(不含外佣)；2026-2056为队列成分法推算[假设路径]；生育TFR 2023=751→2046=938对齐官方推算[真实数据路径形状]；净迁移总量级对齐官方推算、年龄权重偏劳动年龄[假设]
2028,10-14,少儿0-14,女,130894.2,13.0894,高,混合,[混合] 基准人口锚点=C&SD表110-01001A年中人口(不含外佣)；2026-2056为队列成分法推算[假设路径]；生育TFR 2023=751→2046=938对齐官方推算[真实数据路径形状]；净迁移总量级对齐官方推算、年龄权重偏劳动年龄[假设]
2028,15-19,劳动年龄15-64,女,144721.7,14.4722,高,混合,[混合] 基准人口锚点=C&SD表110-01001A年中人口(不含外佣)；2026-2056为队列成分法推算[假设路径]；生育TFR 2023=751→2046=938对齐官方推算[真实数据路径形状]；净迁移总量级对齐官方推算、年龄权重偏劳动年龄[假设]
2028,20-24,劳动年龄15-64,女,148989.7,14.899,高,混合,[混合] 基准人口锚点=C&SD表110-01001A年中人口(不含外佣)；2026-2056为队列成分法推算[假设路径]；生育TFR 2023=751→2046=938对齐官方推算[真实数据路径形状]；净迁移总量级对齐官方推算、年龄权重偏劳动年龄[假设]
2028,25-29,劳动年龄15-64,女,167954.1,16.7954,高,混合,[混合] 基准人口锚点=C&SD表110-01001A年中人口(不含外佣)；2026-2056为队列成分法推算[假设路径]；生育TFR 2023=751→2046=938对齐官方推算[真实数据路径形状]；净迁移总量级对齐官方推算、年龄权重偏劳动年龄[假设]
2028,30-34,劳动年龄15-64,女,208509.0,20.8509,高,混合,[混合] 基准人口锚点=C&SD表110-01001A年中人口(不含外佣)；2026-2056为队列成分法推算[假设路径]；生育TFR 2023=751→2046=938对齐官方推算[真实数据路径形状]；净迁移总量级对齐官方推算、年龄权重偏劳动年龄[假设]
2028,35-39,劳动年龄15-64,女,242645.9,24.2646,高,混合,[混合] 基准人口锚点=C&SD表110-01001A年中人口(不含外佣)；2026-2056为队列成分法推算[假设路径]；生育TFR 2023=751→2046=938对齐官方推算[真实数据路径形状]；净迁移总量级对齐官方推算、年龄权重偏劳动年龄[假设]
2028,40-44,劳动年龄15-64,女,268995.6,26.8996,高,混合,[混合] 基准人口锚点=C&SD表110-01001A年中人口(不含外佣)；2026-2056为队列成分法推算[假设路径]；生育TFR 2023=751→2046=938对齐官方推算[真实数据路径形状]；净迁移总量级对齐官方推算、年龄权重偏劳动年龄[假设]
2028,45-49,劳动年龄15-64,女,286881.0,28.6881,高,混合,[混合] 基准人口锚点=C&SD表110-01001A年中人口(不含外佣)；2026-2056为队列成分法推算[假设路径]；生育TFR 2023=751→2046=938对齐官方推算[真实数据路径形状]；净迁移总量级对齐官方推算、年龄权重偏劳动年龄[假设]
2028,5-9,少儿0-14,女,101711.3,10.1711,高,混合,[混合] 基准人口锚点=C&SD表110-01001A年中人口(不含外佣)；2026-2056为队列成分法推算[假设路径]；生育TFR 2023=751→2046=938对齐官方推算[真实数据路径形状]；净迁移总量级对齐官方推算、年龄权重偏劳动年龄[假设]
2028,50-54,劳动年龄15-64,女,303583.3,30.3583,高,混合,[混合] 基准人口锚点=C&SD表110-01001A年中人口(不含外佣)；2026-2056为队列成分法推算[假设路径]；生育TFR 2023=751→2046=938对齐官方推算[真实数据路径形状]；净迁移总量级对齐官方推算、年龄权重偏劳动年龄[假设]
2028,55-59,劳动年龄15-64,女,314664.1,31.4664,高,混合,[混合] 基准人口锚点=C&SD表110-01001A年中人口(不含外佣)；2026-2056为队列成分法推算[假设路径]；生育TFR 2023=751→2046=938对齐官方推算[真实数据路径形状]；净迁移总量级对齐官方推算、年龄权重偏劳动年龄[假设]
2028,60-64,劳动年龄15-64,女,331593.0,33.1593,高,混合,[混合] 基准人口锚点=C&SD表110-01001A年中人口(不含外佣)；2026-2056为队列成分法推算[假设路径]；生育TFR 2023=751→2046=938对齐官方推算[真实数据路径形状]；净迁移总量级对齐官方推算、年龄权重偏劳动年龄[假设]
2028,65-69,退休65+,女,320240.5,32.0241,高,混合,[混合] 基准人口锚点=C&SD表110-01001A年中人口(不含外佣)；2026-2056为队列成分法推算[假设路径]；生育TFR 2023=751→2046=938对齐官方推算[真实数据路径形状]；净迁移总量级对齐官方推算、年龄权重偏劳动年龄[假设]
2028,70-74,退休65+,女,270330.1,27.033,高,混合,[混合] 基准人口锚点=C&SD表110-01001A年中人口(不含外佣)；2026-2056为队列成分法推算[假设路径]；生育TFR 2023=751→2046=938对齐官方推算[真实数据路径形状]；净迁移总量级对齐官方推算、年龄权重偏劳动年龄[假设]
2028,75-79,退休65+,女,205087.4,20.5087,高,混合,[混合] 基准人口锚点=C&SD表110-01001A年中人口(不含外佣)；2026-2056为队列成分法推算[假设路径]；生育TFR 2023=751→2046=938对齐官方推算[真实数据路径形状]；净迁移总量级对齐官方推算、年龄权重偏劳动年龄[假设]
2028,80-84,退休65+,女,122288.5,12.2288,高,混合,[混合] 基准人口锚点=C&SD表110-01001A年中人口(不含外佣)；2026-2056为队列成分法推算[假设路径]；生育TFR 2023=751→2046=938对齐官方推算[真实数据路径形状]；净迁移总量级对齐官方推算、年龄权重偏劳动年龄[假设]
2028,85+,退休65+,女,157194.4,15.7194,高,混合,[混合] 基准人口锚点=C&SD表110-01001A年中人口(不含外佣)；2026-2056为队列成分法推算[假设路径]；生育TFR 2023=751→2046=938对齐官方推算[真实数据路径形状]；净迁移总量级对齐官方推算、年龄权重偏劳动年龄[假设]
2028,0-4,少儿0-14,男,88708.0,8.8708,高,混合,[混合] 基准人口锚点=C&SD表110-01001A年中人口(不含外佣)；2026-2056为队列成分法推算[假设路径]；生育TFR 2023=751→2046=938对齐官方推算[真实数据路径形状]；净迁移总量级对齐官方推算、年龄权重偏劳动年龄[假设]
2028,10-14,少儿0-14,男,140949.2,14.0949,高,混合,[混合] 基准人口锚点=C&SD表110-01001A年中人口(不含外佣)；2026-2056为队列成分法推算[假设路径]；生育TFR 2023=751→2046=938对齐官方推算[真实数据路径形状]；净迁移总量级对齐官方推算、年龄权重偏劳动年龄[假设]
2028,15-19,劳动年龄15-64,男,154983.0,15.4983,高,混合,[混合] 基准人口锚点=C&SD表110-01001A年中人口(不含外佣)；2026-2056为队列成分法推算[假设路径]；生育TFR 2023=751→2046=938对齐官方推算[真实数据路径形状]；净迁移总量级对齐官方推算、年龄权重偏劳动年龄[假设]
2028,20-24,劳动年龄15-64,男,154047.0,15.4047,高,混合,[混合] 基准人口锚点=C&SD表110-01001A年中人口(不含外佣)；2026-2056为队列成分法推算[假设路径]；生育TFR 2023=751→2046=938对齐官方推算[真实数据路径形状]；净迁移总量级对齐官方推算、年龄权重偏劳动年龄[假设]
2028,25-29,劳动年龄15-64,男,174801.8,17.4802,高,混合,[混合] 基准人口锚点=C&SD表110-01001A年中人口(不含外佣)；2026-2056为队列成分法推算[假设路径]；生育TFR 2023=751→2046=938对齐官方推算[真实数据路径形状]；净迁移总量级对齐官方推算、年龄权重偏劳动年龄[假设]
2028,30-34,劳动年龄15-64,男,215341.3,21.5341,高,混合,[混合] 基准人口锚点=C&SD表110-01001A年中人口(不含外佣)；2026-2056为队列成分法推算[假设路径]；生育TFR 2023=751→2046=938对齐官方推算[真实数据路径形状]；净迁移总量级对齐官方推算、年龄权重偏劳动年龄[假设]
2028,35-39,劳动年龄15-64,男,239539.3,23.9539,高,混合,[混合] 基准人口锚点=C&SD表110-01001A年中人口(不含外佣)；2026-2056为队列成分法推算[假设路径]；生育TFR 2023=751→2046=938对齐官方推算[真实数据路径形状]；净迁移总量级对齐官方推算、年龄权重偏劳动年龄[假设]
2028,40-44,劳动年龄15-64,男,245952.5,24.5953,高,混合,[混合] 基准人口锚点=C&SD表110-01001A年中人口(不含外佣)；2026-2056为队列成分法推算[假设路径]；生育TFR 2023=751→2046=938对齐官方推算[真实数据路径形状]；净迁移总量级对齐官方推算、年龄权重偏劳动年龄[假设]
2028,45-49,劳动年龄15-64,男,240793.8,24.0794,高,混合,[混合] 基准人口锚点=C&SD表110-01001A年中人口(不含外佣)；2026-2056为队列成分法推算[假设路径]；生育TFR 2023=751→2046=938对齐官方推算[真实数据路径形状]；净迁移总量级对齐官方推算、年龄权重偏劳动年龄[假设]
2028,5-9,少儿0-14,男,109530.9,10.9531,高,混合,[混合] 基准人口锚点=C&SD表110-01001A年中人口(不含外佣)；2026-2056为队列成分法推算[假设路径]；生育TFR 2023=751→2046=938对齐官方推算[真实数据路径形状]；净迁移总量级对齐官方推算、年龄权重偏劳动年龄[假设]
2028,50-54,劳动年龄15-64,男,242773.4,24.2773,高,混合,[混合] 基准人口锚点=C&SD表110-01001A年中人口(不含外佣)；2026-2056为队列成分法推算[假设路径]；生育TFR 2023=751→2046=938对齐官方推算[真实数据路径形状]；净迁移总量级对齐官方推算、年龄权重偏劳动年龄[假设]
2028,55-59,劳动年龄15-64,男,245315.6,24.5316,高,混合,[混合] 基准人口锚点=C&SD表110-01001A年中人口(不含外佣)；2026-2056为队列成分法推算[假设路径]；生育TFR 2023=751→2046=938对齐官方推算[真实数据路径形状]；净迁移总量级对齐官方推算、年龄权重偏劳动年龄[假设]
2028,60-64,劳动年龄15-64,男,266667.1,26.6667,高,混合,[混合] 基准人口锚点=C&SD表110-01001A年中人口(不含外佣)；2026-2056为队列成分法推算[假设路径]；生育TFR 2023=751→2046=938对齐官方推算[真实数据路径形状]；净迁移总量级对齐官方推算、年龄权重偏劳动年龄[假设]
2028,65-69,退休65+,男,283350.1,28.335,高,混合,[混合] 基准人口锚点=C&SD表110-01001A年中人口(不含外佣)；2026-2056为队列成分法推算[假设路径]；生育TFR 2023=751→2046=938对齐官方推算[真实数据路径形状]；净迁移总量级对齐官方推算、年龄权重偏劳动年龄[假设]
2028,70-74,退休65+,男,246254.7,24.6255,高,混合,[混合] 基准人口锚点=C&SD表110-01001A年中人口(不含外佣)；2026-2056为队列成分法推算[假设路径]；生育TFR 2023=751→2046=938对齐官方推算[真实数据路径形状]；净迁移总量级对齐官方推算、年龄权重偏劳动年龄[假设]
2028,75-79,退休65+,男,181834.3,18.1834,高,混合,[混合] 基准人口锚点=C&SD表110-01001A年中人口(不含外佣)；2026-2056为队列成分法推算[假设路径]；生育TFR 2023=751→2046=938对齐官方推算[真实数据路径形状]；净迁移总量级对齐官方推算、年龄权重偏劳动年龄[假设]
2028,80-84,退休65+,男,105123.9,10.5124,高,混合,[混合] 基准人口锚点=C&SD表110-01001A年中人口(不含外佣)；2026-2056为队列成分法推算[假设路径]；生育TFR 2023=751→2046=938对齐官方推算[真实数据路径形状]；净迁移总量级对齐官方推算、年龄权重偏劳动年龄[假设]
2028,85+,退休65+,男,107235.2,10.7235,高,混合,[混合] 基准人口锚点=C&SD表110-01001A年中人口(不含外佣)；2026-2056为队列成分法推算[假设路径]；生育TFR 2023=751→2046=938对齐官方推算[真实数据路径形状]；净迁移总量级对齐官方推算、年龄权重偏劳动年龄[假设]
2029,0-4,少儿0-14,女,85330.3,8.533,高,混合,[混合] 基准人口锚点=C&SD表110-01001A年中人口(不含外佣)；2026-2056为队列成分法推算[假设路径]；生育TFR 2023=751→2046=938对齐官方推算[真实数据路径形状]；净迁移总量级对齐官方推算、年龄权重偏劳动年龄[假设]
2029,10-14,少儿0-14,女,127198.9,12.7199,高,混合,[混合] 基准人口锚点=C&SD表110-01001A年中人口(不含外佣)；2026-2056为队列成分法推算[假设路径]；生育TFR 2023=751→2046=938对齐官方推算[真实数据路径形状]；净迁移总量级对齐官方推算、年龄权重偏劳动年龄[假设]
2029,15-19,劳动年龄15-64,女,147031.7,14.7032,高,混合,[混合] 基准人口锚点=C&SD表110-01001A年中人口(不含外佣)；2026-2056为队列成分法推算[假设路径]；生育TFR 2023=751→2046=938对齐官方推算[真实数据路径形状]；净迁移总量级对齐官方推算、年龄权重偏劳动年龄[假设]
2029,20-24,劳动年龄15-64,女,151213.5,15.1213,高,混合,[混合] 基准人口锚点=C&SD表110-01001A年中人口(不含外佣)；2026-2056为队列成分法推算[假设路径]；生育TFR 2023=751→2046=938对齐官方推算[真实数据路径形状]；净迁移总量级对齐官方推算、年龄权重偏劳动年龄[假设]
2029,25-29,劳动年龄15-64,女,165808.7,16.5809,高,混合,[混合] 基准人口锚点=C&SD表110-01001A年中人口(不含外佣)；2026-2056为队列成分法推算[假设路径]；生育TFR 2023=751→2046=938对齐官方推算[真实数据路径形状]；净迁移总量级对齐官方推算、年龄权重偏劳动年龄[假设]
2029,30-34,劳动年龄15-64,女,202051.5,20.2051,高,混合,[混合] 基准人口锚点=C&SD表110-01001A年中人口(不含外佣)；2026-2056为队列成分法推算[假设路径]；生育TFR 2023=751→2046=938对齐官方推算[真实数据路径形状]；净迁移总量级对齐官方推算、年龄权重偏劳动年龄[假设]
2029,35-39,劳动年龄15-64,女,241155.5,24.1155,高,混合,[混合] 基准人口锚点=C&SD表110-01001A年中人口(不含外佣)；2026-2056为队列成分法推算[假设路径]；生育TFR 2023=751→2046=938对齐官方推算[真实数据路径形状]；净迁移总量级对齐官方推算、年龄权重偏劳动年龄[假设]
2029,40-44,劳动年龄15-64,女,266733.4,26.6733,高,混合,[混合] 基准人口锚点=C&SD表110-01001A年中人口(不含外佣)；2026-2056为队列成分法推算[假设路径]；生育TFR 2023=751→2046=938对齐官方推算[真实数据路径形状]；净迁移总量级对齐官方推算、年龄权重偏劳动年龄[假设]
2029,45-49,劳动年龄15-64,女,286274.9,28.6275,高,混合,[混合] 基准人口锚点=C&SD表110-01001A年中人口(不含外佣)；2026-2056为队列成分法推算[假设路径]；生育TFR 2023=751→2046=938对齐官方推算[真实数据路径形状]；净迁移总量级对齐官方推算、年龄权重偏劳动年龄[假设]
2029,5-9,少儿0-14,女,94771.2,9.4771,高,混合,[混合] 基准人口锚点=C&SD表110-01001A年中人口(不含外佣)；2026-2056为队列成分法推算[假设路径]；生育TFR 2023=751→2046=938对齐官方推算[真实数据路径形状]；净迁移总量级对齐官方推算、年龄权重偏劳动年龄[假设]
2029,50-54,劳动年龄15-64,女,301637.2,30.1637,高,混合,[混合] 基准人口锚点=C&SD表110-01001A年中人口(不含外佣)；2026-2056为队列成分法推算[假设路径]；生育TFR 2023=751→2046=938对齐官方推算[真实数据路径形状]；净迁移总量级对齐官方推算、年龄权重偏劳动年龄[假设]
2029,55-59,劳动年龄15-64,女,314874.9,31.4875,高,混合,[混合] 基准人口锚点=C&SD表110-01001A年中人口(不含外佣)；2026-2056为队列成分法推算[假设路径]；生育TFR 2023=751→2046=938对齐官方推算[真实数据路径形状]；净迁移总量级对齐官方推算、年龄权重偏劳动年龄[假设]
2029,60-64,劳动年龄15-64,女,327853.9,32.7854,高,混合,[混合] 基准人口锚点=C&SD表110-01001A年中人口(不含外佣)；2026-2056为队列成分法推算[假设路径]；生育TFR 2023=751→2046=938对齐官方推算[真实数据路径形状]；净迁移总量级对齐官方推算、年龄权重偏劳动年龄[假设]
2029,65-69,退休65+,女,326095.5,32.6095,高,混合,[混合] 基准人口锚点=C&SD表110-01001A年中人口(不含外佣)；2026-2056为队列成分法推算[假设路径]；生育TFR 2023=751→2046=938对齐官方推算[真实数据路径形状]；净迁移总量级对齐官方推算、年龄权重偏劳动年龄[假设]
2029,70-74,退休65+,女,281282.1,28.1282,高,混合,[混合] 基准人口锚点=C&SD表110-01001A年中人口(不含外佣)；2026-2056为队列成分法推算[假设路径]；生育TFR 2023=751→2046=938对齐官方推算[真实数据路径形状]；净迁移总量级对齐官方推算、年龄权重偏劳动年龄[假设]
2029,75-79,退休65+,女,216535.0,21.6535,高,混合,[混合] 基准人口锚点=C&SD表110-01001A年中人口(不含外佣)；2026-2056为队列成分法推算[假设路径]；生育TFR 2023=751→2046=938对齐官方推算[真实数据路径形状]；净迁移总量级对齐官方推算、年龄权重偏劳动年龄[假设]
2029,80-84,退休65+,女,137987.8,13.7988,高,混合,[混合] 基准人口锚点=C&SD表110-01001A年中人口(不含外佣)；2026-2056为队列成分法推算[假设路径]；生育TFR 2023=751→2046=938对齐官方推算[真实数据路径形状]；净迁移总量级对齐官方推算、年龄权重偏劳动年龄[假设]
2029,85+,退休65+,女,162053.3,16.2053,高,混合,[混合] 基准人口锚点=C&SD表110-01001A年中人口(不含外佣)；2026-2056为队列成分法推算[假设路径]；生育TFR 2023=751→2046=938对齐官方推算[真实数据路径形状]；净迁移总量级对齐官方推算、年龄权重偏劳动年龄[假设]
2029,0-4,少儿0-14,男,90959.7,9.096,高,混合,[混合] 基准人口锚点=C&SD表110-01001A年中人口(不含外佣)；2026-2056为队列成分法推算[假设路径]；生育TFR 2023=751→2046=938对齐官方推算[真实数据路径形状]；净迁移总量级对齐官方推算、年龄权重偏劳动年龄[假设]
2029,10-14,少儿0-14,男,136727.2,13.6727,高,混合,[混合] 基准人口锚点=C&SD表110-01001A年中人口(不含外佣)；2026-2056为队列成分法推算[假设路径]；生育TFR 2023=751→2046=938对齐官方推算[真实数据路径形状]；净迁移总量级对齐官方推算、年龄权重偏劳动年龄[假设]
2029,15-19,劳动年龄15-64,男,157216.7,15.7217,高,混合,[混合] 基准人口锚点=C&SD表110-01001A年中人口(不含外佣)；2026-2056为队列成分法推算[假设路径]；生育TFR 2023=751→2046=938对齐官方推算[真实数据路径形状]；净迁移总量级对齐官方推算、年龄权重偏劳动年龄[假设]
2029,20-24,劳动年龄15-64,男,157631.5,15.7631,高,混合,[混合] 基准人口锚点=C&SD表110-01001A年中人口(不含外佣)；2026-2056为队列成分法推算[假设路径]；生育TFR 2023=751→2046=938对齐官方推算[真实数据路径形状]；净迁移总量级对齐官方推算、年龄权重偏劳动年龄[假设]
2029,25-29,劳动年龄15-64,男,170672.3,17.0672,高,混合,[混合] 基准人口锚点=C&SD表110-01001A年中人口(不含外佣)；2026-2056为队列成分法推算[假设路径]；生育TFR 2023=751→2046=938对齐官方推算[真实数据路径形状]；净迁移总量级对齐官方推算、年龄权重偏劳动年龄[假设]
2029,30-34,劳动年龄15-64,男,209695.1,20.9695,高,混合,[混合] 基准人口锚点=C&SD表110-01001A年中人口(不含外佣)；2026-2056为队列成分法推算[假设路径]；生育TFR 2023=751→2046=938对齐官方推算[真实数据路径形状]；净迁移总量级对齐官方推算、年龄权重偏劳动年龄[假设]
2029,35-39,劳动年龄15-64,男,240277.7,24.0278,高,混合,[混合] 基准人口锚点=C&SD表110-01001A年中人口(不含外佣)；2026-2056为队列成分法推算[假设路径]；生育TFR 2023=751→2046=938对齐官方推算[真实数据路径形状]；净迁移总量级对齐官方推算、年龄权重偏劳动年龄[假设]
2029,40-44,劳动年龄15-64,男,248223.8,24.8224,高,混合,[混合] 基准人口锚点=C&SD表110-01001A年中人口(不含外佣)；2026-2056为队列成分法推算[假设路径]；生育TFR 2023=751→2046=938对齐官方推算[真实数据路径形状]；净迁移总量级对齐官方推算、年龄权重偏劳动年龄[假设]
2029,45-49,劳动年龄15-64,男,244256.1,24.4256,高,混合,[混合] 基准人口锚点=C&SD表110-01001A年中人口(不含外佣)；2026-2056为队列成分法推算[假设路径]；生育TFR 2023=751→2046=938对齐官方推算[真实数据路径形状]；净迁移总量级对齐官方推算、年龄权重偏劳动年龄[假设]
2029,5-9,少儿0-14,男,102088.5,10.2088,高,混合,[混合] 基准人口锚点=C&SD表110-01001A年中人口(不含外佣)；2026-2056为队列成分法推算[假设路径]；生育TFR 2023=751→2046=938对齐官方推算[真实数据路径形状]；净迁移总量级对齐官方推算、年龄权重偏劳动年龄[假设]
2029,50-54,劳动年龄15-64,男,242345.1,24.2345,高,混合,[混合] 基准人口锚点=C&SD表110-01001A年中人口(不含外佣)；2026-2056为队列成分法推算[假设路径]；生育TFR 2023=751→2046=938对齐官方推算[真实数据路径形状]；净迁移总量级对齐官方推算、年龄权重偏劳动年龄[假设]
2029,55-59,劳动年龄15-64,男,246525.3,24.6525,高,混合,[混合] 基准人口锚点=C&SD表110-01001A年中人口(不含外佣)；2026-2056为队列成分法推算[假设路径]；生育TFR 2023=751→2046=938对齐官方推算[真实数据路径形状]；净迁移总量级对齐官方推算、年龄权重偏劳动年龄[假设]
2029,60-64,劳动年龄15-64,男,259703.7,25.9704,高,混合,[混合] 基准人口锚点=C&SD表110-01001A年中人口(不含外佣)；2026-2056为队列成分法推算[假设路径]；生育TFR 2023=751→2046=938对齐官方推算[真实数据路径形状]；净迁移总量级对齐官方推算、年龄权重偏劳动年龄[假设]
2029,65-69,退休65+,男,280175.8,28.0176,高,混合,[混合] 基准人口锚点=C&SD表110-01001A年中人口(不含外佣)；2026-2056为队列成分法推算[假设路径]；生育TFR 2023=751→2046=938对齐官方推算[真实数据路径形状]；净迁移总量级对齐官方推算、年龄权重偏劳动年龄[假设]
2029,70-74,退休65+,男,256119.4,25.6119,高,混合,[混合] 基准人口锚点=C&SD表110-01001A年中人口(不含外佣)；2026-2056为队列成分法推算[假设路径]；生育TFR 2023=751→2046=938对齐官方推算[真实数据路径形状]；净迁移总量级对齐官方推算、年龄权重偏劳动年龄[假设]
2029,75-79,退休65+,男,190480.8,19.0481,高,混合,[混合] 基准人口锚点=C&SD表110-01001A年中人口(不含外佣)；2026-2056为队列成分法推算[假设路径]；生育TFR 2023=751→2046=938对齐官方推算[真实数据路径形状]；净迁移总量级对齐官方推算、年龄权重偏劳动年龄[假设]
2029,80-84,退休65+,男,117398.3,11.7398,高,混合,[混合] 基准人口锚点=C&SD表110-01001A年中人口(不含外佣)；2026-2056为队列成分法推算[假设路径]；生育TFR 2023=751→2046=938对齐官方推算[真实数据路径形状]；净迁移总量级对齐官方推算、年龄权重偏劳动年龄[假设]
2029,85+,退休65+,男,111307.8,11.1308,高,混合,[混合] 基准人口锚点=C&SD表110-01001A年中人口(不含外佣)；2026-2056为队列成分法推算[假设路径]；生育TFR 2023=751→2046=938对齐官方推算[真实数据路径形状]；净迁移总量级对齐官方推算、年龄权重偏劳动年龄[假设]
2030,0-4,少儿0-14,女,87689.7,8.769,高,混合,[混合] 基准人口锚点=C&SD表110-01001A年中人口(不含外佣)；2026-2056为队列成分法推算[假设路径]；生育TFR 2023=751→2046=938对齐官方推算[真实数据路径形状]；净迁移总量级对齐官方推算、年龄权重偏劳动年龄[假设]
2030,10-14,少儿0-14,女,123541.9,12.3542,高,混合,[混合] 基准人口锚点=C&SD表110-01001A年中人口(不含外佣)；2026-2056为队列成分法推算[假设路径]；生育TFR 2023=751→2046=938对齐官方推算[真实数据路径形状]；净迁移总量级对齐官方推算、年龄权重偏劳动年龄[假设]
2030,15-19,劳动年龄15-64,女,148978.2,14.8978,高,混合,[混合] 基准人口锚点=C&SD表110-01001A年中人口(不含外佣)；2026-2056为队列成分法推算[假设路径]；生育TFR 2023=751→2046=938对齐官方推算[真实数据路径形状]；净迁移总量级对齐官方推算、年龄权重偏劳动年龄[假设]
2030,20-24,劳动年龄15-64,女,153590.0,15.359,高,混合,[混合] 基准人口锚点=C&SD表110-01001A年中人口(不含外佣)；2026-2056为队列成分法推算[假设路径]；生育TFR 2023=751→2046=938对齐官方推算[真实数据路径形状]；净迁移总量级对齐官方推算、年龄权重偏劳动年龄[假设]
2030,25-29,劳动年龄15-64,女,163814.8,16.3815,高,混合,[混合] 基准人口锚点=C&SD表110-01001A年中人口(不含外佣)；2026-2056为队列成分法推算[假设路径]；生育TFR 2023=751→2046=938对齐官方推算[真实数据路径形状]；净迁移总量级对齐官方推算、年龄权重偏劳动年龄[假设]
2030,30-34,劳动年龄15-64,女,195752.5,19.5753,高,混合,[混合] 基准人口锚点=C&SD表110-01001A年中人口(不含外佣)；2026-2056为队列成分法推算[假设路径]；生育TFR 2023=751→2046=938对齐官方推算[真实数据路径形状]；净迁移总量级对齐官方推算、年龄权重偏劳动年龄[假设]
2030,35-39,劳动年龄15-64,女,239822.7,23.9823,高,混合,[混合] 基准人口锚点=C&SD表110-01001A年中人口(不含外佣)；2026-2056为队列成分法推算[假设路径]；生育TFR 2023=751→2046=938对齐官方推算[真实数据路径形状]；净迁移总量级对齐官方推算、年龄权重偏劳动年龄[假设]
2030,40-44,劳动年龄15-64,女,264631.1,26.4631,高,混合,[混合] 基准人口锚点=C&SD表110-01001A年中人口(不含外佣)；2026-2056为队列成分法推算[假设路径]；生育TFR 2023=751→2046=938对齐官方推算[真实数据路径形状]；净迁移总量级对齐官方推算、年龄权重偏劳动年龄[假设]
2030,45-49,劳动年龄15-64,女,286051.9,28.6052,高,混合,[混合] 基准人口锚点=C&SD表110-01001A年中人口(不含外佣)；2026-2056为队列成分法推算[假设路径]；生育TFR 2023=751→2046=938对齐官方推算[真实数据路径形状]；净迁移总量级对齐官方推算、年龄权重偏劳动年龄[假设]
2030,5-9,少儿0-14,女,87867.4,8.7867,高,混合,[混合] 基准人口锚点=C&SD表110-01001A年中人口(不含外佣)；2026-2056为队列成分法推算[假设路径]；生育TFR 2023=751→2046=938对齐官方推算[真实数据路径形状]；净迁移总量级对齐官方推算、年龄权重偏劳动年龄[假设]
2030,50-54,劳动年龄15-64,女,299831.7,29.9832,高,混合,[混合] 基准人口锚点=C&SD表110-01001A年中人口(不含外佣)；2026-2056为队列成分法推算[假设路径]；生育TFR 2023=751→2046=938对齐官方推算[真实数据路径形状]；净迁移总量级对齐官方推算、年龄权重偏劳动年龄[假设]
2030,55-59,劳动年龄15-64,女,315236.9,31.5237,高,混合,[混合] 基准人口锚点=C&SD表110-01001A年中人口(不含外佣)；2026-2056为队列成分法推算[假设路径]；生育TFR 2023=751→2046=938对齐官方推算[真实数据路径形状]；净迁移总量级对齐官方推算、年龄权重偏劳动年龄[假设]
2030,60-64,劳动年龄15-64,女,324323.0,32.4323,高,混合,[混合] 基准人口锚点=C&SD表110-01001A年中人口(不含外佣)；2026-2056为队列成分法推算[假设路径]；生育TFR 2023=751→2046=938对齐官方推算[真实数据路径形状]；净迁移总量级对齐官方推算、年龄权重偏劳动年龄[假设]
2030,65-69,退休65+,女,332320.0,33.232,高,混合,[混合] 基准人口锚点=C&SD表110-01001A年中人口(不含外佣)；2026-2056为队列成分法推算[假设路径]；生育TFR 2023=751→2046=938对齐官方推算[真实数据路径形状]；净迁移总量级对齐官方推算、年龄权重偏劳动年龄[假设]
2030,70-74,退休65+,女,292290.0,29.229,高,混合,[混合] 基准人口锚点=C&SD表110-01001A年中人口(不含外佣)；2026-2056为队列成分法推算[假设路径]；生育TFR 2023=751→2046=938对齐官方推算[真实数据路径形状]；净迁移总量级对齐官方推算、年龄权重偏劳动年龄[假设]
2030,75-79,退休65+,女,227951.5,22.7951,高,混合,[混合] 基准人口锚点=C&SD表110-01001A年中人口(不含外佣)；2026-2056为队列成分法推算[假设路径]；生育TFR 2023=751→2046=938对齐官方推算[真实数据路径形状]；净迁移总量级对齐官方推算、年龄权重偏劳动年龄[假设]
2030,80-84,退休65+,女,153306.9,15.3307,高,混合,[混合] 基准人口锚点=C&SD表110-01001A年中人口(不含外佣)；2026-2056为队列成分法推算[假设路径]；生育TFR 2023=751→2046=938对齐官方推算[真实数据路径形状]；净迁移总量级对齐官方推算、年龄权重偏劳动年龄[假设]
2030,85+,退休65+,女,166296.1,16.6296,高,混合,[混合] 基准人口锚点=C&SD表110-01001A年中人口(不含外佣)；2026-2056为队列成分法推算[假设路径]；生育TFR 2023=751→2046=938对齐官方推算[真实数据路径形状]；净迁移总量级对齐官方推算、年龄权重偏劳动年龄[假设]
2030,0-4,少儿0-14,男,92977.8,9.2978,高,混合,[混合] 基准人口锚点=C&SD表110-01001A年中人口(不含外佣)；2026-2056为队列成分法推算[假设路径]；生育TFR 2023=751→2046=938对齐官方推算[真实数据路径形状]；净迁移总量级对齐官方推算、年龄权重偏劳动年龄[假设]
2030,10-14,少儿0-14,男,132540.9,13.2541,高,混合,[混合] 基准人口锚点=C&SD表110-01001A年中人口(不含外佣)；2026-2056为队列成分法推算[假设路径]；生育TFR 2023=751→2046=938对齐官方推算[真实数据路径形状]；净迁移总量级对齐官方推算、年龄权重偏劳动年龄[假设]
2030,15-19,劳动年龄15-64,男,159117.6,15.9118,高,混合,[混合] 基准人口锚点=C&SD表110-01001A年中人口(不含外佣)；2026-2056为队列成分法推算[假设路径]；生育TFR 2023=751→2046=938对齐官方推算[真实数据路径形状]；净迁移总量级对齐官方推算、年龄权重偏劳动年龄[假设]
2030,20-24,劳动年龄15-64,男,161356.5,16.1356,高,混合,[混合] 基准人口锚点=C&SD表110-01001A年中人口(不含外佣)；2026-2056为队列成分法推算[假设路径]；生育TFR 2023=751→2046=938对齐官方推算[真实数据路径形状]；净迁移总量级对齐官方推算、年龄权重偏劳动年龄[假设]
2030,25-29,劳动年龄15-64,男,166689.0,16.6689,高,混合,[混合] 基准人口锚点=C&SD表110-01001A年中人口(不含外佣)；2026-2056为队列成分法推算[假设路径]；生育TFR 2023=751→2046=938对齐官方推算[真实数据路径形状]；净迁移总量级对齐官方推算、年龄权重偏劳动年龄[假设]
2030,30-34,劳动年龄15-64,男,204203.8,20.4204,高,混合,[混合] 基准人口锚点=C&SD表110-01001A年中人口(不含外佣)；2026-2056为队列成分法推算[假设路径]；生育TFR 2023=751→2046=938对齐官方推算[真实数据路径形状]；净迁移总量级对齐官方推算、年龄权重偏劳动年龄[假设]
2030,35-39,劳动年龄15-64,男,241161.7,24.1162,高,混合,[混合] 基准人口锚点=C&SD表110-01001A年中人口(不含外佣)；2026-2056为队列成分法推算[假设路径]；生育TFR 2023=751→2046=938对齐官方推算[真实数据路径形状]；净迁移总量级对齐官方推算、年龄权重偏劳动年龄[假设]
2030,40-44,劳动年龄15-64,男,250658.1,25.0658,高,混合,[混合] 基准人口锚点=C&SD表110-01001A年中人口(不含外佣)；2026-2056为队列成分法推算[假设路径]；生育TFR 2023=751→2046=938对齐官方推算[真实数据路径形状]；净迁移总量级对齐官方推算、年龄权重偏劳动年龄[假设]
2030,45-49,劳动年龄15-64,男,248074.3,24.8074,高,混合,[混合] 基准人口锚点=C&SD表110-01001A年中人口(不含外佣)；2026-2056为队列成分法推算[假设路径]；生育TFR 2023=751→2046=938对齐官方推算[真实数据路径形状]；净迁移总量级对齐官方推算、年龄权重偏劳动年龄[假设]
2030,5-9,少儿0-14,男,94674.3,9.4674,高,混合,[混合] 基准人口锚点=C&SD表110-01001A年中人口(不含外佣)；2026-2056为队列成分法推算[假设路径]；生育TFR 2023=751→2046=938对齐官方推算[真实数据路径形状]；净迁移总量级对齐官方推算、年龄权重偏劳动年龄[假设]
2030,50-54,劳动年龄15-64,男,242072.2,24.2072,高,混合,[混合] 基准人口锚点=C&SD表110-01001A年中人口(不含外佣)；2026-2056为队列成分法推算[假设路径]；生育TFR 2023=751→2046=938对齐官方推算[真实数据路径形状]；净迁移总量级对齐官方推算、年龄权重偏劳动年龄[假设]
2030,55-59,劳动年龄15-64,男,247900.9,24.7901,高,混合,[混合] 基准人口锚点=C&SD表110-01001A年中人口(不含外佣)；2026-2056为队列成分法推算[假设路径]；生育TFR 2023=751→2046=938对齐官方推算[真实数据路径形状]；净迁移总量级对齐官方推算、年龄权重偏劳动年龄[假设]
2030,60-64,劳动年龄15-64,男,253035.4,25.3035,高,混合,[混合] 基准人口锚点=C&SD表110-01001A年中人口(不含外佣)；2026-2056为队列成分法推算[假设路径]；生育TFR 2023=751→2046=938对齐官方推算[真实数据路径形状]；净迁移总量级对齐官方推算、年龄权重偏劳动年龄[假设]
2030,65-69,退休65+,男,277597.7,27.7598,高,混合,[混合] 基准人口锚点=C&SD表110-01001A年中人口(不含外佣)；2026-2056为队列成分法推算[假设路径]；生育TFR 2023=751→2046=938对齐官方推算[真实数据路径形状]；净迁移总量级对齐官方推算、年龄权重偏劳动年龄[假设]
2030,70-74,退休65+,男,266004.1,26.6004,高,混合,[混合] 基准人口锚点=C&SD表110-01001A年中人口(不含外佣)；2026-2056为队列成分法推算[假设路径]；生育TFR 2023=751→2046=938对齐官方推算[真实数据路径形状]；净迁移总量级对齐官方推算、年龄权重偏劳动年龄[假设]
2030,75-79,退休65+,男,199044.4,19.9044,高,混合,[混合] 基准人口锚点=C&SD表110-01001A年中人口(不含外佣)；2026-2056为队列成分法推算[假设路径]；生育TFR 2023=751→2046=938对齐官方推算[真实数据路径形状]；净迁移总量级对齐官方推算、年龄权重偏劳动年龄[假设]
2030,80-84,退休65+,男,129024.5,12.9024,高,混合,[混合] 基准人口锚点=C&SD表110-01001A年中人口(不含外佣)；2026-2056为队列成分法推算[假设路径]；生育TFR 2023=751→2046=938对齐官方推算[真实数据路径形状]；净迁移总量级对齐官方推算、年龄权重偏劳动年龄[假设]
2030,85+,退休65+,男,114508.8,11.4509,高,混合,[混合] 基准人口锚点=C&SD表110-01001A年中人口(不含外佣)；2026-2056为队列成分法推算[假设路径]；生育TFR 2023=751→2046=938对齐官方推算[真实数据路径形状]；净迁移总量级对齐官方推算、年龄权重偏劳动年龄[假设]
2031,0-4,少儿0-14,女,89807.1,8.9807,高,混合,[混合] 基准人口锚点=C&SD表110-01001A年中人口(不含外佣)；2026-2056为队列成分法推算[假设路径]；生育TFR 2023=751→2046=938对齐官方推算[真实数据路径形状]；净迁移总量级对齐官方推算、年龄权重偏劳动年龄[假设]
2031,10-14,少儿0-14,女,119923.3,11.9923,高,混合,[混合] 基准人口锚点=C&SD表110-01001A年中人口(不含外佣)；2026-2056为队列成分法推算[假设路径]；生育TFR 2023=751→2046=938对齐官方推算[真实数据路径形状]；净迁移总量级对齐官方推算、年龄权重偏劳动年龄[假设]
2031,15-19,劳动年龄15-64,女,150538.6,15.0539,高,混合,[混合] 基准人口锚点=C&SD表110-01001A年中人口(不含外佣)；2026-2056为队列成分法推算[假设路径]；生育TFR 2023=751→2046=938对齐官方推算[真实数据路径形状]；净迁移总量级对齐官方推算、年龄权重偏劳动年龄[假设]
2031,20-24,劳动年龄15-64,女,156119.2,15.6119,高,混合,[混合] 基准人口锚点=C&SD表110-01001A年中人口(不含外佣)；2026-2056为队列成分法推算[假设路径]；生育TFR 2023=751→2046=938对齐官方推算[真实数据路径形状]；净迁移总量级对齐官方推算、年龄权重偏劳动年龄[假设]
2031,25-29,劳动年龄15-64,女,161972.4,16.1972,高,混合,[混合] 基准人口锚点=C&SD表110-01001A年中人口(不含外佣)；2026-2056为队列成分法推算[假设路径]；生育TFR 2023=751→2046=938对齐官方推算[真实数据路径形状]；净迁移总量级对齐官方推算、年龄权重偏劳动年龄[假设]
2031,30-34,劳动年龄15-64,女,189611.8,18.9612,高,混合,[混合] 基准人口锚点=C&SD表110-01001A年中人口(不含外佣)；2026-2056为队列成分法推算[假设路径]；生育TFR 2023=751→2046=938对齐官方推算[真实数据路径形状]；净迁移总量级对齐官方推算、年龄权重偏劳动年龄[假设]
2031,35-39,劳动年龄15-64,女,238647.3,23.8647,高,混合,[混合] 基准人口锚点=C&SD表110-01001A年中人口(不含外佣)；2026-2056为队列成分法推算[假设路径]；生育TFR 2023=751→2046=938对齐官方推算[真实数据路径形状]；净迁移总量级对齐官方推算、年龄权重偏劳动年龄[假设]
2031,40-44,劳动年龄15-64,女,262688.3,26.2688,高,混合,[混合] 基准人口锚点=C&SD表110-01001A年中人口(不含外佣)；2026-2056为队列成分法推算[假设路径]；生育TFR 2023=751→2046=938对齐官方推算[真实数据路径形状]；净迁移总量级对齐官方推算、年龄权重偏劳动年龄[假设]
2031,45-49,劳动年龄15-64,女,286222.4,28.6222,高,混合,[混合] 基准人口锚点=C&SD表110-01001A年中人口(不含外佣)；2026-2056为队列成分法推算[假设路径]；生育TFR 2023=751→2046=938对齐官方推算[真实数据路径形状]；净迁移总量级对齐官方推算、年龄权重偏劳动年龄[假设]
2031,5-9,少儿0-14,女,80999.8,8.1,高,混合,[混合] 基准人口锚点=C&SD表110-01001A年中人口(不含外佣)；2026-2056为队列成分法推算[假设路径]；生育TFR 2023=751→2046=938对齐官方推算[真实数据路径形状]；净迁移总量级对齐官方推算、年龄权重偏劳动年龄[假设]
2031,50-54,劳动年龄15-64,女,298166.3,29.8166,高,混合,[混合] 基准人口锚点=C&SD表110-01001A年中人口(不含外佣)；2026-2056为队列成分法推算[假设路径]；生育TFR 2023=751→2046=938对齐官方推算[真实数据路径形状]；净迁移总量级对齐官方推算、年龄权重偏劳动年龄[假设]
2031,55-59,劳动年龄15-64,女,315749.4,31.5749,高,混合,[混合] 基准人口锚点=C&SD表110-01001A年中人口(不含外佣)；2026-2056为队列成分法推算[假设路径]；生育TFR 2023=751→2046=938对齐官方推算[真实数据路径形状]；净迁移总量级对齐官方推算、年龄权重偏劳动年龄[假设]
2031,60-64,劳动年龄15-64,女,320999.0,32.0999,高,混合,[混合] 基准人口锚点=C&SD表110-01001A年中人口(不含外佣)；2026-2056为队列成分法推算[假设路径]；生育TFR 2023=751→2046=938对齐官方推算[真实数据路径形状]；净迁移总量级对齐官方推算、年龄权重偏劳动年龄[假设]
2031,65-69,退休65+,女,338923.8,33.8924,高,混合,[混合] 基准人口锚点=C&SD表110-01001A年中人口(不含外佣)；2026-2056为队列成分法推算[假设路径]；生育TFR 2023=751→2046=938对齐官方推算[真实数据路径形状]；净迁移总量级对齐官方推算、年龄权重偏劳动年龄[假设]
2031,70-74,退休65+,女,303352.7,30.3353,高,混合,[混合] 基准人口锚点=C&SD表110-01001A年中人口(不含外佣)；2026-2056为队列成分法推算[假设路径]；生育TFR 2023=751→2046=938对齐官方推算[真实数据路径形状]；净迁移总量级对齐官方推算、年龄权重偏劳动年龄[假设]
2031,75-79,退休65+,女,239336.4,23.9336,高,混合,[混合] 基准人口锚点=C&SD表110-01001A年中人口(不含外佣)；2026-2056为队列成分法推算[假设路径]；生育TFR 2023=751→2046=938对齐官方推算[真实数据路径形状]；净迁移总量级对齐官方推算、年龄权重偏劳动年龄[假设]
2031,80-84,退休65+,女,168257.6,16.8258,高,混合,[混合] 基准人口锚点=C&SD表110-01001A年中人口(不含外佣)；2026-2056为队列成分法推算[假设路径]；生育TFR 2023=751→2046=938对齐官方推算[真实数据路径形状]；净迁移总量级对齐官方推算、年龄权重偏劳动年龄[假设]
2031,85+,退休65+,女,169994.3,16.9994,高,混合,[混合] 基准人口锚点=C&SD表110-01001A年中人口(不含外佣)；2026-2056为队列成分法推算[假设路径]；生育TFR 2023=751→2046=938对齐官方推算[真实数据路径形状]；净迁移总量级对齐官方推算、年龄权重偏劳动年龄[假设]
2031,0-4,少儿0-14,男,94763.5,9.4764,高,混合,[混合] 基准人口锚点=C&SD表110-01001A年中人口(不含外佣)；2026-2056为队列成分法推算[假设路径]；生育TFR 2023=751→2046=938对齐官方推算[真实数据路径形状]；净迁移总量级对齐官方推算、年龄权重偏劳动年龄[假设]
2031,10-14,少儿0-14,男,128390.0,12.839,高,混合,[混合] 基准人口锚点=C&SD表110-01001A年中人口(不含外佣)；2026-2056为队列成分法推算[假设路径]；生育TFR 2023=751→2046=938对齐官方推算[真实数据路径形状]；净迁移总量级对齐官方推算、年龄权重偏劳动年龄[假设]
2031,15-19,劳动年龄15-64,男,160665.1,16.0665,高,混合,[混合] 基准人口锚点=C&SD表110-01001A年中人口(不含外佣)；2026-2056为队列成分法推算[假设路径]；生育TFR 2023=751→2046=938对齐官方推算[真实数据路径形状]；净迁移总量级对齐官方推算、年龄权重偏劳动年龄[假设]
2031,20-24,劳动年龄15-64,男,165222.1,16.5222,高,混合,[混合] 基准人口锚点=C&SD表110-01001A年中人口(不含外佣)；2026-2056为队列成分法推算[假设路径]；生育TFR 2023=751→2046=938对齐官方推算[真实数据路径形状]；净迁移总量级对齐官方推算、年龄权重偏劳动年龄[假设]
2031,25-29,劳动年龄15-64,男,162851.9,16.2852,高,混合,[混合] 基准人口锚点=C&SD表110-01001A年中人口(不含外佣)；2026-2056为队列成分法推算[假设路径]；生育TFR 2023=751→2046=938对齐官方推算[真实数据路径形状]；净迁移总量级对齐官方推算、年龄权重偏劳动年龄[假设]
2031,30-34,劳动年龄15-64,男,198867.4,19.8867,高,混合,[混合] 基准人口锚点=C&SD表110-01001A年中人口(不含外佣)；2026-2056为队列成分法推算[假设路径]；生育TFR 2023=751→2046=938对齐官方推算[真实数据路径形状]；净迁移总量级对齐官方推算、年龄权重偏劳动年龄[假设]
2031,35-39,劳动年龄15-64,男,242191.2,24.2191,高,混合,[混合] 基准人口锚点=C&SD表110-01001A年中人口(不含外佣)；2026-2056为队列成分法推算[假设路径]；生育TFR 2023=751→2046=938对齐官方推算[真实数据路径形状]；净迁移总量级对齐官方推算、年龄权重偏劳动年龄[假设]
2031,40-44,劳动年龄15-64,男,253255.2,25.3255,高,混合,[混合] 基准人口锚点=C&SD表110-01001A年中人口(不含外佣)；2026-2056为队列成分法推算[假设路径]；生育TFR 2023=751→2046=938对齐官方推算[真实数据路径形状]；净迁移总量级对齐官方推算、年龄权重偏劳动年龄[假设]
2031,45-49,劳动年龄15-64,男,252258.1,25.2258,高,混合,[混合] 基准人口锚点=C&SD表110-01001A年中人口(不含外佣)；2026-2056为队列成分法推算[假设路径]；生育TFR 2023=751→2046=938对齐官方推算[真实数据路径形状]；净迁移总量级对齐官方推算、年龄权重偏劳动年龄[假设]
2031,5-9,少儿0-14,男,87288.1,8.7288,高,混合,[混合] 基准人口锚点=C&SD表110-01001A年中人口(不含外佣)；2026-2056为队列成分法推算[假设路径]；生育TFR 2023=751→2046=938对齐官方推算[真实数据路径形状]；净迁移总量级对齐官方推算、年龄权重偏劳动年龄[假设]
2031,50-54,劳动年龄15-64,男,241953.8,24.1954,高,混合,[混合] 基准人口锚点=C&SD表110-01001A年中人口(不含外佣)；2026-2056为队列成分法推算[假设路径]；生育TFR 2023=751→2046=938对齐官方推算[真实数据路径形状]；净迁移总量级对齐官方推算、年龄权重偏劳动年龄[假设]
2031,55-59,劳动年龄15-64,男,249441.0,24.9441,高,混合,[混合] 基准人口锚点=C&SD表110-01001A年中人口(不含外佣)；2026-2056为队列成分法推算[假设路径]；生育TFR 2023=751→2046=938对齐官方推算[真实数据路径形状]；净迁移总量级对齐官方推算、年龄权重偏劳动年龄[假设]
2031,60-64,劳动年龄15-64,男,246657.0,24.6657,高,混合,[混合] 基准人口锚点=C&SD表110-01001A年中人口(不含外佣)；2026-2056为队列成分法推算[假设路径]；生育TFR 2023=751→2046=938对齐官方推算[真实数据路径形状]；净迁移总量级对齐官方推算、年龄权重偏劳动年龄[假设]
2031,65-69,退休65+,男,275613.1,27.5613,高,混合,[混合] 基准人口锚点=C&SD表110-01001A年中人口(不含外佣)；2026-2056为队列成分法推算[假设路径]；生育TFR 2023=751→2046=938对齐官方推算[真实数据路径形状]；净迁移总量级对齐官方推算、年龄权重偏劳动年龄[假设]
2031,70-74,退休65+,男,275905.4,27.5905,高,混合,[混合] 基准人口锚点=C&SD表110-01001A年中人口(不含外佣)；2026-2056为队列成分法推算[假设路径]；生育TFR 2023=751→2046=938对齐官方推算[真实数据路径形状]；净迁移总量级对齐官方推算、年龄权重偏劳动年龄[假设]
2031,75-79,退休65+,男,207523.7,20.7524,高,混合,[混合] 基准人口锚点=C&SD表110-01001A年中人口(不含外佣)；2026-2056为队列成分法推算[假设路径]；生育TFR 2023=751→2046=938对齐官方推算[真实数据路径形状]；净迁移总量级对齐官方推算、年龄权重偏劳动年龄[假设]
2031,80-84,退休65+,男,140033.7,14.0034,高,混合,[混合] 基准人口锚点=C&SD表110-01001A年中人口(不含外佣)；2026-2056为队列成分法推算[假设路径]；生育TFR 2023=751→2046=938对齐官方推算[真实数据路径形状]；净迁移总量级对齐官方推算、年龄权重偏劳动年龄[假设]
2031,85+,退休65+,男,116960.4,11.696,高,混合,[混合] 基准人口锚点=C&SD表110-01001A年中人口(不含外佣)；2026-2056为队列成分法推算[假设路径]；生育TFR 2023=751→2046=938对齐官方推算[真实数据路径形状]；净迁移总量级对齐官方推算、年龄权重偏劳动年龄[假设]
2032,0-4,少儿0-14,女,89360.0,8.936,高,混合,[混合] 基准人口锚点=C&SD表110-01001A年中人口(不含外佣)；2026-2056为队列成分法推算[假设路径]；生育TFR 2023=751→2046=938对齐官方推算[真实数据路径形状]；净迁移总量级对齐官方推算、年龄权重偏劳动年龄[假设]
2032,10-14,少儿0-14,女,113102.0,11.3102,高,混合,[混合] 基准人口锚点=C&SD表110-01001A年中人口(不含外佣)；2026-2056为队列成分法推算[假设路径]；生育TFR 2023=751→2046=938对齐官方推算[真实数据路径形状]；净迁移总量级对齐官方推算、年龄权重偏劳动年龄[假设]
2032,15-19,劳动年龄15-64,女,147293.0,14.7293,高,混合,[混合] 基准人口锚点=C&SD表110-01001A年中人口(不含外佣)；2026-2056为队列成分法推算[假设路径]；生育TFR 2023=751→2046=938对齐官方推算[真实数据路径形状]；净迁移总量级对齐官方推算、年龄权重偏劳动年龄[假设]
2032,20-24,劳动年龄15-64,女,159837.2,15.9837,高,混合,[混合] 基准人口锚点=C&SD表110-01001A年中人口(不含外佣)；2026-2056为队列成分法推算[假设路径]；生育TFR 2023=751→2046=938对齐官方推算[真实数据路径形状]；净迁移总量级对齐官方推算、年龄权重偏劳动年龄[假设]
2032,25-29,劳动年龄15-64,女,164639.2,16.4639,高,混合,[混合] 基准人口锚点=C&SD表110-01001A年中人口(不含外佣)；2026-2056为队列成分法推算[假设路径]；生育TFR 2023=751→2046=938对齐官方推算[真实数据路径形状]；净迁移总量级对齐官方推算、年龄权重偏劳动年龄[假设]
2032,30-34,劳动年龄15-64,女,187915.6,18.7916,高,混合,[混合] 基准人口锚点=C&SD表110-01001A年中人口(不含外佣)；2026-2056为队列成分法推算[假设路径]；生育TFR 2023=751→2046=938对齐官方推算[真实数据路径形状]；净迁移总量级对齐官方推算、年龄权重偏劳动年龄[假设]
2032,35-39,劳动年龄15-64,女,232634.2,23.2634,高,混合,[混合] 基准人口锚点=C&SD表110-01001A年中人口(不含外佣)；2026-2056为队列成分法推算[假设路径]；生育TFR 2023=751→2046=938对齐官方推算[真实数据路径形状]；净迁移总量级对齐官方推算、年龄权重偏劳动年龄[假设]
2032,40-44,劳动年龄15-64,女,261639.8,26.164,高,混合,[混合] 基准人口锚点=C&SD表110-01001A年中人口(不含外佣)；2026-2056为队列成分法推算[假设路径]；生育TFR 2023=751→2046=938对齐官方推算[真实数据路径形状]；净迁移总量级对齐官方推算、年龄权重偏劳动年龄[假设]
2032,45-49,劳动年龄15-64,女,284233.7,28.4234,高,混合,[混合] 基准人口锚点=C&SD表110-01001A年中人口(不含外佣)；2026-2056为队列成分法推算[假设路径]；生育TFR 2023=751→2046=938对齐官方推算[真实数据路径形状]；净迁移总量级对齐官方推算、年龄权重偏劳动年龄[假设]
2032,5-9,少儿0-14,女,84270.0,8.427,高,混合,[混合] 基准人口锚点=C&SD表110-01001A年中人口(不含外佣)；2026-2056为队列成分法推算[假设路径]；生育TFR 2023=751→2046=938对齐官方推算[真实数据路径形状]；净迁移总量级对齐官方推算、年龄权重偏劳动年龄[假设]
2032,50-54,劳动年龄15-64,女,297316.6,29.7317,高,混合,[混合] 基准人口锚点=C&SD表110-01001A年中人口(不含外佣)；2026-2056为队列成分法推算[假设路径]；生育TFR 2023=751→2046=938对齐官方推算[真实数据路径形状]；净迁移总量级对齐官方推算、年龄权重偏劳动年龄[假设]
2032,55-59,劳动年龄15-64,女,314033.0,31.4033,高,混合,[混合] 基准人口锚点=C&SD表110-01001A年中人口(不含外佣)；2026-2056为队列成分法推算[假设路径]；生育TFR 2023=751→2046=938对齐官方推算[真实数据路径形状]；净迁移总量级对齐官方推算、年龄权重偏劳动年龄[假设]
2032,60-64,劳动年龄15-64,女,321409.3,32.1409,高,混合,[混合] 基准人口锚点=C&SD表110-01001A年中人口(不含外佣)；2026-2056为队列成分法推算[假设路径]；生育TFR 2023=751→2046=938对齐官方推算[真实数据路径形状]；净迁移总量级对齐官方推算、年龄权重偏劳动年龄[假设]
2032,65-69,退休65+,女,335155.1,33.5155,高,混合,[混合] 基准人口锚点=C&SD表110-01001A年中人口(不含外佣)；2026-2056为队列成分法推算[假设路径]；生育TFR 2023=751→2046=938对齐官方推算[真实数据路径形状]；净迁移总量级对齐官方推算、年龄权重偏劳动年龄[假设]
2032,70-74,退休65+,女,308591.0,30.8591,高,混合,[混合] 基准人口锚点=C&SD表110-01001A年中人口(不含外佣)；2026-2056为队列成分法推算[假设路径]；生育TFR 2023=751→2046=938对齐官方推算[真实数据路径形状]；净迁移总量级对齐官方推算、年龄权重偏劳动年龄[假设]
2032,75-79,退休65+,女,249985.8,24.9986,高,混合,[混合] 基准人口锚点=C&SD表110-01001A年中人口(不含外佣)；2026-2056为队列成分法推算[假设路径]；生育TFR 2023=751→2046=938对齐官方推算[真实数据路径形状]；净迁移总量级对齐官方推算、年龄权重偏劳动年龄[假设]
2032,80-84,退休65+,女,179339.1,17.9339,高,混合,[混合] 基准人口锚点=C&SD表110-01001A年中人口(不含外佣)；2026-2056为队列成分法推算[假设路径]；生育TFR 2023=751→2046=938对齐官方推算[真实数据路径形状]；净迁移总量级对齐官方推算、年龄权重偏劳动年龄[假设]
2032,85+,退休65+,女,189245.6,18.9246,高,混合,[混合] 基准人口锚点=C&SD表110-01001A年中人口(不含外佣)；2026-2056为队列成分法推算[假设路径]；生育TFR 2023=751→2046=938对齐官方推算[真实数据路径形状]；净迁移总量级对齐官方推算、年龄权重偏劳动年龄[假设]
2032,0-4,少儿0-14,男,94274.7,9.4275,高,混合,[混合] 基准人口锚点=C&SD表110-01001A年中人口(不含外佣)；2026-2056为队列成分法推算[假设路径]；生育TFR 2023=751→2046=938对齐官方推算[真实数据路径形状]；净迁移总量级对齐官方推算、年龄权重偏劳动年龄[假设]
2032,10-14,少儿0-14,男,121068.4,12.1068,高,混合,[混合] 基准人口锚点=C&SD表110-01001A年中人口(不含外佣)；2026-2056为队列成分法推算[假设路径]；生育TFR 2023=751→2046=938对齐官方推算[真实数据路径形状]；净迁移总量级对齐官方推算、年龄权重偏劳动年龄[假设]
2032,15-19,劳动年龄15-64,男,156858.7,15.6859,高,混合,[混合] 基准人口锚点=C&SD表110-01001A年中人口(不含外佣)；2026-2056为队列成分法推算[假设路径]；生育TFR 2023=751→2046=938对齐官方推算[真实数据路径形状]；净迁移总量级对齐官方推算、年龄权重偏劳动年龄[假设]
2032,20-24,劳动年龄15-64,男,168749.1,16.8749,高,混合,[混合] 基准人口锚点=C&SD表110-01001A年中人口(不含外佣)；2026-2056为队列成分法推算[假设路径]；生育TFR 2023=751→2046=938对齐官方推算[真实数据路径形状]；净迁移总量级对齐官方推算、年龄权重偏劳动年龄[假设]
2032,25-29,劳动年龄15-64,男,166843.6,16.6844,高,混合,[混合] 基准人口锚点=C&SD表110-01001A年中人口(不含外佣)；2026-2056为队列成分法推算[假设路径]；生育TFR 2023=751→2046=938对齐官方推算[真实数据路径形状]；净迁移总量级对齐官方推算、年龄权重偏劳动年龄[假设]
2032,30-34,劳动年龄15-64,男,195148.1,19.5148,高,混合,[混合] 基准人口锚点=C&SD表110-01001A年中人口(不含外佣)；2026-2056为队列成分法推算[假设路径]；生育TFR 2023=751→2046=938对齐官方推算[真实数据路径形状]；净迁移总量级对齐官方推算、年龄权重偏劳动年龄[假设]
2032,35-39,劳动年龄15-64,男,236949.5,23.6949,高,混合,[混合] 基准人口锚点=C&SD表110-01001A年中人口(不含外佣)；2026-2056为队列成分法推算[假设路径]；生育TFR 2023=751→2046=938对齐官方推算[真实数据路径形状]；净迁移总量级对齐官方推算、年龄权重偏劳动年龄[假设]
2032,40-44,劳动年龄15-64,男,254400.8,25.4401,高,混合,[混合] 基准人口锚点=C&SD表110-01001A年中人口(不含外佣)；2026-2056为队列成分法推算[假设路径]；生育TFR 2023=751→2046=938对齐官方推算[真实数据路径形状]；净迁移总量级对齐官方推算、年龄权重偏劳动年龄[假设]
2032,45-49,劳动年龄15-64,男,254742.7,25.4743,高,混合,[混合] 基准人口锚点=C&SD表110-01001A年中人口(不含外佣)；2026-2056为队列成分法推算[假设路径]；生育TFR 2023=751→2046=938对齐官方推算[真实数据路径形状]；净迁移总量级对齐官方推算、年龄权重偏劳动年龄[假设]
2032,5-9,少儿0-14,男,90177.3,9.0177,高,混合,[混合] 基准人口锚点=C&SD表110-01001A年中人口(不含外佣)；2026-2056为队列成分法推算[假设路径]；生育TFR 2023=751→2046=938对齐官方推算[真实数据路径形状]；净迁移总量级对齐官方推算、年龄权重偏劳动年龄[假设]
2032,50-54,劳动年龄15-64,男,245162.7,24.5163,高,混合,[混合] 基准人口锚点=C&SD表110-01001A年中人口(不含外佣)；2026-2056为队列成分法推算[假设路径]；生育TFR 2023=751→2046=938对齐官方推算[真实数据路径形状]；净迁移总量级对齐官方推算、年龄权重偏劳动年龄[假设]
2032,55-59,劳动年龄15-64,男,249181.3,24.9181,高,混合,[混合] 基准人口锚点=C&SD表110-01001A年中人口(不含外佣)；2026-2056为队列成分法推算[假设路径]；生育TFR 2023=751→2046=938对齐官方推算[真实数据路径形状]；净迁移总量级对齐官方推算、年龄权重偏劳动年龄[假设]
2032,60-64,劳动年龄15-64,男,248001.3,24.8001,高,混合,[混合] 基准人口锚点=C&SD表110-01001A年中人口(不含外佣)；2026-2056为队列成分法推算[假设路径]；生育TFR 2023=751→2046=938对齐官方推算[真实数据路径形状]；净迁移总量级对齐官方推算、年龄权重偏劳动年龄[假设]
2032,65-69,退休65+,男,268649.4,26.8649,高,混合,[混合] 基准人口锚点=C&SD表110-01001A年中人口(不含外佣)；2026-2056为队列成分法推算[假设路径]；生育TFR 2023=751→2046=938对齐官方推算[真实数据路径形状]；净迁移总量级对齐官方推算、年龄权重偏劳动年龄[假设]
2032,70-74,退休65+,男,272093.4,27.2093,高,混合,[混合] 基准人口锚点=C&SD表110-01001A年中人口(不含外佣)；2026-2056为队列成分法推算[假设路径]；生育TFR 2023=751→2046=938对齐官方推算[真实数据路径形状]；净迁移总量级对齐官方推算、年龄权重偏劳动年龄[假设]
2032,75-79,退休65+,男,216948.5,21.6948,高,混合,[混合] 基准人口锚点=C&SD表110-01001A年中人口(不含外佣)；2026-2056为队列成分法推算[假设路径]；生育TFR 2023=751→2046=938对齐官方推算[真实数据路径形状]；净迁移总量级对齐官方推算、年龄权重偏劳动年龄[假设]
2032,80-84,退休65+,男,148250.1,14.825,高,混合,[混合] 基准人口锚点=C&SD表110-01001A年中人口(不含外佣)；2026-2056为队列成分法推算[假设路径]；生育TFR 2023=751→2046=938对齐官方推算[真实数据路径形状]；净迁移总量级对齐官方推算、年龄权重偏劳动年龄[假设]
2032,85+,退休65+,男,132015.9,13.2016,高,混合,[混合] 基准人口锚点=C&SD表110-01001A年中人口(不含外佣)；2026-2056为队列成分法推算[假设路径]；生育TFR 2023=751→2046=938对齐官方推算[真实数据路径形状]；净迁移总量级对齐官方推算、年龄权重偏劳动年龄[假设]
2033,0-4,少儿0-14,女,89087.2,8.9087,高,混合,[混合] 基准人口锚点=C&SD表110-01001A年中人口(不含外佣)；2026-2056为队列成分法推算[假设路径]；生育TFR 2023=751→2046=938对齐官方推算[真实数据路径形状]；净迁移总量级对齐官方推算、年龄权重偏劳动年龄[假设]
2033,10-14,少儿0-14,女,106316.7,10.6317,高,混合,[混合] 基准人口锚点=C&SD表110-01001A年中人口(不含外佣)；2026-2056为队列成分法推算[假设路径]；生育TFR 2023=751→2046=938对齐官方推算[真实数据路径形状]；净迁移总量级对齐官方推算、年龄权重偏劳动年龄[假设]
2033,15-19,劳动年龄15-64,女,144085.9,14.4086,高,混合,[混合] 基准人口锚点=C&SD表110-01001A年中人口(不含外佣)；2026-2056为队列成分法推算[假设路径]；生育TFR 2023=751→2046=938对齐官方推算[真实数据路径形状]；净迁移总量级对齐官方推算、年龄权重偏劳动年龄[假设]
2033,20-24,劳动年龄15-64,女,163236.4,16.3236,高,混合,[混合] 基准人口锚点=C&SD表110-01001A年中人口(不含外佣)；2026-2056为队列成分法推算[假设路径]；生育TFR 2023=751→2046=938对齐官方推算[真实数据路径形状]；净迁移总量级对齐官方推算、年龄权重偏劳动年龄[假设]
2033,25-29,劳动年龄15-64,女,167458.6,16.7459,高,混合,[混合] 基准人口锚点=C&SD表110-01001A年中人口(不含外佣)；2026-2056为队列成分法推算[假设路径]；生育TFR 2023=751→2046=938对齐官方推算[真实数据路径形状]；净迁移总量级对齐官方推算、年龄权重偏劳动年龄[假设]
2033,30-34,劳动年龄15-64,女,186371.3,18.6371,高,混合,[混合] 基准人口锚点=C&SD表110-01001A年中人口(不含外佣)；2026-2056为队列成分法推算[假设路径]；生育TFR 2023=751→2046=938对齐官方推算[真实数据路径形状]；净迁移总量级对齐官方推算、年龄权重偏劳动年龄[假设]
2033,35-39,劳动年龄15-64,女,226780.2,22.678,高,混合,[混合] 基准人口锚点=C&SD表110-01001A年中人口(不含外佣)；2026-2056为队列成分法推算[假设路径]；生育TFR 2023=751→2046=938对齐官方推算[真实数据路径形状]；净迁移总量级对齐官方推算、年龄权重偏劳动年龄[假设]
2033,40-44,劳动年龄15-64,女,260749.1,26.0749,高,混合,[混合] 基准人口锚点=C&SD表110-01001A年中人口(不含外佣)；2026-2056为队列成分法推算[假设路径]；生育TFR 2023=751→2046=938对齐官方推算[真实数据路径形状]；净迁移总量级对齐官方推算、年龄权重偏劳动年龄[假设]
2033,45-49,劳动年龄15-64,女,282407.0,28.2407,高,混合,[混合] 基准人口锚点=C&SD表110-01001A年中人口(不含外佣)；2026-2056为队列成分法推算[假设路径]；生育TFR 2023=751→2046=938对齐官方推算[真实数据路径形状]；净迁移总量级对齐官方推算、年龄权重偏劳动年龄[假设]
2033,5-9,少儿0-14,女,87299.5,8.73,高,混合,[混合] 基准人口锚点=C&SD表110-01001A年中人口(不含外佣)；2026-2056为队列成分法推算[假设路径]；生育TFR 2023=751→2046=938对齐官方推算[真实数据路径形状]；净迁移总量级对齐官方推算、年龄权重偏劳动年龄[假设]
2033,50-54,劳动年龄15-64,女,296828.4,29.6828,高,混合,[混合] 基准人口锚点=C&SD表110-01001A年中人口(不含外佣)；2026-2056为队列成分法推算[假设路径]；生育TFR 2023=751→2046=938对齐官方推算[真实数据路径形状]；净迁移总量级对齐官方推算、年龄权重偏劳动年龄[假设]
2033,55-59,劳动年龄15-64,女,312459.4,31.2459,高,混合,[混合] 基准人口锚点=C&SD表110-01001A年中人口(不含外佣)；2026-2056为队列成分法推算[假设路径]；生育TFR 2023=751→2046=938对齐官方推算[真实数据路径形状]；净迁移总量级对齐官方推算、年龄权重偏劳动年龄[假设]
2033,60-64,劳动年龄15-64,女,321972.0,32.1972,高,混合,[混合] 基准人口锚点=C&SD表110-01001A年中人口(不含外佣)；2026-2056为队列成分法推算[假设路径]；生育TFR 2023=751→2046=938对齐官方推算[真实数据路径形状]；净迁移总量级对齐官方推算、年龄权重偏劳动年龄[假设]
2033,65-69,退休65+,女,331598.0,33.1598,高,混合,[混合] 基准人口锚点=C&SD表110-01001A年中人口(不含外佣)；2026-2056为队列成分法推算[假设路径]；生育TFR 2023=751→2046=938对齐官方推算[真实数据路径形状]；净迁移总量级对齐官方推算、年龄权重偏劳动年龄[假设]
2033,70-74,退休65+,女,314153.0,31.4153,高,混合,[混合] 基准人口锚点=C&SD表110-01001A年中人口(不含外佣)；2026-2056为队列成分法推算[假设路径]；生育TFR 2023=751→2046=938对齐官方推算[真实数据路径形状]；净迁移总量级对齐官方推算、年龄权重偏劳动年龄[假设]
2033,75-79,退休65+,女,260638.0,26.0638,高,混合,[混合] 基准人口锚点=C&SD表110-01001A年中人口(不含外佣)；2026-2056为队列成分法推算[假设路径]；生育TFR 2023=751→2046=938对齐官方推算[真实数据路径形状]；净迁移总量级对齐官方推算、年龄权重偏劳动年龄[假设]
2033,80-84,退休65+,女,190214.7,19.0215,高,混合,[混合] 基准人口锚点=C&SD表110-01001A年中人口(不含外佣)；2026-2056为队列成分法推算[假设路径]；生育TFR 2023=751→2046=938对齐官方推算[真实数据路径形状]；净迁移总量级对齐官方推算、年龄权重偏劳动年龄[假设]
2033,85+,退休65+,女,206875.1,20.6875,高,混合,[混合] 基准人口锚点=C&SD表110-01001A年中人口(不含外佣)；2026-2056为队列成分法推算[假设路径]；生育TFR 2023=751→2046=938对齐官方推算[真实数据路径形状]；净迁移总量级对齐官方推算、年龄权重偏劳动年龄[假设]
2033,0-4,少儿0-14,男,93970.7,9.3971,高,混合,[混合] 基准人口锚点=C&SD表110-01001A年中人口(不含外佣)；2026-2056为队列成分法推算[假设路径]；生育TFR 2023=751→2046=938对齐官方推算[真实数据路径形状]；净迁移总量级对齐官方推算、年龄权重偏劳动年龄[假设]
2033,10-14,少儿0-14,男,113774.8,11.3775,高,混合,[混合] 基准人口锚点=C&SD表110-01001A年中人口(不含外佣)；2026-2056为队列成分法推算[假设路径]；生育TFR 2023=751→2046=938对齐官方推算[真实数据路径形状]；净迁移总量级对齐官方推算、年龄权重偏劳动年龄[假设]
2033,15-19,劳动年龄15-64,男,153088.2,15.3088,高,混合,[混合] 基准人口锚点=C&SD表110-01001A年中人口(不含外佣)；2026-2056为队列成分法推算[假设路径]；生育TFR 2023=751→2046=938对齐官方推算[真实数据路径形状]；净迁移总量级对齐官方推算、年龄权重偏劳动年龄[假设]
2033,20-24,劳动年龄15-64,男,171984.9,17.1985,高,混合,[混合] 基准人口锚点=C&SD表110-01001A年中人口(不含外佣)；2026-2056为队列成分法推算[假设路径]；生育TFR 2023=751→2046=938对齐官方推算[真实数据路径形状]；净迁移总量级对齐官方推算、年龄权重偏劳动年龄[假设]
2033,25-29,劳动年龄15-64,男,170975.8,17.0976,高,混合,[混合] 基准人口锚点=C&SD表110-01001A年中人口(不含外佣)；2026-2056为队列成分法推算[假设路径]；生育TFR 2023=751→2046=938对齐官方推算[真实数据路径形状]；净迁移总量级对齐官方推算、年龄权重偏劳动年龄[假设]
2033,30-34,劳动年龄15-64,男,191576.0,19.1576,高,混合,[混合] 基准人口锚点=C&SD表110-01001A年中人口(不含外佣)；2026-2056为队列成分法推算[假设路径]；生育TFR 2023=751→2046=938对齐官方推算[真实数据路径形状]；净迁移总量级对齐官方推算、年龄权重偏劳动年龄[假设]
2033,35-39,劳动年龄15-64,男,231863.0,23.1863,高,混合,[混合] 基准人口锚点=C&SD表110-01001A年中人口(不含外佣)；2026-2056为队列成分法推算[假设路径]；生育TFR 2023=751→2046=938对齐官方推算[真实数据路径形状]；净迁移总量级对齐官方推算、年龄权重偏劳动年龄[假设]
2033,40-44,劳动年龄15-64,男,255692.6,25.5693,高,混合,[混合] 基准人口锚点=C&SD表110-01001A年中人口(不含外佣)；2026-2056为队列成分法推算[假设路径]；生育TFR 2023=751→2046=938对齐官方推算[真实数据路径形状]；净迁移总量级对齐官方推算、年龄权重偏劳动年龄[假设]
2033,45-49,劳动年龄15-64,男,257390.3,25.739,高,混合,[混合] 基准人口锚点=C&SD表110-01001A年中人口(不含外佣)；2026-2056为队列成分法推算[假设路径]；生育TFR 2023=751→2046=938对齐官方推算[真实数据路径形状]；净迁移总量级对齐官方推算、年龄权重偏劳动年龄[假设]
2033,5-9,少儿0-14,男,92833.2,9.2833,高,混合,[混合] 基准人口锚点=C&SD表110-01001A年中人口(不含外佣)；2026-2056为队列成分法推算[假设路径]；生育TFR 2023=751→2046=938对齐官方推算[真实数据路径形状]；净迁移总量级对齐官方推算、年龄权重偏劳动年龄[假设]
2033,50-54,劳动年龄15-64,男,248704.4,24.8704,高,混合,[混合] 基准人口锚点=C&SD表110-01001A年中人口(不含外佣)；2026-2056为队列成分法推算[假设路径]；生育TFR 2023=751→2046=938对齐官方推算[真实数据路径形状]；净迁移总量级对齐官方推算、年龄权重偏劳动年龄[假设]
2033,55-59,劳动年龄15-64,男,249078.3,24.9078,高,混合,[混合] 基准人口锚点=C&SD表110-01001A年中人口(不含外佣)；2026-2056为队列成分法推算[假设路径]；生育TFR 2023=751→2046=938对齐官方推算[真实数据路径形状]；净迁移总量级对齐官方推算、年龄权重偏劳动年龄[假设]
2033,60-64,劳动年龄15-64,男,249510.0,24.951,高,混合,[混合] 基准人口锚点=C&SD表110-01001A年中人口(不含外佣)；2026-2056为队列成分法推算[假设路径]；生育TFR 2023=751→2046=938对齐官方推算[真实数据路径形状]；净迁移总量级对齐官方推算、年龄权重偏劳动年龄[假设]
2033,65-69,退休65+,男,262002.9,26.2003,高,混合,[混合] 基准人口锚点=C&SD表110-01001A年中人口(不含外佣)；2026-2056为队列成分法推算[假设路径]；生育TFR 2023=751→2046=938对齐官方推算[真实数据路径形状]；净迁移总量级对齐官方推算、年龄权重偏劳动年龄[假设]
2033,70-74,退休65+,男,268855.1,26.8855,高,混合,[混合] 基准人口锚点=C&SD表110-01001A年中人口(不含外佣)；2026-2056为队列成分法推算[假设路径]；生育TFR 2023=751→2046=938对齐官方推算[真实数据路径形状]；净迁移总量级对齐官方推算、年龄权重偏劳动年龄[假设]
2033,75-79,退休65+,男,226305.5,22.6305,高,混合,[混合] 基准人口锚点=C&SD表110-01001A年中人口(不含外佣)；2026-2056为队列成分法推算[假设路径]；生育TFR 2023=751→2046=938对齐官方推算[真实数据路径形状]；净迁移总量级对齐官方推算、年龄权重偏劳动年龄[假设]
2033,80-84,退休65+,男,156139.2,15.6139,高,混合,[混合] 基准人口锚点=C&SD表110-01001A年中人口(不含外佣)；2026-2056为队列成分法推算[假设路径]；生育TFR 2023=751→2046=938对齐官方推算[真实数据路径形状]；净迁移总量级对齐官方推算、年龄权重偏劳动年龄[假设]
2033,85+,退休65+,男,145254.8,14.5255,高,混合,[混合] 基准人口锚点=C&SD表110-01001A年中人口(不含外佣)；2026-2056为队列成分法推算[假设路径]；生育TFR 2023=751→2046=938对齐官方推算[真实数据路径形状]；净迁移总量级对齐官方推算、年龄权重偏劳动年龄[假设]
2034,0-4,少儿0-14,女,88992.1,8.8992,高,混合,[混合] 基准人口锚点=C&SD表110-01001A年中人口(不含外佣)；2026-2056为队列成分法推算[假设路径]；生育TFR 2023=751→2046=938对齐官方推算[真实数据路径形状]；净迁移总量级对齐官方推算、年龄权重偏劳动年龄[假设]
2034,10-14,少儿0-14,女,99567.6,9.9568,高,混合,[混合] 基准人口锚点=C&SD表110-01001A年中人口(不含外佣)；2026-2056为队列成分法推算[假设路径]；生育TFR 2023=751→2046=938对齐官方推算[真实数据路径形状]；净迁移总量级对齐官方推算、年龄权重偏劳动年龄[假设]
2034,15-19,劳动年龄15-64,女,140917.0,14.0917,高,混合,[混合] 基准人口锚点=C&SD表110-01001A年中人口(不含外佣)；2026-2056为队列成分法推算[假设路径]；生育TFR 2023=751→2046=938对齐官方推算[真实数据路径形状]；净迁移总量级对齐官方推算、年龄权重偏劳动年龄[假设]
2034,20-24,劳动年龄15-64,女,166294.5,16.6294,高,混合,[混合] 基准人口锚点=C&SD表110-01001A年中人口(不含外佣)；2026-2056为队列成分法推算[假设路径]；生育TFR 2023=751→2046=938对齐官方推算[真实数据路径形状]；净迁移总量级对齐官方推算、年龄权重偏劳动年龄[假设]
2034,25-29,劳动年龄15-64,女,170430.6,17.0431,高,混合,[混合] 基准人口锚点=C&SD表110-01001A年中人口(不含外佣)；2026-2056为队列成分法推算[假设路径]；生育TFR 2023=751→2046=938对齐官方推算[真实数据路径形状]；净迁移总量级对齐官方推算、年龄权重偏劳动年龄[假设]
2034,30-34,劳动年龄15-64,女,184978.9,18.4979,高,混合,[混合] 基准人口锚点=C&SD表110-01001A年中人口(不含外佣)；2026-2056为队列成分法推算[假设路径]；生育TFR 2023=751→2046=938对齐官方推算[真实数据路径形状]；净迁移总量级对齐官方推算、年龄权重偏劳动年龄[假设]
2034,35-39,劳动年龄15-64,女,221085.1,22.1085,高,混合,[混合] 基准人口锚点=C&SD表110-01001A年中人口(不含外佣)；2026-2056为队列成分法推算[假设路径]；生育TFR 2023=751→2046=938对齐官方推算[真实数据路径形状]；净迁移总量级对齐官方推算、年龄权重偏劳动年龄[假设]
2034,40-44,劳动年龄15-64,女,260016.0,26.0016,高,混合,[混合] 基准人口锚点=C&SD表110-01001A年中人口(不含外佣)；2026-2056为队列成分法推算[假设路径]；生育TFR 2023=751→2046=938对齐官方推算[真实数据路径形状]；净迁移总量级对齐官方推算、年龄权重偏劳动年龄[假设]
2034,45-49,劳动年龄15-64,女,280742.0,28.0742,高,混合,[混合] 基准人口锚点=C&SD表110-01001A年中人口(不含外佣)；2026-2056为队列成分法推算[假设路径]；生育TFR 2023=751→2046=938对齐官方推算[真实数据路径形状]；净迁移总量级对齐官方推算、年龄权重偏劳动年龄[假设]
2034,5-9,少儿0-14,女,90087.8,9.0088,高,混合,[混合] 基准人口锚点=C&SD表110-01001A年中人口(不含外佣)；2026-2056为队列成分法推算[假设路径]；生育TFR 2023=751→2046=938对齐官方推算[真实数据路径形状]；净迁移总量级对齐官方推算、年龄权重偏劳动年龄[假设]
2034,50-54,劳动年龄15-64,女,296712.1,29.6712,高,混合,[混合] 基准人口锚点=C&SD表110-01001A年中人口(不含外佣)；2026-2056为队列成分法推算[假设路径]；生育TFR 2023=751→2046=938对齐官方推算[真实数据路径形状]；净迁移总量级对齐官方推算、年龄权重偏劳动年龄[假设]
2034,55-59,劳动年龄15-64,女,311027.9,31.1028,高,混合,[混合] 基准人口锚点=C&SD表110-01001A年中人口(不含外佣)；2026-2056为队列成分法推算[假设路径]；生育TFR 2023=751→2046=938对齐官方推算[真实数据路径形状]；净迁移总量级对齐官方推算、年龄权重偏劳动年龄[假设]
2034,60-64,劳动年龄15-64,女,322686.0,32.2686,高,混合,[混合] 基准人口锚点=C&SD表110-01001A年中人口(不含外佣)；2026-2056为队列成分法推算[假设路径]；生育TFR 2023=751→2046=938对齐官方推算[真实数据路径形状]；净迁移总量级对齐官方推算、年龄权重偏劳动年龄[假设]
2034,65-69,退休65+,女,328251.0,32.8251,高,混合,[混合] 基准人口锚点=C&SD表110-01001A年中人口(不含外佣)；2026-2056为队列成分法推算[假设路径]；生育TFR 2023=751→2046=938对齐官方推算[真实数据路径形状]；净迁移总量级对齐官方推算、年龄权重偏劳动年龄[假设]
2034,70-74,退休65+,女,320047.9,32.0048,高,混合,[混合] 基准人口锚点=C&SD表110-01001A年中人口(不含外佣)；2026-2056为队列成分法推算[假设路径]；生育TFR 2023=751→2046=938对齐官方推算[真实数据路径形状]；净迁移总量级对齐官方推算、年龄权重偏劳动年龄[假设]
2034,75-79,退休65+,女,271293.1,27.1293,高,混合,[混合] 基准人口锚点=C&SD表110-01001A年中人口(不含外佣)；2026-2056为队列成分法推算[假设路径]；生育TFR 2023=751→2046=938对齐官方推算[真实数据路径形状]；净迁移总量级对齐官方推算、年龄权重偏劳动年龄[假设]
2034,80-84,退休65+,女,200892.9,20.0893,高,混合,[混合] 基准人口锚点=C&SD表110-01001A年中人口(不含外佣)；2026-2056为队列成分法推算[假设路径]；生育TFR 2023=751→2046=938对齐官方推算[真实数据路径形状]；净迁移总量级对齐官方推算、年龄权重偏劳动年龄[假设]
2034,85+,退休65+,女,223037.9,22.3038,高,混合,[混合] 基准人口锚点=C&SD表110-01001A年中人口(不含外佣)；2026-2056为队列成分法推算[假设路径]；生育TFR 2023=751→2046=938对齐官方推算[真实数据路径形状]；净迁移总量级对齐官方推算、年龄权重偏劳动年龄[假设]
2034,0-4,少儿0-14,男,93854.8,9.3855,高,混合,[混合] 基准人口锚点=C&SD表110-01001A年中人口(不含外佣)；2026-2056为队列成分法推算[假设路径]；生育TFR 2023=751→2046=938对齐官方推算[真实数据路径形状]；净迁移总量级对齐官方推算、年龄权重偏劳动年龄[假设]
2034,10-14,少儿0-14,男,106509.2,10.6509,高,混合,[混合] 基准人口锚点=C&SD表110-01001A年中人口(不含外佣)；2026-2056为队列成分法推算[假设路径]；生育TFR 2023=751→2046=938对齐官方推算[真实数据路径形状]；净迁移总量级对齐官方推算、年龄权重偏劳动年龄[假设]
2034,15-19,劳动年龄15-64,男,149353.8,14.9354,高,混合,[混合] 基准人口锚点=C&SD表110-01001A年中人口(不含外佣)；2026-2056为队列成分法推算[假设路径]；生育TFR 2023=751→2046=938对齐官方推算[真实数据路径形状]；净迁移总量级对齐官方推算、年龄权重偏劳动年龄[假设]
2034,20-24,劳动年龄15-64,男,174908.9,17.4909,高,混合,[混合] 基准人口锚点=C&SD表110-01001A年中人口(不含外佣)；2026-2056为队列成分法推算[假设路径]；生育TFR 2023=751→2046=938对齐官方推算[真实数据路径形状]；净迁移总量级对齐官方推算、年龄权重偏劳动年龄[假设]
2034,25-29,劳动年龄15-64,男,175248.4,17.5248,高,混合,[混合] 基准人口锚点=C&SD表110-01001A年中人口(不含外佣)；2026-2056为队列成分法推算[假设路径]；生育TFR 2023=751→2046=938对齐官方推算[真实数据路径形状]；净迁移总量级对齐官方推算、年龄权重偏劳动年龄[假设]
2034,30-34,劳动年龄15-64,男,188151.0,18.8151,高,混合,[混合] 基准人口锚点=C&SD表110-01001A年中人口(不含外佣)；2026-2056为队列成分法推算[假设路径]；生育TFR 2023=751→2046=938对齐官方推算[真实数据路径形状]；净迁移总量级对齐官方推算、年龄权重偏劳动年龄[假设]
2034,35-39,劳动年龄15-64,男,226931.7,22.6932,高,混合,[混合] 基准人口锚点=C&SD表110-01001A年中人口(不含外佣)；2026-2056为队列成分法推算[假设路径]；生育TFR 2023=751→2046=938对齐官方推算[真实数据路径形状]；净迁移总量级对齐官方推算、年龄权重偏劳动年龄[假设]
2034,40-44,劳动年龄15-64,男,257130.6,25.7131,高,混合,[混合] 基准人口锚点=C&SD表110-01001A年中人口(不含外佣)；2026-2056为队列成分法推算[假设路径]；生育TFR 2023=751→2046=938对齐官方推算[真实数据路径形状]；净迁移总量级对齐官方推算、年龄权重偏劳动年龄[假设]
2034,45-49,劳动年龄15-64,男,260200.7,26.0201,高,混合,[混合] 基准人口锚点=C&SD表110-01001A年中人口(不含外佣)；2026-2056为队列成分法推算[假设路径]；生育TFR 2023=751→2046=938对齐官方推算[真实数据路径形状]；净迁移总量级对齐官方推算、年龄权重偏劳动年龄[假设]
2034,5-9,少儿0-14,男,95255.9,9.5256,高,混合,[混合] 基准人口锚点=C&SD表110-01001A年中人口(不含外佣)；2026-2056为队列成分法推算[假设路径]；生育TFR 2023=751→2046=938对齐官方推算[真实数据路径形状]；净迁移总量级对齐官方推算、年龄权重偏劳动年龄[假设]
2034,50-54,劳动年龄15-64,男,252587.9,25.2588,高,混合,[混合] 基准人口锚点=C&SD表110-01001A年中人口(不含外佣)；2026-2056为队列成分法推算[假设路径]；生育TFR 2023=751→2046=938对齐官方推算[真实数据路径形状]；净迁移总量级对齐官方推算、年龄权重偏劳动年龄[假设]
2034,55-59,劳动年龄15-64,男,249131.0,24.9131,高,混合,[混合] 基准人口锚点=C&SD表110-01001A年中人口(不含外佣)；2026-2056为队列成分法推算[假设路径]；生育TFR 2023=751→2046=938对齐官方推算[真实数据路径形状]；净迁移总量级对齐官方推算、年龄权重偏劳动年龄[假设]
2034,60-64,劳动年龄15-64,男,251181.4,25.1181,高,混合,[混合] 基准人口锚点=C&SD表110-01001A年中人口(不含外佣)；2026-2056为队列成分法推算[假设路径]；生育TFR 2023=751→2046=938对齐官方推算[真实数据路径形状]；净迁移总量级对齐官方推算、年龄权重偏劳动年龄[假设]
2034,65-69,退休65+,男,255667.1,25.5667,高,混合,[混合] 基准人口锚点=C&SD表110-01001A年中人口(不含外佣)；2026-2056为队列成分法推算[假设路径]；生育TFR 2023=751→2046=938对齐官方推算[真实数据路径形状]；净迁移总量级对齐官方推算、年龄权重偏劳动年龄[假设]
2034,70-74,退休65+,男,266185.1,26.6185,高,混合,[混合] 基准人口锚点=C&SD表110-01001A年中人口(不含外佣)；2026-2056为队列成分法推算[假设路径]；生育TFR 2023=751→2046=938对齐官方推算[真实数据路径形状]；净迁移总量级对齐官方推算、年龄权重偏劳动年龄[假设]
2034,75-79,退休65+,男,235596.4,23.5596,高,混合,[混合] 基准人口锚点=C&SD表110-01001A年中人口(不含外佣)；2026-2056为队列成分法推算[假设路径]；生育TFR 2023=751→2046=938对齐官方推算[真实数据路径形状]；净迁移总量级对齐官方推算、年龄权重偏劳动年龄[假设]
2034,80-84,退休65+,男,163716.7,16.3717,高,混合,[混合] 基准人口锚点=C&SD表110-01001A年中人口(不含外佣)；2026-2056为队列成分法推算[假设路径]；生育TFR 2023=751→2046=938对齐官方推算[真实数据路径形状]；净迁移总量级对齐官方推算、年龄权重偏劳动年龄[假设]
2034,85+,退休65+,男,156882.4,15.6882,高,混合,[混合] 基准人口锚点=C&SD表110-01001A年中人口(不含外佣)；2026-2056为队列成分法推算[假设路径]；生育TFR 2023=751→2046=938对齐官方推算[真实数据路径形状]；净迁移总量级对齐官方推算、年龄权重偏劳动年龄[假设]
2035,0-4,少儿0-14,女,89077.4,8.9077,高,混合,[混合] 基准人口锚点=C&SD表110-01001A年中人口(不含外佣)；2026-2056为队列成分法推算[假设路径]；生育TFR 2023=751→2046=938对齐官方推算[真实数据路径形状]；净迁移总量级对齐官方推算、年龄权重偏劳动年龄[假设]
2035,10-14,少儿0-14,女,92854.5,9.2855,高,混合,[混合] 基准人口锚点=C&SD表110-01001A年中人口(不含外佣)；2026-2056为队列成分法推算[假设路径]；生育TFR 2023=751→2046=938对齐官方推算[真实数据路径形状]；净迁移总量级对齐官方推算、年龄权重偏劳动年龄[假设]
2035,15-19,劳动年龄15-64,女,137786.4,13.7786,高,混合,[混合] 基准人口锚点=C&SD表110-01001A年中人口(不含外佣)；2026-2056为队列成分法推算[假设路径]；生育TFR 2023=751→2046=938对齐官方推算[真实数据路径形状]；净迁移总量级对齐官方推算、年龄权重偏劳动年龄[假设]
2035,20-24,劳动年龄15-64,女,168989.2,16.8989,高,混合,[混合] 基准人口锚点=C&SD表110-01001A年中人口(不含外佣)；2026-2056为队列成分法推算[假设路径]；生育TFR 2023=751→2046=938对齐官方推算[真实数据路径形状]；净迁移总量级对齐官方推算、年龄权重偏劳动年龄[假设]
2035,25-29,劳动年龄15-64,女,173555.2,17.3555,高,混合,[混合] 基准人口锚点=C&SD表110-01001A年中人口(不含外佣)；2026-2056为队列成分法推算[假设路径]；生育TFR 2023=751→2046=938对齐官方推算[真实数据路径形状]；净迁移总量级对齐官方推算、年龄权重偏劳动年龄[假设]
2035,30-34,劳动年龄15-64,女,183738.4,18.3738,高,混合,[混合] 基准人口锚点=C&SD表110-01001A年中人口(不含外佣)；2026-2056为队列成分法推算[假设路径]；生育TFR 2023=751→2046=938对齐官方推算[真实数据路径形状]；净迁移总量级对齐官方推算、年龄权重偏劳动年龄[假设]
2035,35-39,劳动年龄15-64,女,215548.8,21.5549,高,混合,[混合] 基准人口锚点=C&SD表110-01001A年中人口(不含外佣)；2026-2056为队列成分法推算[假设路径]；生育TFR 2023=751→2046=938对齐官方推算[真实数据路径形状]；净迁移总量级对齐官方推算、年龄权重偏劳动年龄[假设]
2035,40-44,劳动年龄15-64,女,259440.6,25.9441,高,混合,[混合] 基准人口锚点=C&SD表110-01001A年中人口(不含外佣)；2026-2056为队列成分法推算[假设路径]；生育TFR 2023=751→2046=938对齐官方推算[真实数据路径形状]；净迁移总量级对齐官方推算、年龄权重偏劳动年龄[假设]
2035,45-49,劳动年龄15-64,女,279238.6,27.9239,高,混合,[混合] 基准人口锚点=C&SD表110-01001A年中人口(不含外佣)；2026-2056为队列成分法推算[假设路径]；生育TFR 2023=751→2046=938对齐官方推算[真实数据路径形状]；净迁移总量级对齐官方推算、年龄权重偏劳动年龄[假设]
2035,5-9,少儿0-14,女,92634.4,9.2634,高,混合,[混合] 基准人口锚点=C&SD表110-01001A年中人口(不含外佣)；2026-2056为队列成分法推算[假设路径]；生育TFR 2023=751→2046=938对齐官方推算[真实数据路径形状]；净迁移总量级对齐官方推算、年龄权重偏劳动年龄[假设]
2035,50-54,劳动年龄15-64,女,296978.0,29.6978,高,混合,[混合] 基准人口锚点=C&SD表110-01001A年中人口(不含外佣)；2026-2056为队列成分法推算[假设路径]；生育TFR 2023=751→2046=938对齐官方推算[真实数据路径形状]；净迁移总量级对齐官方推算、年龄权重偏劳动年龄[假设]
2035,55-59,劳动年龄15-64,女,309737.8,30.9738,高,混合,[混合] 基准人口锚点=C&SD表110-01001A年中人口(不含外佣)；2026-2056为队列成分法推算[假设路径]；生育TFR 2023=751→2046=938对齐官方推算[真实数据路径形状]；净迁移总量级对齐官方推算、年龄权重偏劳动年龄[假设]
2035,60-64,劳动年龄15-64,女,323550.6,32.3551,高,混合,[混合] 基准人口锚点=C&SD表110-01001A年中人口(不含外佣)；2026-2056为队列成分法推算[假设路径]；生育TFR 2023=751→2046=938对齐官方推算[真实数据路径形状]；净迁移总量级对齐官方推算、年龄权重偏劳动年龄[假设]
2035,65-69,退休65+,女,325113.0,32.5113,高,混合,[混合] 基准人口锚点=C&SD表110-01001A年中人口(不含外佣)；2026-2056为队列成分法推算[假设路径]；生育TFR 2023=751→2046=938对齐官方推算[真实数据路径形状]；净迁移总量级对齐官方推算、年龄权重偏劳动年龄[假设]
2035,70-74,退休65+,女,326284.9,32.6285,高,混合,[混合] 基准人口锚点=C&SD表110-01001A年中人口(不含外佣)；2026-2056为队列成分法推算[假设路径]；生育TFR 2023=751→2046=938对齐官方推算[真实数据路径形状]；净迁移总量级对齐官方推算、年龄权重偏劳动年龄[假设]
2035,75-79,退休65+,女,281951.3,28.1951,高,混合,[混合] 基准人口锚点=C&SD表110-01001A年中人口(不含外佣)；2026-2056为队列成分法推算[假设路径]；生育TFR 2023=751→2046=938对齐官方推算[真实数据路径形状]；净迁移总量级对齐官方推算、年龄权重偏劳动年龄[假设]
2035,80-84,退休65+,女,211382.2,21.1382,高,混合,[混合] 基准人口锚点=C&SD表110-01001A年中人口(不含外佣)；2026-2056为队列成分法推算[假设路径]；生育TFR 2023=751→2046=938对齐官方推算[真实数据路径形状]；净迁移总量级对齐官方推算、年龄权重偏劳动年龄[假设]
2035,85+,退休65+,女,237874.2,23.7874,高,混合,[混合] 基准人口锚点=C&SD表110-01001A年中人口(不含外佣)；2026-2056为队列成分法推算[假设路径]；生育TFR 2023=751→2046=938对齐官方推算[真实数据路径形状]；净迁移总量级对齐官方推算、年龄权重偏劳动年龄[假设]
2035,0-4,少儿0-14,男,93930.2,9.393,高,混合,[混合] 基准人口锚点=C&SD表110-01001A年中人口(不含外佣)；2026-2056为队列成分法推算[假设路径]；生育TFR 2023=751→2046=938对齐官方推算[真实数据路径形状]；净迁移总量级对齐官方推算、年龄权重偏劳动年龄[假设]
2035,10-14,少儿0-14,男,99271.6,9.9272,高,混合,[混合] 基准人口锚点=C&SD表110-01001A年中人口(不含外佣)；2026-2056为队列成分法推算[假设路径]；生育TFR 2023=751→2046=938对齐官方推算[真实数据路径形状]；净迁移总量级对齐官方推算、年龄权重偏劳动年龄[假设]
2035,15-19,劳动年龄15-64,男,145655.2,14.5655,高,混合,[混合] 基准人口锚点=C&SD表110-01001A年中人口(不含外佣)；2026-2056为队列成分法推算[假设路径]；生育TFR 2023=751→2046=938对齐官方推算[真实数据路径形状]；净迁移总量级对齐官方推算、年龄权重偏劳动年龄[假设]
2035,20-24,劳动年龄15-64,男,177500.6,17.7501,高,混合,[混合] 基准人口锚点=C&SD表110-01001A年中人口(不含外佣)；2026-2056为队列成分法推算[假设路径]；生育TFR 2023=751→2046=938对齐官方推算[真实数据路径形状]；净迁移总量级对齐官方推算、年龄权重偏劳动年龄[假设]
2035,25-29,劳动年龄15-64,男,179661.4,17.9661,高,混合,[混合] 基准人口锚点=C&SD表110-01001A年中人口(不含外佣)；2026-2056为队列成分法推算[假设路径]；生育TFR 2023=751→2046=938对齐官方推算[真实数据路径形状]；净迁移总量级对齐官方推算、年龄权重偏劳动年龄[假设]
2035,30-34,劳动年龄15-64,男,184873.0,18.4873,高,混合,[混合] 基准人口锚点=C&SD表110-01001A年中人口(不含外佣)；2026-2056为队列成分法推算[假设路径]；生育TFR 2023=751→2046=938对齐官方推算[真实数据路径形状]；净迁移总量级对齐官方推算、年龄权重偏劳动年龄[假设]
2035,35-39,劳动年龄15-64,男,222155.3,22.2155,高,混合,[混合] 基准人口锚点=C&SD表110-01001A年中人口(不含外佣)；2026-2056为队列成分法推算[假设路径]；生育TFR 2023=751→2046=938对齐官方推算[真实数据路径形状]；净迁移总量级对齐官方推算、年龄权重偏劳动年龄[假设]
2035,40-44,劳动年龄15-64,男,258714.6,25.8715,高,混合,[混合] 基准人口锚点=C&SD表110-01001A年中人口(不含外佣)；2026-2056为队列成分法推算[假设路径]；生育TFR 2023=751→2046=938对齐官方推算[真实数据路径形状]；净迁移总量级对齐官方推算、年龄权重偏劳动年龄[假设]
2035,45-49,劳动年龄15-64,男,263173.7,26.3174,高,混合,[混合] 基准人口锚点=C&SD表110-01001A年中人口(不含外佣)；2026-2056为队列成分法推算[假设路径]；生育TFR 2023=751→2046=938对齐官方推算[真实数据路径形状]；净迁移总量级对齐官方推算、年龄权重偏劳动年龄[假设]
2035,5-9,少儿0-14,男,97446.4,9.7446,高,混合,[混合] 基准人口锚点=C&SD表110-01001A年中人口(不含外佣)；2026-2056为队列成分法推算[假设路径]；生育TFR 2023=751→2046=938对齐官方推算[真实数据路径形状]；净迁移总量级对齐官方推算、年龄权重偏劳动年龄[假设]
2035,50-54,劳动年龄15-64,男,256822.4,25.6822,高,混合,[混合] 基准人口锚点=C&SD表110-01001A年中人口(不含外佣)；2026-2056为队列成分法推算[假设路径]；生育TFR 2023=751→2046=938对齐官方推算[真实数据路径形状]；净迁移总量级对齐官方推算、年龄权重偏劳动年龄[假设]
2035,55-59,劳动年龄15-64,男,249338.4,24.9338,高,混合,[混合] 基准人口锚点=C&SD表110-01001A年中人口(不含外佣)；2026-2056为队列成分法推算[假设路径]；生育TFR 2023=751→2046=938对齐官方推算[真实数据路径形状]；净迁移总量级对齐官方推算、年龄权重偏劳动年龄[假设]
2035,60-64,劳动年龄15-64,男,253014.1,25.3014,高,混合,[混合] 基准人口锚点=C&SD表110-01001A年中人口(不含外佣)；2026-2056为队列成分法推算[假设路径]；生育TFR 2023=751→2046=938对齐官方推算[真实数据路径形状]；净迁移总量级对齐官方推算、年龄权重偏劳动年龄[假设]
2035,65-69,退休65+,男,249635.8,24.9636,高,混合,[混合] 基准人口锚点=C&SD表110-01001A年中人口(不含外佣)；2026-2056为队列成分法推算[假设路径]；生育TFR 2023=751→2046=938对齐官方推算[真实数据路径形状]；净迁移总量级对齐官方推算、年龄权重偏劳动年龄[假设]
2035,70-74,退休65+,男,264078.7,26.4079,高,混合,[混合] 基准人口锚点=C&SD表110-01001A年中人口(不含外佣)；2026-2056为队列成分法推算[假设路径]；生育TFR 2023=751→2046=938对齐官方推算[真实数据路径形状]；净迁移总量级对齐官方推算、年龄权重偏劳动年龄[假设]
2035,75-79,退休65+,男,244822.8,24.4823,高,混合,[混合] 基准人口锚点=C&SD表110-01001A年中人口(不含外佣)；2026-2056为队列成分法推算[假设路径]；生育TFR 2023=751→2046=938对齐官方推算[真实数据路径形状]；净迁移总量级对齐官方推算、年龄权重偏劳动年龄[假设]
2035,80-84,退休65+,男,170997.4,17.0997,高,混合,[混合] 基准人口锚点=C&SD表110-01001A年中人口(不含外佣)；2026-2056为队列成分法推算[假设路径]；生育TFR 2023=751→2046=938对齐官方推算[真实数据路径形状]；净迁移总量级对齐官方推算、年龄权重偏劳动年龄[假设]
2035,85+,退休65+,男,167081.6,16.7082,高,混合,[混合] 基准人口锚点=C&SD表110-01001A年中人口(不含外佣)；2026-2056为队列成分法推算[假设路径]；生育TFR 2023=751→2046=938对齐官方推算[真实数据路径形状]；净迁移总量级对齐官方推算、年龄权重偏劳动年龄[假设]
2036,0-4,少儿0-14,女,89345.8,8.9346,高,混合,[混合] 基准人口锚点=C&SD表110-01001A年中人口(不含外佣)；2026-2056为队列成分法推算[假设路径]；生育TFR 2023=751→2046=938对齐官方推算[真实数据路径形状]；净迁移总量级对齐官方推算、年龄权重偏劳动年龄[假设]
2036,10-14,少儿0-14,女,86177.7,8.6178,高,混合,[混合] 基准人口锚点=C&SD表110-01001A年中人口(不含外佣)；2026-2056为队列成分法推算[假设路径]；生育TFR 2023=751→2046=938对齐官方推算[真实数据路径形状]；净迁移总量级对齐官方推算、年龄权重偏劳动年龄[假设]
2036,15-19,劳动年龄15-64,女,134694.1,13.4694,高,混合,[混合] 基准人口锚点=C&SD表110-01001A年中人口(不含外佣)；2026-2056为队列成分法推算[假设路径]；生育TFR 2023=751→2046=938对齐官方推算[真实数据路径形状]；净迁移总量级对齐官方推算、年龄权重偏劳动年龄[假设]
2036,20-24,劳动年龄15-64,女,171298.2,17.1298,高,混合,[混合] 基准人口锚点=C&SD表110-01001A年中人口(不含外佣)；2026-2056为队列成分法推算[假设路径]；生育TFR 2023=751→2046=938对齐官方推算[真实数据路径形状]；净迁移总量级对齐官方推算、年龄权重偏劳动年龄[假设]
2036,25-29,劳动年龄15-64,女,176832.3,17.6832,高,混合,[混合] 基准人口锚点=C&SD表110-01001A年中人口(不含外佣)；2026-2056为队列成分法推算[假设路径]；生育TFR 2023=751→2046=938对齐官方推算[真实数据路径形状]；净迁移总量级对齐官方推算、年龄权重偏劳动年龄[假设]
2036,30-34,劳动年龄15-64,女,182649.6,18.265,高,混合,[混合] 基准人口锚点=C&SD表110-01001A年中人口(不含外佣)；2026-2056为队列成分法推算[假设路径]；生育TFR 2023=751→2046=938对齐官方推算[真实数据路径形状]；净迁移总量级对齐官方推算、年龄权重偏劳动年龄[假设]
2036,35-39,劳动年龄15-64,女,210171.3,21.0171,高,混合,[混合] 基准人口锚点=C&SD表110-01001A年中人口(不含外佣)；2026-2056为队列成分法推算[假设路径]；生育TFR 2023=751→2046=938对齐官方推算[真实数据路径形状]；净迁移总量级对齐官方推算、年龄权重偏劳动年龄[假设]
2036,40-44,劳动年龄15-64,女,259022.6,25.9023,高,混合,[混合] 基准人口锚点=C&SD表110-01001A年中人口(不含外佣)；2026-2056为队列成分法推算[假设路径]；生育TFR 2023=751→2046=938对齐官方推算[真实数据路径形状]；净迁移总量级对齐官方推算、年龄权重偏劳动年龄[假设]
2036,45-49,劳动年龄15-64,女,277896.6,27.7897,高,混合,[混合] 基准人口锚点=C&SD表110-01001A年中人口(不含外佣)；2026-2056为队列成分法推算[假设路径]；生育TFR 2023=751→2046=938对齐官方推算[真实数据路径形状]；净迁移总量级对齐官方推算、年龄权重偏劳动年龄[假设]
2036,5-9,少儿0-14,女,94939.6,9.494,高,混合,[混合] 基准人口锚点=C&SD表110-01001A年中人口(不含外佣)；2026-2056为队列成分法推算[假设路径]；生育TFR 2023=751→2046=938对齐官方推算[真实数据路径形状]；净迁移总量级对齐官方推算、年龄权重偏劳动年龄[假设]
2036,50-54,劳动年龄15-64,女,297636.6,29.7637,高,混合,[混合] 基准人口锚点=C&SD表110-01001A年中人口(不含外佣)；2026-2056为队列成分法推算[假设路径]；生育TFR 2023=751→2046=938对齐官方推算[真实数据路径形状]；净迁移总量级对齐官方推算、年龄权重偏劳动年龄[假设]
2036,55-59,劳动年龄15-64,女,308588.3,30.8588,高,混合,[混合] 基准人口锚点=C&SD表110-01001A年中人口(不含外佣)；2026-2056为队列成分法推算[假设路径]；生育TFR 2023=751→2046=938对齐官方推算[真实数据路径形状]；净迁移总量级对齐官方推算、年龄权重偏劳动年龄[假设]
2036,60-64,劳动年龄15-64,女,324564.8,32.4565,高,混合,[混合] 基准人口锚点=C&SD表110-01001A年中人口(不含外佣)；2026-2056为队列成分法推算[假设路径]；生育TFR 2023=751→2046=938对齐官方推算[真实数据路径形状]；净迁移总量级对齐官方推算、年龄权重偏劳动年龄[假设]
2036,65-69,退休65+,女,322182.6,32.2183,高,混合,[混合] 基准人口锚点=C&SD表110-01001A年中人口(不含外佣)；2026-2056为队列成分法推算[假设路径]；生育TFR 2023=751→2046=938对齐官方推算[真实数据路径形状]；净迁移总量级对齐官方推算、年龄权重偏劳动年龄[假设]
2036,70-74,退休65+,女,332873.1,33.2873,高,混合,[混合] 基准人口锚点=C&SD表110-01001A年中人口(不含外佣)；2026-2056为队列成分法推算[假设路径]；生育TFR 2023=751→2046=938对齐官方推算[真实数据路径形状]；净迁移总量级对齐官方推算、年龄权重偏劳动年龄[假设]
2036,75-79,退休65+,女,292613.0,29.2613,高,混合,[混合] 基准人口锚点=C&SD表110-01001A年中人口(不含外佣)；2026-2056为队列成分法推算[假设路径]；生育TFR 2023=751→2046=938对齐官方推算[真实数据路径形状]；净迁移总量级对齐官方推算、年龄权重偏劳动年龄[假设]
2036,80-84,退休65+,女,221690.3,22.169,高,混合,[混合] 基准人口锚点=C&SD表110-01001A年中人口(不含外佣)；2026-2056为队列成分法推算[假设路径]；生育TFR 2023=751→2046=938对齐官方推算[真实数据路径形状]；净迁移总量级对齐官方推算、年龄权重偏劳动年龄[假设]
2036,85+,退休65+,女,251511.1,25.1511,高,混合,[混合] 基准人口锚点=C&SD表110-01001A年中人口(不含外佣)；2026-2056为队列成分法推算[假设路径]；生育TFR 2023=751→2046=938对齐官方推算[真实数据路径形状]；净迁移总量级对齐官方推算、年龄权重偏劳动年龄[假设]
2036,0-4,少儿0-14,男,94199.5,9.42,高,混合,[混合] 基准人口锚点=C&SD表110-01001A年中人口(不含外佣)；2026-2056为队列成分法推算[假设路径]；生育TFR 2023=751→2046=938对齐官方推算[真实数据路径形状]；净迁移总量级对齐官方推算、年龄权重偏劳动年龄[假设]
2036,10-14,少儿0-14,男,92062.1,9.2062,高,混合,[混合] 基准人口锚点=C&SD表110-01001A年中人口(不含外佣)；2026-2056为队列成分法推算[假设路径]；生育TFR 2023=751→2046=938对齐官方推算[真实数据路径形状]；净迁移总量级对齐官方推算、年龄权重偏劳动年龄[假设]
2036,15-19,劳动年龄15-64,男,141992.6,14.1993,高,混合,[混合] 基准人口锚点=C&SD表110-01001A年中人口(不含外佣)；2026-2056为队列成分法推算[假设路径]；生育TFR 2023=751→2046=938对齐官方推算[真实数据路径形状]；净迁移总量级对齐官方推算、年龄权重偏劳动年龄[假设]
2036,20-24,劳动年龄15-64,男,179739.4,17.9739,高,混合,[混合] 基准人口锚点=C&SD表110-01001A年中人口(不含外佣)；2026-2056为队列成分法推算[假设路径]；生育TFR 2023=751→2046=938对齐官方推算[真实数据路径形状]；净迁移总量级对齐官方推算、年龄权重偏劳动年龄[假设]
2036,25-29,劳动年龄15-64,男,184214.9,18.4215,高,混合,[混合] 基准人口锚点=C&SD表110-01001A年中人口(不含外佣)；2026-2056为队列成分法推算[假设路径]；生育TFR 2023=751→2046=938对齐官方推算[真实数据路径形状]；净迁移总量级对齐官方推算、年龄权重偏劳动年龄[假设]
2036,30-34,劳动年龄15-64,男,181741.8,18.1742,高,混合,[混合] 基准人口锚点=C&SD表110-01001A年中人口(不含外佣)；2026-2056为队列成分法推算[假设路径]；生育TFR 2023=751→2046=938对齐官方推算[真实数据路径形状]；净迁移总量级对齐官方推算、年龄权重偏劳动年龄[假设]
2036,35-39,劳动年龄15-64,男,217533.5,21.7534,高,混合,[混合] 基准人口锚点=C&SD表110-01001A年中人口(不含外佣)；2026-2056为队列成分法推算[假设路径]；生育TFR 2023=751→2046=938对齐官方推算[真实数据路径形状]；净迁移总量级对齐官方推算、年龄权重偏劳动年龄[假设]
2036,40-44,劳动年龄15-64,男,260444.4,26.0444,高,混合,[混合] 基准人口锚点=C&SD表110-01001A年中人口(不含外佣)；2026-2056为队列成分法推算[假设路径]；生育TFR 2023=751→2046=938对齐官方推算[真实数据路径形状]；净迁移总量级对齐官方推算、年龄权重偏劳动年龄[假设]
2036,45-49,劳动年龄15-64,男,266309.1,26.6309,高,混合,[混合] 基准人口锚点=C&SD表110-01001A年中人口(不含外佣)；2026-2056为队列成分法推算[假设路径]；生育TFR 2023=751→2046=938对齐官方推算[真实数据路径形状]；净迁移总量级对齐官方推算、年龄权重偏劳动年龄[假设]
2036,5-9,少儿0-14,男,99405.7,9.9406,高,混合,[混合] 基准人口锚点=C&SD表110-01001A年中人口(不含外佣)；2026-2056为队列成分法推算[假设路径]；生育TFR 2023=751→2046=938对齐官方推算[真实数据路径形状]；净迁移总量级对齐官方推算、年龄权重偏劳动年龄[假设]
2036,50-54,劳动年龄15-64,男,261417.2,26.1417,高,混合,[混合] 基准人口锚点=C&SD表110-01001A年中人口(不含外佣)；2026-2056为队列成分法推算[假设路径]；生育TFR 2023=751→2046=938对齐官方推算[真实数据路径形状]；净迁移总量级对齐官方推算、年龄权重偏劳动年龄[假设]
2036,55-59,劳动年龄15-64,男,249699.6,24.97,高,混合,[混合] 基准人口锚点=C&SD表110-01001A年中人口(不含外佣)；2026-2056为队列成分法推算[假设路径]；生育TFR 2023=751→2046=938对齐官方推算[真实数据路径形状]；净迁移总量级对齐官方推算、年龄权重偏劳动年龄[假设]
2036,60-64,劳动年龄15-64,男,255006.7,25.5007,高,混合,[混合] 基准人口锚点=C&SD表110-01001A年中人口(不含外佣)；2026-2056为队列成分法推算[假设路径]；生育TFR 2023=751→2046=938对齐官方推算[真实数据路径形状]；净迁移总量级对齐官方推算、年龄权重偏劳动年龄[假设]
2036,65-69,退休65+,男,243903.1,24.3903,高,混合,[混合] 基准人口锚点=C&SD表110-01001A年中人口(不含外佣)；2026-2056为队列成分法推算[假设路径]；生育TFR 2023=751→2046=938对齐官方推算[真实数据路径形状]；净迁移总量级对齐官方推算、年龄权重偏劳动年龄[假设]
2036,70-74,退休65+,男,262531.3,26.2531,高,混合,[混合] 基准人口锚点=C&SD表110-01001A年中人口(不含外佣)；2026-2056为队列成分法推算[假设路径]；生育TFR 2023=751→2046=938对齐官方推算[真实数据路径形状]；净迁移总量级对齐官方推算、年龄权重偏劳动年龄[假设]
2036,75-79,退休65+,男,253986.1,25.3986,高,混合,[混合] 基准人口锚点=C&SD表110-01001A年中人口(不含外佣)；2026-2056为队列成分法推算[假设路径]；生育TFR 2023=751→2046=938对齐官方推算[真实数据路径形状]；净迁移总量级对齐官方推算、年龄权重偏劳动年龄[假设]
2036,80-84,退休65+,男,177995.7,17.7996,高,混合,[混合] 基准人口锚点=C&SD表110-01001A年中人口(不含外佣)；2026-2056为队列成分法推算[假设路径]；生育TFR 2023=751→2046=938对齐官方推算[真实数据路径形状]；净迁移总量级对齐官方推算、年龄权重偏劳动年龄[假设]
2036,85+,退休65+,男,176015.3,17.6015,高,混合,[混合] 基准人口锚点=C&SD表110-01001A年中人口(不含外佣)；2026-2056为队列成分法推算[假设路径]；生育TFR 2023=751→2046=938对齐官方推算[真实数据路径形状]；净迁移总量级对齐官方推算、年龄权重偏劳动年龄[假设]
2037,0-4,少儿0-14,女,89723.3,8.9723,高,混合,[混合] 基准人口锚点=C&SD表110-01001A年中人口(不含外佣)；2026-2056为队列成分法推算[假设路径]；生育TFR 2023=751→2046=938对齐官方推算[真实数据路径形状]；净迁移总量级对齐官方推算、年龄权重偏劳动年龄[假设]
2037,10-14,少儿0-14,女,89557.6,8.9558,高,混合,[混合] 基准人口锚点=C&SD表110-01001A年中人口(不含外佣)；2026-2056为队列成分法推算[假设路径]；生育TFR 2023=751→2046=938对齐官方推算[真实数据路径形状]；净迁移总量级对齐官方推算、年龄权重偏劳动年龄[假设]
2037,15-19,劳动年龄15-64,女,128094.8,12.8095,高,混合,[混合] 基准人口锚点=C&SD表110-01001A年中人口(不含外佣)；2026-2056为队列成分法推算[假设路径]；生育TFR 2023=751→2046=938对齐官方推算[真实数据路径形状]；净迁移总量级对齐官方推算、年龄权重偏劳动年龄[假设]
2037,20-24,劳动年龄15-64,女,168497.9,16.8498,高,混合,[混合] 基准人口锚点=C&SD表110-01001A年中人口(不含外佣)；2026-2056为队列成分法推算[假设路径]；生育TFR 2023=751→2046=938对齐官方推算[真实数据路径形状]；净迁移总量级对齐官方推算、年龄权重偏劳动年龄[假设]
2037,25-29,劳动年龄15-64,女,180991.5,18.0992,高,混合,[混合] 基准人口锚点=C&SD表110-01001A年中人口(不含外佣)；2026-2056为队列成分法推算[假设路径]；生育TFR 2023=751→2046=938对齐官方推算[真实数据路径形状]；净迁移总量级对齐官方推算、年龄权重偏劳动年龄[假设]
2037,30-34,劳动年龄15-64,女,185758.3,18.5758,高,混合,[混合] 基准人口锚点=C&SD表110-01001A年中人口(不含外佣)；2026-2056为队列成分法推算[假设路径]；生育TFR 2023=751→2046=938对齐官方推算[真实数据路径形状]；净迁移总量级对齐官方推算、年龄权重偏劳动年龄[假设]
2037,35-39,劳动年龄15-64,女,208922.9,20.8923,高,混合,[混合] 基准人口锚点=C&SD表110-01001A年中人口(不含外佣)；2026-2056为队列成分法推算[假设路径]；生育TFR 2023=751→2046=938对齐官方推算[真实数据路径形状]；净迁移总量级对齐官方推算、年龄权重偏劳动年龄[假设]
2037,40-44,劳动年龄15-64,女,253467.8,25.3468,高,混合,[混合] 基准人口锚点=C&SD表110-01001A年中人口(不含外佣)；2026-2056为队列成分法推算[假设路径]；生育TFR 2023=751→2046=938对齐官方推算[真实数据路径形状]；净迁移总量级对齐官方推算、年龄权重偏劳动年龄[假设]
2037,45-49,劳动年龄15-64,女,277245.4,27.7245,高,混合,[混合] 基准人口锚点=C&SD表110-01001A年中人口(不含外佣)；2026-2056为队列成分法推算[假设路径]；生育TFR 2023=751→2046=938对齐官方推算[真实数据路径形状]；净迁移总量级对齐官方推算、年龄权重偏劳动年龄[假设]
2037,5-9,少儿0-14,女,94605.4,9.4605,高,混合,[混合] 基准人口锚点=C&SD表110-01001A年中人口(不含外佣)；2026-2056为队列成分法推算[假设路径]；生育TFR 2023=751→2046=938对齐官方推算[真实数据路径形状]；净迁移总量级对齐官方推算、年龄权重偏劳动年龄[假设]
2037,50-54,劳动年龄15-64,女,295947.2,29.5947,高,混合,[混合] 基准人口锚点=C&SD表110-01001A年中人口(不含外佣)；2026-2056为队列成分法推算[假设路径]；生育TFR 2023=751→2046=938对齐官方推算[真实数据路径形状]；净迁移总量级对齐官方推算、年龄权重偏劳动年龄[假设]
2037,55-59,劳动年龄15-64,女,308046.5,30.8046,高,混合,[混合] 基准人口锚点=C&SD表110-01001A年中人口(不含外佣)；2026-2056为队列成分法推算[假设路径]；生育TFR 2023=751→2046=938对齐官方推算[真实数据路径形状]；净迁移总量级对齐官方推算、年龄权重偏劳动年龄[假设]
2037,60-64,劳动年龄15-64,女,323176.1,32.3176,高,混合,[混合] 基准人口锚点=C&SD表110-01001A年中人口(不含外佣)；2026-2056为队列成分法推算[假设路径]；生育TFR 2023=751→2046=938对齐官方推算[真实数据路径形状]；净迁移总量级对齐官方推算、年龄权重偏劳动年龄[假设]
2037,65-69,退休65+,女,322840.6,32.2841,高,混合,[混合] 基准人口锚点=C&SD表110-01001A年中人口(不含外佣)；2026-2056为队列成分法推算[假设路径]；生育TFR 2023=751→2046=938对齐官方推算[真实数据路径形状]；净迁移总量级对齐官方推算、年龄权重偏劳动年龄[假设]
2037,70-74,退休65+,女,329341.2,32.9341,高,混合,[混合] 基准人口锚点=C&SD表110-01001A年中人口(不含外佣)；2026-2056为队列成分法推算[假设路径]；生育TFR 2023=751→2046=938对齐官方推算[真实数据路径形状]；净迁移总量级对齐官方推算、年龄权重偏劳动年龄[假设]
2037,75-79,退休65+,女,297846.8,29.7847,高,混合,[混合] 基准人口锚点=C&SD表110-01001A年中人口(不含外佣)；2026-2056为队列成分法推算[假设路径]；生育TFR 2023=751→2046=938对齐官方推算[真实数据路径形状]；净迁移总量级对齐官方推算、年龄权重偏劳动年龄[假设]
2037,80-84,退休65+,女,231947.4,23.1947,高,混合,[混合] 基准人口锚点=C&SD表110-01001A年中人口(不含外佣)；2026-2056为队列成分法推算[假设路径]；生育TFR 2023=751→2046=938对齐官方推算[真实数据路径形状]；净迁移总量级对齐官方推算、年龄权重偏劳动年龄[假设]
2037,85+,退休65+,女,274912.7,27.4913,高,混合,[混合] 基准人口锚点=C&SD表110-01001A年中人口(不含外佣)；2026-2056为队列成分法推算[假设路径]；生育TFR 2023=751→2046=938对齐官方推算[真实数据路径形状]；净迁移总量级对齐官方推算、年龄权重偏劳动年龄[假设]
2037,0-4,少儿0-14,男,94594.6,9.4595,高,混合,[混合] 基准人口锚点=C&SD表110-01001A年中人口(不含外佣)；2026-2056为队列成分法推算[假设路径]；生育TFR 2023=751→2046=938对齐官方推算[真实数据路径形状]；净迁移总量级对齐官方推算、年龄权重偏劳动年龄[假设]
2037,10-14,少儿0-14,男,95052.7,9.5053,高,混合,[混合] 基准人口锚点=C&SD表110-01001A年中人口(不含外佣)；2026-2056为队列成分法推算[假设路径]；生育TFR 2023=751→2046=938对齐官方推算[真实数据路径形状]；净迁移总量级对齐官方推算、年龄权重偏劳动年龄[假设]
2037,15-19,劳动年龄15-64,男,134876.6,13.4877,高,混合,[混合] 基准人口锚点=C&SD表110-01001A年中人口(不含外佣)；2026-2056为队列成分法推算[假设路径]；生育TFR 2023=751→2046=938对齐官方推算[真实数据路径形状]；净迁移总量级对齐官方推算、年龄权重偏劳动年龄[假设]
2037,20-24,劳动年龄15-64,男,176347.0,17.6347,高,混合,[混合] 基准人口锚点=C&SD表110-01001A年中人口(不含外佣)；2026-2056为队列成分法推算[假设路径]；生育TFR 2023=751→2046=938对齐官方推算[真实数据路径形状]；净迁移总量级对齐官方推算、年龄权重偏劳动年龄[假设]
2037,25-29,劳动年龄15-64,男,188148.4,18.8148,高,混合,[混合] 基准人口锚点=C&SD表110-01001A年中人口(不含外佣)；2026-2056为队列成分法推算[假设路径]；生育TFR 2023=751→2046=938对齐官方推算[真实数据路径形状]；净迁移总量级对齐官方推算、年龄权重偏劳动年龄[假设]
2037,30-34,劳动年龄15-64,男,186138.1,18.6138,高,混合,[混合] 基准人口锚点=C&SD表110-01001A年中人口(不含外佣)；2026-2056为队列成分法推算[假设路径]；生育TFR 2023=751→2046=938对齐官方推算[真实数据路径形状]；净迁移总量级对齐官方推算、年龄权重偏劳动年龄[假设]
2037,35-39,劳动年龄15-64,男,214238.9,21.4239,高,混合,[混合] 基准人口锚点=C&SD表110-01001A年中人口(不含外佣)；2026-2056为队列成分法推算[假设路径]；生育TFR 2023=751→2046=938对齐官方推算[真实数据路径形状]；净迁移总量级对齐官方推算、年龄权重偏劳动年龄[假设]
2037,40-44,劳动年龄15-64,男,255636.0,25.5636,高,混合,[混合] 基准人口锚点=C&SD表110-01001A年中人口(不含外佣)；2026-2056为队列成分法推算[假设路径]；生育TFR 2023=751→2046=938对齐官方推算[真实数据路径形状]；净迁移总量级对齐官方推算、年龄权重偏劳动年龄[假设]
2037,45-49,劳动年龄15-64,男,267822.2,26.7822,高,混合,[混合] 基准人口锚点=C&SD表110-01001A年中人口(不含外佣)；2026-2056为队列成分法推算[假设路径]；生育TFR 2023=751→2046=938对齐官方推算[真实数据路径形状]；净迁移总量级对齐官方推算、年龄权重偏劳动年龄[假设]
2037,5-9,少儿0-14,男,99022.1,9.9022,高,混合,[混合] 基准人口锚点=C&SD表110-01001A年中人口(不含外佣)；2026-2056为队列成分法推算[假设路径]；生育TFR 2023=751→2046=938对齐官方推算[真实数据路径形状]；净迁移总量级对齐官方推算、年龄权重偏劳动年龄[假设]
2037,50-54,劳动年龄15-64,男,264157.2,26.4157,高,混合,[混合] 基准人口锚点=C&SD表110-01001A年中人口(不含外佣)；2026-2056为队列成分法推算[假设路径]；生育TFR 2023=751→2046=938对齐官方推算[真实数据路径形状]；净迁移总量级对齐官方推算、年龄权重偏劳动年龄[假设]
2037,55-59,劳动年龄15-64,男,253152.8,25.3153,高,混合,[混合] 基准人口锚点=C&SD表110-01001A年中人口(不含外佣)；2026-2056为队列成分法推算[假设路径]；生育TFR 2023=751→2046=938对齐官方推算[真实数据路径形状]；净迁移总量级对齐官方推算、年龄权重偏劳动年龄[假设]
2037,60-64,劳动年龄15-64,男,255062.9,25.5063,高,混合,[混合] 基准人口锚点=C&SD表110-01001A年中人口(不含外佣)；2026-2056为队列成分法推算[假设路径]；生育TFR 2023=751→2046=938对齐官方推算[真实数据路径形状]；净迁移总量级对齐官方推算、年龄权重偏劳动年龄[假设]
2037,65-69,退休65+,男,245486.3,24.5486,高,混合,[混合] 基准人口锚点=C&SD表110-01001A年中人口(不含外佣)；2026-2056为队列成分法推算[假设路径]；生育TFR 2023=751→2046=938对齐官方推算[真实数据路径形状]；净迁移总量级对齐官方推算、年龄权重偏劳动年龄[假设]
2037,70-74,退休65+,男,256145.7,25.6146,高,混合,[混合] 基准人口锚点=C&SD表110-01001A年中人口(不含外佣)；2026-2056为队列成分法推算[假设路径]；生育TFR 2023=751→2046=938对齐官方推算[真实数据路径形状]；净迁移总量级对齐官方推算、年龄权重偏劳动年龄[假设]
2037,75-79,退休65+,男,250815.8,25.0816,高,混合,[混合] 基准人口锚点=C&SD表110-01001A年中人口(不含外佣)；2026-2056为队列成分法推算[假设路径]；生育TFR 2023=751→2046=938对齐官方推算[真实数据路径形状]；净迁移总量级对齐官方推算、年龄权重偏劳动年龄[假设]
2037,80-84,退休65+,男,186749.2,18.6749,高,混合,[混合] 基准人口锚点=C&SD表110-01001A年中人口(不含外佣)；2026-2056为队列成分法推算[假设路径]；生育TFR 2023=751→2046=938对齐官方推算[真实数据路径形状]；净迁移总量级对齐官方推算、年龄权重偏劳动年龄[假设]
2037,85+,退休65+,男,192387.6,19.2388,高,混合,[混合] 基准人口锚点=C&SD表110-01001A年中人口(不含外佣)；2026-2056为队列成分法推算[假设路径]；生育TFR 2023=751→2046=938对齐官方推算[真实数据路径形状]；净迁移总量级对齐官方推算、年龄权重偏劳动年龄[假设]
2038,0-4,少儿0-14,女,90275.7,9.0276,高,混合,[混合] 基准人口锚点=C&SD表110-01001A年中人口(不含外佣)；2026-2056为队列成分法推算[假设路径]；生育TFR 2023=751→2046=938对齐官方推算[真实数据路径形状]；净迁移总量级对齐官方推算、年龄权重偏劳动年龄[假设]
2038,10-14,少儿0-14,女,92620.6,9.2621,高,混合,[混合] 基准人口锚点=C&SD表110-01001A年中人口(不含外佣)；2026-2056为队列成分法推算[假设路径]；生育TFR 2023=751→2046=938对齐官方推算[真实数据路径形状]；净迁移总量级对齐官方推算、年龄权重偏劳动年龄[假设]
2038,15-19,劳动年龄15-64,女,121271.7,12.1272,高,混合,[混合] 基准人口锚点=C&SD表110-01001A年中人口(不含外佣)；2026-2056为队列成分法推算[假设路径]；生育TFR 2023=751→2046=938对齐官方推算[真实数据路径形状]；净迁移总量级对齐官方推算、年龄权重偏劳动年龄[假设]
2038,20-24,劳动年龄15-64,女,165430.7,16.5431,高,混合,[混合] 基准人口锚点=C&SD表110-01001A年中人口(不含外佣)；2026-2056为队列成分法推算[假设路径]；生育TFR 2023=751→2046=938对齐官方推算[真实数据路径形状]；净迁移总量级对齐官方推算、年龄权重偏劳动年龄[假设]
2038,25-29,劳动年龄15-64,女,184526.7,18.4527,高,混合,[混合] 基准人口锚点=C&SD表110-01001A年中人口(不含外佣)；2026-2056为队列成分法推算[假设路径]；生育TFR 2023=751→2046=938对齐官方推算[真实数据路径形状]；净迁移总量级对齐官方推算、年龄权重偏劳动年龄[假设]
2038,30-34,劳动年龄15-64,女,188714.1,18.8714,高,混合,[混合] 基准人口锚点=C&SD表110-01001A年中人口(不含外佣)；2026-2056为队列成分法推算[假设路径]；生育TFR 2023=751→2046=938对齐官方推算[真实数据路径形状]；净迁移总量级对齐官方推算、年龄权重偏劳动年龄[假设]
2038,35-39,劳动年龄15-64,女,207521.1,20.7521,高,混合,[混合] 基准人口锚点=C&SD表110-01001A年中人口(不含外佣)；2026-2056为队列成分法推算[假设路径]；生育TFR 2023=751→2046=938对齐官方推算[真实数据路径形状]；净迁移总量级对齐官方推算、年龄权重偏劳动年龄[假设]
2038,40-44,劳动年龄15-64,女,247766.9,24.7767,高,混合,[混合] 基准人口锚点=C&SD表110-01001A年中人口(不含外佣)；2026-2056为队列成分法推算[假设路径]；生育TFR 2023=751→2046=938对齐官方推算[真实数据路径形状]；净迁移总量级对齐官方推算、年龄权重偏劳动年龄[假设]
2038,45-49,劳动年龄15-64,女,276539.6,27.654,高,混合,[混合] 基准人口锚点=C&SD表110-01001A年中人口(不含外佣)；2026-2056为队列成分法推算[假设路径]；生育TFR 2023=751→2046=938对齐官方推算[真实数据路径形状]；净迁移总量级对齐官方推算、年龄权重偏劳动年龄[假设]
2038,5-9,少儿0-14,女,94369.0,9.4369,高,混合,[混合] 基准人口锚点=C&SD表110-01001A年中人口(不含外佣)；2026-2056为队列成分法推算[假设路径]；生育TFR 2023=751→2046=938对齐官方推算[真实数据路径形状]；净迁移总量级对齐官方推算、年龄权重偏劳动年龄[假设]
2038,50-54,劳动年龄15-64,女,294230.7,29.4231,高,混合,[混合] 基准人口锚点=C&SD表110-01001A年中人口(不含外佣)；2026-2056为队列成分法推算[假设路径]；生育TFR 2023=751→2046=938对齐官方推算[真实数据路径形状]；净迁移总量级对齐官方推算、年龄权重偏劳动年龄[假设]
2038,55-59,劳动年龄15-64,女,307674.6,30.7675,高,混合,[混合] 基准人口锚点=C&SD表110-01001A年中人口(不含外佣)；2026-2056为队列成分法推算[假设路径]；生育TFR 2023=751→2046=938对齐官方推算[真实数据路径形状]；净迁移总量级对齐官方推算、年龄权重偏劳动年龄[假设]
2038,60-64,劳动年龄15-64,女,321741.6,32.1742,高,混合,[混合] 基准人口锚点=C&SD表110-01001A年中人口(不含外佣)；2026-2056为队列成分法推算[假设路径]；生育TFR 2023=751→2046=938对齐官方推算[真实数据路径形状]；净迁移总量级对齐官方推算、年龄权重偏劳动年龄[假设]
2038,65-69,退休65+,女,323565.9,32.3566,高,混合,[混合] 基准人口锚点=C&SD表110-01001A年中人口(不含外佣)；2026-2056为队列成分法推算[假设路径]；生育TFR 2023=751→2046=938对齐官方推算[真实数据路径形状]；净迁移总量级对齐官方推算、年龄权重偏劳动年龄[假设]
2038,70-74,退休65+,女,325971.2,32.5971,高,混合,[混合] 基准人口锚点=C&SD表110-01001A年中人口(不含外佣)；2026-2056为队列成分法推算[假设路径]；生育TFR 2023=751→2046=938对齐官方推算[真实数据路径形状]；净迁移总量级对齐官方推算、年龄权重偏劳动年龄[假设]
2038,75-79,退休65+,女,303309.6,30.331,高,混合,[混合] 基准人口锚点=C&SD表110-01001A年中人口(不含外佣)；2026-2056为队列成分法推算[假设路径]；生育TFR 2023=751→2046=938对齐官方推算[真实数据路径形状]；净迁移总量级对齐官方推算、年龄权重偏劳动年龄[假设]
2038,80-84,退休65+,女,242000.6,24.2001,高,混合,[混合] 基准人口锚点=C&SD表110-01001A年中人口(不含外佣)；2026-2056为队列成分法推算[假设路径]；生育TFR 2023=751→2046=938对齐官方推算[真实数据路径形状]；净迁移总量级对齐官方推算、年龄权重偏劳动年龄[假设]
2038,85+,退休65+,女,296538.1,29.6538,高,混合,[混合] 基准人口锚点=C&SD表110-01001A年中人口(不含外佣)；2026-2056为队列成分法推算[假设路径]；生育TFR 2023=751→2046=938对齐官方推算[真实数据路径形状]；净迁移总量级对齐官方推算、年龄权重偏劳动年龄[假设]
2038,0-4,少儿0-14,男,95183.4,9.5183,高,混合,[混合] 基准人口锚点=C&SD表110-01001A年中人口(不含外佣)；2026-2056为队列成分法推算[假设路径]；生育TFR 2023=751→2046=938对齐官方推算[真实数据路径形状]；净迁移总量级对齐官方推算、年龄权重偏劳动年龄[假设]
2038,10-14,少儿0-14,男,97739.5,9.7739,高,混合,[混合] 基准人口锚点=C&SD表110-01001A年中人口(不含外佣)；2026-2056为队列成分法推算[假设路径]；生育TFR 2023=751→2046=938对齐官方推算[真实数据路径形状]；净迁移总量级对齐官方推算、年龄权重偏劳动年龄[假设]
2038,15-19,劳动年龄15-64,男,127549.4,12.7549,高,混合,[混合] 基准人口锚点=C&SD表110-01001A年中人口(不含外佣)；2026-2056为队列成分法推算[假设路径]；生育TFR 2023=751→2046=938对齐官方推算[真实数据路径形状]；净迁移总量级对齐官方推算、年龄权重偏劳动年龄[假设]
2038,20-24,劳动年龄15-64,男,172708.7,17.2709,高,混合,[混合] 基准人口锚点=C&SD表110-01001A年中人口(不含外佣)；2026-2056为队列成分法推算[假设路径]；生育TFR 2023=751→2046=938对齐官方推算[真实数据路径形状]；净迁移总量级对齐官方推算、年龄权重偏劳动年龄[假设]
2038,25-29,劳动年龄15-64,男,191509.1,19.1509,高,混合,[混合] 基准人口锚点=C&SD表110-01001A年中人口(不含外佣)；2026-2056为队列成分法推算[假设路径]；生育TFR 2023=751→2046=938对齐官方推算[真实数据路径形状]；净迁移总量级对齐官方推算、年龄权重偏劳动年龄[假设]
2038,30-34,劳动年龄15-64,男,190392.7,19.0393,高,混合,[混合] 基准人口锚点=C&SD表110-01001A年中人口(不含外佣)；2026-2056为队列成分法推算[假设路径]；生育TFR 2023=751→2046=938对齐官方推算[真实数据路径形状]；净迁移总量级对齐官方推算、年龄权重偏劳动年龄[假设]
2038,35-39,劳动年龄15-64,男,210809.5,21.081,高,混合,[混合] 基准人口锚点=C&SD表110-01001A年中人口(不含外佣)；2026-2056为队列成分法推算[假设路径]；生育TFR 2023=751→2046=938对齐官方推算[真实数据路径形状]；净迁移总量级对齐官方推算、年龄权重偏劳动年龄[假设]
2038,40-44,劳动年龄15-64,男,250703.8,25.0704,高,混合,[混合] 基准人口锚点=C&SD表110-01001A年中人口(不含外佣)；2026-2056为队列成分法推算[假设路径]；生育TFR 2023=751→2046=938对齐官方推算[真实数据路径形状]；净迁移总量级对齐官方推算、年龄权重偏劳动年龄[假设]
2038,45-49,劳动年龄15-64,男,269285.1,26.9285,高,混合,[混合] 基准人口锚点=C&SD表110-01001A年中人口(不含外佣)；2026-2056为队列成分法推算[假设路径]；生育TFR 2023=751→2046=938对齐官方推算[真实数据路径形状]；净迁移总量级对齐官方推算、年龄权重偏劳动年龄[假设]
2038,5-9,少儿0-14,男,98752.2,9.8752,高,混合,[混合] 基准人口锚点=C&SD表110-01001A年中人口(不含外佣)；2026-2056为队列成分法推算[假设路径]；生育TFR 2023=751→2046=938对齐官方推算[真实数据路径形状]；净迁移总量级对齐官方推算、年龄权重偏劳动年龄[假设]
2038,50-54,劳动年龄15-64,男,266883.6,26.6884,高,混合,[混合] 基准人口锚点=C&SD表110-01001A年中人口(不含外佣)；2026-2056为队列成分法推算[假设路径]；生育TFR 2023=751→2046=938对齐官方推算[真实数据路径形状]；净迁移总量级对齐官方推算、年龄权重偏劳动年龄[假设]
2038,55-59,劳动年龄15-64,男,256756.9,25.6757,高,混合,[混合] 基准人口锚点=C&SD表110-01001A年中人口(不含外佣)；2026-2056为队列成分法推算[假设路径]；生育TFR 2023=751→2046=938对齐官方推算[真实数据路径形状]；净迁移总量级对齐官方推算、年龄权重偏劳动年龄[假设]
2038,60-64,劳动年龄15-64,男,255099.3,25.5099,高,混合,[混合] 基准人口锚点=C&SD表110-01001A年中人口(不含外佣)；2026-2056为队列成分法推算[假设路径]；生育TFR 2023=751→2046=938对齐官方推算[真实数据路径形状]；净迁移总量级对齐官方推算、年龄权重偏劳动年龄[假设]
2038,65-69,退休65+,男,247150.6,24.7151,高,混合,[混合] 基准人口锚点=C&SD表110-01001A年中人口(不含外佣)；2026-2056为队列成分法推算[假设路径]；生育TFR 2023=751→2046=938对齐官方推算[真实数据路径形状]；净迁移总量级对齐官方推算、年龄权重偏劳动年龄[假设]
2038,70-74,退休65+,男,250037.7,25.0038,高,混合,[混合] 基准人口锚点=C&SD表110-01001A年中人口(不含外佣)；2026-2056为队列成分法推算[假设路径]；生育TFR 2023=751→2046=938对齐官方推算[真实数据路径形状]；净迁移总量级对齐官方推算、年龄权重偏劳动年龄[假设]
2038,75-79,退休65+,男,248127.3,24.8127,高,混合,[混合] 基准人口锚点=C&SD表110-01001A年中人口(不含外佣)；2026-2056为队列成分法推算[假设路径]；生育TFR 2023=751→2046=938对齐官方推算[真实数据路径形状]；净迁移总量级对齐官方推算、年龄权重偏劳动年龄[假设]
2038,80-84,退休65+,男,195146.3,19.5146,高,混合,[混合] 基准人口锚点=C&SD表110-01001A年中人口(不含外佣)；2026-2056为队列成分法推算[假设路径]；生育TFR 2023=751→2046=938对齐官方推算[真实数据路径形状]；净迁移总量级对齐官方推算、年龄权重偏劳动年龄[假设]
2038,85+,退休65+,男,207009.1,20.7009,高,混合,[混合] 基准人口锚点=C&SD表110-01001A年中人口(不含外佣)；2026-2056为队列成分法推算[假设路径]；生育TFR 2023=751→2046=938对齐官方推算[真实数据路径形状]；净迁移总量级对齐官方推算、年龄权重偏劳动年龄[假设]
2039,0-4,少儿0-14,女,90985.1,9.0985,高,混合,[混合] 基准人口锚点=C&SD表110-01001A年中人口(不含外佣)；2026-2056为队列成分法推算[假设路径]；生育TFR 2023=751→2046=938对齐官方推算[真实数据路径形状]；净迁移总量级对齐官方推算、年龄权重偏劳动年龄[假设]
2039,10-14,少儿0-14,女,95366.0,9.5366,高,混合,[混合] 基准人口锚点=C&SD表110-01001A年中人口(不含外佣)；2026-2056为队列成分法推算[假设路径]；生育TFR 2023=751→2046=938对齐官方推算[真实数据路径形状]；净迁移总量级对齐官方推算、年龄权重偏劳动年龄[假设]
2039,15-19,劳动年龄15-64,女,114270.7,11.4271,高,混合,[混合] 基准人口锚点=C&SD表110-01001A年中人口(不含外佣)；2026-2056为队列成分法推算[假设路径]；生育TFR 2023=751→2046=938对齐官方推算[真实数据路径形状]；净迁移总量级对齐官方推算、年龄权重偏劳动年龄[假设]
2039,20-24,劳动年龄15-64,女,162096.5,16.2096,高,混合,[混合] 基准人口锚点=C&SD表110-01001A年中人口(不含外佣)；2026-2056为队列成分法推算[假设路径]；生育TFR 2023=751→2046=938对齐官方推算[真实数据路径形状]；净迁移总量级对齐官方推算、年龄权重偏劳动年龄[假设]
2039,25-29,劳动年龄15-64,女,187415.7,18.7416,高,混合,[混合] 基准人口锚点=C&SD表110-01001A年中人口(不含外佣)；2026-2056为队列成分法推算[假设路径]；生育TFR 2023=751→2046=938对齐官方推算[真实数据路径形状]；净迁移总量级对齐官方推算、年龄权重偏劳动年龄[假设]
2039,30-34,劳动年龄15-64,女,191516.9,19.1517,高,混合,[混合] 基准人口锚点=C&SD表110-01001A年中人口(不含外佣)；2026-2056为队列成分法推算[假设路径]；生育TFR 2023=751→2046=938对齐官方推算[真实数据路径形状]；净迁移总量级对齐官方推算、年龄权重偏劳动年龄[假设]
2039,35-39,劳动年龄15-64,女,205966.0,20.5966,高,混合,[混合] 基准人口锚点=C&SD表110-01001A年中人口(不含外佣)；2026-2056为队列成分法推算[假设路径]；生育TFR 2023=751→2046=938对齐官方推算[真实数据路径形状]；净迁移总量级对齐官方推算、年龄权重偏劳动年龄[假设]
2039,40-44,劳动年龄15-64,女,241919.7,24.192,高,混合,[混合] 基准人口锚点=C&SD表110-01001A年中人口(不含外佣)；2026-2056为队列成分法推算[假设路径]；生育TFR 2023=751→2046=938对齐官方推算[真实数据路径形状]；净迁移总量级对齐官方推算、年龄权重偏劳动年龄[假设]
2039,45-49,劳动年龄15-64,女,275756.6,27.5757,高,混合,[混合] 基准人口锚点=C&SD表110-01001A年中人口(不含外佣)；2026-2056为队列成分法推算[假设路径]；生育TFR 2023=751→2046=938对齐官方推算[真实数据路径形状]；净迁移总量级对齐官方推算、年龄权重偏劳动年龄[假设]
2039,5-9,少儿0-14,女,94233.5,9.4233,高,混合,[混合] 基准人口锚点=C&SD表110-01001A年中人口(不含外佣)；2026-2056为队列成分法推算[假设路径]；生育TFR 2023=751→2046=938对齐官方推算[真实数据路径形状]；净迁移总量级对齐官方推算、年龄权重偏劳动年龄[假设]
2039,50-54,劳动年龄15-64,女,292487.1,29.2487,高,混合,[混合] 基准人口锚点=C&SD表110-01001A年中人口(不含外佣)；2026-2056为队列成分法推算[假设路径]；生育TFR 2023=751→2046=938对齐官方推算[真实数据路径形状]；净迁移总量级对齐官方推算、年龄权重偏劳动年龄[假设]
2039,55-59,劳动年龄15-64,女,307482.9,30.7483,高,混合,[混合] 基准人口锚点=C&SD表110-01001A年中人口(不含外佣)；2026-2056为队列成分法推算[假设路径]；生育TFR 2023=751→2046=938对齐官方推算[真实数据路径形状]；净迁移总量级对齐官方推算、年龄权重偏劳动年龄[假设]
2039,60-64,劳动年龄15-64,女,320261.1,32.0261,高,混合,[混合] 基准人口锚点=C&SD表110-01001A年中人口(不含外佣)；2026-2056为队列成分法推算[假设路径]；生育TFR 2023=751→2046=938对齐官方推算[真实数据路径形状]；净迁移总量级对齐官方推算、年龄权重偏劳动年龄[假设]
2039,65-69,退休65+,女,324331.3,32.4331,高,混合,[混合] 基准人口锚点=C&SD表110-01001A年中人口(不含外佣)；2026-2056为队列成分法推算[假设路径]；生育TFR 2023=751→2046=938对齐官方推算[真实数据路径形状]；净迁移总量级对齐官方推算、年龄权重偏劳动年龄[假设]
2039,70-74,退休65+,女,322761.8,32.2762,高,混合,[混合] 基准人口锚点=C&SD表110-01001A年中人口(不含外佣)；2026-2056为队列成分法推算[假设路径]；生育TFR 2023=751→2046=938对齐官方推算[真实数据路径形状]；净迁移总量级对齐官方推算、年龄权重偏劳动年龄[假设]
2039,75-79,退休65+,女,309010.8,30.9011,高,混合,[混合] 基准人口锚点=C&SD表110-01001A年中人口(不含外佣)；2026-2056为队列成分法推算[假设路径]；生育TFR 2023=751→2046=938对齐官方推算[真实数据路径形状]；净迁移总量级对齐官方推算、年龄权重偏劳动年龄[假设]
2039,80-84,退休65+,女,251858.0,25.1858,高,混合,[混合] 基准人口锚点=C&SD表110-01001A年中人口(不含外佣)；2026-2056为队列成分法推算[假设路径]；生育TFR 2023=751→2046=938对齐官方推算[真实数据路径形状]；净迁移总量级对齐官方推算、年龄权重偏劳动年龄[假设]
2039,85+,退休65+,女,316538.5,31.6538,高,混合,[混合] 基准人口锚点=C&SD表110-01001A年中人口(不含外佣)；2026-2056为队列成分法推算[假设路径]；生育TFR 2023=751→2046=938对齐官方推算[真实数据路径形状]；净迁移总量级对齐官方推算、年龄权重偏劳动年龄[假设]
2039,0-4,少儿0-14,男,95945.0,9.5945,高,混合,[混合] 基准人口锚点=C&SD表110-01001A年中人口(不含外佣)；2026-2056为队列成分法推算[假设路径]；生育TFR 2023=751→2046=938对齐官方推算[真实数据路径形状]；净迁移总量级对齐官方推算、年龄权重偏劳动年龄[假设]
2039,10-14,少儿0-14,男,100122.9,10.0123,高,混合,[混合] 基准人口锚点=C&SD表110-01001A年中人口(不含外佣)；2026-2056为队列成分法推算[假设路径]；生育TFR 2023=751→2046=938对齐官方推算[真实数据路径形状]；净迁移总量级对齐官方推算、年龄权重偏劳动年龄[假设]
2039,15-19,劳动年龄15-64,男,120053.3,12.0053,高,混合,[混合] 基准人口锚点=C&SD表110-01001A年中人口(不含外佣)；2026-2056为队列成分法推算[假设路径]；生育TFR 2023=751→2046=938对齐官方推算[真实数据路径形状]；净迁移总量级对齐官方推算、年龄权重偏劳动年龄[假设]
2039,20-24,劳动年龄15-64,男,168824.7,16.8825,高,混合,[混合] 基准人口锚点=C&SD表110-01001A年中人口(不含外佣)；2026-2056为队列成分法推算[假设路径]；生育TFR 2023=751→2046=938对齐官方推算[真实数据路径形状]；净迁移总量级对齐官方推算、年龄权重偏劳动年龄[假设]
2039,25-29,劳动年龄15-64,男,194276.6,19.4277,高,混合,[混合] 基准人口锚点=C&SD表110-01001A年中人口(不含外佣)；2026-2056为队列成分法推算[假设路径]；生育TFR 2023=751→2046=938对齐官方推算[真实数据路径形状]；净迁移总量级对齐官方推算、年龄权重偏劳动年龄[假设]
2039,30-34,劳动年龄15-64,男,194505.6,19.4506,高,混合,[混合] 基准人口锚点=C&SD表110-01001A年中人口(不含外佣)；2026-2056为队列成分法推算[假设路径]；生育TFR 2023=751→2046=938对齐官方推算[真实数据路径形状]；净迁移总量级对齐官方推算、年龄权重偏劳动年龄[假设]
2039,35-39,劳动年龄15-64,男,207245.2,20.7245,高,混合,[混合] 基准人口锚点=C&SD表110-01001A年中人口(不含外佣)；2026-2056为队列成分法推算[假设路径]；生育TFR 2023=751→2046=938对齐官方推算[真实数据路径形状]；净迁移总量级对齐官方推算、年龄权重偏劳动年龄[假设]
2039,40-44,劳动年龄15-64,男,245647.5,24.5648,高,混合,[混合] 基准人口锚点=C&SD表110-01001A年中人口(不含外佣)；2026-2056为队列成分法推算[假设路径]；生育TFR 2023=751→2046=938对齐官方推算[真实数据路径形状]；净迁移总量级对齐官方推算、年龄权重偏劳动年龄[假设]
2039,45-49,劳动年龄15-64,男,270676.8,27.0677,高,混合,[混合] 基准人口锚点=C&SD表110-01001A年中人口(不含外佣)；2026-2056为队列成分法推算[假设路径]；生育TFR 2023=751→2046=938对齐官方推算[真实数据路径形状]；净迁移总量级对齐官方推算、年龄权重偏劳动年龄[假设]
2039,5-9,少儿0-14,男,98599.6,9.86,高,混合,[混合] 基准人口锚点=C&SD表110-01001A年中人口(不含外佣)；2026-2056为队列成分法推算[假设路径]；生育TFR 2023=751→2046=938对齐官方推算[真实数据路径形状]；净迁移总量级对齐官方推算、年龄权重偏劳动年龄[假设]
2039,50-54,劳动年龄15-64,男,269596.7,26.9597,高,混合,[混合] 基准人口锚点=C&SD表110-01001A年中人口(不含外佣)；2026-2056为队列成分法推算[假设路径]；生育TFR 2023=751→2046=938对齐官方推算[真实数据路径形状]；净迁移总量级对齐官方推算、年龄权重偏劳动年龄[假设]
2039,55-59,劳动年龄15-64,男,260521.2,26.0521,高,混合,[混合] 基准人口锚点=C&SD表110-01001A年中人口(不含外佣)；2026-2056为队列成分法推算[假设路径]；生育TFR 2023=751→2046=938对齐官方推算[真实数据路径形状]；净迁移总量级对齐官方推算、年龄权重偏劳动年龄[假设]
2039,60-64,劳动年龄15-64,男,255115.9,25.5116,高,混合,[混合] 基准人口锚点=C&SD表110-01001A年中人口(不含外佣)；2026-2056为队列成分法推算[假设路径]；生育TFR 2023=751→2046=938对齐官方推算[真实数据路径形状]；净迁移总量级对齐官方推算、年龄权重偏劳动年龄[假设]
2039,65-69,退休65+,男,248870.7,24.8871,高,混合,[混合] 基准人口锚点=C&SD表110-01001A年中人口(不含外佣)；2026-2056为队列成分法推算[假设路径]；生育TFR 2023=751→2046=938对齐官方推算[真实数据路径形状]；净迁移总量级对齐官方推算、年龄权重偏劳动年龄[假设]
2039,70-74,退休65+,男,244199.9,24.42,高,混合,[混合] 基准人口锚点=C&SD表110-01001A年中人口(不含外佣)；2026-2056为队列成分法推算[假设路径]；生育TFR 2023=751→2046=938对齐官方推算[真实数据路径形状]；净迁移总量级对齐官方推算、年龄权重偏劳动年龄[假设]
2039,75-79,退休65+,男,245913.8,24.5914,高,混合,[混合] 基准人口锚点=C&SD表110-01001A年中人口(不含外佣)；2026-2056为队列成分法推算[假设路径]；生育TFR 2023=751→2046=938对齐官方推算[真实数据路径形状]；净迁移总量级对齐官方推算、年龄权重偏劳动年龄[假设]
2039,80-84,退休65+,男,203205.7,20.3206,高,混合,[混合] 基准人口锚点=C&SD表110-01001A年中人口(不含外佣)；2026-2056为队列成分法推算[假设路径]；生育TFR 2023=751→2046=938对齐官方推算[真实数据路径形状]；净迁移总量级对齐官方推算、年龄权重偏劳动年龄[假设]
2039,85+,退休65+,男,220056.3,22.0056,高,混合,[混合] 基准人口锚点=C&SD表110-01001A年中人口(不含外佣)；2026-2056为队列成分法推算[假设路径]；生育TFR 2023=751→2046=938对齐官方推算[真实数据路径形状]；净迁移总量级对齐官方推算、年龄权重偏劳动年龄[假设]
2040,0-4,少儿0-14,女,91832.7,9.1833,高,混合,[混合] 基准人口锚点=C&SD表110-01001A年中人口(不含外佣)；2026-2056为队列成分法推算[假设路径]；生育TFR 2023=751→2046=938对齐官方推算[真实数据路径形状]；净迁移总量级对齐官方推算、年龄权重偏劳动年龄[假设]
2040,10-14,少儿0-14,女,97793.6,9.7794,高,混合,[混合] 基准人口锚点=C&SD表110-01001A年中人口(不含外佣)；2026-2056为队列成分法推算[假设路径]；生育TFR 2023=751→2046=938对齐官方推算[真实数据路径形状]；净迁移总量级对齐官方推算、年龄权重偏劳动年龄[假设]
2040,15-19,劳动年龄15-64,女,107137.6,10.7138,高,混合,[混合] 基准人口锚点=C&SD表110-01001A年中人口(不含外佣)；2026-2056为队列成分法推算[假设路径]；生育TFR 2023=751→2046=938对齐官方推算[真实数据路径形状]；净迁移总量级对齐官方推算、年龄权重偏劳动年龄[假设]
2040,20-24,劳动年龄15-64,女,158495.4,15.8495,高,混合,[混合] 基准人口锚点=C&SD表110-01001A年中人口(不含外佣)；2026-2056为队列成分法推算[假设路径]；生育TFR 2023=751→2046=938对齐官方推算[真实数据路径形状]；净迁移总量级对齐官方推算、年龄权重偏劳动年龄[假设]
2040,25-29,劳动年龄15-64,女,189636.2,18.9636,高,混合,[混合] 基准人口锚点=C&SD表110-01001A年中人口(不含外佣)；2026-2056为队列成分法推算[假设路径]；生育TFR 2023=751→2046=938对齐官方推算[真实数据路径形状]；净迁移总量级对齐官方推算、年龄权重偏劳动年龄[假设]
2040,30-34,劳动年龄15-64,女,194166.8,19.4167,高,混合,[混合] 基准人口锚点=C&SD表110-01001A年中人口(不含外佣)；2026-2056为队列成分法推算[假设路径]；生育TFR 2023=751→2046=938对齐官方推算[真实数据路径形状]；净迁移总量级对齐官方推算、年龄权重偏劳动年龄[假设]
2040,35-39,劳动年龄15-64,女,204257.4,20.4257,高,混合,[混合] 基准人口锚点=C&SD表110-01001A年中人口(不含外佣)；2026-2056为队列成分法推算[假设路径]；生育TFR 2023=751→2046=938对齐官方推算[真实数据路径形状]；净迁移总量级对齐官方推算、年龄权重偏劳动年龄[假设]
2040,40-44,劳动年龄15-64,女,235926.3,23.5926,高,混合,[混合] 基准人口锚点=C&SD表110-01001A年中人口(不含外佣)；2026-2056为队列成分法推算[假设路径]；生育TFR 2023=751→2046=938对齐官方推算[真实数据路径形状]；净迁移总量级对齐官方推算、年龄权重偏劳动年龄[假设]
2040,45-49,劳动年龄15-64,女,274873.3,27.4873,高,混合,[混合] 基准人口锚点=C&SD表110-01001A年中人口(不含外佣)；2026-2056为队列成分法推算[假设路径]；生育TFR 2023=751→2046=938对齐官方推算[真实数据路径形状]；净迁移总量级对齐官方推算、年龄权重偏劳动年龄[假设]
2040,5-9,少儿0-14,女,94201.9,9.4202,高,混合,[混合] 基准人口锚点=C&SD表110-01001A年中人口(不含外佣)；2026-2056为队列成分法推算[假设路径]；生育TFR 2023=751→2046=938对齐官方推算[真实数据路径形状]；净迁移总量级对齐官方推算、年龄权重偏劳动年龄[假设]
2040,50-54,劳动年龄15-64,女,290716.3,29.0716,高,混合,[混合] 基准人口锚点=C&SD表110-01001A年中人口(不含外佣)；2026-2056为队列成分法推算[假设路径]；生育TFR 2023=751→2046=938对齐官方推算[真实数据路径形状]；净迁移总量级对齐官方推算、年龄权重偏劳动年龄[假设]
2040,55-59,劳动年龄15-64,女,307482.1,30.7482,高,混合,[混合] 基准人口锚点=C&SD表110-01001A年中人口(不含外佣)；2026-2056为队列成分法推算[假设路径]；生育TFR 2023=751→2046=938对齐官方推算[真实数据路径形状]；净迁移总量级对齐官方推算、年龄权重偏劳动年龄[假设]
2040,60-64,劳动年龄15-64,女,318734.3,31.8734,高,混合,[混合] 基准人口锚点=C&SD表110-01001A年中人口(不含外佣)；2026-2056为队列成分法推算[假设路径]；生育TFR 2023=751→2046=938对齐官方推算[真实数据路径形状]；净迁移总量级对齐官方推算、年龄权重偏劳动年龄[假设]
2040,65-69,退休65+,女,325109.8,32.511,高,混合,[混合] 基准人口锚点=C&SD表110-01001A年中人口(不含外佣)；2026-2056为队列成分法推算[假设路径]；生育TFR 2023=751→2046=938对齐官方推算[真实数据路径形状]；净迁移总量级对齐官方推算、年龄权重偏劳动年龄[假设]
2040,70-74,退休65+,女,319711.3,31.9711,高,混合,[混合] 基准人口锚点=C&SD表110-01001A年中人口(不含外佣)；2026-2056为队列成分法推算[假设路径]；生育TFR 2023=751→2046=938对齐官方推算[真实数据路径形状]；净迁移总量级对齐官方推算、年龄权重偏劳动年龄[假设]
2040,75-79,退休65+,女,314959.2,31.4959,高,混合,[混合] 基准人口锚点=C&SD表110-01001A年中人口(不含外佣)；2026-2056为队列成分法推算[假设路径]；生育TFR 2023=751→2046=938对齐官方推算[真实数据路径形状]；净迁移总量级对齐官方推算、年龄权重偏劳动年龄[假设]
2040,80-84,退休65+,女,261527.7,26.1528,高,混合,[混合] 基准人口锚点=C&SD表110-01001A年中人口(不含外佣)；2026-2056为队列成分法推算[假设路径]；生育TFR 2023=751→2046=938对齐官方推算[真实数据路径形状]；净迁移总量级对齐官方推算、年龄权重偏劳动年龄[假设]
2040,85+,退休65+,女,335051.6,33.5052,高,混合,[混合] 基准人口锚点=C&SD表110-01001A年中人口(不含外佣)；2026-2056为队列成分法推算[假设路径]；生育TFR 2023=751→2046=938对齐官方推算[真实数据路径形状]；净迁移总量级对齐官方推算、年龄权重偏劳动年龄[假设]
2040,0-4,少儿0-14,男,96857.0,9.6857,高,混合,[混合] 基准人口锚点=C&SD表110-01001A年中人口(不含外佣)；2026-2056为队列成分法推算[假设路径]；生育TFR 2023=751→2046=938对齐官方推算[真实数据路径形状]；净迁移总量级对齐官方推算、年龄权重偏劳动年龄[假设]
2040,10-14,少儿0-14,男,102203.6,10.2204,高,混合,[混合] 基准人口锚点=C&SD表110-01001A年中人口(不含外佣)；2026-2056为队列成分法推算[假设路径]；生育TFR 2023=751→2046=938对齐官方推算[真实数据路径形状]；净迁移总量级对齐官方推算、年龄权重偏劳动年龄[假设]
2040,15-19,劳动年龄15-64,男,112430.8,11.2431,高,混合,[混合] 基准人口锚点=C&SD表110-01001A年中人口(不含外佣)；2026-2056为队列成分法推算[假设路径]；生育TFR 2023=751→2046=938对齐官方推算[真实数据路径形状]；净迁移总量级对齐官方推算、年龄权重偏劳动年龄[假设]
2040,20-24,劳动年龄15-64,男,164695.0,16.4695,高,混合,[混合] 基准人口锚点=C&SD表110-01001A年中人口(不含外佣)；2026-2056为队列成分法推算[假设路径]；生育TFR 2023=751→2046=938对齐官方推算[真实数据路径形状]；净迁移总量级对齐官方推算、年龄权重偏劳动年龄[假设]
2040,25-29,劳动年龄15-64,男,196430.4,19.643,高,混合,[混合] 基准人口锚点=C&SD表110-01001A年中人口(不含外佣)；2026-2056为队列成分法推算[假设路径]；生育TFR 2023=751→2046=938对齐官方推算[真实数据路径形状]；净迁移总量级对齐官方推算、年龄权重偏劳动年龄[假设]
2040,30-34,劳动年龄15-64,男,198477.0,19.8477,高,混合,[混合] 基准人口锚点=C&SD表110-01001A年中人口(不含外佣)；2026-2056为队列成分法推算[假设路径]；生育TFR 2023=751→2046=938对齐官方推算[真实数据路径形状]；净迁移总量级对齐官方推算、年龄权重偏劳动年龄[假设]
2040,35-39,劳动年龄15-64,男,203546.1,20.3546,高,混合,[混合] 基准人口锚点=C&SD表110-01001A年中人口(不含外佣)；2026-2056为队列成分法推算[假设路径]；生育TFR 2023=751→2046=938对齐官方推算[真实数据路径形状]；净迁移总量级对齐官方推算、年龄权重偏劳动年龄[假设]
2040,40-44,劳动年龄15-64,男,240467.2,24.0467,高,混合,[混合] 基准人口锚点=C&SD表110-01001A年中人口(不含外佣)；2026-2056为队列成分法推算[假设路径]；生育TFR 2023=751→2046=938对齐官方推算[真实数据路径形状]；净迁移总量级对齐官方推算、年龄权重偏劳动年龄[假设]
2040,45-49,劳动年龄15-64,男,271976.3,27.1976,高,混合,[混合] 基准人口锚点=C&SD表110-01001A年中人口(不含外佣)；2026-2056为队列成分法推算[假设路径]；生育TFR 2023=751→2046=938对齐官方推算[真实数据路径形状]；净迁移总量级对齐官方推算、年龄权重偏劳动年龄[假设]
2040,5-9,少儿0-14,男,98567.3,9.8567,高,混合,[混合] 基准人口锚点=C&SD表110-01001A年中人口(不含外佣)；2026-2056为队列成分法推算[假设路径]；生育TFR 2023=751→2046=938对齐官方推算[真实数据路径形状]；净迁移总量级对齐官方推算、年龄权重偏劳动年龄[假设]
2040,50-54,劳动年龄15-64,男,272296.5,27.2296,高,混合,[混合] 基准人口锚点=C&SD表110-01001A年中人口(不含外佣)；2026-2056为队列成分法推算[假设路径]；生育TFR 2023=751→2046=938对齐官方推算[真实数据路径形状]；净迁移总量级对齐官方推算、年龄权重偏劳动年龄[假设]
2040,55-59,劳动年龄15-64,男,264455.3,26.4455,高,混合,[混合] 基准人口锚点=C&SD表110-01001A年中人口(不含外佣)；2026-2056为队列成分法推算[假设路径]；生育TFR 2023=751→2046=938对齐官方推算[真实数据路径形状]；净迁移总量级对齐官方推算、年龄权重偏劳动年龄[假设]
2040,60-64,劳动年龄15-64,男,255112.4,25.5112,高,混合,[混合] 基准人口锚点=C&SD表110-01001A年中人口(不含外佣)；2026-2056为队列成分法推算[假设路径]；生育TFR 2023=751→2046=938对齐官方推算[真实数据路径形状]；净迁移总量级对齐官方推算、年龄权重偏劳动年龄[假设]
2040,65-69,退休65+,男,250621.7,25.0622,高,混合,[混合] 基准人口锚点=C&SD表110-01001A年中人口(不含外佣)；2026-2056为队列成分法推算[假设路径]；生育TFR 2023=751→2046=938对齐官方推算[真实数据路径形状]；净迁移总量级对齐官方推算、年龄权重偏劳动年龄[假设]
2040,70-74,退休65+,男,238625.5,23.8625,高,混合,[混合] 基准人口锚点=C&SD表110-01001A年中人口(不含外佣)；2026-2056为队列成分法推算[假设路径]；生育TFR 2023=751→2046=938对齐官方推算[真实数据路径形状]；净迁移总量级对齐官方推算、年龄权重偏劳动年龄[假设]
2040,75-79,退休65+,男,244169.0,24.4169,高,混合,[混合] 基准人口锚点=C&SD表110-01001A年中人口(不含外佣)；2026-2056为队列成分法推算[假设路径]；生育TFR 2023=751→2046=938对齐官方推算[真实数据路径形状]；净迁移总量级对齐官方推算、年龄权重偏劳动年龄[假设]
2040,80-84,退休65+,男,210944.6,21.0945,高,混合,[混合] 基准人口锚点=C&SD表110-01001A年中人口(不含外佣)；2026-2056为队列成分法推算[假设路径]；生育TFR 2023=751→2046=938对齐官方推算[真实数据路径形状]；净迁移总量级对齐官方推算、年龄权重偏劳动年龄[假设]
2040,85+,退休65+,男,231687.4,23.1687,高,混合,[混合] 基准人口锚点=C&SD表110-01001A年中人口(不含外佣)；2026-2056为队列成分法推算[假设路径]；生育TFR 2023=751→2046=938对齐官方推算[真实数据路径形状]；净迁移总量级对齐官方推算、年龄权重偏劳动年龄[假设]
2041,0-4,少儿0-14,女,92797.9,9.2798,高,混合,[混合] 基准人口锚点=C&SD表110-01001A年中人口(不含外佣)；2026-2056为队列成分法推算[假设路径]；生育TFR 2023=751→2046=938对齐官方推算[真实数据路径形状]；净迁移总量级对齐官方推算、年龄权重偏劳动年龄[假设]
2041,10-14,少儿0-14,女,99903.4,9.9903,高,混合,[混合] 基准人口锚点=C&SD表110-01001A年中人口(不含外佣)；2026-2056为队列成分法推算[假设路径]；生育TFR 2023=751→2046=938对齐官方推算[真实数据路径形状]；净迁移总量级对齐官方推算、年龄权重偏劳动年龄[假设]
2041,15-19,劳动年龄15-64,女,99918.5,9.9918,高,混合,[混合] 基准人口锚点=C&SD表110-01001A年中人口(不含外佣)；2026-2056为队列成分法推算[假设路径]；生育TFR 2023=751→2046=938对齐官方推算[真实数据路径形状]；净迁移总量级对齐官方推算、年龄权重偏劳动年龄[假设]
2041,20-24,劳动年龄15-64,女,154627.4,15.4627,高,混合,[混合] 基准人口锚点=C&SD表110-01001A年中人口(不含外佣)；2026-2056为队列成分法推算[假设路径]；生育TFR 2023=751→2046=938对齐官方推算[真实数据路径形状]；净迁移总量级对齐官方推算、年龄权重偏劳动年龄[假设]
2041,25-29,劳动年龄15-64,女,191165.8,19.1166,高,混合,[混合] 基准人口锚点=C&SD表110-01001A年中人口(不含外佣)；2026-2056为队列成分法推算[假设路径]；生育TFR 2023=751→2046=938对齐官方推算[真实数据路径形状]；净迁移总量级对齐官方推算、年龄权重偏劳动年龄[假设]
2041,30-34,劳动年龄15-64,女,196664.0,19.6664,高,混合,[混合] 基准人口锚点=C&SD表110-01001A年中人口(不含外佣)；2026-2056为队列成分法推算[假设路径]；生育TFR 2023=751→2046=938对齐官方推算[真实数据路径形状]；净迁移总量级对齐官方推算、年龄权重偏劳动年龄[假设]
2041,35-39,劳动年龄15-64,女,202395.4,20.2395,高,混合,[混合] 基准人口锚点=C&SD表110-01001A年中人口(不含外佣)；2026-2056为队列成分法推算[假设路径]；生育TFR 2023=751→2046=938对齐官方推算[真实数据路径形状]；净迁移总量级对齐官方推算、年龄权重偏劳动年龄[假设]
2041,40-44,劳动年龄15-64,女,229786.6,22.9787,高,混合,[混合] 基准人口锚点=C&SD表110-01001A年中人口(不含外佣)；2026-2056为队列成分法推算[假设路径]；生育TFR 2023=751→2046=938对齐官方推算[真实数据路径形状]；净迁移总量级对齐官方推算、年龄权重偏劳动年龄[假设]
2041,45-49,劳动年龄15-64,女,273866.9,27.3867,高,混合,[混合] 基准人口锚点=C&SD表110-01001A年中人口(不含外佣)；2026-2056为队列成分法推算[假设路径]；生育TFR 2023=751→2046=938对齐官方推算[真实数据路径形状]；净迁移总量级对齐官方推算、年龄权重偏劳动年龄[假设]
2041,5-9,少儿0-14,女,94276.9,9.4277,高,混合,[混合] 基准人口锚点=C&SD表110-01001A年中人口(不含外佣)；2026-2056为队列成分法推算[假设路径]；生育TFR 2023=751→2046=938对齐官方推算[真实数据路径形状]；净迁移总量级对齐官方推算、年龄权重偏劳动年龄[假设]
2041,50-54,劳动年龄15-64,女,288918.2,28.8918,高,混合,[混合] 基准人口锚点=C&SD表110-01001A年中人口(不含外佣)；2026-2056为队列成分法推算[假设路径]；生育TFR 2023=751→2046=938对齐官方推算[真实数据路径形状]；净迁移总量级对齐官方推算、年龄权重偏劳动年龄[假设]
2041,55-59,劳动年龄15-64,女,307682.5,30.7682,高,混合,[混合] 基准人口锚点=C&SD表110-01001A年中人口(不含外佣)；2026-2056为队列成分法推算[假设路径]；生育TFR 2023=751→2046=938对齐官方推算[真实数据路径形状]；净迁移总量级对齐官方推算、年龄权重偏劳动年龄[假设]
2041,60-64,劳动年龄15-64,女,317160.9,31.7161,高,混合,[混合] 基准人口锚点=C&SD表110-01001A年中人口(不含外佣)；2026-2056为队列成分法推算[假设路径]；生育TFR 2023=751→2046=938对齐官方推算[真实数据路径形状]；净迁移总量级对齐官方推算、年龄权重偏劳动年龄[假设]
2041,65-69,退休65+,女,325874.9,32.5875,高,混合,[混合] 基准人口锚点=C&SD表110-01001A年中人口(不含外佣)；2026-2056为队列成分法推算[假设路径]；生育TFR 2023=751→2046=938对齐官方推算[真实数据路径形状]；净迁移总量级对齐官方推算、年龄权重偏劳动年龄[假设]
2041,70-74,退休65+,女,316818.4,31.6818,高,混合,[混合] 基准人口锚点=C&SD表110-01001A年中人口(不含外佣)；2026-2056为队列成分法推算[假设路径]；生育TFR 2023=751→2046=938对齐官方推算[真实数据路径形状]；净迁移总量级对齐官方推算、年龄权重偏劳动年龄[假设]
2041,75-79,退休65+,女,321163.8,32.1164,高,混合,[混合] 基准人口锚点=C&SD表110-01001A年中人口(不含外佣)；2026-2056为队列成分法推算[假设路径]；生育TFR 2023=751→2046=938对齐官方推算[真实数据路径形状]；净迁移总量级对齐官方推算、年龄权重偏劳动年龄[假设]
2041,80-84,退休65+,女,271016.9,27.1017,高,混合,[混合] 基准人口锚点=C&SD表110-01001A年中人口(不含外佣)；2026-2056为队列成分法推算[假设路径]；生育TFR 2023=751→2046=938对齐官方推算[真实数据路径形状]；净迁移总量级对齐官方推算、年龄权重偏劳动年龄[假设]
2041,85+,退休65+,女,352202.2,35.2202,高,混合,[混合] 基准人口锚点=C&SD表110-01001A年中人口(不含外佣)；2026-2056为队列成分法推算[假设路径]；生育TFR 2023=751→2046=938对齐官方推算[真实数据路径形状]；净迁移总量级对齐官方推算、年龄权重偏劳动年龄[假设]
2041,0-4,少儿0-14,男,97895.7,9.7896,高,混合,[混合] 基准人口锚点=C&SD表110-01001A年中人口(不含外佣)；2026-2056为队列成分法推算[假设路径]；生育TFR 2023=751→2046=938对齐官方推算[真实数据路径形状]；净迁移总量级对齐官方推算、年龄权重偏劳动年龄[假设]
2041,10-14,少儿0-14,男,103982.8,10.3983,高,混合,[混合] 基准人口锚点=C&SD表110-01001A年中人口(不含外佣)；2026-2056为队列成分法推算[假设路径]；生育TFR 2023=751→2046=938对齐官方推算[真实数据路径形状]；净迁移总量级对齐官方推算、年龄权重偏劳动年龄[假设]
2041,15-19,劳动年龄15-64,男,104724.0,10.4724,高,混合,[混合] 基准人口锚点=C&SD表110-01001A年中人口(不含外佣)；2026-2056为队列成分法推算[假设路径]；生育TFR 2023=751→2046=938对齐官方推算[真实数据路径形状]；净迁移总量级对齐官方推算、年龄权重偏劳动年龄[假设]
2041,20-24,劳动年龄15-64,男,160319.6,16.032,高,混合,[混合] 基准人口锚点=C&SD表110-01001A年中人口(不含外佣)；2026-2056为队列成分法推算[假设路径]；生育TFR 2023=751→2046=938对齐官方推算[真实数据路径形状]；净迁移总量级对齐官方推算、年龄权重偏劳动年龄[假设]
2041,25-29,劳动年龄15-64,男,197950.1,19.795,高,混合,[混合] 基准人口锚点=C&SD表110-01001A年中人口(不含外佣)；2026-2056为队列成分法推算[假设路径]；生育TFR 2023=751→2046=938对齐官方推算[真实数据路径形状]；净迁移总量级对齐官方推算、年龄权重偏劳动年龄[假设]
2041,30-34,劳动年龄15-64,男,202307.0,20.2307,高,混合,[混合] 基准人口锚点=C&SD表110-01001A年中人口(不含外佣)；2026-2056为队列成分法推算[假设路径]；生育TFR 2023=751→2046=938对齐官方推算[真实数据路径形状]；净迁移总量级对齐官方推算、年龄权重偏劳动年龄[假设]
2041,35-39,劳动年龄15-64,男,199712.3,19.9712,高,混合,[混合] 基准人口锚点=C&SD表110-01001A年中人口(不含外佣)；2026-2056为队列成分法推算[假设路径]；生育TFR 2023=751→2046=938对齐官方推算[真实数据路径形状]；净迁移总量级对齐官方推算、年龄权重偏劳动年龄[假设]
2041,40-44,劳动年龄15-64,男,235162.7,23.5163,高,混合,[混合] 基准人口锚点=C&SD表110-01001A年中人口(不含外佣)；2026-2056为队列成分法推算[假设路径]；生育TFR 2023=751→2046=938对齐官方推算[真实数据路径形状]；净迁移总量级对齐官方推算、年龄权重偏劳动年龄[假设]
2041,45-49,劳动年龄15-64,男,273162.7,27.3163,高,混合,[混合] 基准人口锚点=C&SD表110-01001A年中人口(不含外佣)；2026-2056为队列成分法推算[假设路径]；生育TFR 2023=751→2046=938对齐官方推算[真实数据路径形状]；净迁移总量级对齐官方推算、年龄权重偏劳动年龄[假设]
2041,5-9,少儿0-14,男,98658.2,9.8658,高,混合,[混合] 基准人口锚点=C&SD表110-01001A年中人口(不含外佣)；2026-2056为队列成分法推算[假设路径]；生育TFR 2023=751→2046=938对齐官方推算[真实数据路径形状]；净迁移总量级对齐官方推算、年龄权重偏劳动年龄[假设]
2041,50-54,劳动年龄15-64,男,274983.2,27.4983,高,混合,[混合] 基准人口锚点=C&SD表110-01001A年中人口(不含外佣)；2026-2056为队列成分法推算[假设路径]；生育TFR 2023=751→2046=938对齐官方推算[真实数据路径形状]；净迁移总量级对齐官方推算、年龄权重偏劳动年龄[假设]
2041,55-59,劳动年龄15-64,男,268568.5,26.8569,高,混合,[混合] 基准人口锚点=C&SD表110-01001A年中人口(不含外佣)；2026-2056为队列成分法推算[假设路径]；生育TFR 2023=751→2046=938对齐官方推算[真实数据路径形状]；净迁移总量级对齐官方推算、年龄权重偏劳动年龄[假设]
2041,60-64,劳动年龄15-64,男,255088.5,25.5088,高,混合,[混合] 基准人口锚点=C&SD表110-01001A年中人口(不含外佣)；2026-2056为队列成分法推算[假设路径]；生育TFR 2023=751→2046=938对齐官方推算[真实数据路径形状]；净迁移总量级对齐官方推算、年龄权重偏劳动年龄[假设]
2041,65-69,退休65+,男,252379.0,25.2379,高,混合,[混合] 基准人口锚点=C&SD表110-01001A年中人口(不含外佣)；2026-2056为队列成分法推算[假设路径]；生育TFR 2023=751→2046=938对齐官方推算[真实数据路径形状]；净迁移总量级对齐官方推算、年龄权重偏劳动年龄[假设]
2041,70-74,退休65+,男,233307.7,23.3308,高,混合,[混合] 基准人口锚点=C&SD表110-01001A年中人口(不含外佣)；2026-2056为队列成分法推算[假设路径]；生育TFR 2023=751→2046=938对齐官方推算[真实数据路径形状]；净迁移总量级对齐官方推算、年龄权重偏劳动年龄[假设]
2041,75-79,退休65+,男,242887.2,24.2887,高,混合,[混合] 基准人口锚点=C&SD表110-01001A年中人口(不含外佣)；2026-2056为队列成分法推算[假设路径]；生育TFR 2023=751→2046=938对齐官方推算[真实数据路径形状]；净迁移总量级对齐官方推算、年龄权重偏劳动年龄[假设]
2041,80-84,退休65+,男,218379.0,21.8379,高,混合,[混合] 基准人口锚点=C&SD表110-01001A年中人口(不含外佣)；2026-2056为队列成分法推算[假设路径]；生育TFR 2023=751→2046=938对齐官方推算[真实数据路径形状]；净迁移总量级对齐官方推算、年龄权重偏劳动年龄[假设]
2041,85+,退休65+,男,242044.6,24.2045,高,混合,[混合] 基准人口锚点=C&SD表110-01001A年中人口(不含外佣)；2026-2056为队列成分法推算[假设路径]；生育TFR 2023=751→2046=938对齐官方推算[真实数据路径形状]；净迁移总量级对齐官方推算、年龄权重偏劳动年龄[假设]
2042,0-4,少儿0-14,女,93858.9,9.3859,高,混合,[混合] 基准人口锚点=C&SD表110-01001A年中人口(不含外佣)；2026-2056为队列成分法推算[假设路径]；生育TFR 2023=751→2046=938对齐官方推算[真实数据路径形状]；净迁移总量级对齐官方推算、年龄权重偏劳动年龄[假设]
2042,10-14,少儿0-14,女,99375.1,9.9375,高,混合,[混合] 基准人口锚点=C&SD表110-01001A年中人口(不含外佣)；2026-2056为队列成分法推算[假设路径]；生育TFR 2023=751→2046=938对齐官方推算[真实数据路径形状]；净迁移总量级对齐官方推算、年龄权重偏劳动年龄[假设]
2042,15-19,劳动年龄15-64,女,102751.8,10.2752,高,混合,[混合] 基准人口锚点=C&SD表110-01001A年中人口(不含外佣)；2026-2056为队列成分法推算[假设路径]；生育TFR 2023=751→2046=938对齐官方推算[真实数据路径形状]；净迁移总量级对齐官方推算、年龄权重偏劳动年龄[假设]
2042,20-24,劳动年龄15-64,女,147252.3,14.7252,高,混合,[混合] 基准人口锚点=C&SD表110-01001A年中人口(不含外佣)；2026-2056为队列成分法推算[假设路径]；生育TFR 2023=751→2046=938对齐官方推算[真实数据路径形状]；净迁移总量级对齐官方推算、年龄权重偏劳动年龄[假设]
2042,25-29,劳动年龄15-64,女,187590.4,18.759,高,混合,[混合] 基准人口锚点=C&SD表110-01001A年中人口(不含外佣)；2026-2056为队列成分法推算[假设路径]；生育TFR 2023=751→2046=938对齐官方推算[真实数据路径形状]；净迁移总量级对齐官方推算、年龄权重偏劳动年龄[假设]
2042,30-34,劳动年龄15-64,女,200042.1,20.0042,高,混合,[混合] 基准人口锚点=C&SD表110-01001A年中人口(不含外佣)；2026-2056为队列成分法推算[假设路径]；生育TFR 2023=751→2046=938对齐官方推算[真实数据路径形状]；净迁移总量级对齐官方推算、年龄权重偏劳动年龄[假设]
2042,35-39,劳动年龄15-64,女,204723.9,20.4724,高,混合,[混合] 基准人口锚点=C&SD表110-01001A年中人口(不含外佣)；2026-2056为队列成分法推算[假设路径]；生育TFR 2023=751→2046=938对齐官方推算[真实数据路径形状]；净迁移总量级对齐官方推算、年龄权重偏劳动年龄[假设]
2042,40-44,劳动年龄15-64,女,227765.6,22.7766,高,混合,[混合] 基准人口锚点=C&SD表110-01001A年中人口(不含外佣)；2026-2056为队列成分法推算[假设路径]；生育TFR 2023=751→2046=938对齐官方推算[真实数据路径形状]；净迁移总量级对齐官方推算、年龄权重偏劳动年龄[假设]
2042,45-49,劳动年龄15-64,女,267726.0,26.7726,高,混合,[混合] 基准人口锚点=C&SD表110-01001A年中人口(不含外佣)；2026-2056为队列成分法推算[假设路径]；生育TFR 2023=751→2046=938对齐官方推算[真实数据路径形状]；净迁移总量级对齐官方推算、年龄权重偏劳动年龄[假设]
2042,5-9,少儿0-14,女,94461.0,9.4461,高,混合,[混合] 基准人口锚点=C&SD表110-01001A年中人口(不含外佣)；2026-2056为队列成分法推算[假设路径]；生育TFR 2023=751→2046=938对齐官方推算[真实数据路径形状]；净迁移总量级对齐官方推算、年龄权重偏劳动年龄[假设]
2042,50-54,劳动年龄15-64,女,287796.3,28.7796,高,混合,[混合] 基准人口锚点=C&SD表110-01001A年中人口(不含外佣)；2026-2056为队列成分法推算[假设路径]；生育TFR 2023=751→2046=938对齐官方推算[真实数据路径形状]；净迁移总量级对齐官方推算、年龄权重偏劳动年龄[假设]
2042,55-59,劳动年龄15-64,女,305541.9,30.5542,高,混合,[混合] 基准人口锚点=C&SD表110-01001A年中人口(不含外佣)；2026-2056为队列成分法推算[假设路径]；生育TFR 2023=751→2046=938对齐官方推算[真实数据路径形状]；净迁移总量级对齐官方推算、年龄权重偏劳动年龄[假设]
2042,60-64,劳动年龄15-64,女,316171.3,31.6171,高,混合,[混合] 基准人口锚点=C&SD表110-01001A年中人口(不含外佣)；2026-2056为队列成分法推算[假设路径]；生育TFR 2023=751→2046=938对齐官方推算[真实数据路径形状]；净迁移总量级对齐官方推算、年龄权重偏劳动年龄[假设]
2042,65-69,退休65+,女,324268.9,32.4269,高,混合,[混合] 基准人口锚点=C&SD表110-01001A年中人口(不含外佣)；2026-2056为队列成分法推算[假设路径]；生育TFR 2023=751→2046=938对齐官方推算[真实数据路径形状]；净迁移总量级对齐官方推算、年龄权重偏劳动年龄[假设]
2042,70-74,退休65+,女,317375.3,31.7375,高,混合,[混合] 基准人口锚点=C&SD表110-01001A年中人口(不含外佣)；2026-2056为队列成分法推算[假设路径]；生育TFR 2023=751→2046=938对齐官方推算[真实数据路径形状]；净迁移总量级对齐官方推算、年龄权重偏劳动年龄[假设]
2042,75-79,退休65+,女,317724.4,31.7724,高,混合,[混合] 基准人口锚点=C&SD表110-01001A年中人口(不含外佣)；2026-2056为队列成分法推算[假设路径]；生育TFR 2023=751→2046=938对齐官方推算[真实数据路径形状]；净迁移总量级对齐官方推算、年龄权重偏劳动年龄[假设]
2042,80-84,退休65+,女,275996.6,27.5997,高,混合,[混合] 基准人口锚点=C&SD表110-01001A年中人口(不含外佣)；2026-2056为队列成分法推算[假设路径]；生育TFR 2023=751→2046=938对齐官方推算[真实数据路径形状]；净迁移总量级对齐官方推算、年龄权重偏劳动年龄[假设]
2042,85+,退休65+,女,377811.4,37.7811,高,混合,[混合] 基准人口锚点=C&SD表110-01001A年中人口(不含外佣)；2026-2056为队列成分法推算[假设路径]；生育TFR 2023=751→2046=938对齐官方推算[真实数据路径形状]；净迁移总量级对齐官方推算、年龄权重偏劳动年龄[假设]
2042,0-4,少儿0-14,男,99035.6,9.9036,高,混合,[混合] 基准人口锚点=C&SD表110-01001A年中人口(不含外佣)；2026-2056为队列成分法推算[假设路径]；生育TFR 2023=751→2046=938对齐官方推算[真实数据路径形状]；净迁移总量级对齐官方推算、年龄权重偏劳动年龄[假设]
2042,10-14,少儿0-14,男,103420.0,10.342,高,混合,[混合] 基准人口锚点=C&SD表110-01001A年中人口(不含外佣)；2026-2056为队列成分法推算[假设路径]；生育TFR 2023=751→2046=938对齐官方推算[真实数据路径形状]；净迁移总量级对齐官方推算、年龄权重偏劳动年龄[假设]
2042,15-19,劳动年龄15-64,男,107210.3,10.721,高,混合,[混合] 基准人口锚点=C&SD表110-01001A年中人口(不含外佣)；2026-2056为队列成分法推算[假设路径]；生育TFR 2023=751→2046=938对齐官方推算[真实数据路径形状]；净迁移总量级对齐官方推算、年龄权重偏劳动年龄[假设]
2042,20-24,劳动年龄15-64,男,152491.9,15.2492,高,混合,[混合] 基准人口锚点=C&SD表110-01001A年中人口(不含外佣)；2026-2056为队列成分法推算[假设路径]；生育TFR 2023=751→2046=938对齐官方推算[真实数据路径形状]；净迁移总量级对齐官方推算、年龄权重偏劳动年龄[假设]
2042,25-29,劳动年龄15-64,男,193845.8,19.3846,高,混合,[混合] 基准人口锚点=C&SD表110-01001A年中人口(不含外佣)；2026-2056为队列成分法推算[假设路径]；生育TFR 2023=751→2046=938对齐官方推算[真实数据路径形状]；净迁移总量级对齐官方推算、年龄权重偏劳动年龄[假设]
2042,30-34,劳动年龄15-64,男,205518.5,20.5519,高,混合,[混合] 基准人口锚点=C&SD表110-01001A年中人口(不含外佣)；2026-2056为队列成分法推算[假设路径]；生育TFR 2023=751→2046=938对齐官方推算[真实数据路径形状]；净迁移总量级对齐官方推算、年龄权重偏劳动年龄[假设]
2042,35-39,劳动年龄15-64,男,203384.6,20.3385,高,混合,[混合] 基准人口锚点=C&SD表110-01001A年中人口(不含外佣)；2026-2056为队列成分法推算[假设路径]；生育TFR 2023=751→2046=938对齐官方推算[真实数据路径形状]；净迁移总量级对齐官方推算、年龄权重偏劳动年龄[假设]
2042,40-44,劳动年龄15-64,男,231166.6,23.1167,高,混合,[混合] 基准人口锚点=C&SD表110-01001A年中人口(不含外佣)；2026-2056为队列成分法推算[假设路径]；生育TFR 2023=751→2046=938对齐官方推算[真实数据路径形状]；净迁移总量级对齐官方推算、年龄权重偏劳动年龄[假设]
2042,45-49,劳动年龄15-64,男,267837.2,26.7837,高,混合,[混合] 基准人口锚点=C&SD表110-01001A年中人口(不含外佣)；2026-2056为队列成分法推算[假设路径]；生育TFR 2023=751→2046=938对齐官方推算[真实数据路径形状]；净迁移总量级对齐官方推算、年龄权重偏劳动年龄[假设]
2042,5-9,少儿0-14,男,98874.9,9.8875,高,混合,[混合] 基准人口锚点=C&SD表110-01001A年中人口(不含外佣)；2026-2056为队列成分法推算[假设路径]；生育TFR 2023=751→2046=938对齐官方推算[真实数据路径形状]；净迁移总量级对齐官方推算、年龄权重偏劳动年龄[假设]
2042,50-54,劳动年龄15-64,男,276058.9,27.6059,高,混合,[混合] 基准人口锚点=C&SD表110-01001A年中人口(不含外佣)；2026-2056为队列成分法推算[假设路径]；生育TFR 2023=751→2046=938对齐官方推算[真实数据路径形状]；净迁移总量级对齐官方推算、年龄权重偏劳动年龄[假设]
2042,55-59,劳动年龄15-64,男,270859.8,27.086,高,混合,[混合] 基准人口锚点=C&SD表110-01001A年中人口(不含外佣)；2026-2056为队列成分法推算[假设路径]；生育TFR 2023=751→2046=938对齐官方推算[真实数据路径形状]；净迁移总量级对齐官方推算、年龄权重偏劳动年龄[假设]
2042,60-64,劳动年龄15-64,男,258080.6,25.8081,高,混合,[混合] 基准人口锚点=C&SD表110-01001A年中人口(不含外佣)；2026-2056为队列成分法推算[假设路径]；生育TFR 2023=751→2046=938对齐官方推算[真实数据路径形状]；净迁移总量级对齐官方推算、年龄权重偏劳动年龄[假设]
2042,65-69,退休65+,男,252259.4,25.2259,高,混合,[混合] 基准人口锚点=C&SD表110-01001A年中人口(不含外佣)；2026-2056为队列成分法推算[假设路径]；生育TFR 2023=751→2046=938对齐官方推算[真实数据路径形状]；净迁移总量级对齐官方推算、年龄权重偏劳动年龄[假设]
2042,70-74,退休65+,男,234811.0,23.4811,高,混合,[混合] 基准人口锚点=C&SD表110-01001A年中人口(不含外佣)；2026-2056为队列成分法推算[假设路径]；生育TFR 2023=751→2046=938对齐官方推算[真实数据路径形状]；净迁移总量级对齐官方推算、年龄权重偏劳动年龄[假设]
2042,75-79,退休65+,男,237051.0,23.7051,高,混合,[混合] 基准人口锚点=C&SD表110-01001A年中人口(不含外佣)；2026-2056为队列成分法推算[假设路径]；生育TFR 2023=751→2046=938对齐官方推算[真实数据路径形状]；净迁移总量级对齐官方推算、年龄权重偏劳动年龄[假设]
2042,80-84,退休65+,男,215766.9,21.5767,高,混合,[混合] 基准人口锚点=C&SD表110-01001A年中人口(不含外佣)；2026-2056为队列成分法推算[假设路径]；生育TFR 2023=751→2046=938对齐官方推算[真实数据路径形状]；净迁移总量级对齐官方推算、年龄权重偏劳动年龄[假设]
2042,85+,退休65+,男,259648.3,25.9648,高,混合,[混合] 基准人口锚点=C&SD表110-01001A年中人口(不含外佣)；2026-2056为队列成分法推算[假设路径]；生育TFR 2023=751→2046=938对齐官方推算[真实数据路径形状]；净迁移总量级对齐官方推算、年龄权重偏劳动年龄[假设]
2043,0-4,少儿0-14,女,94822.1,9.4822,高,混合,[混合] 基准人口锚点=C&SD表110-01001A年中人口(不含外佣)；2026-2056为队列成分法推算[假设路径]；生育TFR 2023=751→2046=938对齐官方推算[真实数据路径形状]；净迁移总量级对齐官方推算、年龄权重偏劳动年龄[假设]
2043,10-14,少儿0-14,女,98944.4,9.8944,高,混合,[混合] 基准人口锚点=C&SD表110-01001A年中人口(不含外佣)；2026-2056为队列成分法推算[假设路径]；生育TFR 2023=751→2046=938对齐官方推算[真实数据路径形状]；净迁移总量级对齐官方推算、年龄权重偏劳动年龄[假设]
2043,15-19,劳动年龄15-64,女,105268.4,10.5268,高,混合,[混合] 基准人口锚点=C&SD表110-01001A年中人口(不含外佣)；2026-2056为队列成分法推算[假设路径]；生育TFR 2023=751→2046=938对齐官方推算[真实数据路径形状]；净迁移总量级对齐官方推算、年龄权重偏劳动年龄[假设]
2043,20-24,劳动年龄15-64,女,139654.1,13.9654,高,混合,[混合] 基准人口锚点=C&SD表110-01001A年中人口(不含外佣)；2026-2056为队列成分法推算[假设路径]；生育TFR 2023=751→2046=938对齐官方推算[真实数据路径形状]；净迁移总量级对齐官方推算、年龄权重偏劳动年龄[假设]
2043,25-29,劳动年龄15-64,女,183748.2,18.3748,高,混合,[混合] 基准人口锚点=C&SD表110-01001A年中人口(不含外佣)；2026-2056为队列成分法推算[假设路径]；生育TFR 2023=751→2046=938对齐官方推算[真实数据路径形状]；净迁移总量级对齐官方推算、年龄权重偏劳动年龄[假设]
2043,30-34,劳动年龄15-64,女,202796.9,20.2797,高,混合,[混合] 基准人口锚点=C&SD表110-01001A年中人口(不含外佣)；2026-2056为队列成分法推算[假设路径]；生育TFR 2023=751→2046=938对齐官方推算[真实数据路径形状]；净迁移总量级对齐官方推算、年龄权重偏劳动年龄[假设]
2043,35-39,劳动年龄15-64,女,206899.8,20.69,高,混合,[混合] 基准人口锚点=C&SD表110-01001A年中人口(不含外佣)；2026-2056为队列成分法推算[假设路径]；生育TFR 2023=751→2046=938对齐官方推算[真实数据路径形状]；净迁移总量级对齐官方推算、年龄权重偏劳动年龄[假设]
2043,40-44,劳动年龄15-64,女,225591.8,22.5592,高,混合,[混合] 基准人口锚点=C&SD表110-01001A年中人口(不含外佣)；2026-2056为队列成分法推算[假设路径]；生育TFR 2023=751→2046=938对齐官方推算[真实数据路径形状]；净迁移总量级对齐官方推算、年龄权重偏劳动年龄[假设]
2043,45-49,劳动年龄15-64,女,261443.1,26.1443,高,混合,[混合] 基准人口锚点=C&SD表110-01001A年中人口(不含外佣)；2026-2056为队列成分法推算[假设路径]；生育TFR 2023=751→2046=938对齐官方推算[真实数据路径形状]；净迁移总量级对齐官方推算、年龄权重偏劳动年龄[假设]
2043,5-9,少儿0-14,女,94819.6,9.482,高,混合,[混合] 基准人口锚点=C&SD表110-01001A年中人口(不含外佣)；2026-2056为队列成分法推算[假设路径]；生育TFR 2023=751→2046=938对齐官方推算[真实数据路径形状]；净迁移总量级对齐官方推算、年龄权重偏劳动年龄[假设]
2043,50-54,劳动年龄15-64,女,286622.5,28.6623,高,混合,[混合] 基准人口锚点=C&SD表110-01001A年中人口(不含外佣)；2026-2056为队列成分法推算[假设路径]；生育TFR 2023=751→2046=938对齐官方推算[真实数据路径形状]；净迁移总量级对齐官方推算、年龄权重偏劳动年龄[假设]
2043,55-59,劳动年龄15-64,女,303377.4,30.3377,高,混合,[混合] 基准人口锚点=C&SD表110-01001A年中人口(不含外佣)；2026-2056为队列成分法推算[假设路径]；生育TFR 2023=751→2046=938对齐官方推算[真实数据路径形状]；净迁移总量级对齐官方推算、年龄权重偏劳动年龄[假设]
2043,60-64,劳动年龄15-64,女,315353.0,31.5353,高,混合,[混合] 基准人口锚点=C&SD表110-01001A年中人口(不含外佣)；2026-2056为队列成分法推算[假设路径]；生育TFR 2023=751→2046=938对齐官方推算[真实数据路径形状]；净迁移总量级对齐官方推算、年龄权重偏劳动年龄[假设]
2043,65-69,退休65+,女,322621.8,32.2622,高,混合,[混合] 基准人口锚点=C&SD表110-01001A年中人口(不含外佣)；2026-2056为队列成分法推算[假设路径]；生育TFR 2023=751→2046=938对齐官方推算[真实数据路径形状]；净迁移总量级对齐官方推算、年龄权重偏劳动年龄[假设]
2043,70-74,退休65+,女,318001.2,31.8001,高,混合,[混合] 基准人口锚点=C&SD表110-01001A年中人口(不含外佣)；2026-2056为队列成分法推算[假设路径]；生育TFR 2023=751→2046=938对齐官方推算[真实数据路径形状]；净迁移总量级对齐官方推算、年龄权重偏劳动年龄[假设]
2043,75-79,退休65+,女,314459.1,31.4459,高,混合,[混合] 基准人口锚点=C&SD表110-01001A年中人口(不含外佣)；2026-2056为队列成分法推算[假设路径]；生育TFR 2023=751→2046=938对齐官方推算[真实数据路径形状]；净迁移总量级对齐官方推算、年龄权重偏劳动年龄[假设]
2043,80-84,退休65+,女,281121.9,28.1122,高,混合,[混合] 基准人口锚点=C&SD表110-01001A年中人口(不含外佣)；2026-2056为队列成分法推算[假设路径]；生育TFR 2023=751→2046=938对齐官方推算[真实数据路径形状]；净迁移总量级对齐官方推算、年龄权重偏劳动年龄[假设]
2043,85+,退休65+,女,401676.6,40.1677,高,混合,[混合] 基准人口锚点=C&SD表110-01001A年中人口(不含外佣)；2026-2056为队列成分法推算[假设路径]；生育TFR 2023=751→2046=938对齐官方推算[真实数据路径形状]；净迁移总量级对齐官方推算、年龄权重偏劳动年龄[假设]
2043,0-4,少儿0-14,男,100072.1,10.0072,高,混合,[混合] 基准人口锚点=C&SD表110-01001A年中人口(不含外佣)；2026-2056为队列成分法推算[假设路径]；生育TFR 2023=751→2046=938对齐官方推算[真实数据路径形状]；净迁移总量级对齐官方推算、年龄权重偏劳动年龄[假设]
2043,10-14,少儿0-14,男,102970.9,10.2971,高,混合,[混合] 基准人口锚点=C&SD表110-01001A年中人口(不含外佣)；2026-2056为队列成分法推算[假设路径]；生育TFR 2023=751→2046=938对齐官方推算[真实数据路径形状]；净迁移总量级对齐官方推算、年龄权重偏劳动年龄[假设]
2043,15-19,劳动年龄15-64,男,109392.9,10.9393,高,混合,[混合] 基准人口锚点=C&SD表110-01001A年中人口(不含外佣)；2026-2056为队列成分法推算[假设路径]；生育TFR 2023=751→2046=938对齐官方推算[真实数据路径形状]；净迁移总量级对齐官方推算、年龄权重偏劳动年龄[假设]
2043,20-24,劳动年龄15-64,男,144453.7,14.4454,高,混合,[混合] 基准人口锚点=C&SD表110-01001A年中人口(不含外佣)；2026-2056为队列成分法推算[假设路径]；生育TFR 2023=751→2046=938对齐官方推算[真实数据路径形状]；净迁移总量级对齐官方推算、年龄权重偏劳动年龄[假设]
2043,25-29,劳动年龄15-64,男,189496.2,18.9496,高,混合,[混合] 基准人口锚点=C&SD表110-01001A年中人口(不含外佣)；2026-2056为队列成分法推算[假设路径]；生育TFR 2023=751→2046=938对齐官方推算[真实数据路径形状]；净迁移总量级对齐官方推算、年龄权重偏劳动年龄[假设]
2043,30-34,劳动年龄15-64,男,208158.4,20.8158,高,混合,[混合] 基准人口锚点=C&SD表110-01001A年中人口(不含外佣)；2026-2056为队列成分法推算[假设路径]；生育TFR 2023=751→2046=938对齐官方推算[真实数据路径形状]；净迁移总量级对齐官方推算、年龄权重偏劳动年龄[假设]
2043,35-39,劳动年龄15-64,男,206915.6,20.6916,高,混合,[混合] 基准人口锚点=C&SD表110-01001A年中人口(不含外佣)；2026-2056为队列成分法推算[假设路径]；生育TFR 2023=751→2046=938对齐官方推算[真实数据路径形状]；净迁移总量级对齐官方推算、年龄权重偏劳动年龄[假设]
2043,40-44,劳动年龄15-64,男,227038.8,22.7039,高,混合,[混合] 基准人口锚点=C&SD表110-01001A年中人口(不含外佣)；2026-2056为队列成分法推算[假设路径]；生育TFR 2023=751→2046=938对齐官方推算[真实数据路径形状]；净迁移总量级对齐官方推算、年龄权重偏劳动年龄[假设]
2043,45-49,劳动年龄15-64,男,262393.5,26.2394,高,混合,[混合] 基准人口锚点=C&SD表110-01001A年中人口(不含外佣)；2026-2056为队列成分法推算[假设路径]；生育TFR 2023=751→2046=938对齐官方推算[真实数据路径形状]；净迁移总量级对齐官方推算、年龄权重偏劳动年龄[假设]
2043,5-9,少儿0-14,男,99284.7,9.9285,高,混合,[混合] 基准人口锚点=C&SD表110-01001A年中人口(不含外佣)；2026-2056为队列成分法推算[假设路径]；生育TFR 2023=751→2046=938对齐官方推算[真实数据路径形状]；净迁移总量级对齐官方推算、年龄权重偏劳动年龄[假设]
2043,50-54,劳动年龄15-64,男,277087.2,27.7087,高,混合,[混合] 基准人口锚点=C&SD表110-01001A年中人口(不含外佣)；2026-2056为队列成分法推算[假设路径]；生育TFR 2023=751→2046=938对齐官方推算[真实数据路径形状]；净迁移总量级对齐官方推算、年龄权重偏劳动年龄[假设]
2043,55-59,劳动年龄15-64,男,273139.0,27.3139,高,混合,[混合] 基准人口锚点=C&SD表110-01001A年中人口(不含外佣)；2026-2056为队列成分法推算[假设路径]；生育TFR 2023=751→2046=938对齐官方推算[真实数据路径形状]；净迁移总量级对齐官方推算、年龄权重偏劳动年龄[假设]
2043,60-64,劳动年龄15-64,男,261219.3,26.1219,高,混合,[混合] 基准人口锚点=C&SD表110-01001A年中人口(不含外佣)；2026-2056为队列成分法推算[假设路径]；生育TFR 2023=751→2046=938对齐官方推算[真实数据路径形状]；净迁移总量级对齐官方推算、年龄权重偏劳动年龄[假设]
2043,65-69,退休65+,男,252126.3,25.2126,高,混合,[混合] 基准人口锚点=C&SD表110-01001A年中人口(不含外佣)；2026-2056为队列成分法推算[假设路径]；生育TFR 2023=751→2046=938对齐官方推算[真实数据路径形状]；净迁移总量级对齐官方推算、年龄权重偏劳动年龄[假设]
2043,70-74,退休65+,男,236390.6,23.6391,高,混合,[混合] 基准人口锚点=C&SD表110-01001A年中人口(不含外佣)；2026-2056为队列成分法推算[假设路径]；生育TFR 2023=751→2046=938对齐官方推算[真实数据路径形状]；净迁移总量级对齐官方推算、年龄权重偏劳动年龄[假设]
2043,75-79,退休65+,男,231510.1,23.151,高,混合,[混合] 基准人口锚点=C&SD表110-01001A年中人口(不含外佣)；2026-2056为队列成分法推算[假设路径]；生育TFR 2023=751→2046=938对齐官方推算[真实数据路径形状]；净迁移总量级对齐官方推算、年龄权重偏劳动年龄[假设]
2043,80-84,退休65+,男,213608.6,21.3609,高,混合,[混合] 基准人口锚点=C&SD表110-01001A年中人口(不含外佣)；2026-2056为队列成分法推算[假设路径]；生育TFR 2023=751→2046=938对齐官方推算[真实数据路径形状]；净迁移总量级对齐官方推算、年龄权重偏劳动年龄[假设]
2043,85+,退休65+,男,275590.5,27.559,高,混合,[混合] 基准人口锚点=C&SD表110-01001A年中人口(不含外佣)；2026-2056为队列成分法推算[假设路径]；生育TFR 2023=751→2046=938对齐官方推算[真实数据路径形状]；净迁移总量级对齐官方推算、年龄权重偏劳动年龄[假设]
2044,0-4,少儿0-14,女,95673.2,9.5673,高,混合,[混合] 基准人口锚点=C&SD表110-01001A年中人口(不含外佣)；2026-2056为队列成分法推算[假设路径]；生育TFR 2023=751→2046=938对齐官方推算[真实数据路径形状]；净迁移总量级对齐官方推算、年龄权重偏劳动年龄[假设]
2044,10-14,少儿0-14,女,98614.6,9.8615,高,混合,[混合] 基准人口锚点=C&SD表110-01001A年中人口(不含外佣)；2026-2056为队列成分法推算[假设路径]；生育TFR 2023=751→2046=938对齐官方推算[真实数据路径形状]；净迁移总量级对齐官方推算、年龄权重偏劳动年龄[假设]
2044,15-19,劳动年龄15-64,女,107467.6,10.7468,高,混合,[混合] 基准人口锚点=C&SD表110-01001A年中人口(不含外佣)；2026-2056为队列成分法推算[假设路径]；生育TFR 2023=751→2046=938对齐官方推算[真实数据路径形状]；净迁移总量级对齐官方推算、年龄权重偏劳动年龄[假设]
2044,20-24,劳动年龄15-64,女,131878.6,13.1879,高,混合,[混合] 基准人口锚点=C&SD表110-01001A年中人口(不含外佣)；2026-2056为队列成分法推算[假设路径]；生育TFR 2023=751→2046=938对齐官方推算[真实数据路径形状]；净迁移总量级对齐官方推算、年龄权重偏劳动年龄[假设]
2044,25-29,劳动年龄15-64,女,179639.2,17.9639,高,混合,[混合] 基准人口锚点=C&SD表110-01001A年中人口(不含外佣)；2026-2056为队列成分法推算[假设路径]；生育TFR 2023=751→2046=938对齐官方推算[真实数据路径形状]；净迁移总量级对齐官方推算、年龄权重偏劳动年龄[假设]
2044,30-34,劳动年龄15-64,女,204906.1,20.4906,高,混合,[混合] 基准人口锚点=C&SD表110-01001A年中人口(不含外佣)；2026-2056为队列成分法推算[假设路径]；生育TFR 2023=751→2046=938对齐官方推算[真实数据路径形状]；净迁移总量级对齐官方推算、年龄权重偏劳动年龄[假设]
2044,35-39,劳动年龄15-64,女,208923.0,20.8923,高,混合,[混合] 基准人口锚点=C&SD表110-01001A年中人口(不含外佣)；2026-2056为队列成分法推算[假设路径]；生育TFR 2023=751→2046=938对齐官方推算[真实数据路径形状]；净迁移总量级对齐官方推算、年龄权重偏劳动年龄[假设]
2044,40-44,劳动年龄15-64,女,223265.3,22.3265,高,混合,[混合] 基准人口锚点=C&SD表110-01001A年中人口(不含外佣)；2026-2056为队列成分法推算[假设路径]；生育TFR 2023=751→2046=938对齐官方推算[真实数据路径形状]；净迁移总量级对齐官方推算、年龄权重偏劳动年龄[假设]
2044,45-49,劳动年龄15-64,女,255018.0,25.5018,高,混合,[混合] 基准人口锚点=C&SD表110-01001A年中人口(不含外佣)；2026-2056为队列成分法推算[假设路径]；生育TFR 2023=751→2046=938对齐官方推算[真实数据路径形状]；净迁移总量级对齐官方推算、年龄权重偏劳动年龄[假设]
2044,5-9,少儿0-14,女,95335.2,9.5335,高,混合,[混合] 基准人口锚点=C&SD表110-01001A年中人口(不含外佣)；2026-2056为队列成分法推算[假设路径]；生育TFR 2023=751→2046=938对齐官方推算[真实数据路径形状]；净迁移总量级对齐官方推算、年龄权重偏劳动年龄[假设]
2044,50-54,劳动年龄15-64,女,285373.8,28.5374,高,混合,[混合] 基准人口锚点=C&SD表110-01001A年中人口(不含外佣)；2026-2056为队列成分法推算[假设路径]；生育TFR 2023=751→2046=938对齐官方推算[真实数据路径形状]；净迁移总量级对齐官方推算、年龄权重偏劳动年龄[假设]
2044,55-59,劳动年龄15-64,女,301189.1,30.1189,高,混合,[混合] 基准人口锚点=C&SD表110-01001A年中人口(不含外佣)；2026-2056为队列成分法推算[假设路径]；生育TFR 2023=751→2046=938对齐官方推算[真实数据路径形状]；净迁移总量级对齐官方推算、年龄权重偏劳动年龄[假设]
2044,60-64,劳动年龄15-64,女,314716.2,31.4716,高,混合,[混合] 基准人口锚点=C&SD表110-01001A年中人口(不含外佣)；2026-2056为队列成分法推算[假设路径]；生育TFR 2023=751→2046=938对齐官方推算[真实数据路径形状]；净迁移总量级对齐官方推算、年龄权重偏劳动年龄[假设]
2044,65-69,退休65+,女,320933.2,32.0933,高,混合,[混合] 基准人口锚点=C&SD表110-01001A年中人口(不含外佣)；2026-2056为队列成分法推算[假设路径]；生育TFR 2023=751→2046=938对齐官方推算[真实数据路径形状]；净迁移总量级对齐官方推算、年龄权重偏劳动年龄[假设]
2044,70-74,退休65+,女,318669.6,31.867,高,混合,[混合] 基准人口锚点=C&SD表110-01001A年中人口(不含外佣)；2026-2056为队列成分法推算[假设路径]；生育TFR 2023=751→2046=938对齐官方推算[真实数据路径形状]；净迁移总量级对齐官方推算、年龄权重偏劳动年龄[假设]
2044,75-79,退休65+,女,311365.3,31.1365,高,混合,[混合] 基准人口锚点=C&SD表110-01001A年中人口(不含外佣)；2026-2056为队列成分法推算[假设路径]；生育TFR 2023=751→2046=938对齐官方推算[真实数据路径形状]；净迁移总量级对齐官方推算、年龄权重偏劳动年龄[假设]
2044,80-84,退休65+,女,286401.4,28.6401,高,混合,[混合] 基准人口锚点=C&SD表110-01001A年中人口(不含外佣)；2026-2056为队列成分法推算[假设路径]；生育TFR 2023=751→2046=938对齐官方推算[真实数据路径形状]；净迁移总量级对齐官方推算、年龄权重偏劳动年龄[假设]
2044,85+,退休65+,女,423942.8,42.3943,高,混合,[混合] 基准人口锚点=C&SD表110-01001A年中人口(不含外佣)；2026-2056为队列成分法推算[假设路径]；生育TFR 2023=751→2046=938对齐官方推算[真实数据路径形状]；净迁移总量级对齐官方推算、年龄权重偏劳动年龄[假设]
2044,0-4,少儿0-14,男,100989.7,10.099,高,混合,[混合] 基准人口锚点=C&SD表110-01001A年中人口(不含外佣)；2026-2056为队列成分法推算[假设路径]；生育TFR 2023=751→2046=938对齐官方推算[真实数据路径形状]；净迁移总量级对齐官方推算、年龄权重偏劳动年龄[假设]
2044,10-14,少儿0-14,男,102639.0,10.2639,高,混合,[混合] 基准人口锚点=C&SD表110-01001A年中人口(不含外佣)；2026-2056为队列成分法推算[假设路径]；生育TFR 2023=751→2046=938对齐官方推算[真实数据路径形状]；净迁移总量级对齐官方推算、年龄权重偏劳动年龄[假设]
2044,15-19,劳动年龄15-64,男,111272.0,11.1272,高,混合,[混合] 基准人口锚点=C&SD表110-01001A年中人口(不含外佣)；2026-2056为队列成分法推算[假设路径]；生育TFR 2023=751→2046=938对齐官方推算[真实数据路径形状]；净迁移总量级对齐官方推算、年龄权重偏劳动年龄[假设]
2044,20-24,劳动年龄15-64,男,136247.3,13.6247,高,混合,[混合] 基准人口锚点=C&SD表110-01001A年中人口(不含外佣)；2026-2056为队列成分法推算[假设路径]；生育TFR 2023=751→2046=938对齐官方推算[真实数据路径形状]；净迁移总量级对齐官方推算、年龄权重偏劳动年龄[假设]
2044,25-29,劳动年龄15-64,男,184901.5,18.4901,高,混合,[混合] 基准人口锚点=C&SD表110-01001A年中人口(不含外佣)；2026-2056为队列成分法推算[假设路径]；生育TFR 2023=751→2046=938对齐官方推算[真实数据路径形状]；净迁移总量级对齐官方推算、年龄权重偏劳动年龄[假设]
2044,30-34,劳动年龄15-64,男,210206.1,21.0206,高,混合,[混合] 基准人口锚点=C&SD表110-01001A年中人口(不含外佣)；2026-2056为队列成分法推算[假设路径]；生育TFR 2023=751→2046=938对齐官方推算[真实数据路径形状]；净迁移总量级对齐官方推算、年龄权重偏劳动年龄[假设]
2044,35-39,劳动年龄15-64,男,210305.5,21.0306,高,混合,[混合] 基准人口锚点=C&SD表110-01001A年中人口(不含外佣)；2026-2056为队列成分法推算[假设路径]；生育TFR 2023=751→2046=938对齐官方推算[真实数据路径形状]；净迁移总量级对齐官方推算、年龄权重偏劳动年龄[假设]
2044,40-44,劳动年龄15-64,男,222779.0,22.2779,高,混合,[混合] 基准人口锚点=C&SD表110-01001A年中人口(不含外佣)；2026-2056为队列成分法推算[假设路径]；生育TFR 2023=751→2046=938对齐官方推算[真实数据路径形状]；净迁移总量级对齐官方推算、年龄权重偏劳动年龄[假设]
2044,45-49,劳动年龄15-64,男,256831.6,25.6832,高,混合,[混合] 基准人口锚点=C&SD表110-01001A年中人口(不含外佣)；2026-2056为队列成分法推算[假设路径]；生育TFR 2023=751→2046=938对齐官方推算[真实数据路径形状]；净迁移总量级对齐官方推算、年龄权重偏劳动年龄[假设]
2044,5-9,少儿0-14,男,99867.0,9.9867,高,混合,[混合] 基准人口锚点=C&SD表110-01001A年中人口(不含外佣)；2026-2056为队列成分法推算[假设路径]；生育TFR 2023=751→2046=938对齐官方推算[真实数据路径形状]；净迁移总量级对齐官方推算、年龄权重偏劳动年龄[假设]
2044,50-54,劳动年龄15-64,男,278047.3,27.8047,高,混合,[混合] 基准人口锚点=C&SD表110-01001A年中人口(不含外佣)；2026-2056为队列成分法推算[假设路径]；生育TFR 2023=751→2046=938对齐官方推算[真实数据路径形状]；净迁移总量级对齐官方推算、年龄权重偏劳动年龄[假设]
2044,55-59,劳动年龄15-64,男,275406.4,27.5406,高,混合,[混合] 基准人口锚点=C&SD表110-01001A年中人口(不含外佣)；2026-2056为队列成分法推算[假设路径]；生育TFR 2023=751→2046=938对齐官方推算[真实数据路径形状]；净迁移总量级对齐官方推算、年龄权重偏劳动年龄[假设]
2044,60-64,劳动年龄15-64,男,264513.4,26.4513,高,混合,[混合] 基准人口锚点=C&SD表110-01001A年中人口(不含外佣)；2026-2056为队列成分法推算[假设路径]；生育TFR 2023=751→2046=938对齐官方推算[真实数据路径形状]；净迁移总量级对齐官方推算、年龄权重偏劳动年龄[假设]
2044,65-69,退休65+,男,251979.3,25.1979,高,混合,[混合] 基准人口锚点=C&SD表110-01001A年中人口(不含外佣)；2026-2056为队列成分法推算[假设路径]；生育TFR 2023=751→2046=938对齐官方推算[真实数据路径形状]；净迁移总量级对齐官方推算、年龄权重偏劳动年龄[假设]
2044,70-74,退休65+,男,238022.3,23.8022,高,混合,[混合] 基准人口锚点=C&SD表110-01001A年中人口(不含外佣)；2026-2056为队列成分法推算[假设路径]；生育TFR 2023=751→2046=938对齐官方推算[真实数据路径形状]；净迁移总量级对齐官方推算、年龄权重偏劳动年龄[假设]
2044,75-79,退休65+,男,226255.1,22.6255,高,混合,[混合] 基准人口锚点=C&SD表110-01001A年中人口(不含外佣)；2026-2056为队列成分法推算[假设路径]；生育TFR 2023=751→2046=938对齐官方推算[真实数据路径形状]；净迁移总量级对齐官方推算、年龄权重偏劳动年龄[假设]
2044,80-84,退休65+,男,211887.8,21.1888,高,混合,[混合] 基准人口锚点=C&SD表110-01001A年中人口(不含外佣)；2026-2056为队列成分法推算[假设路径]；生育TFR 2023=751→2046=938对齐官方推算[真实数据路径形状]；净迁移总量级对齐官方推算、年龄权重偏劳动年龄[假设]
2044,85+,退休65+,男,290032.7,29.0033,高,混合,[混合] 基准人口锚点=C&SD表110-01001A年中人口(不含外佣)；2026-2056为队列成分法推算[假设路径]；生育TFR 2023=751→2046=938对齐官方推算[真实数据路径形状]；净迁移总量级对齐官方推算、年龄权重偏劳动年龄[假设]
2045,0-4,少儿0-14,女,96397.2,9.6397,高,混合,[混合] 基准人口锚点=C&SD表110-01001A年中人口(不含外佣)；2026-2056为队列成分法推算[假设路径]；生育TFR 2023=751→2046=938对齐官方推算[真实数据路径形状]；净迁移总量级对齐官方推算、年龄权重偏劳动年龄[假设]
2045,10-14,少儿0-14,女,98388.6,9.8389,高,混合,[混合] 基准人口锚点=C&SD表110-01001A年中人口(不含外佣)；2026-2056为队列成分法推算[假设路径]；生育TFR 2023=751→2046=938对齐官方推算[真实数据路径形状]；净迁移总量级对齐官方推算、年龄权重偏劳动年龄[假设]
2045,15-19,劳动年龄15-64,女,109349.1,10.9349,高,混合,[混合] 基准人口锚点=C&SD表110-01001A年中人口(不含外佣)；2026-2056为队列成分法推算[假设路径]；生育TFR 2023=751→2046=938对齐官方推算[真实数据路径形状]；净迁移总量级对齐官方推算、年龄权重偏劳动年龄[假设]
2045,20-24,劳动年龄15-64,女,123971.7,12.3972,高,混合,[混合] 基准人口锚点=C&SD表110-01001A年中人口(不含外佣)；2026-2056为队列成分法推算[假设路径]；生育TFR 2023=751→2046=938对齐官方推算[真实数据路径形状]；净迁移总量级对齐官方推算、年龄权重偏劳动年龄[假设]
2045,25-29,劳动年龄15-64,女,175263.4,17.5263,高,混合,[混合] 基准人口锚点=C&SD表110-01001A年中人口(不含外佣)；2026-2056为队列成分法推算[假设路径]；生育TFR 2023=751→2046=938对齐官方推算[真实数据路径形状]；净迁移总量级对齐官方推算、年龄权重偏劳动年龄[假设]
2045,30-34,劳动年龄15-64,女,206347.5,20.6348,高,混合,[混合] 基准人口锚点=C&SD表110-01001A年中人口(不含外佣)；2026-2056为队列成分法推算[假设路径]；生育TFR 2023=751→2046=938对齐官方推算[真实数据路径形状]；净迁移总量级对齐官方推算、年龄权重偏劳动年龄[假设]
2045,35-39,劳动年龄15-64,女,210793.8,21.0794,高,混合,[混合] 基准人口锚点=C&SD表110-01001A年中人口(不含外佣)；2026-2056为队列成分法推算[假设路径]；生育TFR 2023=751→2046=938对齐官方推算[真实数据路径形状]；净迁移总量级对齐官方推算、年龄权重偏劳动年龄[假设]
2045,40-44,劳动年龄15-64,女,220785.9,22.0786,高,混合,[混合] 基准人口锚点=C&SD表110-01001A年中人口(不含外佣)；2026-2056为队列成分法推算[假设路径]；生育TFR 2023=751→2046=938对齐官方推算[真实数据路径形状]；净迁移总量级对齐官方推算、年龄权重偏劳动年龄[假设]
2045,45-49,劳动年龄15-64,女,248450.6,24.8451,高,混合,[混合] 基准人口锚点=C&SD表110-01001A年中人口(不含外佣)；2026-2056为队列成分法推算[假设路径]；生育TFR 2023=751→2046=938对齐官方推算[真实数据路径形状]；净迁移总量级对齐官方推算、年龄权重偏劳动年龄[假设]
2045,5-9,少儿0-14,女,95988.8,9.5989,高,混合,[混合] 基准人口锚点=C&SD表110-01001A年中人口(不含外佣)；2026-2056为队列成分法推算[假设路径]；生育TFR 2023=751→2046=938对齐官方推算[真实数据路径形状]；净迁移总量级对齐官方推算、年龄权重偏劳动年龄[假设]
2045,50-54,劳动年龄15-64,女,284027.3,28.4027,高,混合,[混合] 基准人口锚点=C&SD表110-01001A年中人口(不含外佣)；2026-2056为队列成分法推算[假设路径]；生育TFR 2023=751→2046=938对齐官方推算[真实数据路径形状]；净迁移总量级对齐官方推算、年龄权重偏劳动年龄[假设]
2045,55-59,劳动年龄15-64,女,298976.6,29.8977,高,混合,[混合] 基准人口锚点=C&SD表110-01001A年中人口(不含外佣)；2026-2056为队列成分法推算[假设路径]；生育TFR 2023=751→2046=938对齐官方推算[真实数据路径形状]；净迁移总量级对齐官方推算、年龄权重偏劳动年龄[假设]
2045,60-64,劳动年龄15-64,女,314271.0,31.4271,高,混合,[混合] 基准人口锚点=C&SD表110-01001A年中人口(不含外佣)；2026-2056为队列成分法推算[假设路径]；生育TFR 2023=751→2046=938对齐官方推算[真实数据路径形状]；净迁移总量级对齐官方推算、年龄权重偏劳动年龄[假设]
2045,65-69,退休65+,女,319202.7,31.9203,高,混合,[混合] 基准人口锚点=C&SD表110-01001A年中人口(不含外佣)；2026-2056为队列成分法推算[假设路径]；生育TFR 2023=751→2046=938对齐官方推算[真实数据路径形状]；净迁移总量级对齐官方推算、年龄权重偏劳动年龄[假设]
2045,70-74,退休65+,女,319354.0,31.9354,高,混合,[混合] 基准人口锚点=C&SD表110-01001A年中人口(不含外佣)；2026-2056为队列成分法推算[假设路径]；生育TFR 2023=751→2046=938对齐官方推算[真实数据路径形状]；净迁移总量级对齐官方推算、年龄权重偏劳动年龄[假设]
2045,75-79,退休65+,女,308440.7,30.8441,高,混合,[混合] 基准人口锚点=C&SD表110-01001A年中人口(不含外佣)；2026-2056为队列成分法推算[假设路径]；生育TFR 2023=751→2046=938对齐官方推算[真实数据路径形状]；净迁移总量级对齐官方推算、年龄权重偏劳动年龄[假设]
2045,80-84,退休65+,女,291843.6,29.1844,高,混合,[混合] 基准人口锚点=C&SD表110-01001A年中人口(不含外佣)；2026-2056为队列成分法推算[假设路径]；生育TFR 2023=751→2046=938对齐官方推算[真实数据路径形状]；净迁移总量级对齐官方推算、年龄权重偏劳动年龄[假设]
2045,85+,退休65+,女,444741.5,44.4742,高,混合,[混合] 基准人口锚点=C&SD表110-01001A年中人口(不含外佣)；2026-2056为队列成分法推算[假设路径]；生育TFR 2023=751→2046=938对齐官方推算[真实数据路径形状]；净迁移总量级对齐官方推算、年龄权重偏劳动年龄[假设]
2045,0-4,少儿0-14,男,101772.8,10.1773,高,混合,[混合] 基准人口锚点=C&SD表110-01001A年中人口(不含外佣)；2026-2056为队列成分法推算[假设路径]；生育TFR 2023=751→2046=938对齐官方推算[真实数据路径形状]；净迁移总量级对齐官方推算、年龄权重偏劳动年龄[假设]
2045,10-14,少儿0-14,男,102427.3,10.2427,高,混合,[混合] 基准人口锚点=C&SD表110-01001A年中人口(不含外佣)；2026-2056为队列成分法推算[假设路径]；生育TFR 2023=751→2046=938对齐官方推算[真实数据路径形状]；净迁移总量级对齐官方推算、年龄权重偏劳动年龄[假设]
2045,15-19,劳动年龄15-64,男,112848.4,11.2848,高,混合,[混合] 基准人口锚点=C&SD表110-01001A年中人口(不含外佣)；2026-2056为队列成分法推算[假设路径]；生育TFR 2023=751→2046=938对齐官方推算[真实数据路径形状]；净迁移总量级对齐官方推算、年龄权重偏劳动年龄[假设]
2045,20-24,劳动年龄15-64,男,127914.9,12.7915,高,混合,[混合] 基准人口锚点=C&SD表110-01001A年中人口(不含外佣)；2026-2056为队列成分法推算[假设路径]；生育TFR 2023=751→2046=938对齐官方推算[真实数据路径形状]；净迁移总量级对齐官方推算、年龄权重偏劳动年龄[假设]
2045,25-29,劳动年龄15-64,男,180061.6,18.0062,高,混合,[混合] 基准人口锚点=C&SD表110-01001A年中人口(不含外佣)；2026-2056为队列成分法推算[假设路径]；生育TFR 2023=751→2046=938对齐官方推算[真实数据路径形状]；净迁移总量级对齐官方推算、年龄权重偏劳动年龄[假设]
2045,30-34,劳动年龄15-64,男,211641.5,21.1641,高,混合,[混合] 基准人口锚点=C&SD表110-01001A年中人口(不含外佣)；2026-2056为队列成分法推算[假设路径]；生育TFR 2023=751→2046=938对齐官方推算[真实数据路径形状]；净迁移总量级对齐官方推算、年龄权重偏劳动年龄[假设]
2045,35-39,劳动年龄15-64,男,213554.4,21.3554,高,混合,[混合] 基准人口锚点=C&SD表110-01001A年中人口(不含外佣)；2026-2056为队列成分法推算[假设路径]；生育TFR 2023=751→2046=938对齐官方推算[真实数据路径形状]；净迁移总量级对齐官方推算、年龄权重偏劳动年龄[假设]
2045,40-44,劳动年龄15-64,男,218387.4,21.8387,高,混合,[混合] 基准人口锚点=C&SD表110-01001A年中人口(不含外佣)；2026-2056为队列成分法推算[假设路径]；生育TFR 2023=751→2046=938对齐官方推算[真实数据路径形状]；净迁移总量级对齐官方推算、年龄权重偏劳动年龄[假设]
2045,45-49,劳动年龄15-64,男,251151.2,25.1151,高,混合,[混合] 基准人口锚点=C&SD表110-01001A年中人口(不含外佣)；2026-2056为队列成分法推算[假设路径]；生育TFR 2023=751→2046=938对齐官方推算[真实数据路径形状]；净迁移总量级对齐官方推算、年龄权重偏劳动年龄[假设]
2045,5-9,少儿0-14,男,100599.5,10.06,高,混合,[混合] 基准人口锚点=C&SD表110-01001A年中人口(不含外佣)；2026-2056为队列成分法推算[假设路径]；生育TFR 2023=751→2046=938对齐官方推算[真实数据路径形状]；净迁移总量级对齐官方推算、年龄权重偏劳动年龄[假设]
2045,50-54,劳动年龄15-64,男,278918.3,27.8918,高,混合,[混合] 基准人口锚点=C&SD表110-01001A年中人口(不含外佣)；2026-2056为队列成分法推算[假设路径]；生育TFR 2023=751→2046=938对齐官方推算[真实数据路径形状]；净迁移总量级对齐官方推算、年龄权重偏劳动年龄[假设]
2045,55-59,劳动年龄15-64,男,277662.0,27.7662,高,混合,[混合] 基准人口锚点=C&SD表110-01001A年中人口(不含外佣)；2026-2056为队列成分法推算[假设路径]；生育TFR 2023=751→2046=938对齐官方推算[真实数据路径形状]；净迁移总量级对齐官方推算、年龄权重偏劳动年龄[假设]
2045,60-64,劳动年龄15-64,男,267972.1,26.7972,高,混合,[混合] 基准人口锚点=C&SD表110-01001A年中人口(不含外佣)；2026-2056为队列成分法推算[假设路径]；生育TFR 2023=751→2046=938对齐官方推算[真实数据路径形状]；净迁移总量级对齐官方推算、年龄权重偏劳动年龄[假设]
2045,65-69,退休65+,男,251817.5,25.1818,高,混合,[混合] 基准人口锚点=C&SD表110-01001A年中人口(不含外佣)；2026-2056为队列成分法推算[假设路径]；生育TFR 2023=751→2046=938对齐官方推算[真实数据路径形状]；净迁移总量级对齐官方推算、年龄权重偏劳动年龄[假设]
2045,70-74,退休65+,男,239682.3,23.9682,高,混合,[混合] 基准人口锚点=C&SD表110-01001A年中人口(不含外佣)；2026-2056为队列成分法推算[假设路径]；生育TFR 2023=751→2046=938对齐官方推算[真实数据路径形状]；净迁移总量级对齐官方推算、年龄权重偏劳动年龄[假设]
2045,75-79,退休65+,男,221276.4,22.1276,高,混合,[混合] 基准人口锚点=C&SD表110-01001A年中人口(不含外佣)；2026-2056为队列成分法推算[假设路径]；生育TFR 2023=751→2046=938对齐官方推算[真实数据路径形状]；净迁移总量级对齐官方推算、年龄权重偏劳动年龄[假设]
2045,80-84,退休65+,男,210589.6,21.059,高,混合,[混合] 基准人口锚点=C&SD表110-01001A年中人口(不含外佣)；2026-2056为队列成分法推算[假设路径]；生育TFR 2023=751→2046=938对齐官方推算[真实数据路径形状]；净迁移总量级对齐官方推算、年龄权重偏劳动年龄[假设]
2045,85+,退休65+,男,303120.1,30.312,高,混合,[混合] 基准人口锚点=C&SD表110-01001A年中人口(不含外佣)；2026-2056为队列成分法推算[假设路径]；生育TFR 2023=751→2046=938对齐官方推算[真实数据路径形状]；净迁移总量级对齐官方推算、年龄权重偏劳动年龄[假设]
2046,0-4,少儿0-14,女,96979.2,9.6979,高,混合,[混合] 基准人口锚点=C&SD表110-01001A年中人口(不含外佣)；2026-2056为队列成分法推算[假设路径]；生育TFR 2023=751→2046=938对齐官方推算[真实数据路径形状]；净迁移总量级对齐官方推算、年龄权重偏劳动年龄[假设]
2046,10-14,少儿0-14,女,98269.2,9.8269,高,混合,[混合] 基准人口锚点=C&SD表110-01001A年中人口(不含外佣)；2026-2056为队列成分法推算[假设路径]；生育TFR 2023=751→2046=938对齐官方推算[真实数据路径形状]；净迁移总量级对齐官方推算、年龄权重偏劳动年龄[假设]
2046,15-19,劳动年龄15-64,女,110913.0,11.0913,高,混合,[混合] 基准人口锚点=C&SD表110-01001A年中人口(不含外佣)；2026-2056为队列成分法推算[假设路径]；生育TFR 2023=751→2046=938对齐官方推算[真实数据路径形状]；净迁移总量级对齐官方推算、年龄权重偏劳动年龄[假设]
2046,20-24,劳动年龄15-64,女,115979.2,11.5979,高,混合,[混合] 基准人口锚点=C&SD表110-01001A年中人口(不含外佣)；2026-2056为队列成分法推算[假设路径]；生育TFR 2023=751→2046=938对齐官方推算[真实数据路径形状]；净迁移总量级对齐官方推算、年龄权重偏劳动年龄[假设]
2046,25-29,劳动年龄15-64,女,170620.7,17.0621,高,混合,[混合] 基准人口锚点=C&SD表110-01001A年中人口(不含外佣)；2026-2056为队列成分法推算[假设路径]；生育TFR 2023=751→2046=938对齐官方推算[真实数据路径形状]；净迁移总量级对齐官方推算、年龄权重偏劳动年龄[假设]
2046,30-34,劳动年龄15-64,女,207098.7,20.7099,高,混合,[混合] 基准人口锚点=C&SD表110-01001A年中人口(不含外佣)；2026-2056为队列成分法推算[假设路径]；生育TFR 2023=751→2046=938对齐官方推算[真实数据路径形状]；净迁移总量级对齐官方推算、年龄权重偏劳动年龄[假设]
2046,35-39,劳动年龄15-64,女,212512.1,21.2512,高,混合,[混合] 基准人口锚点=C&SD表110-01001A年中人口(不含外佣)；2026-2056为队列成分法推算[假设路径]；生育TFR 2023=751→2046=938对齐官方推算[真实数据路径形状]；净迁移总量级对齐官方推算、年龄权重偏劳动年龄[假设]
2046,40-44,劳动年龄15-64,女,218153.6,21.8154,高,混合,[混合] 基准人口锚点=C&SD表110-01001A年中人口(不含外佣)；2026-2056为队列成分法推算[假设路径]；生育TFR 2023=751→2046=938对齐官方推算[真实数据路径形状]；净迁移总量级对齐官方推算、年龄权重偏劳动年龄[假设]
2046,45-49,劳动年龄15-64,女,241740.8,24.1741,高,混合,[混合] 基准人口锚点=C&SD表110-01001A年中人口(不含外佣)；2026-2056为队列成分法推算[假设路径]；生育TFR 2023=751→2046=938对齐官方推算[真实数据路径形状]；净迁移总量级对齐官方推算、年龄权重偏劳动年龄[假设]
2046,5-9,少儿0-14,女,96760.0,9.676,高,混合,[混合] 基准人口锚点=C&SD表110-01001A年中人口(不含外佣)；2026-2056为队列成分法推算[假设路径]；生育TFR 2023=751→2046=938对齐官方推算[真实数据路径形状]；净迁移总量级对齐官方推算、年龄权重偏劳动年龄[假设]
2046,50-54,劳动年龄15-64,女,282560.3,28.256,高,混合,[混合] 基准人口锚点=C&SD表110-01001A年中人口(不含外佣)；2026-2056为队列成分法推算[假设路径]；生育TFR 2023=751→2046=938对齐官方推算[真实数据路径形状]；净迁移总量级对齐官方推算、年龄权重偏劳动年龄[假设]
2046,55-59,劳动年龄15-64,女,296740.0,29.674,高,混合,[混合] 基准人口锚点=C&SD表110-01001A年中人口(不含外佣)；2026-2056为队列成分法推算[假设路径]；生育TFR 2023=751→2046=938对齐官方推算[真实数据路径形状]；净迁移总量级对齐官方推算、年龄权重偏劳动年龄[假设]
2046,60-64,劳动年龄15-64,女,314027.3,31.4027,高,混合,[混合] 基准人口锚点=C&SD表110-01001A年中人口(不含外佣)；2026-2056为队列成分法推算[假设路径]；生育TFR 2023=751→2046=938对齐官方推算[真实数据路径形状]；净迁移总量级对齐官方推算、年龄权重偏劳动年龄[假设]
2046,65-69,退休65+,女,317429.9,31.743,高,混合,[混合] 基准人口锚点=C&SD表110-01001A年中人口(不含外佣)；2026-2056为队列成分法推算[假设路径]；生育TFR 2023=751→2046=938对齐官方推算[真实数据路径形状]；净迁移总量级对齐官方推算、年龄权重偏劳动年龄[假设]
2046,70-74,退休65+,女,320028.2,32.0028,高,混合,[混合] 基准人口锚点=C&SD表110-01001A年中人口(不含外佣)；2026-2056为队列成分法推算[假设路径]；生育TFR 2023=751→2046=938对齐官方推算[真实数据路径形状]；净迁移总量级对齐官方推算、年龄权重偏劳动年龄[假设]
2046,75-79,退休65+,女,305683.2,30.5683,高,混合,[混合] 基准人口锚点=C&SD表110-01001A年中人口(不含外佣)；2026-2056为队列成分法推算[假设路径]；生育TFR 2023=751→2046=938对齐官方推算[真实数据路径形状]；净迁移总量级对齐官方推算、年龄权重偏劳动年龄[假设]
2046,80-84,退休65+,女,297456.7,29.7457,高,混合,[混合] 基准人口锚点=C&SD表110-01001A年中人口(不含外佣)；2026-2056为队列成分法推算[假设路径]；生育TFR 2023=751→2046=938对齐官方推算[真实数据路径形状]；净迁移总量级对齐官方推算、年龄权重偏劳动年龄[假设]
2046,85+,退休65+,女,464192.9,46.4193,高,混合,[混合] 基准人口锚点=C&SD表110-01001A年中人口(不含外佣)；2026-2056为队列成分法推算[假设路径]；生育TFR 2023=751→2046=938对齐官方推算[真实数据路径形状]；净迁移总量级对齐官方推算、年龄权重偏劳动年龄[假设]
2046,0-4,少儿0-14,男,102405.5,10.2406,高,混合,[混合] 基准人口锚点=C&SD表110-01001A年中人口(不含外佣)；2026-2056为队列成分法推算[假设路径]；生育TFR 2023=751→2046=938对齐官方推算[真实数据路径形状]；净迁移总量级对齐官方推算、年龄权重偏劳动年龄[假设]
2046,10-14,少儿0-14,男,102338.8,10.2339,高,混合,[混合] 基准人口锚点=C&SD表110-01001A年中人口(不含外佣)；2026-2056为队列成分法推算[假设路径]；生育TFR 2023=751→2046=938对齐官方推算[真实数据路径形状]；净迁移总量级对齐官方推算、年龄权重偏劳动年龄[假设]
2046,15-19,劳动年龄15-64,男,114123.4,11.4123,高,混合,[混合] 基准人口锚点=C&SD表110-01001A年中人口(不含外佣)；2026-2056为队列成分法推算[假设路径]；生育TFR 2023=751→2046=938对齐官方推算[真实数据路径形状]；净迁移总量级对齐官方推算、年龄权重偏劳动年龄[假设]
2046,20-24,劳动年龄15-64,男,119498.8,11.9499,高,混合,[混合] 基准人口锚点=C&SD表110-01001A年中人口(不含外佣)；2026-2056为队列成分法推算[假设路径]；生育TFR 2023=751→2046=938对齐官方推算[真实数据路径形状]；净迁移总量级对齐官方推算、年龄权重偏劳动年龄[假设]
2046,25-29,劳动年龄15-64,男,174976.5,17.4977,高,混合,[混合] 基准人口锚点=C&SD表110-01001A年中人口(不含外佣)；2026-2056为队列成分法推算[假设路径]；生育TFR 2023=751→2046=938对齐官方推算[真实数据路径形状]；净迁移总量级对齐官方推算、年龄权重偏劳动年龄[假设]
2046,30-34,劳动年龄15-64,男,212444.0,21.2444,高,混合,[混合] 基准人口锚点=C&SD表110-01001A年中人口(不含外佣)；2026-2056为队列成分法推算[假设路径]；生育TFR 2023=751→2046=938对齐官方推算[真实数据路径形状]；净迁移总量级对齐官方推算、年龄权重偏劳动年龄[假设]
2046,35-39,劳动年龄15-64,男,216662.4,21.6662,高,混合,[混合] 基准人口锚点=C&SD表110-01001A年中人口(不含外佣)；2026-2056为队列成分法推算[假设路径]；生育TFR 2023=751→2046=938对齐官方推算[真实数据路径形状]；净迁移总量级对齐官方推算、年龄权重偏劳动年龄[假设]
2046,40-44,劳动年龄15-64,男,213863.7,21.3864,高,混合,[混合] 基准人口锚点=C&SD表110-01001A年中人口(不含外佣)；2026-2056为队列成分法推算[假设路径]；生育TFR 2023=751→2046=938对齐官方推算[真实数据路径形状]；净迁移总量级对齐官方推算、年龄权重偏劳动年龄[假设]
2046,45-49,劳动年龄15-64,男,245351.9,24.5352,高,混合,[混合] 基准人口锚点=C&SD表110-01001A年中人口(不含外佣)；2026-2056为队列成分法推算[假设路径]；生育TFR 2023=751→2046=938对齐官方推算[真实数据路径形状]；净迁移总量级对齐官方推算、年龄权重偏劳动年龄[假设]
2046,5-9,少儿0-14,男,101458.5,10.1458,高,混合,[混合] 基准人口锚点=C&SD表110-01001A年中人口(不含外佣)；2026-2056为队列成分法推算[假设路径]；生育TFR 2023=751→2046=938对齐官方推算[真实数据路径形状]；净迁移总量级对齐官方推算、年龄权重偏劳动年龄[假设]
2046,50-54,劳动年龄15-64,男,279679.4,27.9679,高,混合,[混合] 基准人口锚点=C&SD表110-01001A年中人口(不含外佣)；2026-2056为队列成分法推算[假设路径]；生育TFR 2023=751→2046=938对齐官方推算[真实数据路径形状]；净迁移总量级对齐官方推算、年龄权重偏劳动年龄[假设]
2046,55-59,劳动年龄15-64,男,279905.8,27.9906,高,混合,[混合] 基准人口锚点=C&SD表110-01001A年中人口(不含外佣)；2026-2056为队列成分法推算[假设路径]；生育TFR 2023=751→2046=938对齐官方推算[真实数据路径形状]；净迁移总量级对齐官方推算、年龄权重偏劳动年龄[假设]
2046,60-64,劳动年龄15-64,男,271604.2,27.1604,高,混合,[混合] 基准人口锚点=C&SD表110-01001A年中人口(不含外佣)；2026-2056为队列成分法推算[假设路径]；生育TFR 2023=751→2046=938对齐官方推算[真实数据路径形状]；净迁移总量级对齐官方推算、年龄权重偏劳动年龄[假设]
2046,65-69,退休65+,男,251640.4,25.164,高,混合,[混合] 基准人口锚点=C&SD表110-01001A年中人口(不含外佣)；2026-2056为队列成分法推算[假设路径]；生育TFR 2023=751→2046=938对齐官方推算[真实数据路径形状]；净迁移总量级对齐官方推算、年龄权重偏劳动年龄[假设]
2046,70-74,退休65+,男,241347.2,24.1347,高,混合,[混合] 基准人口锚点=C&SD表110-01001A年中人口(不含外佣)；2026-2056为队列成分法推算[假设路径]；生育TFR 2023=751→2046=938对齐官方推算[真实数据路径形状]；净迁移总量级对齐官方推算、年龄权重偏劳动年龄[假设]
2046,75-79,退休65+,男,216565.5,21.6565,高,混合,[混合] 基准人口锚点=C&SD表110-01001A年中人口(不含外佣)；2026-2056为队列成分法推算[假设路径]；生育TFR 2023=751→2046=938对齐官方推算[真实数据路径形状]；净迁移总量级对齐官方推算、年龄权重偏劳动年龄[假设]
2046,80-84,退休65+,男,209700.0,20.97,高,混合,[混合] 基准人口锚点=C&SD表110-01001A年中人口(不含外佣)；2026-2056为队列成分法推算[假设路径]；生育TFR 2023=751→2046=938对齐官方推算[真实数据路径形状]；净迁移总量级对齐官方推算、年龄权重偏劳动年龄[假设]
2046,85+,退休65+,男,314982.9,31.4983,高,混合,[混合] 基准人口锚点=C&SD表110-01001A年中人口(不含外佣)；2026-2056为队列成分法推算[假设路径]；生育TFR 2023=751→2046=938对齐官方推算[真实数据路径形状]；净迁移总量级对齐官方推算、年龄权重偏劳动年龄[假设]
2047,0-4,少儿0-14,女,97404.1,9.7404,高,混合,[混合] 基准人口锚点=C&SD表110-01001A年中人口(不含外佣)；2026-2056为队列成分法推算[假设路径]；生育TFR 2023=751→2046=938对齐官方推算[真实数据路径形状]；净迁移总量级对齐官方推算、年龄权重偏劳动年龄[假设]
2047,10-14,少儿0-14,女,98258.8,9.8259,高,混合,[混合] 基准人口锚点=C&SD表110-01001A年中人口(不含外佣)；2026-2056为队列成分法推算[假设路径]；生育TFR 2023=751→2046=938对齐官方推算[真实数据路径形状]；净迁移总量级对齐官方推算、年龄权重偏劳动年龄[假设]
2047,15-19,劳动年龄15-64,女,109839.8,10.984,高,混合,[混合] 基准人口锚点=C&SD表110-01001A年中人口(不含外佣)；2026-2056为队列成分法推算[假设路径]；生育TFR 2023=751→2046=938对齐官方推算[真实数据路径形状]；净迁移总量级对齐官方推算、年龄权重偏劳动年龄[假设]
2047,20-24,劳动年龄15-64,女,118032.8,11.8033,高,混合,[混合] 基准人口锚点=C&SD表110-01001A年中人口(不含外佣)；2026-2056为队列成分法推算[假设路径]；生育TFR 2023=751→2046=938对齐官方推算[真实数据路径形状]；净迁移总量级对齐官方推算、年龄权重偏劳动年龄[假设]
2047,25-29,劳动年龄15-64,女,162473.6,16.2474,高,混合,[混合] 基准人口锚点=C&SD表110-01001A年中人口(不含外佣)；2026-2056为队列成分法推算[假设路径]；生育TFR 2023=751→2046=938对齐官方推算[真实数据路径形状]；净迁移总量级对齐官方推算、年龄权重偏劳动年龄[假设]
2047,30-34,劳动年龄15-64,女,202749.0,20.2749,高,混合,[混合] 基准人口锚点=C&SD表110-01001A年中人口(不含外佣)；2026-2056为队列成分法推算[假设路径]；生育TFR 2023=751→2046=938对齐官方推算[真实数据路径形状]；净迁移总量级对齐官方推算、年龄权重偏劳动年龄[假设]
2047,35-39,劳动年龄15-64,女,215110.0,21.511,高,混合,[混合] 基准人口锚点=C&SD表110-01001A年中人口(不含外佣)；2026-2056为队列成分法推算[假设路径]；生育TFR 2023=751→2046=938对齐官方推算[真实数据路径形状]；净迁移总量级对齐官方推算、年龄权重偏劳动年龄[假设]
2047,40-44,劳动年龄15-64,女,219703.5,21.9703,高,混合,[混合] 基准人口锚点=C&SD表110-01001A年中人口(不含外佣)；2026-2056为队列成分法推算[假设路径]；生育TFR 2023=751→2046=938对齐官方推算[真实数据路径形状]；净迁移总量级对齐官方推算、年龄权重偏劳动年龄[假设]
2047,45-49,劳动年龄15-64,女,239125.4,23.9125,高,混合,[混合] 基准人口锚点=C&SD表110-01001A年中人口(不含外佣)；2026-2056为队列成分法推算[假设路径]；生育TFR 2023=751→2046=938对齐官方推算[真实数据路径形状]；净迁移总量级对齐官方推算、年龄权重偏劳动年龄[假设]
2047,5-9,少儿0-14,女,97626.9,9.7627,高,混合,[混合] 基准人口锚点=C&SD表110-01001A年中人口(不含外佣)；2026-2056为队列成分法推算[假设路径]；生育TFR 2023=751→2046=938对齐官方推算[真实数据路径形状]；净迁移总量级对齐官方推算、年龄权重偏劳动年龄[假设]
2047,50-54,劳动年龄15-64,女,275969.8,27.597,高,混合,[混合] 基准人口锚点=C&SD表110-01001A年中人口(不含外佣)；2026-2056为队列成分法推算[假设路径]；生育TFR 2023=751→2046=938对齐官方推算[真实数据路径形状]；净迁移总量级对齐官方推算、年龄权重偏劳动年龄[假设]
2047,55-59,劳动年龄15-64,女,295160.7,29.5161,高,混合,[混合] 基准人口锚点=C&SD表110-01001A年中人口(不含外佣)；2026-2056为队列成分法推算[假设路径]；生育TFR 2023=751→2046=938对齐官方推算[真实数据路径形状]；净迁移总量级对齐官方推算、年龄权重偏劳动年龄[假设]
2047,60-64,劳动年龄15-64,女,311449.7,31.145,高,混合,[混合] 基准人口锚点=C&SD表110-01001A年中人口(不含外佣)；2026-2056为队列成分法推算[假设路径]；生育TFR 2023=751→2046=938对齐官方推算[真实数据路径形状]；净迁移总量级对齐官方推算、年龄权重偏劳动年龄[假设]
2047,65-69,退休65+,女,316214.0,31.6214,高,混合,[混合] 基准人口锚点=C&SD表110-01001A年中人口(不含外佣)；2026-2056为队列成分法推算[假设路径]；生育TFR 2023=751→2046=938对齐官方推算[真实数据路径形状]；净迁移总量级对齐官方推算、年龄权重偏劳动年龄[假设]
2047,70-74,退休65+,女,318367.3,31.8367,高,混合,[混合] 基准人口锚点=C&SD表110-01001A年中人口(不含外佣)；2026-2056为队列成分法推算[假设路径]；生育TFR 2023=751→2046=938对齐官方推算[真实数据路径形状]；净迁移总量级对齐官方推算、年龄权重偏劳动年龄[假设]
2047,75-79,退休65+,女,306167.8,30.6168,高,混合,[混合] 基准人口锚点=C&SD表110-01001A年中人口(不含外佣)；2026-2056为队列成分法推算[假设路径]；生育TFR 2023=751→2046=938对齐官方推算[真实数据路径形状]；净迁移总量级对齐官方推算、年龄权重偏劳动年龄[假设]
2047,80-84,退休65+,女,294244.7,29.4245,高,混合,[混合] 基准人口锚点=C&SD表110-01001A年中人口(不含外佣)；2026-2056为队列成分法推算[假设路径]；生育TFR 2023=751→2046=938对齐官方推算[真实数据路径形状]；净迁移总量级对齐官方推算、年龄权重偏劳动年龄[假设]
2047,85+,退休65+,女,487133.1,48.7133,高,混合,[混合] 基准人口锚点=C&SD表110-01001A年中人口(不含外佣)；2026-2056为队列成分法推算[假设路径]；生育TFR 2023=751→2046=938对齐官方推算[真实数据路径形状]；净迁移总量级对齐官方推算、年龄权重偏劳动年龄[假设]
2047,0-4,少儿0-14,男,102871.7,10.2872,高,混合,[混合] 基准人口锚点=C&SD表110-01001A年中人口(不含外佣)；2026-2056为队列成分法推算[假设路径]；生育TFR 2023=751→2046=938对齐官方推算[真实数据路径形状]；净迁移总量级对齐官方推算、年龄权重偏劳动年龄[假设]
2047,10-14,少儿0-14,男,102376.1,10.2376,高,混合,[混合] 基准人口锚点=C&SD表110-01001A年中人口(不含外佣)；2026-2056为队列成分法推算[假设路径]；生育TFR 2023=751→2046=938对齐官方推算[真实数据路径形状]；净迁移总量级对齐官方推算、年龄权重偏劳动年龄[假设]
2047,15-19,劳动年龄15-64,男,113058.0,11.3058,高,混合,[混合] 基准人口锚点=C&SD表110-01001A年中人口(不含外佣)；2026-2056为队列成分法推算[假设路径]；生育TFR 2023=751→2046=938对齐官方推算[真实数据路径形状]；净迁移总量级对齐官方推算、年龄权重偏劳动年龄[假设]
2047,20-24,劳动年龄15-64,男,121265.2,12.1265,高,混合,[混合] 基准人口锚点=C&SD表110-01001A年中人口(不含外佣)；2026-2056为队列成分法推算[假设路径]；生育TFR 2023=751→2046=938对齐官方推算[真实数据路径形状]；净迁移总量级对齐官方推算、年龄权重偏劳动年龄[假设]
2047,25-29,劳动年龄15-64,男,166441.4,16.6441,高,混合,[混合] 基准人口锚点=C&SD表110-01001A年中人口(不含外佣)；2026-2056为队列成分法推算[假设路径]；生育TFR 2023=751→2046=938对齐官方推算[真实数据路径形状]；净迁移总量级对齐官方推算、年龄权重偏劳动年龄[假设]
2047,30-34,劳动年龄15-64,男,207631.5,20.7631,高,混合,[混合] 基准人口锚点=C&SD表110-01001A年中人口(不含外佣)；2026-2056为队列成分法推算[假设路径]；生育TFR 2023=751→2046=938对齐官方推算[真实数据路径形状]；净迁移总量级对齐官方推算、年龄权重偏劳动年龄[假设]
2047,35-39,劳动年龄15-64,男,219153.6,21.9154,高,混合,[混合] 基准人口锚点=C&SD表110-01001A年中人口(不含外佣)；2026-2056为队列成分法推算[假设路径]；生育TFR 2023=751→2046=938对齐官方推算[真实数据路径形状]；净迁移总量级对齐官方推算、年龄权重偏劳动年龄[假设]
2047,40-44,劳动年龄15-64,男,216814.1,21.6814,高,混合,[混合] 基准人口锚点=C&SD表110-01001A年中人口(不含外佣)；2026-2056为队列成分法推算[假设路径]；生育TFR 2023=751→2046=938对齐官方推算[真实数据路径形状]；净迁移总量级对齐官方推算、年龄权重偏劳动年龄[假设]
2047,45-49,劳动年龄15-64,男,240831.4,24.0831,高,混合,[混合] 基准人口锚点=C&SD表110-01001A年中人口(不含外佣)；2026-2056为队列成分法推算[假设路径]；生育TFR 2023=751→2046=938对齐官方推算[真实数据路径形状]；净迁移总量级对齐官方推算、年龄权重偏劳动年龄[假设]
2047,5-9,少儿0-14,男,102418.9,10.2419,高,混合,[混合] 基准人口锚点=C&SD表110-01001A年中人口(不含外佣)；2026-2056为队列成分法推算[假设路径]；生育TFR 2023=751→2046=938对齐官方推算[真实数据路径形状]；净迁移总量级对齐官方推算、年龄权重偏劳动年龄[假设]
2047,50-54,劳动年龄15-64,男,273971.4,27.3971,高,混合,[混合] 基准人口锚点=C&SD表110-01001A年中人口(不含外佣)；2026-2056为队列成分法推算[假设路径]；生育TFR 2023=751→2046=938对齐官方推算[真实数据路径形状]；净迁移总量级对齐官方推算、年龄权重偏劳动年龄[假设]
2047,55-59,劳动年龄15-64,男,280556.5,28.0556,高,混合,[混合] 基准人口锚点=C&SD表110-01001A年中人口(不含外佣)；2026-2056为队列成分法推算[假设路径]；生育TFR 2023=751→2046=938对齐官方推算[真实数据路径形状]；净迁移总量级对齐官方推算、年龄权重偏劳动年龄[假设]
2047,60-64,劳动年龄15-64,男,273458.8,27.3459,高,混合,[混合] 基准人口锚点=C&SD表110-01001A年中人口(不含外佣)；2026-2056为队列成分法推算[假设路径]；生育TFR 2023=751→2046=938对齐官方推算[真实数据路径形状]；净迁移总量级对齐官方推算、年龄权重偏劳动年龄[假设]
2047,65-69,退休65+,男,254371.7,25.4372,高,混合,[混合] 基准人口锚点=C&SD表110-01001A年中人口(不含外佣)；2026-2056为队列成分法推算[假设路径]；生育TFR 2023=751→2046=938对齐官方推算[真实数据路径形状]；净迁移总量级对齐官方推算、年龄权重偏劳动年龄[假设]
2047,70-74,退休65+,男,241222.5,24.1223,高,混合,[混合] 基准人口锚点=C&SD表110-01001A年中人口(不含外佣)；2026-2056为队列成分法推算[假设路径]；生育TFR 2023=751→2046=938对齐官方推算[真实数据路径形状]；净迁移总量级对齐官方推算、年龄权重偏劳动年龄[假设]
2047,75-79,退休65+,男,218008.8,21.8009,高,混合,[混合] 基准人口锚点=C&SD表110-01001A年中人口(不含外佣)；2026-2056为队列成分法推算[假设路径]；生育TFR 2023=751→2046=938对齐官方推算[真实数据路径形状]；净迁移总量级对齐官方推算、年龄权重偏劳动年龄[假设]
2047,80-84,退休65+,男,204570.3,20.457,高,混合,[混合] 基准人口锚点=C&SD表110-01001A年中人口(不含外佣)；2026-2056为队列成分法推算[假设路径]；生育TFR 2023=751→2046=938对齐官方推算[真实数据路径形状]；净迁移总量级对齐官方推算、年龄权重偏劳动年龄[假设]
2047,85+,退休65+,男,324660.5,32.4661,高,混合,[混合] 基准人口锚点=C&SD表110-01001A年中人口(不含外佣)；2026-2056为队列成分法推算[假设路径]；生育TFR 2023=751→2046=938对齐官方推算[真实数据路径形状]；净迁移总量级对齐官方推算、年龄权重偏劳动年龄[假设]
2048,0-4,少儿0-14,女,97379.6,9.738,高,混合,[混合] 基准人口锚点=C&SD表110-01001A年中人口(不含外佣)；2026-2056为队列成分法推算[假设路径]；生育TFR 2023=751→2046=938对齐官方推算[真实数据路径形状]；净迁移总量级对齐官方推算、年龄权重偏劳动年龄[假设]
2048,10-14,少儿0-14,女,98446.6,9.8447,高,混合,[混合] 基准人口锚点=C&SD表110-01001A年中人口(不含外佣)；2026-2056为队列成分法推算[假设路径]；生育TFR 2023=751→2046=938对齐官方推算[真实数据路径形状]；净迁移总量级对齐官方推算、年龄权重偏劳动年龄[假设]
2048,15-19,劳动年龄15-64,女,108958.7,10.8959,高,混合,[混合] 基准人口锚点=C&SD表110-01001A年中人口(不含外佣)；2026-2056为队列成分法推算[假设路径]；生育TFR 2023=751→2046=938对齐官方推算[真实数据路径形状]；净迁移总量级对齐官方推算、年龄权重偏劳动年龄[假设]
2048,20-24,劳动年龄15-64,女,119864.2,11.9864,高,混合,[混合] 基准人口锚点=C&SD表110-01001A年中人口(不含外佣)；2026-2056为队列成分法推算[假设路径]；生育TFR 2023=751→2046=938对齐官方推算[真实数据路径形状]；净迁移总量级对齐官方推算、年龄权重偏劳动年龄[假设]
2048,25-29,劳动年龄15-64,女,154198.1,15.4198,高,混合,[混合] 基准人口锚点=C&SD表110-01001A年中人口(不含外佣)；2026-2056为队列成分法推算[假设路径]；生育TFR 2023=751→2046=938对齐官方推算[真实数据路径形状]；净迁移总量级对齐官方推算、年龄权重偏劳动年龄[假设]
2048,30-34,劳动年龄15-64,女,198227.6,19.8228,高,混合,[混合] 基准人口锚点=C&SD表110-01001A年中人口(不含外佣)；2026-2056为队列成分法推算[假设路径]；生育TFR 2023=751→2046=938对齐官方推算[真实数据路径形状]；净迁移总量级对齐官方推算、年龄权重偏劳动年龄[假设]
2048,35-39,劳动年龄15-64,女,217180.1,21.718,高,混合,[混合] 基准人口锚点=C&SD表110-01001A年中人口(不含外佣)；2026-2056为队列成分法推算[假设路径]；生育TFR 2023=751→2046=938对齐官方推算[真实数据路径形状]；净迁移总量级对齐官方推算、年龄权重偏劳动年龄[假设]
2048,40-44,劳动年龄15-64,女,221195.7,22.1196,高,混合,[混合] 基准人口锚点=C&SD表110-01001A年中人口(不含外佣)；2026-2056为队列成分法推算[假设路径]；生育TFR 2023=751→2046=938对齐官方推算[真实数据路径形状]；净迁移总量级对齐官方推算、年龄权重偏劳动年龄[假设]
2048,45-49,劳动年龄15-64,女,236418.7,23.6419,高,混合,[混合] 基准人口锚点=C&SD表110-01001A年中人口(不含外佣)；2026-2056为队列成分法推算[假设路径]；生育TFR 2023=751→2046=938对齐官方推算[真实数据路径形状]；净迁移总量级对齐官方推算、年龄权重偏劳动年龄[假设]
2048,5-9,少儿0-14,女,98419.8,9.842,高,混合,[混合] 基准人口锚点=C&SD表110-01001A年中人口(不含外佣)；2026-2056为队列成分法推算[假设路径]；生育TFR 2023=751→2046=938对齐官方推算[真实数据路径形状]；净迁移总量级对齐官方推算、年龄权重偏劳动年龄[假设]
2048,50-54,劳动年龄15-64,女,269301.0,26.9301,高,混合,[混合] 基准人口锚点=C&SD表110-01001A年中人口(不含外佣)；2026-2056为队列成分法推算[假设路径]；生育TFR 2023=751→2046=938对齐官方推算[真实数据路径形状]；净迁移总量级对齐官方推算、年龄权重偏劳动年龄[假设]
2048,55-59,劳动年龄15-64,女,293591.4,29.3591,高,混合,[混合] 基准人口锚点=C&SD表110-01001A年中人口(不含外佣)；2026-2056为队列成分法推算[假设路径]；生育TFR 2023=751→2046=938对齐官方推算[真实数据路径形状]；净迁移总量级对齐官方推算、年龄权重偏劳动年龄[假设]
2048,60-64,劳动年龄15-64,女,308913.3,30.8913,高,混合,[混合] 基准人口锚点=C&SD表110-01001A年中人口(不含外佣)；2026-2056为队列成分法推算[假设路径]；生育TFR 2023=751→2046=938对齐官方推算[真实数据路径形状]；净迁移总量级对齐官方推算、年龄权重偏劳动年龄[假设]
2048,65-69,退休65+,女,315187.7,31.5188,高,混合,[混合] 基准人口锚点=C&SD表110-01001A年中人口(不含外佣)；2026-2056为队列成分法推算[假设路径]；生育TFR 2023=751→2046=938对齐官方推算[真实数据路径形状]；净迁移总量级对齐官方推算、年龄权重偏劳动年龄[假设]
2048,70-74,退休65+,女,316693.5,31.6694,高,混合,[混合] 基准人口锚点=C&SD表110-01001A年中人口(不含外佣)；2026-2056为队列成分法推算[假设路径]；生育TFR 2023=751→2046=938对齐官方推算[真实数据路径形状]；净迁移总量级对齐官方推算、年龄权重偏劳动年龄[假设]
2048,75-79,退休65+,女,306741.5,30.6742,高,混合,[混合] 基准人口锚点=C&SD表110-01001A年中人口(不含外佣)；2026-2056为队列成分法推算[假设路径]；生育TFR 2023=751→2046=938对齐官方推算[真实数据路径形状]；净迁移总量级对齐官方推算、年龄权重偏劳动年龄[假设]
2048,80-84,退休65+,女,291265.7,29.1266,高,混合,[混合] 基准人口锚点=C&SD表110-01001A年中人口(不含外佣)；2026-2056为队列成分法推算[假设路径]；生育TFR 2023=751→2046=938对齐官方推算[真实数据路径形状]；净迁移总量级对齐官方推算、年龄权重偏劳动年龄[假设]
2048,85+,退休65+,女,508894.1,50.8894,高,混合,[混合] 基准人口锚点=C&SD表110-01001A年中人口(不含外佣)；2026-2056为队列成分法推算[假设路径]；生育TFR 2023=751→2046=938对齐官方推算[真实数据路径形状]；净迁移总量级对齐官方推算、年龄权重偏劳动年龄[假设]
2048,0-4,少儿0-14,男,102858.5,10.2858,高,混合,[混合] 基准人口锚点=C&SD表110-01001A年中人口(不含外佣)；2026-2056为队列成分法推算[假设路径]；生育TFR 2023=751→2046=938对齐官方推算[真实数据路径形状]；净迁移总量级对齐官方推算、年龄权重偏劳动年龄[假设]
2048,10-14,少儿0-14,男,102628.2,10.2628,高,混合,[混合] 基准人口锚点=C&SD表110-01001A年中人口(不含外佣)；2026-2056为队列成分法推算[假设路径]；生育TFR 2023=751→2046=938对齐官方推算[真实数据路径形状]；净迁移总量级对齐官方推算、年龄权重偏劳动年龄[假设]
2048,15-19,劳动年龄15-64,男,112193.7,11.2194,高,混合,[混合] 基准人口锚点=C&SD表110-01001A年中人口(不含外佣)；2026-2056为队列成分法推算[假设路径]；生育TFR 2023=751→2046=938对齐官方推算[真实数据路径形状]；净迁移总量级对齐官方推算、年龄权重偏劳动年龄[假设]
2048,20-24,劳动年龄15-64,男,122815.2,12.2815,高,混合,[混合] 基准人口锚点=C&SD表110-01001A年中人口(不含外佣)；2026-2056为队列成分法推算[假设路径]；生育TFR 2023=751→2046=938对齐官方推算[真实数据路径形状]；净迁移总量级对齐官方推算、年龄权重偏劳动年龄[假设]
2048,25-29,劳动年龄15-64,男,157783.9,15.7784,高,混合,[混合] 基准人口锚点=C&SD表110-01001A年中人口(不含外佣)；2026-2056为队列成分法推算[假设路径]；生育TFR 2023=751→2046=938对齐官方推算[真实数据路径形状]；净迁移总量级对齐官方推算、年龄权重偏劳动年龄[假设]
2048,30-34,劳动年龄15-64,男,202662.2,20.2662,高,混合,[混合] 基准人口锚点=C&SD表110-01001A年中人口(不含外佣)；2026-2056为队列成分法推算[假设路径]；生育TFR 2023=751→2046=938对齐官方推算[真实数据路径形状]；净迁移总量级对齐官方推算、年龄权重偏劳动年龄[假设]
2048,35-39,劳动年龄15-64,男,221161.9,22.1162,高,混合,[混合] 基准人口锚点=C&SD表110-01001A年中人口(不含外佣)；2026-2056为队列成分法推算[假设路径]；生育TFR 2023=751→2046=938对齐官方推算[真实数据路径形状]；净迁移总量级对齐官方推算、年龄权重偏劳动年龄[假设]
2048,40-44,劳动年龄15-64,男,219711.2,21.9711,高,混合,[混合] 基准人口锚点=C&SD表110-01001A年中人口(不含外佣)；2026-2056为队列成分法推算[假设路径]；生育TFR 2023=751→2046=938对齐官方推算[真实数据路径形状]；净迁移总量级对齐官方推算、年龄权重偏劳动年龄[假设]
2048,45-49,劳动年龄15-64,男,236238.4,23.6238,高,混合,[混合] 基准人口锚点=C&SD表110-01001A年中人口(不含外佣)；2026-2056为队列成分法推算[假设路径]；生育TFR 2023=751→2046=938对齐官方推算[真实数据路径形状]；净迁移总量级对齐官方推算、年龄权重偏劳动年龄[假设]
2048,5-9,少儿0-14,男,103297.8,10.3298,高,混合,[混合] 基准人口锚点=C&SD表110-01001A年中人口(不含外佣)；2026-2056为队列成分法推算[假设路径]；生育TFR 2023=751→2046=938对齐官方推算[真实数据路径形状]；净迁移总量级对齐官方推算、年龄权重偏劳动年龄[假设]
2048,50-54,劳动年龄15-64,男,268208.4,26.8208,高,混合,[混合] 基准人口锚点=C&SD表110-01001A年中人口(不含外佣)；2026-2056为队列成分法推算[假设路径]；生育TFR 2023=751→2046=938对齐官方推算[真实数据路径形状]；净迁移总量级对齐官方推算、年龄权重偏劳动年龄[假设]
2048,55-59,劳动年龄15-64,男,281217.9,28.1218,高,混合,[混合] 基准人口锚点=C&SD表110-01001A年中人口(不含外佣)；2026-2056为队列成分法推算[假设路径]；生育TFR 2023=751→2046=938对齐官方推算[真实数据路径形状]；净迁移总量级对齐官方推算、年龄权重偏劳动年龄[假设]
2048,60-64,劳动年龄15-64,男,275357.8,27.5358,高,混合,[混合] 基准人口锚点=C&SD表110-01001A年中人口(不含外佣)；2026-2056为队列成分法推算[假设路径]；生育TFR 2023=751→2046=938对齐官方推算[真实数据路径形状]；净迁移总量级对齐官方推算、年龄权重偏劳动年龄[假设]
2048,65-69,退休65+,男,257259.0,25.7259,高,混合,[混合] 基准人口锚点=C&SD表110-01001A年中人口(不含外佣)；2026-2056为队列成分法推算[假设路径]；生育TFR 2023=751→2046=938对齐官方推算[真实数据路径形状]；净迁移总量级对齐官方推算、年龄权重偏劳动年龄[假设]
2048,70-74,退休65+,男,241108.8,24.1109,高,混合,[混合] 基准人口锚点=C&SD表110-01001A年中人口(不含外佣)；2026-2056为队列成分法推算[假设路径]；生育TFR 2023=751→2046=938对齐官方推算[真实数据路径形状]；净迁移总量级对齐官方推算、年龄权重偏劳动年龄[假设]
2048,75-79,退休65+,男,219538.3,21.9538,高,混合,[混合] 基准人口锚点=C&SD表110-01001A年中人口(不含外佣)；2026-2056为队列成分法推算[假设路径]；生育TFR 2023=751→2046=938对齐官方推算[真实数据路径形状]；净迁移总量级对齐官方推算、年龄权重偏劳动年龄[假设]
2048,80-84,退休65+,男,199845.1,19.9845,高,混合,[混合] 基准人口锚点=C&SD表110-01001A年中人口(不含外佣)；2026-2056为队列成分法推算[假设路径]；生育TFR 2023=751→2046=938对齐官方推算[真实数据路径形状]；净迁移总量级对齐官方推算、年龄权重偏劳动年龄[假设]
2048,85+,退休65+,男,333749.1,33.3749,高,混合,[混合] 基准人口锚点=C&SD表110-01001A年中人口(不含外佣)；2026-2056为队列成分法推算[假设路径]；生育TFR 2023=751→2046=938对齐官方推算[真实数据路径形状]；净迁移总量级对齐官方推算、年龄权重偏劳动年龄[假设]
2049,0-4,少儿0-14,女,96914.5,9.6914,高,混合,[混合] 基准人口锚点=C&SD表110-01001A年中人口(不含外佣)；2026-2056为队列成分法推算[假设路径]；生育TFR 2023=751→2046=938对齐官方推算[真实数据路径形状]；净迁移总量级对齐官方推算、年龄权重偏劳动年龄[假设]
2049,10-14,少儿0-14,女,98814.9,9.8815,高,混合,[混合] 基准人口锚点=C&SD表110-01001A年中人口(不含外佣)；2026-2056为队列成分法推算[假设路径]；生育TFR 2023=751→2046=938对齐官方推算[真实数据路径形状]；净迁移总量级对齐官方推算、年龄权重偏劳动年龄[假设]
2049,15-19,劳动年龄15-64,女,108259.0,10.8259,高,混合,[混合] 基准人口锚点=C&SD表110-01001A年中人口(不含外佣)；2026-2056为队列成分法推算[假设路径]；生育TFR 2023=751→2046=938对齐官方推算[真实数据路径形状]；净迁移总量级对齐官方推算、年龄权重偏劳动年龄[假设]
2049,20-24,劳动年龄15-64,女,121472.9,12.1473,高,混合,[混合] 基准人口锚点=C&SD表110-01001A年中人口(不含外佣)；2026-2056为队列成分法推算[假设路径]；生育TFR 2023=751→2046=938对齐官方推算[真实数据路径形状]；净迁移总量级对齐官方推算、年龄权重偏劳动年龄[假设]
2049,25-29,劳动年龄15-64,女,145839.8,14.584,高,混合,[混合] 基准人口锚点=C&SD表110-01001A年中人口(不含外佣)；2026-2056为队列成分法推算[假设路径]；生育TFR 2023=751→2046=938对齐官方推算[真实数据路径形状]；净迁移总量级对齐官方推算、年龄权重偏劳动年龄[假设]
2049,30-34,劳动年龄15-64,女,193534.6,19.3535,高,混合,[混合] 基准人口锚点=C&SD表110-01001A年中人口(不含外佣)；2026-2056为队列成分法推算[假设路径]；生育TFR 2023=751→2046=938对齐官方推算[真实数据路径形状]；净迁移总量级对齐官方推算、年龄权重偏劳动年龄[假设]
2049,35-39,劳动年龄15-64,女,218700.0,21.87,高,混合,[混合] 基准人口锚点=C&SD表110-01001A年中人口(不含外佣)；2026-2056为队列成分法推算[假设路径]；生育TFR 2023=751→2046=938对齐官方推算[真实数据路径形状]；净迁移总量级对齐官方推算、年龄权重偏劳动年龄[假设]
2049,40-44,劳动年龄15-64,女,222630.4,22.263,高,混合,[混合] 基准人口锚点=C&SD表110-01001A年中人口(不含外佣)；2026-2056为队列成分法推算[假设路径]；生育TFR 2023=751→2046=938对齐官方推算[真实数据路径形状]；净迁移总量级对齐官方推算、年龄权重偏劳动年龄[假设]
2049,45-49,劳动年龄15-64,女,233627.8,23.3628,高,混合,[混合] 基准人口锚点=C&SD表110-01001A年中人口(不含外佣)；2026-2056为队列成分法推算[假设路径]；生育TFR 2023=751→2046=938对齐官方推算[真实数据路径形状]；净迁移总量级对齐官方推算、年龄权重偏劳动年龄[假设]
2049,5-9,少儿0-14,女,99124.2,9.9124,高,混合,[混合] 基准人口锚点=C&SD表110-01001A年中人口(不含外佣)；2026-2056为队列成分法推算[假设路径]；生育TFR 2023=751→2046=938对齐官方推算[真实数据路径形状]；净迁移总量级对齐官方推算、年龄权重偏劳动年龄[假设]
2049,50-54,劳动年龄15-64,女,262553.5,26.2553,高,混合,[混合] 基准人口锚点=C&SD表110-01001A年中人口(不含外佣)；2026-2056为队列成分法推算[假设路径]；生育TFR 2023=751→2046=938对齐官方推算[真实数据路径形状]；净迁移总量级对齐官方推算、年龄权重偏劳动年龄[假设]
2049,55-59,劳动年龄15-64,女,292009.3,29.2009,高,混合,[混合] 基准人口锚点=C&SD表110-01001A年中人口(不含外佣)；2026-2056为队列成分法推算[假设路径]；生育TFR 2023=751→2046=938对齐官方推算[真实数据路径形状]；净迁移总量级对齐官方推算、年龄权重偏劳动年龄[假设]
2049,60-64,劳动年龄15-64,女,306417.9,30.6418,高,混合,[混合] 基准人口锚点=C&SD表110-01001A年中人口(不含外佣)；2026-2056为队列成分法推算[假设路径]；生育TFR 2023=751→2046=938对齐官方推算[真实数据路径形状]；净迁移总量级对齐官方推算、年龄权重偏劳动年龄[假设]
2049,65-69,退休65+,女,314368.8,31.4369,高,混合,[混合] 基准人口锚点=C&SD表110-01001A年中人口(不含外佣)；2026-2056为队列成分法推算[假设路径]；生育TFR 2023=751→2046=938对齐官方推算[真实数据路径形状]；净迁移总量级对齐官方推算、年龄权重偏劳动年龄[假设]
2049,70-74,退休65+,女,315005.9,31.5006,高,混合,[混合] 基准人口锚点=C&SD表110-01001A年中人口(不含外佣)；2026-2056为队列成分法推算[假设路径]；生育TFR 2023=751→2046=938对齐官方推算[真实数据路径形状]；净迁移总量级对齐官方推算、年龄权重偏劳动年龄[假设]
2049,75-79,退休65+,女,307378.2,30.7378,高,混合,[混合] 基准人口锚点=C&SD表110-01001A年中人口(不含外佣)；2026-2056为队列成分法推算[假设路径]；生育TFR 2023=751→2046=938对齐官方推算[真实数据路径形状]；净迁移总量级对齐官方推算、年龄权重偏劳动年龄[假设]
2049,80-84,退休65+,女,288513.7,28.8514,高,混合,[混合] 基准人口锚点=C&SD表110-01001A年中人口(不含外佣)；2026-2056为队列成分法推算[假设路径]；生育TFR 2023=751→2046=938对齐官方推算[真实数据路径形状]；净迁移总量级对齐官方推算、年龄权重偏劳动年龄[假设]
2049,85+,退休65+,女,529587.1,52.9587,高,混合,[混合] 基准人口锚点=C&SD表110-01001A年中人口(不含外佣)；2026-2056为队列成分法推算[假设路径]；生育TFR 2023=751→2046=938对齐官方推算[真实数据路径形状]；净迁移总量级对齐官方推算、年龄权重偏劳动年龄[假设]
2049,0-4,少儿0-14,男,102376.0,10.2376,高,混合,[混合] 基准人口锚点=C&SD表110-01001A年中人口(不含外佣)；2026-2056为队列成分法推算[假设路径]；生育TFR 2023=751→2046=938对齐官方推算[真实数据路径形状]；净迁移总量级对齐官方推算、年龄权重偏劳动年龄[假设]
2049,10-14,少儿0-14,男,103074.5,10.3074,高,混合,[混合] 基准人口锚点=C&SD表110-01001A年中人口(不含外佣)；2026-2056为队列成分法推算[假设路径]；生育TFR 2023=751→2046=938对齐官方推算[真实数据路径形状]；净迁移总量级对齐官方推算、年龄权重偏劳动年龄[假设]
2049,15-19,劳动年龄15-64,男,111520.7,11.1521,高,混合,[混合] 基准人口锚点=C&SD表110-01001A年中人口(不含外佣)；2026-2056为队列成分法推算[假设路径]；生育TFR 2023=751→2046=938对齐官方推算[真实数据路径形状]；净迁移总量级对齐官方推算、年龄权重偏劳动年龄[假设]
2049,20-24,劳动年龄15-64,男,124149.3,12.4149,高,混合,[混合] 基准人口锚点=C&SD表110-01001A年中人口(不含外佣)；2026-2056为队列成分法推算[假设路径]；生育TFR 2023=751→2046=938对齐官方推算[真实数据路径形状]；净迁移总量级对齐官方推算、年龄权重偏劳动年龄[假设]
2049,25-29,劳动年龄15-64,男,149046.0,14.9046,高,混合,[混合] 基准人口锚点=C&SD表110-01001A年中人口(不含外佣)；2026-2056为队列成分法推算[假设路径]；生育TFR 2023=751→2046=938对齐官方推算[真实数据路径形状]；净迁移总量级对齐官方推算、年龄权重偏劳动年龄[假设]
2049,30-34,劳动年龄15-64,男,197536.0,19.7536,高,混合,[混合] 基准人口锚点=C&SD表110-01001A年中人口(不含外佣)；2026-2056为队列成分法推算[假设路径]；生育TFR 2023=751→2046=938对齐官方推算[真实数据路径形状]；净迁移总量级对齐官方推算、年龄权重偏劳动年龄[假设]
2049,35-39,劳动年龄15-64,男,222667.0,22.2667,高,混合,[混合] 基准人口锚点=C&SD表110-01001A年中人口(不含外佣)；2026-2056为队列成分法推算[假设路径]；生育TFR 2023=751→2046=938对齐官方推算[真实数据路径形状]；净迁移总量级对齐官方推算、年龄权重偏劳动年龄[假设]
2049,40-44,劳动年龄15-64,男,222554.9,22.2555,高,混合,[混合] 基准人口锚点=C&SD表110-01001A年中人口(不含外佣)；2026-2056为队列成分法推算[假设路径]；生育TFR 2023=751→2046=938对齐官方推算[真实数据路径形状]；净迁移总量级对齐官方推算、年龄权重偏劳动年龄[假设]
2049,45-49,劳动年龄15-64,男,231579.3,23.1579,高,混合,[混合] 基准人口锚点=C&SD表110-01001A年中人口(不含外佣)；2026-2056为队列成分法推算[假设路径]；生育TFR 2023=751→2046=938对齐官方推算[真实数据路径形状]；净迁移总量级对齐官方推算、年龄权重偏劳动年龄[假设]
2049,5-9,少儿0-14,男,104079.9,10.408,高,混合,[混合] 基准人口锚点=C&SD表110-01001A年中人口(不含外佣)；2026-2056为队列成分法推算[假设路径]；生育TFR 2023=751→2046=938对齐官方推算[真实数据路径形状]；净迁移总量级对齐官方推算、年龄权重偏劳动年龄[假设]
2049,50-54,劳动年龄15-64,男,262389.8,26.239,高,混合,[混合] 基准人口锚点=C&SD表110-01001A年中人口(不含外佣)；2026-2056为队列成分法推算[假设路径]；生育TFR 2023=751→2046=938对齐官方推算[真实数据路径形状]；净迁移总量级对齐官方推算、年龄权重偏劳动年龄[假设]
2049,55-59,劳动年龄15-64,男,281869.1,28.1869,高,混合,[混合] 基准人口锚点=C&SD表110-01001A年中人口(不含外佣)；2026-2056为队列成分法推算[假设路径]；生育TFR 2023=751→2046=938对齐官方推算[真实数据路径形状]；净迁移总量级对齐官方推算、年龄权重偏劳动年龄[假设]
2049,60-64,劳动年龄15-64,男,277301.0,27.7301,高,混合,[混合] 基准人口锚点=C&SD表110-01001A年中人口(不含外佣)；2026-2056为队列成分法推算[假设路径]；生育TFR 2023=751→2046=938对齐官方推算[真实数据路径形状]；净迁移总量级对齐官方推算、年龄权重偏劳动年龄[假设]
2049,65-69,退休65+,男,260317.8,26.0318,高,混合,[混合] 基准人口锚点=C&SD表110-01001A年中人口(不含外佣)；2026-2056为队列成分法推算[假设路径]；生育TFR 2023=751→2046=938对齐官方推算[真实数据路径形状]；净迁移总量级对齐官方推算、年龄权重偏劳动年龄[假设]
2049,70-74,退休65+,男,241004.6,24.1005,高,混合,[混合] 基准人口锚点=C&SD表110-01001A年中人口(不含外佣)；2026-2056为队列成分法推算[假设路径]；生育TFR 2023=751→2046=938对齐官方推算[真实数据路径形状]；净迁移总量级对齐官方推算、年龄权重偏劳动年龄[假设]
2049,75-79,退休65+,男,221130.9,22.1131,高,混合,[混合] 基准人口锚点=C&SD表110-01001A年中人口(不含外佣)；2026-2056为队列成分法推算[假设路径]；生育TFR 2023=751→2046=938对齐官方推算[真实数据路径形状]；净迁移总量级对齐官方推算、年龄权重偏劳动年龄[假设]
2049,80-84,退休65+,男,195504.2,19.5504,高,混合,[混合] 基准人口锚点=C&SD表110-01001A年中人口(不含外佣)；2026-2056为队列成分法推算[假设路径]；生育TFR 2023=751→2046=938对齐官方推算[真实数据路径形状]；净迁移总量级对齐官方推算、年龄权重偏劳动年龄[假设]
2049,85+,退休65+,男,342315.3,34.2315,高,混合,[混合] 基准人口锚点=C&SD表110-01001A年中人口(不含外佣)；2026-2056为队列成分法推算[假设路径]；生育TFR 2023=751→2046=938对齐官方推算[真实数据路径形状]；净迁移总量级对齐官方推算、年龄权重偏劳动年龄[假设]
2050,0-4,少儿0-14,女,96019.8,9.602,高,混合,[混合] 基准人口锚点=C&SD表110-01001A年中人口(不含外佣)；2026-2056为队列成分法推算[假设路径]；生育TFR 2023=751→2046=938对齐官方推算[真实数据路径形状]；净迁移总量级对齐官方推算、年龄权重偏劳动年龄[假设]
2050,10-14,少儿0-14,女,99344.9,9.9345,高,混合,[混合] 基准人口锚点=C&SD表110-01001A年中人口(不含外佣)；2026-2056为队列成分法推算[假设路径]；生育TFR 2023=751→2046=938对齐官方推算[真实数据路径形状]；净迁移总量级对齐官方推算、年龄权重偏劳动年龄[假设]
2050,15-19,劳动年龄15-64,女,107729.4,10.7729,高,混合,[混合] 基准人口锚点=C&SD表110-01001A年中人口(不含外佣)；2026-2056为队列成分法推算[假设路径]；生育TFR 2023=751→2046=938对齐官方推算[真实数据路径形状]；净迁移总量级对齐官方推算、年龄权重偏劳动年龄[假设]
2050,20-24,劳动年龄15-64,女,122858.5,12.2858,高,混合,[混合] 基准人口锚点=C&SD表110-01001A年中人口(不含外佣)；2026-2056为队列成分法推算[假设路径]；生育TFR 2023=751→2046=938对齐官方推算[真实数据路径形状]；净迁移总量级对齐官方推算、年龄权重偏劳动年龄[假设]
2050,25-29,劳动年龄15-64,女,137444.8,13.7445,高,混合,[混合] 基准人口锚点=C&SD表110-01001A年中人口(不含外佣)；2026-2056为队列成分法推算[假设路径]；生育TFR 2023=751→2046=938对齐官方推算[真实数据路径形状]；净迁移总量级对齐官方推算、年龄权重偏劳动年龄[假设]
2050,30-34,劳动年龄15-64,女,188669.7,18.867,高,混合,[混合] 基准人口锚点=C&SD表110-01001A年中人口(不含外佣)；2026-2056为队列成分法推算[假设路径]；生育TFR 2023=751→2046=938对齐官方推算[真实数据路径形状]；净迁移总量级对齐官方推算、年龄权重偏劳动年龄[假设]
2050,35-39,劳动年龄15-64,女,219647.5,21.9647,高,混合,[混合] 基准人口锚点=C&SD表110-01001A年中人口(不含外佣)；2026-2056为队列成分法推算[假设路径]；生育TFR 2023=751→2046=938对齐官方推算[真实数据路径形状]；净迁移总量级对齐官方推算、年龄权重偏劳动年龄[假设]
2050,40-44,劳动年龄15-64,女,224007.4,22.4007,高,混合,[混合] 基准人口锚点=C&SD表110-01001A年中人口(不含外佣)；2026-2056为队列成分法推算[假设路径]；生育TFR 2023=751→2046=938对齐官方推算[真实数据路径形状]；净迁移总量级对齐官方推算、年龄权重偏劳动年龄[假设]
2050,45-49,劳动年龄15-64,女,230759.7,23.076,高,混合,[混合] 基准人口锚点=C&SD表110-01001A年中人口(不含外佣)；2026-2056为队列成分法推算[假设路径]；生育TFR 2023=751→2046=938对齐官方推算[真实数据路径形状]；净迁移总量级对齐官方推算、年龄权重偏劳动年龄[假设]
2050,5-9,少儿0-14,女,99725.4,9.9725,高,混合,[混合] 基准人口锚点=C&SD表110-01001A年中人口(不含外佣)；2026-2056为队列成分法推算[假设路径]；生育TFR 2023=751→2046=938对齐官方推算[真实数据路径形状]；净迁移总量级对齐官方推算、年龄权重偏劳动年龄[假设]
2050,50-54,劳动年龄15-64,女,255727.0,25.5727,高,混合,[混合] 基准人口锚点=C&SD表110-01001A年中人口(不含外佣)；2026-2056为队列成分法推算[假设路径]；生育TFR 2023=751→2046=938对齐官方推算[真实数据路径形状]；净迁移总量级对齐官方推算、年龄权重偏劳动年龄[假设]
2050,55-59,劳动年龄15-64,女,290391.6,29.0392,高,混合,[混合] 基准人口锚点=C&SD表110-01001A年中人口(不含外佣)；2026-2056为队列成分法推算[假设路径]；生育TFR 2023=751→2046=938对齐官方推算[真实数据路径形状]；净迁移总量级对齐官方推算、年龄权重偏劳动年龄[假设]
2050,60-64,劳动年龄15-64,女,303963.0,30.3963,高,混合,[混合] 基准人口锚点=C&SD表110-01001A年中人口(不含外佣)；2026-2056为队列成分法推算[假设路径]；生育TFR 2023=751→2046=938对齐官方推算[真实数据路径形状]；净迁移总量级对齐官方推算、年龄权重偏劳动年龄[假设]
2050,65-69,退休65+,女,313775.2,31.3775,高,混合,[混合] 基准人口锚点=C&SD表110-01001A年中人口(不含外佣)；2026-2056为队列成分法推算[假设路径]；生育TFR 2023=751→2046=938对齐官方推算[真实数据路径形状]；净迁移总量级对齐官方推算、年龄权重偏劳动年龄[假设]
2050,70-74,退休65+,女,313303.8,31.3304,高,混合,[混合] 基准人口锚点=C&SD表110-01001A年中人口(不含外佣)；2026-2056为队列成分法推算[假设路径]；生育TFR 2023=751→2046=938对齐官方推算[真实数据路径形状]；净迁移总量级对齐官方推算、年龄权重偏劳动年龄[假设]
2050,75-79,退休65+,女,308052.1,30.8052,高,混合,[混合] 基准人口锚点=C&SD表110-01001A年中人口(不含外佣)；2026-2056为队列成分法推算[假设路径]；生育TFR 2023=751→2046=938对齐官方推算[真实数据路径形状]；净迁移总量级对齐官方推算、年龄权重偏劳动年龄[假设]
2050,80-84,退休65+,女,285982.8,28.5983,高,混合,[混合] 基准人口锚点=C&SD表110-01001A年中人口(不含外佣)；2026-2056为队列成分法推算[假设路径]；生育TFR 2023=751→2046=938对齐官方推算[真实数据路径形状]；净迁移总量级对齐官方推算、年龄权重偏劳动年龄[假设]
2050,85+,退休65+,女,549313.7,54.9314,高,混合,[混合] 基准人口锚点=C&SD表110-01001A年中人口(不含外佣)；2026-2056为队列成分法推算[假设路径]；生育TFR 2023=751→2046=938对齐官方推算[真实数据路径形状]；净迁移总量级对齐官方推算、年龄权重偏劳动年龄[假设]
2050,0-4,少儿0-14,男,101436.6,10.1437,高,混合,[混合] 基准人口锚点=C&SD表110-01001A年中人口(不含外佣)；2026-2056为队列成分法推算[假设路径]；生育TFR 2023=751→2046=938对齐官方推算[真实数据路径形状]；净迁移总量级对齐官方推算、年龄权重偏劳动年龄[假设]
2050,10-14,少儿0-14,男,103692.9,10.3693,高,混合,[混合] 基准人口锚点=C&SD表110-01001A年中人口(不含外佣)；2026-2056为队列成分法推算[假设路径]；生育TFR 2023=751→2046=938对齐官方推算[真实数据路径形状]；净迁移总量级对齐官方推算、年龄权重偏劳动年龄[假设]
2050,15-19,劳动年龄15-64,男,111029.1,11.1029,高,混合,[混合] 基准人口锚点=C&SD表110-01001A年中人口(不含外佣)；2026-2056为队列成分法推算[假设路径]；生育TFR 2023=751→2046=938对齐官方推算[真实数据路径形状]；净迁移总量级对齐官方推算、年龄权重偏劳动年龄[假设]
2050,20-24,劳动年龄15-64,男,125268.3,12.5268,高,混合,[混合] 基准人口锚点=C&SD表110-01001A年中人口(不含外佣)；2026-2056为队列成分法推算[假设路径]；生育TFR 2023=751→2046=938对齐官方推算[真实数据路径形状]；净迁移总量级对齐官方推算、年龄权重偏劳动年龄[假设]
2050,25-29,劳动年龄15-64,男,140270.0,14.027,高,混合,[混合] 基准人口锚点=C&SD表110-01001A年中人口(不含外佣)；2026-2056为队列成分法推算[假设路径]；生育TFR 2023=751→2046=938对齐官方推算[真实数据路径形状]；净迁移总量级对齐官方推算、年龄权重偏劳动年龄[假设]
2050,30-34,劳动年龄15-64,男,192252.8,19.2253,高,混合,[混合] 基准人口锚点=C&SD表110-01001A年中人口(不含外佣)；2026-2056为队列成分法推算[假设路径]；生育TFR 2023=751→2046=938对齐官方推算[真实数据路径形状]；净迁移总量级对齐官方推算、年龄权重偏劳动年龄[假设]
2050,35-39,劳动年龄15-64,男,223648.5,22.3649,高,混合,[混合] 基准人口锚点=C&SD表110-01001A年中人口(不含外佣)；2026-2056为队列成分法推算[假设路径]；生育TFR 2023=751→2046=938对齐官方推算[真实数据路径形状]；净迁移总量级对齐官方推算、年龄权重偏劳动年龄[假设]
2050,40-44,劳动年龄15-64,男,225345.3,22.5345,高,混合,[混合] 基准人口锚点=C&SD表110-01001A年中人口(不含外佣)；2026-2056为队列成分法推算[假设路径]；生育TFR 2023=751→2046=938对齐官方推算[真实数据路径形状]；净迁移总量级对齐官方推算、年龄权重偏劳动年龄[假设]
2050,45-49,劳动年龄15-64,男,226860.3,22.686,高,混合,[混合] 基准人口锚点=C&SD表110-01001A年中人口(不含外佣)；2026-2056为队列成分法推算[假设路径]；生育TFR 2023=751→2046=938对齐官方推算[真实数据路径形状]；净迁移总量级对齐官方推算、年龄权重偏劳动年龄[假设]
2050,5-9,少儿0-14,男,104749.5,10.4749,高,混合,[混合] 基准人口锚点=C&SD表110-01001A年中人口(不含外佣)；2026-2056为队列成分法推算[假设路径]；生育TFR 2023=751→2046=938对齐官方推算[真实数据路径形状]；净迁移总量级对齐官方推算、年龄权重偏劳动年龄[假设]
2050,50-54,劳动年龄15-64,男,256515.2,25.6515,高,混合,[混合] 基准人口锚点=C&SD表110-01001A年中人口(不含外佣)；2026-2056为队列成分法推算[假设路径]；生育TFR 2023=751→2046=938对齐官方推算[真实数据路径形状]；净迁移总量级对齐官方推算、年龄权重偏劳动年龄[假设]
2050,55-59,劳动年龄15-64,男,282489.3,28.2489,高,混合,[混合] 基准人口锚点=C&SD表110-01001A年中人口(不含外佣)；2026-2056为队列成分法推算[假设路径]；生育TFR 2023=751→2046=938对齐官方推算[真实数据路径形状]；净迁移总量级对齐官方推算、年龄权重偏劳动年龄[假设]
2050,60-64,劳动年龄15-64,男,279288.0,27.9288,高,混合,[混合] 基准人口锚点=C&SD表110-01001A年中人口(不含外佣)；2026-2056为队列成分法推算[假设路径]；生育TFR 2023=751→2046=938对齐官方推算[真实数据路径形状]；净迁移总量级对齐官方推算、年龄权重偏劳动年龄[假设]
2050,65-69,退休65+,男,263563.8,26.3564,高,混合,[混合] 基准人口锚点=C&SD表110-01001A年中人口(不含外佣)；2026-2056为队列成分法推算[假设路径]；生育TFR 2023=751→2046=938对齐官方推算[真实数据路径形状]；净迁移总量级对齐官方推算、年龄权重偏劳动年龄[假设]
2050,70-74,退休65+,男,240908.6,24.0909,高,混合,[混合] 基准人口锚点=C&SD表110-01001A年中人口(不含外佣)；2026-2056为队列成分法推算[假设路径]；生育TFR 2023=751→2046=938对齐官方推算[真实数据路径形状]；净迁移总量级对齐官方推算、年龄权重偏劳动年龄[假设]
2050,75-79,退休65+,男,222764.3,22.2764,高,混合,[混合] 基准人口锚点=C&SD表110-01001A年中人口(不含外佣)；2026-2056为队列成分法推算[假设路径]；生育TFR 2023=751→2046=938对齐官方推算[真实数据路径形状]；净迁移总量级对齐官方推算、年龄权重偏劳动年龄[假设]
2050,80-84,退休65+,男,191528.7,19.1529,高,混合,[混合] 基准人口锚点=C&SD表110-01001A年中人口(不含外佣)；2026-2056为队列成分法推算[假设路径]；生育TFR 2023=751→2046=938对齐官方推算[真实数据路径形状]；净迁移总量级对齐官方推算、年龄权重偏劳动年龄[假设]
2050,85+,退休65+,男,350419.1,35.0419,高,混合,[混合] 基准人口锚点=C&SD表110-01001A年中人口(不含外佣)；2026-2056为队列成分法推算[假设路径]；生育TFR 2023=751→2046=938对齐官方推算[真实数据路径形状]；净迁移总量级对齐官方推算、年龄权重偏劳动年龄[假设]
2051,0-4,少儿0-14,女,94708.8,9.4709,高,混合,[混合] 基准人口锚点=C&SD表110-01001A年中人口(不含外佣)；2026-2056为队列成分法推算[假设路径]；生育TFR 2023=751→2046=938对齐官方推算[真实数据路径形状]；净迁移总量级对齐官方推算、年龄权重偏劳动年龄[假设]
2051,10-14,少儿0-14,女,100016.0,10.0016,高,混合,[混合] 基准人口锚点=C&SD表110-01001A年中人口(不含外佣)；2026-2056为队列成分法推算[假设路径]；生育TFR 2023=751→2046=938对齐官方推算[真实数据路径形状]；净迁移总量级对齐官方推算、年龄权重偏劳动年龄[假设]
2051,15-19,劳动年龄15-64,女,107358.3,10.7358,高,混合,[混合] 基准人口锚点=C&SD表110-01001A年中人口(不含外佣)；2026-2056为队列成分法推算[假设路径]；生育TFR 2023=751→2046=938对齐官方推算[真实数据路径形状]；净迁移总量级对齐官方推算、年龄权重偏劳动年龄[假设]
2051,20-24,劳动年龄15-64,女,124021.2,12.4021,高,混合,[混合] 基准人口锚点=C&SD表110-01001A年中人口(不含外佣)；2026-2056为队列成分法推算[假设路径]；生育TFR 2023=751→2046=938对齐官方推算[真实数据路径形状]；净迁移总量级对齐官方推算、年龄权重偏劳动年龄[假设]
2051,25-29,劳动年龄15-64,女,129058.6,12.9059,高,混合,[混合] 基准人口锚点=C&SD表110-01001A年中人口(不含外佣)；2026-2056为队列成分法推算[假设路径]；生育TFR 2023=751→2046=938对齐官方推算[真实数据路径形状]；净迁移总量级对齐官方推算、年龄权重偏劳动年龄[假设]
2051,30-34,劳动年龄15-64,女,183633.2,18.3633,高,混合,[混合] 基准人口锚点=C&SD表110-01001A年中人口(不含外佣)；2026-2056为队列成分法推算[假设路径]；生育TFR 2023=751→2046=938对齐官方推算[真实数据路径形状]；净迁移总量级对齐官方推算、年龄权重偏劳动年龄[假设]
2051,35-39,劳动年龄15-64,女,220000.5,22.0001,高,混合,[混合] 基准人口锚点=C&SD表110-01001A年中人口(不含外佣)；2026-2056为队列成分法推算[假设路径]；生育TFR 2023=751→2046=938对齐官方推算[真实数据路径形状]；净迁移总量级对齐官方推算、年龄权重偏劳动年龄[假设]
2051,40-44,劳动年龄15-64,女,225327.0,22.5327,高,混合,[混合] 基准人口锚点=C&SD表110-01001A年中人口(不含外佣)；2026-2056为队列成分法推算[假设路径]；生育TFR 2023=751→2046=938对齐官方推算[真实数据路径形状]；净迁移总量级对齐官方推算、年龄权重偏劳动年龄[假设]
2051,45-49,劳动年龄15-64,女,227821.4,22.7821,高,混合,[混合] 基准人口锚点=C&SD表110-01001A年中人口(不含外佣)；2026-2056为队列成分法推算[假设路径]；生育TFR 2023=751→2046=938对齐官方推算[真实数据路径形状]；净迁移总量级对齐官方推算、年龄权重偏劳动年龄[假设]
2051,5-9,少儿0-14,女,100208.3,10.0208,高,混合,[混合] 基准人口锚点=C&SD表110-01001A年中人口(不含外佣)；2026-2056为队列成分法推算[假设路径]；生育TFR 2023=751→2046=938对齐官方推算[真实数据路径形状]；净迁移总量级对齐官方推算、年龄权重偏劳动年龄[假设]
2051,50-54,劳动年龄15-64,女,248821.2,24.8821,高,混合,[混合] 基准人口锚点=C&SD表110-01001A年中人口(不含外佣)；2026-2056为队列成分法推算[假设路径]；生育TFR 2023=751→2046=938对齐官方推算[真实数据路径形状]；净迁移总量级对齐官方推算、年龄权重偏劳动年龄[假设]
2051,55-59,劳动年龄15-64,女,288715.3,28.8715,高,混合,[混合] 基准人口锚点=C&SD表110-01001A年中人口(不含外佣)；2026-2056为队列成分法推算[假设路径]；生育TFR 2023=751→2046=938对齐官方推算[真实数据路径形状]；净迁移总量级对齐官方推算、年龄权重偏劳动年龄[假设]
2051,60-64,劳动年龄15-64,女,301548.3,30.1548,高,混合,[混合] 基准人口锚点=C&SD表110-01001A年中人口(不含外佣)；2026-2056为队列成分法推算[假设路径]；生育TFR 2023=751→2046=938对齐官方推算[真实数据路径形状]；净迁移总量级对齐官方推算、年龄权重偏劳动年龄[假设]
2051,65-69,退休65+,女,313424.4,31.3424,高,混合,[混合] 基准人口锚点=C&SD表110-01001A年中人口(不含外佣)；2026-2056为队列成分法推算[假设路径]；生育TFR 2023=751→2046=938对齐官方推算[真实数据路径形状]；净迁移总量级对齐官方推算、年龄权重偏劳动年龄[假设]
2051,70-74,退休65+,女,311586.2,31.1586,高,混合,[混合] 基准人口锚点=C&SD表110-01001A年中人口(不含外佣)；2026-2056为队列成分法推算[假设路径]；生育TFR 2023=751→2046=938对齐官方推算[真实数据路径形状]；净迁移总量级对齐官方推算、年龄权重偏劳动年龄[假设]
2051,75-79,退休65+,女,308737.7,30.8738,高,混合,[混合] 基准人口锚点=C&SD表110-01001A年中人口(不含外佣)；2026-2056为队列成分法推算[假设路径]；生育TFR 2023=751→2046=938对齐官方推算[真实数据路径形状]；净迁移总量级对齐官方推算、年龄权重偏劳动年龄[假设]
2051,80-84,退休65+,女,283667.2,28.3667,高,混合,[混合] 基准人口锚点=C&SD表110-01001A年中人口(不含外佣)；2026-2056为队列成分法推算[假设路径]；生育TFR 2023=751→2046=938对齐官方推算[真实数据路径形状]；净迁移总量级对齐官方推算、年龄权重偏劳动年龄[假设]
2051,85+,退休65+,女,568167.1,56.8167,高,混合,[混合] 基准人口锚点=C&SD表110-01001A年中人口(不含外佣)；2026-2056为队列成分法推算[假设路径]；生育TFR 2023=751→2046=938对齐官方推算[真实数据路径形状]；净迁移总量级对齐官方推算、年龄权重偏劳动年龄[假设]
2051,0-4,少儿0-14,男,100054.9,10.0055,高,混合,[混合] 基准人口锚点=C&SD表110-01001A年中人口(不含外佣)；2026-2056为队列成分法推算[假设路径]；生育TFR 2023=751→2046=938对齐官方推算[真实数据路径形状]；净迁移总量级对齐官方推算、年龄权重偏劳动年龄[假设]
2051,10-14,少儿0-14,男,104459.6,10.446,高,混合,[混合] 基准人口锚点=C&SD表110-01001A年中人口(不含外佣)；2026-2056为队列成分法推算[假设路径]；生育TFR 2023=751→2046=938对齐官方推算[真实数据路径形状]；净迁移总量级对齐官方推算、年龄权重偏劳动年龄[假设]
2051,15-19,劳动年龄15-64,男,110708.6,11.0709,高,混合,[混合] 基准人口锚点=C&SD表110-01001A年中人口(不含外佣)；2026-2056为队列成分法推算[假设路径]；生育TFR 2023=751→2046=938对齐官方推算[真实数据路径形状]；净迁移总量级对齐官方推算、年龄权重偏劳动年龄[假设]
2051,20-24,劳动年龄15-64,男,126173.2,12.6173,高,混合,[混合] 基准人口锚点=C&SD表110-01001A年中人口(不含外佣)；2026-2056为队列成分法推算[假设路径]；生育TFR 2023=751→2046=938对齐官方推算[真实数据路径形状]；净迁移总量级对齐官方推算、年龄权重偏劳动年龄[假设]
2051,25-29,劳动年龄15-64,男,131498.0,13.1498,高,混合,[混合] 基准人口锚点=C&SD表110-01001A年中人口(不含外佣)；2026-2056为队列成分法推算[假设路径]；生育TFR 2023=751→2046=938对齐官方推算[真实数据路径形状]；净迁移总量级对齐官方推算、年龄权重偏劳动年龄[假设]
2051,30-34,劳动年龄15-64,男,186812.6,18.6813,高,混合,[混合] 基准人口锚点=C&SD表110-01001A年中人口(不含外佣)；2026-2056为队列成分法推算[假设路径]；生育TFR 2023=751→2046=938对齐官方推算[真实数据路径形状]；净迁移总量级对齐官方推算、年龄权重偏劳动年龄[假设]
2051,35-39,劳动年龄15-64,男,224085.9,22.4086,高,混合,[混合] 基准人口锚点=C&SD表110-01001A年中人口(不含外佣)；2026-2056为队列成分法推算[假设路径]；生育TFR 2023=751→2046=938对齐官方推算[真实数据路径形状]；净迁移总量级对齐官方推算、年龄权重偏劳动年龄[假设]
2051,40-44,劳动年龄15-64,男,228082.3,22.8082,高,混合,[混合] 基准人口锚点=C&SD表110-01001A年中人口(不含外佣)；2026-2056为队列成分法推算[假设路径]；生育TFR 2023=751→2046=938对齐官方推算[真实数据路径形状]；净迁移总量级对齐官方推算、年龄权重偏劳动年龄[假设]
2051,45-49,劳动年龄15-64,男,222087.6,22.2088,高,混合,[混合] 基准人口锚点=C&SD表110-01001A年中人口(不含外佣)；2026-2056为队列成分法推算[假设路径]；生育TFR 2023=751→2046=938对齐官方推算[真实数据路径形状]；净迁移总量级对齐官方推算、年龄权重偏劳动年龄[假设]
2051,5-9,少儿0-14,男,105290.8,10.5291,高,混合,[混合] 基准人口锚点=C&SD表110-01001A年中人口(不含外佣)；2026-2056为队列成分法推算[假设路径]；生育TFR 2023=751→2046=938对齐官方推算[真实数据路径形状]；净迁移总量级对齐官方推算、年龄权重偏劳动年龄[假设]
2051,50-54,劳动年龄15-64,男,250584.0,25.0584,高,混合,[混合] 基准人口锚点=C&SD表110-01001A年中人口(不含外佣)；2026-2056为队列成分法推算[假设路径]；生育TFR 2023=751→2046=938对齐官方推算[真实数据路径形状]；净迁移总量级对齐官方推算、年龄权重偏劳动年龄[假设]
2051,55-59,劳动年龄15-64,男,283057.8,28.3058,高,混合,[混合] 基准人口锚点=C&SD表110-01001A年中人口(不含外佣)；2026-2056为队列成分法推算[假设路径]；生育TFR 2023=751→2046=938对齐官方推算[真实数据路径形状]；净迁移总量级对齐官方推算、年龄权重偏劳动年龄[假设]
2051,60-64,劳动年龄15-64,男,281318.6,28.1319,高,混合,[混合] 基准人口锚点=C&SD表110-01001A年中人口(不含外佣)；2026-2056为队列成分法推算[假设路径]；生育TFR 2023=751→2046=938对齐官方推算[真实数据路径形状]；净迁移总量级对齐官方推算、年龄权重偏劳动年龄[假设]
2051,65-69,退休65+,男,267012.5,26.7013,高,混合,[混合] 基准人口锚点=C&SD表110-01001A年中人口(不含外佣)；2026-2056为队列成分法推算[假设路径]；生育TFR 2023=751→2046=938对齐官方推算[真实数据路径形状]；净迁移总量级对齐官方推算、年龄权重偏劳动年龄[假设]
2051,70-74,退休65+,男,240819.4,24.0819,高,混合,[混合] 基准人口锚点=C&SD表110-01001A年中人口(不含外佣)；2026-2056为队列成分法推算[假设路径]；生育TFR 2023=751→2046=938对齐官方推算[真实数据路径形状]；净迁移总量级对齐官方推算、年龄权重偏劳动年龄[假设]
2051,75-79,退休65+,男,224416.5,22.4416,高,混合,[混合] 基准人口锚点=C&SD表110-01001A年中人口(不含外佣)；2026-2056为队列成分法推算[假设路径]；生育TFR 2023=751→2046=938对齐官方推算[真实数据路径形状]；净迁移总量级对齐官方推算、年龄权重偏劳动年龄[假设]
2051,80-84,退休65+,男,187901.1,18.7901,高,混合,[混合] 基准人口锚点=C&SD表110-01001A年中人口(不含外佣)；2026-2056为队列成分法推算[假设路径]；生育TFR 2023=751→2046=938对齐官方推算[真实数据路径形状]；净迁移总量级对齐官方推算、年龄权重偏劳动年龄[假设]
2051,85+,退休65+,男,358114.8,35.8115,高,混合,[混合] 基准人口锚点=C&SD表110-01001A年中人口(不含外佣)；2026-2056为队列成分法推算[假设路径]；生育TFR 2023=751→2046=938对齐官方推算[真实数据路径形状]；净迁移总量级对齐官方推算、年龄权重偏劳动年龄[假设]
2052,0-4,少儿0-14,女,92996.7,9.2997,高,混合,[混合] 基准人口锚点=C&SD表110-01001A年中人口(不含外佣)；2026-2056为队列成分法推算[假设路径]；生育TFR 2023=751→2046=938对齐官方推算[真实数据路径形状]；净迁移总量级对齐官方推算、年龄权重偏劳动年龄[假设]
2052,10-14,少儿0-14,女,100806.5,10.0807,高,混合,[混合] 基准人口锚点=C&SD表110-01001A年中人口(不含外佣)；2026-2056为队列成分法推算[假设路径]；生育TFR 2023=751→2046=938对齐官方推算[真实数据路径形状]；净迁移总量级对齐官方推算、年龄权重偏劳动年龄[假设]
2052,15-19,劳动年龄15-64,女,107134.0,10.7134,高,混合,[混合] 基准人口锚点=C&SD表110-01001A年中人口(不含外佣)；2026-2056为队列成分法推算[假设路径]；生育TFR 2023=751→2046=938对齐官方推算[真实数据路径形状]；净迁移总量级对齐官方推算、年龄权重偏劳动年龄[假设]
2052,20-24,劳动年龄15-64,女,122643.1,12.2643,高,混合,[混合] 基准人口锚点=C&SD表110-01001A年中人口(不含外佣)；2026-2056为队列成分法推算[假设路径]；生育TFR 2023=751→2046=938对齐官方推算[真实数据路径形状]；净迁移总量级对齐官方推算、年龄权重偏劳动年龄[假设]
2052,25-29,劳动年龄15-64,女,130805.6,13.0806,高,混合,[混合] 基准人口锚点=C&SD表110-01001A年中人口(不含外佣)；2026-2056为队列成分法推算[假设路径]；生育TFR 2023=751→2046=938对齐官方推算[真实数据路径形状]；净迁移总量级对齐官方推算、年龄权重偏劳动年龄[假设]
2052,30-34,劳动年龄15-64,女,175187.9,17.5188,高,混合,[混合] 基准人口锚点=C&SD表110-01001A年中人口(不含外佣)；2026-2056为队列成分法推算[假设路径]；生育TFR 2023=751→2046=938对齐官方推算[真实数据路径形状]；净迁移总量级对齐官方推算、年龄权重偏劳动年龄[假设]
2052,35-39,劳动年龄15-64,女,215352.8,21.5353,高,混合,[混合] 基准人口锚点=C&SD表110-01001A年中人口(不含外佣)；2026-2056为队列成分法推算[假设路径]；生育TFR 2023=751→2046=938对齐官方推算[真实数据路径形状]；净迁移总量级对齐官方推算、年龄权重偏劳动年龄[假设]
2052,40-44,劳动年龄15-64,女,227619.1,22.7619,高,混合,[混合] 基准人口锚点=C&SD表110-01001A年中人口(不含外佣)；2026-2056为队列成分法推算[假设路径]；生育TFR 2023=751→2046=938对齐官方推算[真实数据路径形状]；净迁移总量级对齐官方推算、年龄权重偏劳动年龄[假设]
2052,45-49,劳动年龄15-64,女,229136.2,22.9136,高,混合,[混合] 基准人口锚点=C&SD表110-01001A年中人口(不含外佣)；2026-2056为队列成分法推算[假设路径]；生育TFR 2023=751→2046=938对齐官方推算[真实数据路径形状]；净迁移总量级对齐官方推算、年龄权重偏劳动年龄[假设]
2052,5-9,少儿0-14,女,100557.8,10.0558,高,混合,[混合] 基准人口锚点=C&SD表110-01001A年中人口(不含外佣)；2026-2056为队列成分法推算[假设路径]；生育TFR 2023=751→2046=938对齐官方推算[真实数据路径形状]；净迁移总量级对齐官方推算、年龄权重偏劳动年龄[假设]
2052,50-54,劳动年龄15-64,女,246035.0,24.6035,高,混合,[混合] 基准人口锚点=C&SD表110-01001A年中人口(不含外佣)；2026-2056为队列成分法推算[假设路径]；生育TFR 2023=751→2046=938对齐官方推算[真实数据路径形状]；净迁移总量级对齐官方推算、年龄权重偏劳动年龄[假设]
2052,55-59,劳动年龄15-64,女,281993.3,28.1993,高,混合,[混合] 基准人口锚点=C&SD表110-01001A年中人口(不含外佣)；2026-2056为队列成分法推算[假设路径]；生育TFR 2023=751→2046=938对齐官方推算[真实数据路径形状]；净迁移总量级对齐官方推算、年龄权重偏劳动年龄[假设]
2052,60-64,劳动年龄15-64,女,299817.6,29.9818,高,混合,[混合] 基准人口锚点=C&SD表110-01001A年中人口(不含外佣)；2026-2056为队列成分法推算[假设路径]；生育TFR 2023=751→2046=938对齐官方推算[真实数据路径形状]；净迁移总量级对齐官方推算、年龄权重偏劳动年龄[假设]
2052,65-69,退休65+,女,310809.6,31.081,高,混合,[混合] 基准人口锚点=C&SD表110-01001A年中人口(不含外佣)；2026-2056为队列成分法推算[假设路径]；生育TFR 2023=751→2046=938对齐官方推算[真实数据路径形状]；净迁移总量级对齐官方推算、年龄权重偏劳动年龄[假设]
2052,70-74,退休65+,女,310391.6,31.0392,高,混合,[混合] 基准人口锚点=C&SD表110-01001A年中人口(不含外佣)；2026-2056为队列成分法推算[假设路径]；生育TFR 2023=751→2046=938对齐官方推算[真实数据路径形状]；净迁移总量级对齐官方推算、年龄权重偏劳动年龄[假设]
2052,75-79,退休65+,女,307164.4,30.7164,高,混合,[混合] 基准人口锚点=C&SD表110-01001A年中人口(不含外佣)；2026-2056为队列成分法推算[假设路径]；生育TFR 2023=751→2046=938对齐官方推算[真实数据路径形状]；净迁移总量级对齐官方推算、年龄权重偏劳动年龄[假设]
2052,80-84,退休65+,女,284210.7,28.4211,高,混合,[混合] 基准人口锚点=C&SD表110-01001A年中人口(不含外佣)；2026-2056为队列成分法推算[假设路径]；生育TFR 2023=751→2046=938对齐官方推算[真实数据路径形状]；净迁移总量级对齐官方推算、年龄权重偏劳动年龄[假设]
2052,85+,退休65+,女,582449.8,58.245,高,混合,[混合] 基准人口锚点=C&SD表110-01001A年中人口(不含外佣)；2026-2056为队列成分法推算[假设路径]；生育TFR 2023=751→2046=938对齐官方推算[真实数据路径形状]；净迁移总量级对齐官方推算、年龄权重偏劳动年龄[假设]
2052,0-4,少儿0-14,男,98247.9,9.8248,高,混合,[混合] 基准人口锚点=C&SD表110-01001A年中人口(不含外佣)；2026-2056为队列成分法推算[假设路径]；生育TFR 2023=751→2046=938对齐官方推算[真实数据路径形状]；净迁移总量级对齐官方推算、年龄权重偏劳动年龄[假设]
2052,10-14,少儿0-14,男,105349.4,10.5349,高,混合,[混合] 基准人口锚点=C&SD表110-01001A年中人口(不含外佣)；2026-2056为队列成分法推算[假设路径]；生育TFR 2023=751→2046=938对齐官方推算[真实数据路径形状]；净迁移总量级对齐官方推算、年龄权重偏劳动年龄[假设]
2052,15-19,劳动年龄15-64,男,110548.7,11.0549,高,混合,[混合] 基准人口锚点=C&SD表110-01001A年中人口(不含外佣)；2026-2056为队列成分法推算[假设路径]；生育TFR 2023=751→2046=938对齐官方推算[真实数据路径形状]；净迁移总量级对齐官方推算、年龄权重偏劳动年龄[假设]
2052,20-24,劳动年龄15-64,男,124827.5,12.4827,高,混合,[混合] 基准人口锚点=C&SD表110-01001A年中人口(不含外佣)；2026-2056为队列成分法推算[假设路径]；生育TFR 2023=751→2046=938对齐官方推算[真实数据路径形状]；净迁移总量级对齐官方推算、年龄权重偏劳动年龄[假设]
2052,25-29,劳动年龄15-64,男,132981.9,13.2982,高,混合,[混合] 基准人口锚点=C&SD表110-01001A年中人口(不含外佣)；2026-2056为队列成分法推算[假设路径]；生育TFR 2023=751→2046=938对齐官方推算[真实数据路径形状]；净迁移总量级对齐官方推算、年龄权重偏劳动年龄[假设]
2052,30-34,劳动年龄15-64,男,178011.6,17.8012,高,混合,[混合] 基准人口锚点=C&SD表110-01001A年中人口(不含外佣)；2026-2056为队列成分法推算[假设路径]；生育TFR 2023=751→2046=938对齐官方推算[真实数据路径形状]；净迁移总量级对齐官方推算、年龄权重偏劳动年龄[假设]
2052,35-39,劳动年龄15-64,男,219007.9,21.9008,高,混合,[混合] 基准人口锚点=C&SD表110-01001A年中人口(不含外佣)；2026-2056为队列成分法推算[假设路径]；生育TFR 2023=751→2046=938对齐官方推算[真实数据路径形状]；净迁移总量级对齐官方推算、年龄权重偏劳动年龄[假设]
2052,40-44,劳动年龄15-64,男,230292.3,23.0292,高,混合,[混合] 基准人口锚点=C&SD表110-01001A年中人口(不含外佣)；2026-2056为队列成分法推算[假设路径]；生育TFR 2023=751→2046=938对齐官方推算[真实数据路径形状]；净迁移总量级对齐官方推算、年龄权重偏劳动年龄[假设]
2052,45-49,劳动年龄15-64,男,224818.3,22.4818,高,混合,[混合] 基准人口锚点=C&SD表110-01001A年中人口(不含外佣)；2026-2056为队列成分法推算[假设路径]；生育TFR 2023=751→2046=938对齐官方推算[真实数据路径形状]；净迁移总量级对齐官方推算、年龄权重偏劳动年龄[假设]
2052,5-9,少儿0-14,男,105687.8,10.5688,高,混合,[混合] 基准人口锚点=C&SD表110-01001A年中人口(不含外佣)；2026-2056为队列成分法推算[假设路径]；生育TFR 2023=751→2046=938对齐官方推算[真实数据路径形状]；净迁移总量级对齐官方推算、年龄权重偏劳动年龄[假设]
2052,50-54,劳动年龄15-64,男,245941.5,24.5941,高,混合,[混合] 基准人口锚点=C&SD表110-01001A年中人口(不含外佣)；2026-2056为队列成分法推算[假设路径]；生育TFR 2023=751→2046=938对齐官方推算[真实数据路径形状]；净迁移总量级对齐官方推算、年龄权重偏劳动年龄[假设]
2052,55-59,劳动年龄15-64,男,277280.1,27.728,高,混合,[混合] 基准人口锚点=C&SD表110-01001A年中人口(不含外佣)；2026-2056为队列成分法推算[假设路径]；生育TFR 2023=751→2046=938对齐官方推算[真实数据路径形状]；净迁移总量级对齐官方推算、年龄权重偏劳动年龄[假设]
2052,60-64,劳动年龄15-64,男,281835.4,28.1835,高,混合,[混合] 基准人口锚点=C&SD表110-01001A年中人口(不含外佣)；2026-2056为队列成分法推算[假设路径]；生育TFR 2023=751→2046=938对齐官方推算[真实数据路径形状]；净迁移总量级对齐官方推算、年龄权重偏劳动年龄[假设]
2052,65-69,退休65+,男,268792.4,26.8792,高,混合,[混合] 基准人口锚点=C&SD表110-01001A年中人口(不含外佣)；2026-2056为队列成分法推算[假设路径]；生育TFR 2023=751→2046=938对齐官方推算[真实数据路径形状]；净迁移总量级对齐官方推算、年龄权重偏劳动年龄[假设]
2052,70-74,退休65+,男,243499.8,24.35,高,混合,[混合] 基准人口锚点=C&SD表110-01001A年中人口(不含外佣)；2026-2056为队列成分法推算[假设路径]；生育TFR 2023=751→2046=938对齐官方推算[真实数据路径形状]；净迁移总量级对齐官方推算、年龄权重偏劳动年龄[假设]
2052,75-79,退休65+,男,224416.3,22.4416,高,混合,[混合] 基准人口锚点=C&SD表110-01001A年中人口(不含外佣)；2026-2056为队列成分法推算[假设路径]；生育TFR 2023=751→2046=938对齐官方推算[真实数据路径形状]；净迁移总量级对齐官方推算、年龄权重偏劳动年龄[假设]
2052,80-84,退休65+,男,189312.5,18.9312,高,混合,[混合] 基准人口锚点=C&SD表110-01001A年中人口(不含外佣)；2026-2056为队列成分法推算[假设路径]；生育TFR 2023=751→2046=938对齐官方推算[真实数据路径形状]；净迁移总量级对齐官方推算、年龄权重偏劳动年龄[假设]
2052,85+,退休65+,男,360906.8,36.0907,高,混合,[混合] 基准人口锚点=C&SD表110-01001A年中人口(不含外佣)；2026-2056为队列成分法推算[假设路径]；生育TFR 2023=751→2046=938对齐官方推算[真实数据路径形状]；净迁移总量级对齐官方推算、年龄权重偏劳动年龄[假设]
2053,0-4,少儿0-14,女,91185.3,9.1185,高,混合,[混合] 基准人口锚点=C&SD表110-01001A年中人口(不含外佣)；2026-2056为队列成分法推算[假设路径]；生育TFR 2023=751→2046=938对齐官方推算[真实数据路径形状]；净迁移总量级对齐官方推算、年龄权重偏劳动年龄[假设]
2053,10-14,少儿0-14,女,101523.0,10.1523,高,混合,[混合] 基准人口锚点=C&SD表110-01001A年中人口(不含外佣)；2026-2056为队列成分法推算[假设路径]；生育TFR 2023=751→2046=938对齐官方推算[真实数据路径形状]；净迁移总量级对齐官方推算、年龄权重偏劳动年龄[假设]
2053,15-19,劳动年龄15-64,女,107107.8,10.7108,高,混合,[混合] 基准人口锚点=C&SD表110-01001A年中人口(不含外佣)；2026-2056为队列成分法推算[假设路径]；生育TFR 2023=751→2046=938对齐官方推算[真实数据路径形状]；净迁移总量级对齐官方推算、年龄权重偏劳动年龄[假设]
2053,20-24,劳动年龄15-64,女,121457.1,12.1457,高,混合,[混合] 基准人口锚点=C&SD表110-01001A年中人口(不含外佣)；2026-2056为队列成分法推算[假设路径]；生育TFR 2023=751→2046=938对齐官方推算[真实数据路径形状]；净迁移总量级对齐官方推算、年龄权重偏劳动年龄[假设]
2053,25-29,劳动年龄15-64,女,132330.7,13.2331,高,混合,[混合] 基准人口锚点=C&SD表110-01001A年中人口(不含外佣)；2026-2056为队列成分法推算[假设路径]；生育TFR 2023=751→2046=938对齐官方推算[真实数据路径形状]；净迁移总量级对齐官方推算、年龄权重偏劳动年龄[假设]
2053,30-34,劳动年龄15-64,女,166614.6,16.6615,高,混合,[混合] 基准人口锚点=C&SD表110-01001A年中人口(不含外佣)；2026-2056为队列成分法推算[假设路径]；生育TFR 2023=751→2046=938对齐官方推算[真实数据路径形状]；净迁移总量级对齐官方推算、年龄权重偏劳动年龄[假设]
2053,35-39,劳动年龄15-64,女,210533.7,21.0534,高,混合,[混合] 基准人口锚点=C&SD表110-01001A年中人口(不含外佣)；2026-2056为队列成分法推算[假设路径]；生育TFR 2023=751→2046=938对齐官方推算[真实数据路径形状]；净迁移总量级对齐官方推算、年龄权重偏劳动年龄[假设]
2053,40-44,劳动年龄15-64,女,229384.2,22.9384,高,混合,[混合] 基准人口锚点=C&SD表110-01001A年中人口(不含外佣)；2026-2056为队列成分法推算[假设路径]；生育TFR 2023=751→2046=938对齐官方推算[真实数据路径形状]；净迁移总量级对齐官方推算、年龄权重偏劳动年龄[假设]
2053,45-49,劳动年龄15-64,女,230394.0,23.0394,高,混合,[混合] 基准人口锚点=C&SD表110-01001A年中人口(不含外佣)；2026-2056为队列成分法推算[假设路径]；生育TFR 2023=751→2046=938对齐官方推算[真实数据路径形状]；净迁移总量级对齐官方推算、年龄权重偏劳动年龄[假设]
2053,5-9,少儿0-14,女,100458.2,10.0458,高,混合,[混合] 基准人口锚点=C&SD表110-01001A年中人口(不含外佣)；2026-2056为队列成分法推算[假设路径]；生育TFR 2023=751→2046=938对齐官方推算[真实数据路径形状]；净迁移总量级对齐官方推算、年龄权重偏劳动年龄[假设]
2053,50-54,劳动年龄15-64,女,243160.0,24.316,高,混合,[混合] 基准人口锚点=C&SD表110-01001A年中人口(不含外佣)；2026-2056为队列成分法推算[假设路径]；生育TFR 2023=751→2046=938对齐官方推算[真实数据路径形状]；净迁移总量级对齐官方推算、年龄权重偏劳动年龄[假设]
2053,55-59,劳动年龄15-64,女,275198.0,27.5198,高,混合,[混合] 基准人口锚点=C&SD表110-01001A年中人口(不含外佣)；2026-2056为队列成分法推算[假设路径]；生育TFR 2023=751→2046=938对齐官方推算[真实数据路径形状]；净迁移总量级对齐官方推算、年龄权重偏劳动年龄[假设]
2053,60-64,劳动年龄15-64,女,298101.7,29.8102,高,混合,[混合] 基准人口锚点=C&SD表110-01001A年中人口(不含外佣)；2026-2056为队列成分法推算[假设路径]；生育TFR 2023=751→2046=938对齐官方推算[真实数据路径形状]；净迁移总量级对齐官方推算、年龄权重偏劳动年龄[假设]
2053,65-69,退休65+,女,308240.6,30.8241,高,混合,[混合] 基准人口锚点=C&SD表110-01001A年中人口(不含外佣)；2026-2056为队列成分法推算[假设路径]；生育TFR 2023=751→2046=938对齐官方推算[真实数据路径形状]；净迁移总量级对齐官方推算、年龄权重偏劳动年龄[假设]
2053,70-74,退休65+,女,309390.2,30.939,高,混合,[混合] 基准人口锚点=C&SD表110-01001A年中人口(不含外佣)；2026-2056为队列成分法推算[假设路径]；生育TFR 2023=751→2046=938对齐官方推算[真实数据路径形状]；净迁移总量级对齐官方推算、年龄权重偏劳动年龄[假设]
2053,75-79,退休65+,女,305592.2,30.5592,高,混合,[混合] 基准人口锚点=C&SD表110-01001A年中人口(不含外佣)；2026-2056为队列成分法推算[假设路径]；生育TFR 2023=751→2046=938对齐官方推算[真实数据路径形状]；净迁移总量级对齐官方推算、年龄权重偏劳动年龄[假设]
2053,80-84,退休65+,女,284851.1,28.4851,高,混合,[混合] 基准人口锚点=C&SD表110-01001A年中人口(不含外佣)；2026-2056为队列成分法推算[假设路径]；生育TFR 2023=751→2046=938对齐官方推算[真实数据路径形状]；净迁移总量级对齐官方推算、年龄权重偏劳动年龄[假设]
2053,85+,退休65+,女,596340.9,59.6341,高,混合,[混合] 基准人口锚点=C&SD表110-01001A年中人口(不含外佣)；2026-2056为队列成分法推算[假设路径]；生育TFR 2023=751→2046=938对齐官方推算[真实数据路径形状]；净迁移总量级对齐官方推算、年龄权重偏劳动年龄[假设]
2053,0-4,少儿0-14,男,96335.7,9.6336,高,混合,[混合] 基准人口锚点=C&SD表110-01001A年中人口(不含外佣)；2026-2056为队列成分法推算[假设路径]；生育TFR 2023=751→2046=938对齐官方推算[真实数据路径形状]；净迁移总量级对齐官方推算、年龄权重偏劳动年龄[假设]
2053,10-14,少儿0-14,男,106157.8,10.6158,高,混合,[混合] 基准人口锚点=C&SD表110-01001A年中人口(不含外佣)；2026-2056为队列成分法推算[假设路径]；生育TFR 2023=751→2046=938对齐官方推算[真实数据路径形状]；净迁移总量级对齐官方推算、年龄权重偏劳动年龄[假设]
2053,15-19,劳动年龄15-64,男,110603.5,11.0603,高,混合,[混合] 基准人口锚点=C&SD表110-01001A年中人口(不含外佣)；2026-2056为队列成分法推算[假设路径]；生育TFR 2023=751→2046=938对齐官方推算[真实数据路径形状]；净迁移总量级对齐官方推算、年龄权重偏劳动年龄[假设]
2053,20-24,劳动年龄15-64,男,123682.7,12.3683,高,混合,[混合] 基准人口锚点=C&SD表110-01001A年中人口(不含外佣)；2026-2056为队列成分法推算[假设路径]；生育TFR 2023=751→2046=938对齐官方推算[真实数据路径形状]；净迁移总量级对齐官方推算、年龄权重偏劳动年龄[假设]
2053,25-29,劳动年龄15-64,男,134249.6,13.425,高,混合,[混合] 基准人口锚点=C&SD表110-01001A年中人口(不含外佣)；2026-2056为队列成分法推算[假设路径]；生育TFR 2023=751→2046=938对齐官方推算[真实数据路径形状]；净迁移总量级对齐官方推算、年龄权重偏劳动年龄[假设]
2053,30-34,劳动年龄15-64,男,169089.1,16.9089,高,混合,[混合] 基准人口锚点=C&SD表110-01001A年中人口(不含外佣)；2026-2056为队列成分法推算[假设路径]；生育TFR 2023=751→2046=938对齐官方推算[真实数据路径形状]；净迁移总量级对齐官方推算、年龄权重偏劳动年龄[假设]
2053,35-39,劳动年龄15-64,男,213773.5,21.3773,高,混合,[混合] 基准人口锚点=C&SD表110-01001A年中人口(不含外佣)；2026-2056为队列成分法推算[假设路径]；生育TFR 2023=751→2046=938对齐官方推算[真实数据路径形状]；净迁移总量级对齐官方推算、年龄权重偏劳动年龄[假设]
2053,40-44,劳动年龄15-64,男,232020.7,23.2021,高,混合,[混合] 基准人口锚点=C&SD表110-01001A年中人口(不含外佣)；2026-2056为队列成分法推算[假设路径]；生育TFR 2023=751→2046=938对齐官方推算[真实数据路径形状]；净迁移总量级对齐官方推算、年龄权重偏劳动年龄[假设]
2053,45-49,劳动年龄15-64,男,227495.8,22.7496,高,混合,[混合] 基准人口锚点=C&SD表110-01001A年中人口(不含外佣)；2026-2056为队列成分法推算[假设路径]；生育TFR 2023=751→2046=938对齐官方推算[真实数据路径形状]；净迁移总量级对齐官方推算、年龄权重偏劳动年龄[假设]
2053,5-9,少儿0-14,男,105606.2,10.5606,高,混合,[混合] 基准人口锚点=C&SD表110-01001A年中人口(不含外佣)；2026-2056为队列成分法推算[假设路径]；生育TFR 2023=751→2046=938对齐官方推算[真实数据路径形状]；净迁移总量级对齐官方推算、年龄权重偏劳动年龄[假设]
2053,50-54,劳动年龄15-64,男,241233.1,24.1233,高,混合,[混合] 基准人口锚点=C&SD表110-01001A年中人口(不含外佣)；2026-2056为队列成分法推算[假设路径]；生育TFR 2023=751→2046=938对齐官方推算[真实数据路径形状]；净迁移总量级对齐官方推算、年龄权重偏劳动年龄[假设]
2053,55-59,劳动年龄15-64,男,271456.7,27.1457,高,混合,[混合] 基准人口锚点=C&SD表110-01001A年中人口(不含外佣)；2026-2056为队列成分法推算[假设路径]；生育TFR 2023=751→2046=938对齐官方推算[真实数据路径形状]；净迁移总量级对齐官方推算、年龄权重偏劳动年龄[假设]
2053,60-64,劳动年龄15-64,男,282365.8,28.2366,高,混合,[混合] 基准人口锚点=C&SD表110-01001A年中人口(不含外佣)；2026-2056为队列成分法推算[假设路径]；生育TFR 2023=751→2046=938对齐官方推算[真实数据路径形状]；净迁移总量级对齐官方推算、年龄权重偏劳动年龄[假设]
2053,65-69,退休65+,男,270617.6,27.0618,高,混合,[混合] 基准人口锚点=C&SD表110-01001A年中人口(不含外佣)；2026-2056为队列成分法推算[假设路径]；生育TFR 2023=751→2046=938对齐官方推算[真实数据路径形状]；净迁移总量级对齐官方推算、年龄权重偏劳动年龄[假设]
2053,70-74,退休65+,男,246325.5,24.6325,高,混合,[混合] 基准人口锚点=C&SD表110-01001A年中人口(不含外佣)；2026-2056为队列成分法推算[假设路径]；生育TFR 2023=751→2046=938对齐官方推算[真实数据路径形状]；净迁移总量级对齐官方推算、年龄权重偏劳动年龄[假设]
2053,75-79,退休65+,男,224436.1,22.4436,高,混合,[混合] 基准人口锚点=C&SD表110-01001A年中人口(不含外佣)；2026-2056为队列成分法推算[假设路径]；生育TFR 2023=751→2046=938对齐官方推算[真实数据路径形状]；净迁移总量级对齐官方推算、年龄权重偏劳动年龄[假设]
2053,80-84,退休65+,男,190796.8,19.0797,高,混合,[混合] 基准人口锚点=C&SD表110-01001A年中人口(不含外佣)；2026-2056为队列成分法推算[假设路径]；生育TFR 2023=751→2046=938对齐官方推算[真实数据路径形状]；净迁移总量级对齐官方推算、年龄权重偏劳动年龄[假设]
2053,85+,退休65+,男,363836.5,36.3837,高,混合,[混合] 基准人口锚点=C&SD表110-01001A年中人口(不含外佣)；2026-2056为队列成分法推算[假设路径]；生育TFR 2023=751→2046=938对齐官方推算[真实数据路径形状]；净迁移总量级对齐官方推算、年龄权重偏劳动年龄[假设]
2054,0-4,少儿0-14,女,89283.3,8.9283,高,混合,[混合] 基准人口锚点=C&SD表110-01001A年中人口(不含外佣)；2026-2056为队列成分法推算[假设路径]；生育TFR 2023=751→2046=938对齐官方推算[真实数据路径形状]；净迁移总量级对齐官方推算、年龄权重偏劳动年龄[假设]
2054,10-14,少儿0-14,女,102151.1,10.2151,高,混合,[混合] 基准人口锚点=C&SD表110-01001A年中人口(不含外佣)；2026-2056为队列成分法推算[假设路径]；生育TFR 2023=751→2046=938对齐官方推算[真实数据路径形状]；净迁移总量级对齐官方推算、年龄权重偏劳动年龄[假设]
2054,15-19,劳动年龄15-64,女,107262.1,10.7262,高,混合,[混合] 基准人口锚点=C&SD表110-01001A年中人口(不含外佣)；2026-2056为队列成分法推算[假设路径]；生育TFR 2023=751→2046=938对齐官方推算[真实数据路径形状]；净迁移总量级对齐官方推算、年龄权重偏劳动年龄[假设]
2054,20-24,劳动年龄15-64,女,120452.3,12.0452,高,混合,[混合] 基准人口锚点=C&SD表110-01001A年中人口(不含外佣)；2026-2056为队列成分法推算[假设路径]；生育TFR 2023=751→2046=938对齐官方推算[真实数据路径形状]；净迁移总量级对齐官方推算、年龄权重偏劳动年龄[假设]
2054,25-29,劳动年龄15-64,女,133633.2,13.3633,高,混合,[混合] 基准人口锚点=C&SD表110-01001A年中人口(不含外佣)；2026-2056为队列成分法推算[假设路径]；生育TFR 2023=751→2046=938对齐官方推算[真实数据路径形状]；净迁移总量级对齐官方推算、年龄权重偏劳动年龄[假设]
2054,30-34,劳动年龄15-64,女,157959.1,15.7959,高,混合,[混合] 基准人口锚点=C&SD表110-01001A年中人口(不含外佣)；2026-2056为队列成分法推算[假设路径]；生育TFR 2023=751→2046=938对齐官方推算[真实数据路径形状]；净迁移总量级对齐官方推算、年龄权重偏劳动年龄[假设]
2054,35-39,劳动年龄15-64,女,205543.3,20.5543,高,混合,[混合] 基准人口锚点=C&SD表110-01001A年中人口(不含外佣)；2026-2056为队列成分法推算[假设路径]；生育TFR 2023=751→2046=938对齐官方推算[真实数据路径形状]；净迁移总量级对齐官方推算、年龄权重偏劳动年龄[假设]
2054,40-44,劳动年龄15-64,女,230599.9,23.06,高,混合,[混合] 基准人口锚点=C&SD表110-01001A年中人口(不含外佣)；2026-2056为队列成分法推算[假设路径]；生育TFR 2023=751→2046=938对齐官方推算[真实数据路径形状]；净迁移总量级对齐官方推算、年龄权重偏劳动年龄[假设]
2054,45-49,劳动年龄15-64,女,231594.8,23.1595,高,混合,[混合] 基准人口锚点=C&SD表110-01001A年中人口(不含外佣)；2026-2056为队列成分法推算[假设路径]；生育TFR 2023=751→2046=938对齐官方推算[真实数据路径形状]；净迁移总量级对齐官方推算、年龄权重偏劳动年龄[假设]
2054,5-9,少儿0-14,女,99918.2,9.9918,高,混合,[混合] 基准人口锚点=C&SD表110-01001A年中人口(不含外佣)；2026-2056为队列成分法推算[假设路径]；生育TFR 2023=751→2046=938对齐官方推算[真实数据路径形状]；净迁移总量级对齐官方推算、年龄权重偏劳动年龄[假设]
2054,50-54,劳动年龄15-64,女,240203.3,24.0203,高,混合,[混合] 基准人口锚点=C&SD表110-01001A年中人口(不含外佣)；2026-2056为队列成分法推算[假设路径]；生育TFR 2023=751→2046=938对齐官方推算[真实数据路径形状]；净迁移总量级对齐官方推算、年龄权重偏劳动年龄[假设]
2054,55-59,劳动年龄15-64,女,268329.0,26.8329,高,混合,[混合] 基准人口锚点=C&SD表110-01001A年中人口(不含外佣)；2026-2056为队列成分法推算[假设路径]；生育TFR 2023=751→2046=938对齐官方推算[真实数据路径形状]；净迁移总量级对齐官方推算、年龄权重偏劳动年龄[假设]
2054,60-64,劳动年龄15-64,女,296377.9,29.6378,高,混合,[混合] 基准人口锚点=C&SD表110-01001A年中人口(不含外佣)；2026-2056为队列成分法推算[假设路径]；生育TFR 2023=751→2046=938对齐官方推算[真实数据路径形状]；净迁移总量级对齐官方推算、年龄权重偏劳动年龄[假设]
2054,65-69,退休65+,女,305717.0,30.5717,高,混合,[混合] 基准人口锚点=C&SD表110-01001A年中人口(不含外佣)；2026-2056为队列成分法推算[假设路径]；生育TFR 2023=751→2046=938对齐官方推算[真实数据路径形状]；净迁移总量级对齐官方推算、年龄权重偏劳动年龄[假设]
2054,70-74,退休65+,女,308598.7,30.8599,高,混合,[混合] 基准人口锚点=C&SD表110-01001A年中人口(不含外佣)；2026-2056为队列成分法推算[假设路径]；生育TFR 2023=751→2046=938对齐官方推算[真实数据路径形状]；净迁移总量级对齐官方推算、年龄权重偏劳动年龄[假设]
2054,75-79,退休65+,女,304019.8,30.402,高,混合,[混合] 基准人口锚点=C&SD表110-01001A年中人口(不含外佣)；2026-2056为队列成分法推算[假设路径]；生育TFR 2023=751→2046=938对齐官方推算[真实数据路径形状]；净迁移总量级对齐官方推算、年龄权重偏劳动年龄[假设]
2054,80-84,退休65+,女,285562.9,28.5563,高,混合,[混合] 基准人口锚点=C&SD表110-01001A年中人口(不含外佣)；2026-2056为队列成分法推算[假设路径]；生育TFR 2023=751→2046=938对齐官方推算[真实数据路径形状]；净迁移总量级对齐官方推算、年龄权重偏劳动年龄[假设]
2054,85+,退休65+,女,609887.6,60.9888,高,混合,[混合] 基准人口锚点=C&SD表110-01001A年中人口(不含外佣)；2026-2056为队列成分法推算[假设路径]；生育TFR 2023=751→2046=938对齐官方推算[真实数据路径形状]；净迁移总量级对齐官方推算、年龄权重偏劳动年龄[假设]
2054,0-4,少儿0-14,男,94327.6,9.4328,高,混合,[混合] 基准人口锚点=C&SD表110-01001A年中人口(不含外佣)；2026-2056为队列成分法推算[假设路径]；生育TFR 2023=751→2046=938对齐官方推算[真实数据路径形状]；净迁移总量级对齐官方推算、年龄权重偏劳动年龄[假设]
2054,10-14,少儿0-14,男,106869.4,10.6869,高,混合,[混合] 基准人口锚点=C&SD表110-01001A年中人口(不含外佣)；2026-2056为队列成分法推算[假设路径]；生育TFR 2023=751→2046=938对齐官方推算[真实数据路径形状]；净迁移总量级对齐官方推算、年龄权重偏劳动年龄[假设]
2054,15-19,劳动年龄15-64,男,110852.5,11.0853,高,混合,[混合] 基准人口锚点=C&SD表110-01001A年中人口(不含外佣)；2026-2056为队列成分法推算[假设路径]；生育TFR 2023=751→2046=938对齐官方推算[真实数据路径形状]；净迁移总量级对齐官方推算、年龄权重偏劳动年龄[假设]
2054,20-24,劳动年龄15-64,男,122729.0,12.2729,高,混合,[混合] 基准人口锚点=C&SD表110-01001A年中人口(不含外佣)；2026-2056为队列成分法推算[假设路径]；生育TFR 2023=751→2046=938对齐官方推算[真实数据路径形状]；净迁移总量级对齐官方推算、年龄权重偏劳动年龄[假设]
2054,25-29,劳动年龄15-64,男,135301.4,13.5301,高,混合,[混合] 基准人口锚点=C&SD表110-01001A年中人口(不含外佣)；2026-2056为队列成分法推算[假设路径]；生育TFR 2023=751→2046=938对齐官方推算[真实数据路径形状]；净迁移总量级对齐官方推算、年龄权重偏劳动年龄[假设]
2054,30-34,劳动年龄15-64,男,160087.2,16.0087,高,混合,[混合] 基准人口锚点=C&SD表110-01001A年中人口(不含外佣)；2026-2056为队列成分法推算[假设路径]；生育TFR 2023=751→2046=938对齐官方推算[真实数据路径形状]；净迁移总量级对齐官方推算、年龄权重偏劳动年龄[假设]
2054,35-39,劳动年龄15-64,男,208382.4,20.8382,高,混合,[混合] 基准人口锚点=C&SD表110-01001A年中人口(不含外佣)；2026-2056为队列成分法推算[假设路径]；生育TFR 2023=751→2046=938对齐官方推算[真实数据路径形状]；净迁移总量级对齐官方推算、年龄权重偏劳动年龄[假设]
2054,40-44,劳动年龄15-64,男,233247.4,23.3247,高,混合,[混合] 基准人口锚点=C&SD表110-01001A年中人口(不含外佣)；2026-2056为队列成分法推算[假设路径]；生育TFR 2023=751→2046=938对齐官方推算[真实数据路径形状]；净迁移总量级对齐官方推算、年龄权重偏劳动年龄[假设]
2054,45-49,劳动年龄15-64,男,230120.1,23.012,高,混合,[混合] 基准人口锚点=C&SD表110-01001A年中人口(不含外佣)；2026-2056为队列成分法推算[假设路径]；生育TFR 2023=751→2046=938对齐官方推算[真实数据路径形状]；净迁移总量级对齐官方推算、年龄权重偏劳动年龄[假设]
2054,5-9,少儿0-14,男,105056.0,10.5056,高,混合,[混合] 基准人口锚点=C&SD表110-01001A年中人口(不含外佣)；2026-2056为队列成分法推算[假设路径]；生育TFR 2023=751→2046=938对齐官方推算[真实数据路径形状]；净迁移总量级对齐官方推算、年龄权重偏劳动年龄[假设]
2054,50-54,劳动年龄15-64,男,236464.8,23.6465,高,混合,[混合] 基准人口锚点=C&SD表110-01001A年中人口(不含外佣)；2026-2056为队列成分法推算[假设路径]；生育TFR 2023=751→2046=938对齐官方推算[真实数据路径形状]；净迁移总量级对齐官方推算、年龄权重偏劳动年龄[假设]
2054,55-59,劳动年龄15-64,男,265586.9,26.5587,高,混合,[混合] 基准人口锚点=C&SD表110-01001A年中人口(不含外佣)；2026-2056为队列成分法推算[假设路径]；生育TFR 2023=751→2046=938对齐官方推算[真实数据路径形状]；净迁移总量级对齐官方推算、年龄权重偏劳动年龄[假设]
2054,60-64,劳动年龄15-64,男,282889.3,28.2889,高,混合,[混合] 基准人口锚点=C&SD表110-01001A年中人口(不含外佣)；2026-2056为队列成分法推算[假设路径]；生育TFR 2023=751→2046=938对齐官方推算[真实数据路径形状]；净迁移总量级对齐官方推算、年龄权重偏劳动年龄[假设]
2054,65-69,退休65+,男,272487.9,27.2488,高,混合,[混合] 基准人口锚点=C&SD表110-01001A年中人口(不含外佣)；2026-2056为队列成分法推算[假设路径]；生育TFR 2023=751→2046=938对齐官方推算[真实数据路径形状]；净迁移总量级对齐官方推算、年龄权重偏劳动年龄[假设]
2054,70-74,退休65+,男,249310.9,24.9311,高,混合,[混合] 基准人口锚点=C&SD表110-01001A年中人口(不含外佣)；2026-2056为队列成分法推算[假设路径]；生育TFR 2023=751→2046=938对齐官方推算[真实数据路径形状]；净迁移总量级对齐官方推算、年龄权重偏劳动年龄[假设]
2054,75-79,退休65+,男,224473.6,22.4474,高,混合,[混合] 基准人口锚点=C&SD表110-01001A年中人口(不含外佣)；2026-2056为队列成分法推算[假设路径]；生育TFR 2023=751→2046=938对齐官方推算[真实数据路径形状]；净迁移总量级对齐官方推算、年龄权重偏劳动年龄[假设]
2054,80-84,退休65+,男,192332.9,19.2333,高,混合,[混合] 基准人口锚点=C&SD表110-01001A年中人口(不含外佣)；2026-2056为队列成分法推算[假设路径]；生育TFR 2023=751→2046=938对齐官方推算[真实数据路径形状]；净迁移总量级对齐官方推算、年龄权重偏劳动年龄[假设]
2054,85+,退休65+,男,366901.4,36.6901,高,混合,[混合] 基准人口锚点=C&SD表110-01001A年中人口(不含外佣)；2026-2056为队列成分法推算[假设路径]；生育TFR 2023=751→2046=938对齐官方推算[真实数据路径形状]；净迁移总量级对齐官方推算、年龄权重偏劳动年龄[假设]
2055,0-4,少儿0-14,女,87300.3,8.73,高,混合,[混合] 基准人口锚点=C&SD表110-01001A年中人口(不含外佣)；2026-2056为队列成分法推算[假设路径]；生育TFR 2023=751→2046=938对齐官方推算[真实数据路径形状]；净迁移总量级对齐官方推算、年龄权重偏劳动年龄[假设]
2055,10-14,少儿0-14,女,102675.9,10.2676,高,混合,[混合] 基准人口锚点=C&SD表110-01001A年中人口(不含外佣)；2026-2056为队列成分法推算[假设路径]；生育TFR 2023=751→2046=938对齐官方推算[真实数据路径形状]；净迁移总量级对齐官方推算、年龄权重偏劳动年龄[假设]
2055,15-19,劳动年龄15-64,女,107578.0,10.7578,高,混合,[混合] 基准人口锚点=C&SD表110-01001A年中人口(不含外佣)；2026-2056为队列成分法推算[假设路径]；生育TFR 2023=751→2046=938对齐官方推算[真实数据路径形状]；净迁移总量级对齐官方推算、年龄权重偏劳动年龄[假设]
2055,20-24,劳动年龄15-64,女,119617.5,11.9618,高,混合,[混合] 基准人口锚点=C&SD表110-01001A年中人口(不含外佣)；2026-2056为队列成分法推算[假设路径]；生育TFR 2023=751→2046=938对齐官方推算[真实数据路径形状]；净迁移总量级对齐官方推算、年龄权重偏劳动年龄[假设]
2055,25-29,劳动年龄15-64,女,134712.8,13.4713,高,混合,[混合] 基准人口锚点=C&SD表110-01001A年中人口(不含外佣)；2026-2056为队列成分法推算[假设路径]；生育TFR 2023=751→2046=938对齐官方推算[真实数据路径形状]；净迁移总量级对齐官方推算、年龄权重偏劳动年龄[假设]
2055,30-34,劳动年龄15-64,女,149267.2,14.9267,高,混合,[混合] 基准人口锚点=C&SD表110-01001A年中人口(不含外佣)；2026-2056为队列成分法推算[假设路径]；生育TFR 2023=751→2046=938对齐官方推算[真实数据路径形状]；净迁移总量级对齐官方推算、年龄权重偏劳动年龄[假设]
2055,35-39,劳动年龄15-64,女,200381.5,20.0382,高,混合,[混合] 基准人口锚点=C&SD表110-01001A年中人口(不含外佣)；2026-2056为队列成分法推算[假设路径]；生育TFR 2023=751→2046=938对齐官方推算[真实数据路径形状]；净迁移总量级对齐官方推算、年龄权重偏劳动年龄[假设]
2055,40-44,劳动年龄15-64,女,231244.3,23.1244,高,混合,[混合] 基准人口锚点=C&SD表110-01001A年中人口(不含外佣)；2026-2056为队列成分法推算[假设路径]；生育TFR 2023=751→2046=938对齐官方推算[真实数据路径形状]；净迁移总量级对齐官方推算、年龄权重偏劳动年龄[假设]
2055,45-49,劳动年龄15-64,女,232738.6,23.2739,高,混合,[混合] 基准人口锚点=C&SD表110-01001A年中人口(不含外佣)；2026-2056为队列成分法推算[假设路径]；生育TFR 2023=751→2046=938对齐官方推算[真实数据路径形状]；净迁移总量级对齐官方推算、年龄权重偏劳动年龄[假设]
2055,5-9,少儿0-14,女,98948.9,9.8949,高,混合,[混合] 基准人口锚点=C&SD表110-01001A年中人口(不含外佣)；2026-2056为队列成分法推算[假设路径]；生育TFR 2023=751→2046=938对齐官方推算[真实数据路径形状]；净迁移总量级对齐官方推算、年龄权重偏劳动年龄[假设]
2055,50-54,劳动年龄15-64,女,237171.6,23.7172,高,混合,[混合] 基准人口锚点=C&SD表110-01001A年中人口(不含外佣)；2026-2056为队列成分法推算[假设路径]；生育TFR 2023=751→2046=938对齐官方推算[真实数据路径形状]；净迁移总量级对齐官方推算、年龄权重偏劳动年龄[假设]
2055,55-59,劳动年龄15-64,女,261385.9,26.1386,高,混合,[混合] 基准人口锚点=C&SD表110-01001A年中人口(不含外佣)；2026-2056为队列成分法推算[假设路径]；生育TFR 2023=751→2046=938对齐官方推算[真实数据路径形状]；净迁移总量级对齐官方推算、年龄权重偏劳动年龄[假设]
2055,60-64,劳动年龄15-64,女,294623.5,29.4624,高,混合,[混合] 基准人口锚点=C&SD表110-01001A年中人口(不含外佣)；2026-2056为队列成分法推算[假设路径]；生育TFR 2023=751→2046=938对齐官方推算[真实数据路径形状]；净迁移总量级对齐官方推算、年龄权重偏劳动年龄[假设]
2055,65-69,退休65+,女,303238.4,30.3238,高,混合,[混合] 基准人口锚点=C&SD表110-01001A年中人口(不含外佣)；2026-2056为队列成分法推算[假设路径]；生育TFR 2023=751→2046=938对齐官方推算[真实数据路径形状]；净迁移总量级对齐官方推算、年龄权重偏劳动年龄[假设]
2055,70-74,退休65+,女,308033.7,30.8034,高,混合,[混合] 基准人口锚点=C&SD表110-01001A年中人口(不含外佣)；2026-2056为队列成分法推算[假设路径]；生育TFR 2023=751→2046=938对齐官方推算[真实数据路径形状]；净迁移总量级对齐官方推算、年龄权重偏劳动年龄[假设]
2055,75-79,退休65+,女,302445.7,30.2446,高,混合,[混合] 基准人口锚点=C&SD表110-01001A年中人口(不含外佣)；2026-2056为队列成分法推算[假设路径]；生育TFR 2023=751→2046=938对齐官方推算[真实数据路径形状]；净迁移总量级对齐官方推算、年龄权重偏劳动年龄[假设]
2055,80-84,退休65+,女,286321.2,28.6321,高,混合,[混合] 基准人口锚点=C&SD表110-01001A年中人口(不含外佣)；2026-2056为队列成分法推算[假设路径]；生育TFR 2023=751→2046=938对齐官方推算[真实数据路径形状]；净迁移总量级对齐官方推算、年龄权重偏劳动年龄[假设]
2055,85+,退休65+,女,623133.0,62.3133,高,混合,[混合] 基准人口锚点=C&SD表110-01001A年中人口(不含外佣)；2026-2056为队列成分法推算[假设路径]；生育TFR 2023=751→2046=938对齐官方推算[真实数据路径形状]；净迁移总量级对齐官方推算、年龄权重偏劳动年龄[假设]
2055,0-4,少儿0-14,男,92233.6,9.2234,高,混合,[混合] 基准人口锚点=C&SD表110-01001A年中人口(不含外佣)；2026-2056为队列成分法推算[假设路径]；生育TFR 2023=751→2046=938对齐官方推算[真实数据路径形状]；净迁移总量级对齐官方推算、年龄权重偏劳动年龄[假设]
2055,10-14,少儿0-14,男,107468.6,10.7469,高,混合,[混合] 基准人口锚点=C&SD表110-01001A年中人口(不含外佣)；2026-2056为队列成分法推算[假设路径]；生育TFR 2023=751→2046=938对齐官方推算[真实数据路径形状]；净迁移总量级对齐官方推算、年龄权重偏劳动年龄[假设]
2055,15-19,劳动年龄15-64,男,111273.4,11.1273,高,混合,[混合] 基准人口锚点=C&SD表110-01001A年中人口(不含外佣)；2026-2056为队列成分法推算[假设路径]；生育TFR 2023=751→2046=938对齐官方推算[真实数据路径形状]；净迁移总量级对齐官方推算、年龄权重偏劳动年龄[假设]
2055,20-24,劳动年龄15-64,男,121956.5,12.1957,高,混合,[混合] 基准人口锚点=C&SD表110-01001A年中人口(不含外佣)；2026-2056为队列成分法推算[假设路径]；生育TFR 2023=751→2046=938对齐官方推算[真实数据路径形状]；净迁移总量级对齐官方推算、年龄权重偏劳动年龄[假设]
2055,25-29,劳动年龄15-64,男,136138.2,13.6138,高,混合,[混合] 基准人口锚点=C&SD表110-01001A年中人口(不含外佣)；2026-2056为队列成分法推算[假设路径]；生育TFR 2023=751→2046=938对齐官方推算[真实数据路径形状]；净迁移总量级对齐官方推算、年龄权重偏劳动年龄[假设]
2055,30-34,劳动年龄15-64,男,151047.9,15.1048,高,混合,[混合] 基准人口锚点=C&SD表110-01001A年中人口(不含外佣)；2026-2056为队列成分法推算[假设路径]；生育TFR 2023=751→2046=938对齐官方推算[真实数据路径形状]；净迁移总量级对齐官方推算、年龄权重偏劳动年龄[假设]
2055,35-39,劳动年龄15-64,男,202834.8,20.2835,高,混合,[混合] 基准人口锚点=C&SD表110-01001A年中人口(不含外佣)；2026-2056为队列成分法推算[假设路径]；生育TFR 2023=751→2046=938对齐官方推算[真实数据路径形状]；净迁移总量级对齐官方推算、年龄权重偏劳动年龄[假设]
2055,40-44,劳动年龄15-64,男,233952.1,23.3952,高,混合,[混合] 基准人口锚点=C&SD表110-01001A年中人口(不含外佣)；2026-2056为队列成分法推算[假设路径]；生育TFR 2023=751→2046=938对齐官方推算[真实数据路径形状]；净迁移总量级对齐官方推算、年龄权重偏劳动年龄[假设]
2055,45-49,劳动年龄15-64,男,232691.3,23.2691,高,混合,[混合] 基准人口锚点=C&SD表110-01001A年中人口(不含外佣)；2026-2056为队列成分法推算[假设路径]；生育TFR 2023=751→2046=938对齐官方推算[真实数据路径形状]；净迁移总量级对齐官方推算、年龄权重偏劳动年龄[假设]
2055,5-9,少儿0-14,男,104049.5,10.4049,高,混合,[混合] 基准人口锚点=C&SD表110-01001A年中人口(不含外佣)；2026-2056为队列成分法推算[假设路径]；生育TFR 2023=751→2046=938对齐官方推算[真实数据路径形状]；净迁移总量级对齐官方推算、年龄权重偏劳动年龄[假设]
2055,50-54,劳动年龄15-64,男,231642.7,23.1643,高,混合,[混合] 基准人口锚点=C&SD表110-01001A年中人口(不含外佣)；2026-2056为队列成分法推算[假设路径]；生育TFR 2023=751→2046=938对齐官方推算[真实数据路径形状]；净迁移总量级对齐官方推算、年龄权重偏劳动年龄[假设]
2055,55-59,劳动年龄15-64,男,259669.8,25.967,高,混合,[混合] 基准人口锚点=C&SD表110-01001A年中人口(不含外佣)；2026-2056为队列成分法推算[假设路径]；生育TFR 2023=751→2046=938对齐官方推算[真实数据路径形状]；净迁移总量级对齐官方推算、年龄权重偏劳动年龄[假设]
2055,60-64,劳动年龄15-64,男,283385.4,28.3385,高,混合,[混合] 基准人口锚点=C&SD表110-01001A年中人口(不含外佣)；2026-2056为队列成分法推算[假设路径]；生育TFR 2023=751→2046=938对齐官方推算[真实数据路径形状]；净迁移总量级对齐官方推算、年龄权重偏劳动年龄[假设]
2055,65-69,退休65+,男,274402.9,27.4403,高,混合,[混合] 基准人口锚点=C&SD表110-01001A年中人口(不含外佣)；2026-2056为队列成分法推算[假设路径]；生育TFR 2023=751→2046=938对齐官方推算[真实数据路径形状]；净迁移总量级对齐官方推算、年龄权重偏劳动年龄[假设]
2055,70-74,退休65+,男,252470.3,25.247,高,混合,[混合] 基准人口锚点=C&SD表110-01001A年中人口(不含外佣)；2026-2056为队列成分法推算[假设路径]；生育TFR 2023=751→2046=938对齐官方推算[真实数据路径形状]；净迁移总量级对齐官方推算、年龄权重偏劳动年龄[假设]
2055,75-79,退休65+,男,224526.6,22.4527,高,混合,[混合] 基准人口锚点=C&SD表110-01001A年中人口(不含外佣)；2026-2056为队列成分法推算[假设路径]；生育TFR 2023=751→2046=938对齐官方推算[真实数据路径形状]；净迁移总量级对齐官方推算、年龄权重偏劳动年龄[假设]
2055,80-84,退休65+,男,193900.5,19.39,高,混合,[混合] 基准人口锚点=C&SD表110-01001A年中人口(不含外佣)；2026-2056为队列成分法推算[假设路径]；生育TFR 2023=751→2046=938对齐官方推算[真实数据路径形状]；净迁移总量级对齐官方推算、年龄权重偏劳动年龄[假设]
2055,85+,退休65+,男,370099.9,37.01,高,混合,[混合] 基准人口锚点=C&SD表110-01001A年中人口(不含外佣)；2026-2056为队列成分法推算[假设路径]；生育TFR 2023=751→2046=938对齐官方推算[真实数据路径形状]；净迁移总量级对齐官方推算、年龄权重偏劳动年龄[假设]
2056,0-4,少儿0-14,女,85246.7,8.5247,高,混合,[混合] 基准人口锚点=C&SD表110-01001A年中人口(不含外佣)；2026-2056为队列成分法推算[假设路径]；生育TFR 2023=751→2046=938对齐官方推算[真实数据路径形状]；净迁移总量级对齐官方推算、年龄权重偏劳动年龄[假设]
2056,10-14,少儿0-14,女,103082.5,10.3082,高,混合,[混合] 基准人口锚点=C&SD表110-01001A年中人口(不含外佣)；2026-2056为队列成分法推算[假设路径]；生育TFR 2023=751→2046=938对齐官方推算[真实数据路径形状]；净迁移总量级对齐官方推算、年龄权重偏劳动年龄[假设]
2056,15-19,劳动年龄15-64,女,108035.0,10.8035,高,混合,[混合] 基准人口锚点=C&SD表110-01001A年中人口(不含外佣)；2026-2056为队列成分法推算[假设路径]；生育TFR 2023=751→2046=938对齐官方推算[真实数据路径形状]；净迁移总量级对齐官方推算、年龄权重偏劳动年龄[假设]
2056,20-24,劳动年龄15-64,女,118941.1,11.8941,高,混合,[混合] 基准人口锚点=C&SD表110-01001A年中人口(不含外佣)；2026-2056为队列成分法推算[假设路径]；生育TFR 2023=751→2046=938对齐官方推算[真实数据路径形状]；净迁移总量级对齐官方推算、年龄权重偏劳动年龄[假设]
2056,25-29,劳动年龄15-64,女,135569.6,13.557,高,混合,[混合] 基准人口锚点=C&SD表110-01001A年中人口(不含外佣)；2026-2056为队列成分法推算[假设路径]；生育TFR 2023=751→2046=938对齐官方推算[真实数据路径形状]；净迁移总量级对齐官方推算、年龄权重偏劳动年龄[假设]
2056,30-34,劳动年龄15-64,女,140584.4,14.0584,高,混合,[混合] 基准人口锚点=C&SD表110-01001A年中人口(不含外佣)；2026-2056为队列成分法推算[假设路径]；生育TFR 2023=751→2046=938对齐官方推算[真实数据路径形状]；净迁移总量级对齐官方推算、年龄权重偏劳动年龄[假设]
2056,35-39,劳动年龄15-64,女,195048.3,19.5048,高,混合,[混合] 基准人口锚点=C&SD表110-01001A年中人口(不含外佣)；2026-2056为队列成分法推算[假设路径]；生育TFR 2023=751→2046=938对齐官方推算[真实数据路径形状]；净迁移总量级对齐官方推算、年龄权重偏劳动年龄[假设]
2056,40-44,劳动年龄15-64,女,231294.9,23.1295,高,混合,[混合] 基准人口锚点=C&SD表110-01001A年中人口(不含外佣)；2026-2056为队列成分法推算[假设路径]；生育TFR 2023=751→2046=938对齐官方推算[真实数据路径形状]；净迁移总量级对齐官方推算、年龄权重偏劳动年龄[假设]
2056,45-49,劳动年龄15-64,女,233825.5,23.3825,高,混合,[混合] 基准人口锚点=C&SD表110-01001A年中人口(不含外佣)；2026-2056为队列成分法推算[假设路径]；生育TFR 2023=751→2046=938对齐官方推算[真实数据路径形状]；净迁移总量级对齐官方推算、年龄权重偏劳动年龄[假设]
2056,5-9,少儿0-14,女,97563.4,9.7563,高,混合,[混合] 基准人口锚点=C&SD表110-01001A年中人口(不含外佣)；2026-2056为队列成分法推算[假设路径]；生育TFR 2023=751→2046=938对齐官方推算[真实数据路径形状]；净迁移总量级对齐官方推算、年龄权重偏劳动年龄[假设]
2056,50-54,劳动年龄15-64,女,234071.8,23.4072,高,混合,[混合] 基准人口锚点=C&SD表110-01001A年中人口(不含外佣)；2026-2056为队列成分法推算[假设路径]；生育TFR 2023=751→2046=938对齐官方推算[真实数据路径形状]；净迁移总量级对齐官方推算、年龄权重偏劳动年龄[假设]
2056,55-59,劳动年龄15-64,女,254368.1,25.4368,高,混合,[混合] 基准人口锚点=C&SD表110-01001A年中人口(不含外佣)；2026-2056为队列成分法推算[假设路径]；生育TFR 2023=751→2046=938对齐官方推算[真实数据路径形状]；净迁移总量级对齐官方推算、年龄权重偏劳动年龄[假设]
2056,60-64,劳动年龄15-64,女,292816.0,29.2816,高,混合,[混合] 基准人口锚点=C&SD表110-01001A年中人口(不含外佣)；2026-2056为队列成分法推算[假设路径]；生育TFR 2023=751→2046=938对齐官方推算[真实数据路径形状]；净迁移总量级对齐官方推算、年龄权重偏劳动年龄[假设]
2056,65-69,退休65+,女,300804.3,30.0804,高,混合,[混合] 基准人口锚点=C&SD表110-01001A年中人口(不含外佣)；2026-2056为队列成分法推算[假设路径]；生育TFR 2023=751→2046=938对齐官方推算[真实数据路径形状]；净迁移总量级对齐官方推算、年龄权重偏劳动年龄[假设]
2056,70-74,退休65+,女,307711.8,30.7712,高,混合,[混合] 基准人口锚点=C&SD表110-01001A年中人口(不含外佣)；2026-2056为队列成分法推算[假设路径]；生育TFR 2023=751→2046=938对齐官方推算[真实数据路径形状]；净迁移总量级对齐官方推算、年龄权重偏劳动年龄[假设]
2056,75-79,退休65+,女,300868.5,30.0868,高,混合,[混合] 基准人口锚点=C&SD表110-01001A年中人口(不含外佣)；2026-2056为队列成分法推算[假设路径]；生育TFR 2023=751→2046=938对齐官方推算[真实数据路径形状]；净迁移总量级对齐官方推算、年龄权重偏劳动年龄[假设]
2056,80-84,退休65+,女,287101.8,28.7102,高,混合,[混合] 基准人口锚点=C&SD表110-01001A年中人口(不含外佣)；2026-2056为队列成分法推算[假设路径]；生育TFR 2023=751→2046=938对齐官方推算[真实数据路径形状]；净迁移总量级对齐官方推算、年龄权重偏劳动年龄[假设]
2056,85+,退休65+,女,636117.3,63.6117,高,混合,[混合] 基准人口锚点=C&SD表110-01001A年中人口(不含外佣)；2026-2056为队列成分法推算[假设路径]；生育TFR 2023=751→2046=938对齐官方推算[真实数据路径形状]；净迁移总量级对齐官方推算、年龄权重偏劳动年龄[假设]
2056,0-4,少儿0-14,男,90064.9,9.0065,高,混合,[混合] 基准人口锚点=C&SD表110-01001A年中人口(不含外佣)；2026-2056为队列成分法推算[假设路径]；生育TFR 2023=751→2046=938对齐官方推算[真实数据路径形状]；净迁移总量级对齐官方推算、年龄权重偏劳动年龄[假设]
2056,10-14,少儿0-14,男,107939.6,10.794,高,混合,[混合] 基准人口锚点=C&SD表110-01001A年中人口(不含外佣)；2026-2056为队列成分法推算[假设路径]；生育TFR 2023=751→2046=938对齐官方推算[真实数据路径形状]；净迁移总量级对齐官方推算、年龄权重偏劳动年龄[假设]
2056,15-19,劳动年龄15-64,男,111842.5,11.1843,高,混合,[混合] 基准人口锚点=C&SD表110-01001A年中人口(不含外佣)；2026-2056为队列成分法推算[假设路径]；生育TFR 2023=751→2046=938对齐官方推算[真实数据路径形状]；净迁移总量级对齐官方推算、年龄权重偏劳动年龄[假设]
2056,20-24,劳动年龄15-64,男,121354.9,12.1355,高,混合,[混合] 基准人口锚点=C&SD表110-01001A年中人口(不含外佣)；2026-2056为队列成分法推算[假设路径]；生育TFR 2023=751→2046=938对齐官方推算[真实数据路径形状]；净迁移总量级对齐官方推算、年龄权重偏劳动年龄[假设]
2056,25-29,劳动年龄15-64,男,136761.2,13.6761,高,混合,[混合] 基准人口锚点=C&SD表110-01001A年中人口(不含外佣)；2026-2056为队列成分法推算[假设路径]；生育TFR 2023=751→2046=938对齐官方推算[真实数据路径形状]；净迁移总量级对齐官方推算、年龄权重偏劳动年龄[假设]
2056,30-34,劳动年龄15-64,男,142013.4,14.2013,高,混合,[混合] 基准人口锚点=C&SD表110-01001A年中人口(不含外佣)；2026-2056为队列成分法推算[假设路径]；生育TFR 2023=751→2046=938对齐官方推算[真实数据路径形状]；净迁移总量级对齐官方推算、年龄权重偏劳动年龄[假设]
2056,35-39,劳动年龄15-64,男,197130.4,19.713,高,混合,[混合] 基准人口锚点=C&SD表110-01001A年中人口(不含外佣)；2026-2056为队列成分法推算[假设路径]；生育TFR 2023=751→2046=938对齐官方推算[真实数据路径形状]；净迁移总量级对齐官方推算、年龄权重偏劳动年龄[假设]
2056,40-44,劳动年龄15-64,男,234114.5,23.4114,高,混合,[混合] 基准人口锚点=C&SD表110-01001A年中人口(不含外佣)；2026-2056为队列成分法推算[假设路径]；生育TFR 2023=751→2046=938对齐官方推算[真实数据路径形状]；净迁移总量级对齐官方推算、年龄权重偏劳动年龄[假设]
2056,45-49,劳动年龄15-64,男,235209.4,23.5209,高,混合,[混合] 基准人口锚点=C&SD表110-01001A年中人口(不含外佣)；2026-2056为队列成分法推算[假设路径]；生育TFR 2023=751→2046=938对齐官方推算[真实数据路径形状]；净迁移总量级对齐官方推算、年龄权重偏劳动年龄[假设]
2056,5-9,少儿0-14,男,102601.2,10.2601,高,混合,[混合] 基准人口锚点=C&SD表110-01001A年中人口(不含外佣)；2026-2056为队列成分法推算[假设路径]；生育TFR 2023=751→2046=938对齐官方推算[真实数据路径形状]；净迁移总量级对齐官方推算、年龄权重偏劳动年龄[假设]
2056,50-54,劳动年龄15-64,男,226773.0,22.6773,高,混合,[混合] 基准人口锚点=C&SD表110-01001A年中人口(不含外佣)；2026-2056为队列成分法推算[假设路径]；生育TFR 2023=751→2046=938对齐官方推算[真实数据路径形状]；净迁移总量级对齐官方推算、年龄权重偏劳动年龄[假设]
2056,55-59,劳动年龄15-64,男,253704.5,25.3705,高,混合,[混合] 基准人口锚点=C&SD表110-01001A年中人口(不含外佣)；2026-2056为队列成分法推算[假设路径]；生育TFR 2023=751→2046=938对齐官方推算[真实数据路径形状]；净迁移总量级对齐官方推算、年龄权重偏劳动年龄[假设]
2056,60-64,劳动年龄15-64,男,283833.7,28.3834,高,混合,[混合] 基准人口锚点=C&SD表110-01001A年中人口(不含外佣)；2026-2056为队列成分法推算[假设路径]；生育TFR 2023=751→2046=938对齐官方推算[真实数据路径形状]；净迁移总量级对齐官方推算、年龄权重偏劳动年龄[假设]
2056,65-69,退休65+,男,276362.3,27.6362,高,混合,[混合] 基准人口锚点=C&SD表110-01001A年中人口(不含外佣)；2026-2056为队列成分法推算[假设路径]；生育TFR 2023=751→2046=938对齐官方推算[真实数据路径形状]；净迁移总量级对齐官方推算、年龄权重偏劳动年龄[假设]
2056,70-74,退休65+,男,255817.8,25.5818,高,混合,[混合] 基准人口锚点=C&SD表110-01001A年中人口(不含外佣)；2026-2056为队列成分法推算[假设路径]；生育TFR 2023=751→2046=938对齐官方推算[真实数据路径形状]；净迁移总量级对齐官方推算、年龄权重偏劳动年龄[假设]
2056,75-79,退休65+,男,224593.1,22.4593,高,混合,[混合] 基准人口锚点=C&SD表110-01001A年中人口(不含外佣)；2026-2056为队列成分法推算[假设路径]；生育TFR 2023=751→2046=938对齐官方推算[真实数据路径形状]；净迁移总量级对齐官方推算、年龄权重偏劳动年龄[假设]
2056,80-84,退休65+,男,195480.4,19.548,高,混合,[混合] 基准人口锚点=C&SD表110-01001A年中人口(不含外佣)；2026-2056为队列成分法推算[假设路径]；生育TFR 2023=751→2046=938对齐官方推算[真实数据路径形状]；净迁移总量级对齐官方推算、年龄权重偏劳动年龄[假设]
2056,85+,退休65+,男,373430.2,37.343,高,混合,[混合] 基准人口锚点=C&SD表110-01001A年中人口(不含外佣)；2026-2056为队列成分法推算[假设路径]；生育TFR 2023=751→2046=938对齐官方推算[真实数据路径形状]；净迁移总量级对齐官方推算、年龄权重偏劳动年龄[假设]
