年份,年龄组,性别,人数,情景,来源或假设
2026,0-4,男,83500.0,低,队列成分法推算；基准人口=表110-01001A中2026年中
2026,0-4,女,76800.0,低,队列成分法推算；基准人口=表110-01001A中2026年中
2026,5-9,男,124500.0,低,队列成分法推算；基准人口=表110-01001A中2026年中
2026,5-9,女,115700.0,低,队列成分法推算；基准人口=表110-01001A中2026年中
2026,10-14,男,149500.0,低,队列成分法推算；基准人口=表110-01001A中2026年中
2026,10-14,女,138400.0,低,队列成分法推算；基准人口=表110-01001A中2026年中
2026,15-19,男,149600.0,低,队列成分法推算；基准人口=表110-01001A中2026年中
2026,15-19,女,139100.0,低,队列成分法推算；基准人口=表110-01001A中2026年中
2026,20-24,男,147300.0,低,队列成分法推算；基准人口=表110-01001A中2026年中
2026,20-24,女,145000.0,低,队列成分法推算；基准人口=表110-01001A中2026年中
2026,25-29,男,183500.0,低,队列成分法推算；基准人口=表110-01001A中2026年中
2026,25-29,女,172700.0,低,队列成分法推算；基准人口=表110-01001A中2026年中
2026,30-34,男,227100.0,低,队列成分法推算；基准人口=表110-01001A中2026年中
2026,30-34,女,221900.0,低,队列成分法推算；基准人口=表110-01001A中2026年中
2026,35-39,男,238500.0,低,队列成分法推算；基准人口=表110-01001A中2026年中
2026,35-39,女,246100.0,低,队列成分法推算；基准人口=表110-01001A中2026年中
2026,40-44,男,241900.0,低,队列成分法推算；基准人口=表110-01001A中2026年中
2026,40-44,女,274000.0,低,队列成分法推算；基准人口=表110-01001A中2026年中
2026,45-49,男,234900.0,低,队列成分法推算；基准人口=表110-01001A中2026年中
2026,45-49,女,289200.0,低,队列成分法推算；基准人口=表110-01001A中2026年中
2026,50-54,男,244100.0,低,队列成分法推算；基准人口=表110-01001A中2026年中
2026,50-54,女,307900.0,低,队列成分法推算；基准人口=表110-01001A中2026年中
2026,55-59,男,243400.0,低,队列成分法推算；基准人口=表110-01001A中2026年中
2026,55-59,女,314700.0,低,队列成分法推算；基准人口=表110-01001A中2026年中
2026,60-64,男,281500.0,低,队列成分法推算；基准人口=表110-01001A中2026年中
2026,60-64,女,339700.0,低,队列成分法推算；基准人口=表110-01001A中2026年中
2026,65-69,男,291500.0,低,队列成分法推算；基准人口=表110-01001A中2026年中
2026,65-69,女,309600.0,低,队列成分法推算；基准人口=表110-01001A中2026年中
2026,70-74,男,226600.0,低,队列成分法推算；基准人口=表110-01001A中2026年中
2026,70-74,女,248600.0,低,队列成分法推算；基准人口=表110-01001A中2026年中
2026,75-79,男,164300.0,低,队列成分法推算；基准人口=表110-01001A中2026年中
2026,75-79,女,182100.0,低,队列成分法推算；基准人口=表110-01001A中2026年中
2026,80-84,男,78500.0,低,队列成分法推算；基准人口=表110-01001A中2026年中
2026,80-84,女,89700.0,低,队列成分法推算；基准人口=表110-01001A中2026年中
2026,85+,男,95900.0,低,队列成分法推算；基准人口=表110-01001A中2026年中
2026,85+,女,145300.0,低,队列成分法推算；基准人口=表110-01001A中2026年中
2027,0-4,男,82514.0,低,队列成分法推算；基准人口=表110-01001A中2026年中
2027,0-4,女,76344.9,低,队列成分法推算；基准人口=表110-01001A中2026年中
2027,5-9,男,116701.0,低,队列成分法推算；基准人口=表110-01001A中2026年中
2027,5-9,女,108362.2,低,队列成分法推算；基准人口=表110-01001A中2026年中
2027,10-14,男,144906.4,低,队列成分法推算；基准人口=表110-01001A中2026年中
2027,10-14,女,134302.5,低,队列成分法推算；基准人口=表110-01001A中2026年中
2027,15-19,男,151235.8,低,队列成分法推算；基准人口=表110-01001A中2026年中
2027,15-19,女,140768.7,低,队列成分法推算；基准人口=表110-01001A中2026年中
2027,20-24,男,149401.8,低,队列成分法推算；基准人口=表110-01001A中2026年中
2027,20-24,女,145616.9,低,队列成分法推算；基准人口=表110-01001A中2026年中
2027,25-29,男,177876.2,低,队列成分法推算；基准人口=表110-01001A中2026年中
2027,25-29,女,168949.6,低,队列成分法推算；基准人口=表110-01001A中2026年中
2027,30-34,男,219941.4,低,队列成分法推算；基准人口=表110-01001A中2026年中
2027,30-34,女,213823.6,低,队列成分法推算；基准人口=表110-01001A中2026年中
2027,35-39,男,237745.2,低,队列成分法推算；基准人口=表110-01001A中2026年中
2027,35-39,女,242992.4,低,队列成分法推算；基准人口=表110-01001A中2026年中
2027,40-44,男,242643.0,低,队列成分法推算；基准人口=表110-01001A中2026年中
2027,40-44,女,270116.2,低,队列成分法推算；基准人口=表110-01001A中2026年中
2027,45-49,男,236927.3,低,队列成分法推算；基准人口=表110-01001A中2026年中
2027,45-49,女,287046.0,低,队列成分法推算；基准人口=表110-01001A中2026年中
2027,50-54,男,242607.2,低,队列成分法推算；基准人口=表110-01001A中2026年中
2027,50-54,女,304857.2,低,队列成分法推算；基准人口=表110-01001A中2026年中
2027,55-59,男,243522.4,低,队列成分法推算；基准人口=表110-01001A中2026年中
2027,55-59,女,313792.0,低,队列成分法推算；基准人口=表110-01001A中2026年中
2027,60-64,男,273179.8,低,队列成分法推算；基准人口=表110-01001A中2026年中
2027,60-64,女,334727.8,低,队列成分法推算；基准人口=表110-01001A中2026年中
2027,65-69,男,286898.4,低,队列成分法推算；基准人口=表110-01001A中2026年中
2027,65-69,女,314501.2,低,队列成分法推算；基准人口=表110-01001A中2026年中
2027,70-74,男,236188.3,低,队列成分法推算；基准人口=表110-01001A中2026年中
2027,70-74,女,259191.6,低,队列成分法推算；基准人口=表110-01001A中2026年中
2027,75-79,男,172881.3,低,队列成分法推算；基准人口=表110-01001A中2026年中
2027,75-79,女,193364.9,低,队列成分法推算；基准人口=表110-01001A中2026年中
2027,80-84,男,91943.6,低,队列成分法推算；基准人口=表110-01001A中2026年中
2027,80-84,女,105952.6,低,队列成分法推算；基准人口=表110-01001A中2026年中
2027,85+,男,101926.7,低,队列成分法推算；基准人口=表110-01001A中2026年中
2027,85+,女,151395.5,低,队列成分法推算；基准人口=表110-01001A中2026年中
2028,0-4,男,81270.7,低,队列成分法推算；基准人口=表110-01001A中2026年中
2028,0-4,女,75632.8,低,队列成分法推算；基准人口=表110-01001A中2026年中
2028,5-9,男,108915.8,低,队列成分法推算；基准人口=表110-01001A中2026年中
2028,5-9,女,101044.9,低,队列成分法推算；基准人口=表110-01001A中2026年中
2028,10-14,男,140334.1,低,队列成分法推算；基准人口=表110-01001A中2026年中
2028,10-14,女,130227.8,低,队列成分法推算；基准人口=表110-01001A中2026年中
2028,15-19,男,152702.9,低,队列成分法推算；基准人口=表110-01001A中2026年中
2028,15-19,女,142251.4,低,队列成分法推算；基准人口=表110-01001A中2026年中
2028,20-24,男,151586.8,低,队列成分法推算；基准人口=表110-01001A中2026年中
2028,20-24,女,146324.3,低,队列成分法推算；基准人口=表110-01001A中2026年中
2028,25-29,男,172341.7,低,队列成分法推算；基准人口=表110-01001A中2026年中
2028,25-29,女,165288.8,低,队列成分法推算；基准人口=表110-01001A中2026年中
2028,30-34,男,212881.5,低,队列成分法推算；基准人口=表110-01001A中2026年中
2028,30-34,女,205843.8,低,队列成分法推算；基准人口=表110-01001A中2026年中
2028,35-39,男,237079.6,低,队列成分法推算；基准人口=表110-01001A中2026年中
2028,35-39,女,239980.8,低,队列成分法推算；基准人口=表110-01001A中2026年中
2028,40-44,男,243493.3,低,队列成分法推算；基准人口=表110-01001A中2026年中
2028,40-44,女,266330.6,低,队列成分法推算；基准人口=表110-01001A中2026年中
2028,45-49,男,239167.3,低,队列成分法推算；基准人口=表110-01001A中2026年中
2028,45-49,女,285118.1,低,队列成分法推算；基准人口=表110-01001A中2026年中
2028,50-54,男,241237.8,低,队列成分法推算；基准人口=表110-01001A中2026年中
2028,50-54,女,301918.5,低,队列成分法推算；基准人口=表110-01001A中2026年中
2028,55-59,男,243781.0,低,队列成分法推算；基准人口=表110-01001A中2026年中
2028,55-59,女,312999.9,低,队列成分法推算；基准人口=表110-01001A中2026年中
2028,60-64,男,265134.0,低,队列成分法推算；基准人口=表110-01001A中2026年中
2028,60-64,女,329929.7,低,队列成分法推算；基准人口=表110-01001A中2026年中
2028,65-69,男,282786.6,低,队列成分法推算；基准人口=表110-01001A中2026年中
2028,65-69,女,319628.4,低,队列成分法推算；基准人口=表110-01001A中2026年中
2028,70-74,男,245796.9,低,队列成分法推算；基准人口=表110-01001A中2026年中
2028,70-74,女,269832.2,低,队列成分法推算；基准人口=表110-01001A中2026年中
2028,75-79,男,181378.3,低,队列成分法推算；基准人口=表110-01001A中2026年中
2028,75-79,女,204590.6,低,队列成分法推算；基准人口=表110-01001A中2026年中
2028,80-84,男,104672.8,低,队列成分法推算；基准人口=表110-01001A中2026年中
2028,80-84,女,121794.9,低,队列成分法推算；基准人口=表110-01001A中2026年中
2028,85+,男,106752.5,低,队列成分法推算；基准人口=表110-01001A中2026年中
2028,85+,女,156666.6,低,队列成分法推算；基准人口=表110-01001A中2026年中
2029,0-4,男,79765.7,低,队列成分法推算；基准人口=表110-01001A中2026年中
2029,0-4,女,74658.8,低,队列成分法推算；基准人口=表110-01001A中2026年中
2029,5-9,男,101144.4,低,队列成分法推算；基准人口=表110-01001A中2026年中
2029,5-9,女,93748.4,低,队列成分法推算；基准人口=表110-01001A中2026年中
2029,10-14,男,135783.0,低,队列成分法推算；基准人口=表110-01001A中2026年中
2029,10-14,女,126176.0,低,队列成分法推算；基准人口=表110-01001A中2026年中
2029,15-19,男,153989.3,低,队列成分法推算；基准人口=表110-01001A中2026年中
2029,15-19,女,143535.2,低,队列成分法推算；基准人口=表110-01001A中2026年中
2029,20-24,男,153855.2,低,队列成分法推算；基准人口=表110-01001A中2026年中
2029,20-24,女,147122.2,低,队列成分法推算；基准人口=表110-01001A中2026年中
2029,25-29,男,166896.4,低,队列成分法推算；基准人口=表110-01001A中2026年中
2029,25-29,女,161717.5,低,队列成分法推算；基准人口=表110-01001A中2026年中
2029,30-34,男,205919.8,低,队列成分法推算；基准人口=表110-01001A中2026年中
2029,30-34,女,197960.6,低,队列成分法推算；基准人口=表110-01001A中2026年中
2029,35-39,男,236502.9,低,队列成分法推算；基准人口=表110-01001A中2026年中
2029,35-39,女,237065.0,低,队列成分法推算；基准人口=表110-01001A中2026年中
2029,40-44,男,244450.3,低,队列成分法推算；基准人口=表110-01001A中2026年中
2029,40-44,女,262643.3,低,队列成分法推算；基准人口=表110-01001A中2026年中
2029,45-49,男,241625.2,低,队列成分法推算；基准人口=表110-01001A中2026年中
2029,45-49,女,283422.3,低,队列成分法推算；基准人口=表110-01001A中2026年中
2029,50-54,男,239990.7,低,队列成分法推算；基准人口=表110-01001A中2026年中
2029,50-54,女,299083.1,低,队列成分法推算；基准人口=表110-01001A中2026年中
2029,55-59,男,244174.2,低,队列成分法推算；基准人口=表110-01001A中2026年中
2029,55-59,女,312322.6,低,队列成分法推算；基准人口=表110-01001A中2026年中
2029,60-64,男,257356.9,低,队列成分法推算；基准人口=表110-01001A中2026年中
2029,60-64,女,325304.4,低,队列成分法推算；基准人口=表110-01001A中2026年中
2029,65-69,男,279157.7,低,队列成分法推算；基准人口=表110-01001A中2026年中
2029,65-69,女,324986.7,低,队列成分法推算；基准人口=表110-01001A中2026年中
2029,70-74,男,255421.5,低,队列成分法推算；基准人口=表110-01001A中2026年中
2029,70-74,女,280520.2,低,队列成分法推算；基准人口=表110-01001A中2026年中
2029,75-79,男,189788.5,低,队列成分法推算；基准人口=表110-01001A中2026年中
2029,75-79,女,215776.7,低,队列成分法推算；基准人口=表110-01001A中2026年中
2029,80-84,男,116719.6,低,队列成分法推算；基准人口=表110-01001A中2026年中
2029,80-84,女,137238.7,低,队列成分法推算；基准人口=表110-01001A中2026年中
2029,85+,男,110538.5,低,队列成分法推算；基准人口=表110-01001A中2026年中
2029,85+,女,161204.2,低,队列成分法推算；基准人口=表110-01001A中2026年中
2030,0-4,男,77994.7,低,队列成分法推算；基准人口=表110-01001A中2026年中
2030,0-4,女,73418.5,低,队列成分法推算；基准人口=表110-01001A中2026年中
2030,5-9,男,93386.9,低,队列成分法推算；基准人口=表110-01001A中2026年中
2030,5-9,女,86472.5,低,队列成分法推算；基准人口=表110-01001A中2026年中
2030,10-14,男,131253.2,低,队列成分法推算；基准人口=表110-01001A中2026年中
2030,10-14,女,122147.0,低,队列成分法推算；基准人口=表110-01001A中2026年中
2030,15-19,男,155082.9,低,队列成分法推算；基准人口=表110-01001A中2026年中
2030,15-19,女,144606.8,低,队列成分法推算；基准人口=表110-01001A中2026年中
2030,20-24,男,156206.9,低,队列成分法推算；基准人口=表110-01001A中2026年中
2030,20-24,女,148010.6,低,队列成分法推算；基准人口=表110-01001A中2026年中
2030,25-29,男,161540.2,低,队列成分法推算；基准人口=表110-01001A中2026年中
2030,25-29,女,158235.6,低,队列成分法推算；基准人口=表110-01001A中2026年中
2030,30-34,男,199056.2,低,队列成分法推算；基准人口=表110-01001A中2026年中
2030,30-34,女,190173.8,低,队列成分法推算；基准人口=表110-01001A中2026年中
2030,35-39,男,236015.0,低,队列成分法推算；基准人口=表110-01001A中2026年中
2030,35-39,女,234244.8,低,队列成分法推算；基准人口=表110-01001A中2026年中
2030,40-44,男,245513.9,低,队列成分法推算；基准人口=表110-01001A中2026年中
2030,40-44,女,259053.9,低,队列成分法推算；基准人口=表110-01001A中2026年中
2030,45-49,男,244306.2,低,队列成分法推算；基准人口=表110-01001A中2026年中
2030,45-49,女,281964.3,低,队列成分法推算；基准人口=表110-01001A中2026年中
2030,50-54,男,238865.0,低,队列成分法推算；基准人口=表110-01001A中2026年中
2030,50-54,女,296350.5,低,队列成分法推算；基准人口=表110-01001A中2026年中
2030,55-59,男,244700.2,低,队列成分法推算；基准人口=表110-01001A中2026年中
2030,55-59,女,311759.2,低,队列成分法推算；基准人口=表110-01001A中2026年中
2030,60-64,男,249843.3,低,队列成分法推算；基准人口=表110-01001A中2026年中
2030,60-64,女,320850.6,低,队列成分法推算；基准人口=表110-01001A中2026年中
2030,65-69,男,276005.3,低,队列成分法推算；基准人口=表110-01001A中2026年中
2030,65-69,女,330581.4,低,队列成分法推算；基准人口=表110-01001A中2026年中
2030,70-74,男,265058.4,低,队列成分法推算；基准人口=表110-01001A中2026年中
2030,70-74,女,291254.2,低,队列成分法推算；基准人口=表110-01001A中2026年中
2030,75-79,男,198109.5,低,队列成分法推算；基准人口=表110-01001A中2026年中
2030,75-79,女,226922.4,低,队列成分法推算；基准人口=表110-01001A中2026年中
2030,80-84,男,128115.4,低,队列成分法推算；基准人口=表110-01001A中2026年中
2030,80-84,女,152295.4,低,队列成分法推算；基准人口=表110-01001A中2026年中
2030,85+,男,113426.3,低,队列成分法推算；基准人口=表110-01001A中2026年中
2030,85+,女,165089.6,低,队列成分法推算；基准人口=表110-01001A中2026年中
2031,0-4,男,75953.6,低,队列成分法推算；基准人口=表110-01001A中2026年中
2031,0-4,女,71907.1,低,队列成分法推算；基准人口=表110-01001A中2026年中
2031,5-9,男,85643.2,低,队列成分法推算；基准人口=表110-01001A中2026年中
2031,5-9,女,79217.4,低,队列成分法推算；基准人口=表110-01001A中2026年中
2031,10-14,男,126744.5,低,队列成分法推算；基准人口=表110-01001A中2026年中
2031,10-14,女,118140.7,低,队列成分法推算；基准人口=表110-01001A中2026年中
2031,15-19,男,155971.7,低,队列成分法推算；基准人口=表110-01001A中2026年中
2031,15-19,女,145453.4,低,队列成分法推算；基准人口=表110-01001A中2026年中
2031,20-24,男,158641.9,低,队列成分法推算；基准人口=表110-01001A中2026年中
2031,20-24,女,148989.4,低,队列成分法推算；基准人口=表110-01001A中2026年中
2031,25-29,男,156272.9,低,队列成分法推算；基准人口=表110-01001A中2026年中
2031,25-29,女,154843.1,低,队列成分法推算；基准人口=表110-01001A中2026年中
2031,30-34,男,192290.3,低,队列成分法推算；基准人口=表110-01001A中2026年中
2031,30-34,女,182483.3,低,队列成分法推算；基准人口=表110-01001A中2026年中
2031,35-39,男,235615.8,低,队列成分法推算；基准人口=表110-01001A中2026年中
2031,35-39,女,231520.1,低,队列成分法推算；基准人口=表110-01001A中2026年中
2031,40-44,男,246683.8,低,队列成分法推算；基准人口=表110-01001A中2026年中
2031,40-44,女,255562.4,低,队列成分法推算；基准人口=表110-01001A中2026年中
2031,45-49,男,247215.6,低,队列成分法推算；基准人口=表110-01001A中2026年中
2031,45-49,女,280750.3,低,队列成分法推算；基准人口=表110-01001A中2026年中
2031,50-54,男,237859.6,低,队列成分法推算；基准人口=表110-01001A中2026年中
2031,50-54,女,293719.8,低,队列成分法推算；基准人口=表110-01001A中2026年中
2031,55-59,男,245357.5,低,队列成分法推算；基准人口=表110-01001A中2026年中
2031,55-59,女,311308.7,低,队列成分法推算；基准人口=表110-01001A中2026年中
2031,60-64,男,242587.6,低,队列成分法推算；基准人口=表110-01001A中2026年中
2031,60-64,女,316567.0,低,队列成分法推算；基准人口=表110-01001A中2026年中
2031,65-69,男,273323.5,低,队列成分法推算；基准人口=表110-01001A中2026年中
2031,65-69,女,336417.7,低,队列成分法推算；基准人口=表110-01001A中2026年中
2031,70-74,男,274703.9,低,队列成分法推算；基准人口=表110-01001A中2026年中
2031,70-74,女,302032.7,低,队列成分法推算；基准人口=表110-01001A中2026年中
2031,75-79,男,206339.7,低,队列成分法推算；基准人口=表110-01001A中2026年中
2031,75-79,女,238027.4,低,队列成分法推算；基准人口=表110-01001A中2026年中
2031,80-84,男,138890.4,低,队列成分法推算；基准人口=表110-01001A中2026年中
2031,80-84,女,166976.2,低,队列成分法推算；基准人口=表110-01001A中2026年中
2031,85+,男,115540.3,低,队列成分法推算；基准人口=表110-01001A中2026年中
2031,85+,女,168396.0,低,队列成分法推算；基准人口=表110-01001A中2026年中
2032,0-4,男,74992.6,低,队列成分法推算；基准人口=表110-01001A中2026年中
2032,0-4,女,71008.1,低,队列成分法推算；基准人口=表110-01001A中2026年中
2032,5-9,男,84763.0,低,队列成分法推算；基准人口=表110-01001A中2026年中
2032,5-9,女,78873.9,低,队列成分法推算；基准人口=表110-01001A中2026年中
2032,10-14,男,119050.7,低,队列成分法推算；基准人口=表110-01001A中2026年中
2032,10-14,女,110916.1,低,队列成分法推算；基准人口=表110-01001A中2026年中
2032,15-19,男,151663.5,低,队列成分法推算；基准人口=表110-01001A中2026年中
2032,15-19,女,141664.3,低,队列成分法推算；基准人口=表110-01001A中2026年中
2032,20-24,男,160681.0,低,队列成分法推算；基准人口=表110-01001A中2026年中
2032,20-24,女,151094.8,低,队列成分法推算；基准人口=表110-01001A中2026年中
2032,25-29,男,158777.3,低,队列成分法推算；基准人口=表110-01001A中2026年中
2032,25-29,女,155897.8,低,队列成分法推算；基准人口=表110-01001A中2026年中
2032,30-34,男,187084.5,低,队列成分法推算；基准人口=表110-01001A中2026年中
2032,30-34,女,179175.1,低,队列成分法推算；基准人口=表110-01001A中2026年中
2032,35-39,男,228888.5,低,队列成分法推算；基准人口=表110-01001A中2026年中
2032,35-39,女,223895.7,低,队列成分法推算；基准人口=表110-01001A中2026年中
2032,40-44,男,246345.4,低,队列成分法推算；基准人口=表110-01001A中2026年中
2032,40-44,女,252903.2,低,队列成分法推算；基准人口=表110-01001A中2026年中
2032,45-49,男,248284.7,低,队列成分法推算；基准人口=表110-01001A中2026年中
2032,45-49,女,277222.9,低,队列成分法推算；基准人口=表110-01001A中2026年中
2032,50-54,男,240147.1,低,队列成分法推算；基准人口=表110-01001A中2026年中
2032,50-54,女,291866.8,低,队列成分法推算；基准人口=表110-01001A中2026年中
2032,55-59,男,244181.6,低,队列成分法推算；基准人口=表110-01001A中2026年中
2032,55-59,女,308591.8,低,队列成分法推算；基准人口=表110-01001A中2026年中
2032,60-64,男,243022.5,低,队列成分法推算；基准人口=表110-01001A中2026年中
2032,60-64,女,315981.0,低,队列成分法推算；基准人口=表110-01001A中2026年中
2032,65-69,男,265536.2,低,队列成分法推算；基准人口=表110-01001A中2026年中
2032,65-69,女,331739.5,低,队列成分法推算；基准人口=表110-01001A中2026年中
2032,70-74,男,270627.9,低,队列成分法推算；基准人口=表110-01001A中2026年中
2032,70-74,女,306976.5,低,队列成分法推算；基准人口=表110-01001A中2026年中
2032,75-79,男,215508.5,低,队列成分法推算；基准人口=表110-01001A中2026年中
2032,75-79,女,248387.4,低,队列成分法推算；基准人口=表110-01001A中2026年中
2032,80-84,男,146867.8,低,队列成分法推算；基准人口=表110-01001A中2026年中
2032,80-84,女,177779.8,低,队列成分法推算；基准人口=表110-01001A中2026年中
2032,85+,男,130235.7,低,队列成分法推算；基准人口=表110-01001A中2026年中
2032,85+,女,187222.5,低,队列成分法推算；基准人口=表110-01001A中2026年中
2033,0-4,男,74149.1,低,队列成分法推算；基准人口=表110-01001A中2026年中
2033,0-4,女,70220.1,低,队列成分法推算；基准人口=表110-01001A中2026年中
2033,5-9,男,83625.6,低,队列成分法推算；基准人口=表110-01001A中2026年中
2033,5-9,女,78273.6,低,队列成分法推算；基准人口=表110-01001A中2026年中
2033,10-14,男,111370.6,低,队列成分法推算；基准人口=表110-01001A中2026年中
2033,10-14,女,103712.1,低,队列成分法推算；基准人口=表110-01001A中2026年中
2033,15-19,男,147377.0,低,队列成分法推算；基准人口=表110-01001A中2026年中
2033,15-19,女,137898.0,低,队列成分法推算；基准人口=表110-01001A中2026年中
2033,20-24,男,162551.5,低,队列成分法推算；基准人口=表110-01001A中2026年中
2033,20-24,女,153014.2,低,队列成分法推算；基准人口=表110-01001A中2026年中
2033,25-29,男,161364.9,低,队列成分法推算；基准人口=表110-01001A中2026年中
2033,25-29,女,157042.8,低,队列成分法推算；基准人口=表110-01001A中2026年中
2033,30-34,男,181968.8,低,队列成分法推算；基准人口=表110-01001A中2026年中
2033,30-34,女,175956.8,低,队列成分法推算；基准人口=表110-01001A中2026年中
2033,35-39,男,222259.6,低,队列成分法推算；基准人口=表110-01001A中2026年中
2033,35-39,女,216368.3,低,队列成分法推算；基准人口=表110-01001A中2026年中
2033,40-44,男,246096.5,低,队列成分法推算；基准人口=表110-01001A中2026年中
2033,40-44,女,250340.0,低,队列成分法推算；基准人口=表110-01001A中2026年中
2033,45-49,男,249460.7,低,队列成分法推算；基准人口=表110-01001A中2026年中
2033,45-49,女,273795.7,低,队列成分法推算；基准人口=表110-01001A中2026年中
2033,50-54,男,242643.7,低,队列成分法推算；基准人口=表110-01001A中2026年中
2033,50-54,女,290240.0,低,队列成分法推算；基准人口=表110-01001A中2026年中
2033,55-59,男,243128.9,低,队列成分法推算；基准人口=表110-01001A中2026年中
2033,55-59,女,305980.0,低,队列成分法推算；基准人口=表110-01001A中2026年中
2033,60-64,男,243589.4,低,队列成分法推算；基准人口=表110-01001A中2026年中
2033,60-64,女,315510.2,低,队列成分法推算；基准人口=表110-01001A中2026年中
2033,65-69,男,258035.4,低,队列成分法推算；基准人口=表110-01001A中2026年中
2033,65-69,女,327237.1,低,队列成分法推算；基准人口=表110-01001A中2026年中
2033,70-74,男,267018.2,低,队列成分法推算；基准人口=表110-01001A中2026年中
2033,70-74,女,312122.8,低,队列成分法推算；基准人口=表110-01001A中2026年中
2033,75-79,男,224602.6,低,队列成分法推算；基准人口=表110-01001A中2026年中
2033,75-79,女,258740.6,低,队列成分法推算；基准人口=表110-01001A中2026年中
2033,80-84,男,154513.0,低,队列成分法推算；基准人口=表110-01001A中2026年中
2033,80-84,女,188369.2,低,队列成分法推算；基准人口=表110-01001A中2026年中
2033,85+,男,143092.9,低,队列成分法推算；基准人口=表110-01001A中2026年中
2033,85+,女,204394.7,低,队列成分法推算；基准人口=表110-01001A中2026年中
2034,0-4,男,73426.4,低,队列成分法推算；基准人口=表110-01001A中2026年中
2034,0-4,女,69546.0,低,队列成分法推算；基准人口=表110-01001A中2026年中
2034,5-9,男,82226.4,低,队列成分法推算；基准人口=表110-01001A中2026年中
2034,5-9,女,77411.6,低,队列成分法推算；基准人口=表110-01001A中2026年中
2034,10-14,男,103704.1,低,队列成分法推算；基准人口=表110-01001A中2026年中
2034,10-14,女,96528.6,低,队列成分法推算；基准人口=表110-01001A中2026年中
2034,15-19,男,143112.1,低,队列成分法推算；基准人口=表110-01001A中2026年中
2034,15-19,女,134154.4,低,队列成分法推算；基准人口=表110-01001A中2026年中
2034,20-24,男,164241.5,低,队列成分法推算；基准人口=表110-01001A中2026年中
2034,20-24,女,154734.8,低,队列成分法推算；基准人口=表110-01001A中2026年中
2034,25-29,男,164035.6,低,队列成分法推算；基准人口=表110-01001A中2026年中
2034,25-29,女,158278.3,低,队列成分法推算；基准人口=表110-01001A中2026年中
2034,30-34,男,176943.1,低,队列成分法推算；基准人口=表110-01001A中2026年中
2034,30-34,女,172828.3,低,队列成分法推算；基准人口=表110-01001A中2026年中
2034,35-39,男,215729.0,低,队列成分法推算；基准人口=表110-01001A中2026年中
2034,35-39,女,208938.0,低,队列成分法推算；基准人口=表110-01001A中2026年中
2034,40-44,男,245937.1,低,队列成分法推算；基准人口=表110-01001A中2026年中
2034,40-44,女,247872.5,低,队列成分法推算；基准人口=表110-01001A中2026年中
2034,45-49,男,250743.2,低,队列成分法推算；基准人口=表110-01001A中2026年中
2034,45-49,女,270468.5,低,队列成分法推算；基准人口=表110-01001A中2026年中
2034,50-54,男,245354.5,低,队列成分法推算；基准人口=表110-01001A中2026年中
2034,50-54,女,288845.2,低,队列成分法推算；基准人口=表110-01001A中2026年中
2034,55-59,男,242198.2,低,队列成分法推算；基准人口=表110-01001A中2026年中
2034,55-59,女,303472.5,低,队列成分法推算；基准人口=表110-01001A中2026年中
2034,60-64,男,244286.6,低,队列成分法推算；基准人口=表110-01001A中2026年中
2034,60-64,女,315153.8,低,队列成分法推算；基准人口=表110-01001A中2026年中
2034,65-69,男,250814.4,低,队列成分法推算；基准人口=表110-01001A中2026年中
2034,65-69,女,322908.8,低,队列成分法推算；基准人口=表110-01001A中2026年中
2034,70-74,男,263866.7,低,队列成分法推算；基准人口=表110-01001A中2026年中
2034,70-74,女,317476.7,低,队列成分法推算；基准人口=表110-01001A中2026年中
2034,75-79,男,233623.3,低,队列成分法推算；基准人口=表110-01001A中2026年中
2034,75-79,女,269087.1,低,队列成分法推算；基准人口=表110-01001A中2026年中
2034,80-84,男,161841.0,低,队列成分法推算；基准人口=表110-01001A中2026年中
2034,80-84,女,198752.8,低,队列成分法推算；基准人口=表110-01001A中2026年中
2034,85+,男,154318.0,低,队列成分法推算；基准人口=表110-01001A中2026年中
2034,85+,女,220068.2,低,队列成分法推算；基准人口=表110-01001A中2026年中
2035,0-4,男,72827.5,低,队列成分法推算；基准人口=表110-01001A中2026年中
2035,0-4,女,68988.9,低,队列成分法推算；基准人口=表110-01001A中2026年中
2035,5-9,男,80560.9,低,队列成分法推算；基准人口=表110-01001A中2026年中
2035,5-9,女,76283.1,低,队列成分法推算；基准人口=表110-01001A中2026年中
2035,10-14,男,96051.4,低,队列成分法推算；基准人口=表110-01001A中2026年中
2035,10-14,女,89365.8,低,队列成分法推算；基准人口=表110-01001A中2026年中
2035,15-19,男,138868.8,低,队列成分法推算；基准人口=表110-01001A中2026年中
2035,15-19,女,130433.6,低,队列成分法推算；基准人口=表110-01001A中2026年中
2035,20-24,男,165738.9,低,队列成分法推算；基准人口=表110-01001A中2026年中
2035,20-24,女,156243.5,低,队列成分法推算；基准人口=表110-01001A中2026年中
2035,25-29,男,166789.6,低,队列成分法推算；基准人口=表110-01001A中2026年中
2035,25-29,女,159604.1,低,队列成分法推算；基准人口=表110-01001A中2026年中
2035,30-34,男,172007.3,低,队列成分法推算；基准人口=表110-01001A中2026年中
2035,30-34,女,169789.4,低,队列成分法推算；基准人口=表110-01001A中2026年中
2035,35-39,男,209296.3,低,队列成分法推算；基准人口=表110-01001A中2026年中
2035,35-39,女,201604.4,低,队列成分法推算；基准人口=表110-01001A中2026年中
2035,40-44,男,245867.0,低,队列成分法推算；基准人口=表110-01001A中2026年中
2035,40-44,女,245500.8,低,队列成分法推算；基准人口=表110-01001A中2026年中
2035,45-49,男,252131.9,低,队列成分法推算；基准人口=表110-01001A中2026年中
2035,45-49,女,267241.2,低,队列成分法推算；基准人口=表110-01001A中2026年中
2035,50-54,男,248284.7,低,队列成分法推算；基准人口=表110-01001A中2026年中
2035,50-54,女,287688.3,低,队列成分法推算；基准人口=表110-01001A中2026年中
2035,55-59,男,241388.3,低,队列成分法推算；基准人口=表110-01001A中2026年中
2035,55-59,女,301068.5,低,队列成分法推算；基准人口=表110-01001A中2026年中
2035,60-64,男,245112.5,低,队列成分法推算；基准人口=表110-01001A中2026年中
2035,60-64,女,314910.8,低,队列成分法推算；基准人口=表110-01001A中2026年中
2035,65-69,男,243866.9,低,队列成分法推算；基准人口=表110-01001A中2026年中
2035,65-69,女,318753.2,低,队列成分法推算；基准人口=表110-01001A中2026年中
2035,70-74,男,261165.6,低,队列成分法推算；基准人口=表110-01001A中2026年中
2035,70-74,女,323043.2,低,队列成分法推算；基准人口=表110-01001A中2026年中
2035,75-79,男,242571.8,低,队列成分法推算；基准人口=表110-01001A中2026年中
2035,75-79,女,279426.9,低,队列成分法推算；基准人口=表110-01001A中2026年中
2035,80-84,男,168866.5,低,队列成分法推算；基准人口=表110-01001A中2026年中
2035,80-84,女,208938.8,低,队列成分法推算；基准人口=表110-01001A中2026年中
2035,85+,男,164094.6,低,队列成分法推算；基准人口=表110-01001A中2026年中
2035,85+,女,234383.6,低,队列成分法推算；基准人口=表110-01001A中2026年中
2036,0-4,男,72355.4,低,队列成分法推算；基准人口=表110-01001A中2026年中
2036,0-4,女,68551.4,低,队列成分法推算；基准人口=表110-01001A中2026年中
2036,5-9,男,78625.1,低,队列成分法推算；基准人口=表110-01001A中2026年中
2036,5-9,女,74883.6,低,队列成分法推算；基准人口=表110-01001A中2026年中
2036,10-14,男,88412.5,低,队列成分法推算；基准人口=表110-01001A中2026年中
2036,10-14,女,82223.5,低,队列成分法推算；基准人口=表110-01001A中2026年中
2036,15-19,男,134647.0,低,队列成分法推算；基准人口=表110-01001A中2026年中
2036,15-19,女,126735.4,低,队列成分法推算；基准人口=表110-01001A中2026年中
2036,20-24,男,167031.8,低,队列成分法推算；基准人口=表110-01001A中2026年中
2036,20-24,女,157527.3,低,队列成分法推算；基准人口=表110-01001A中2026年中
2036,25-29,男,169626.8,低,队列成分法推算；基准人口=表110-01001A中2026年中
2036,25-29,女,161020.3,低,队列成分法推算；基准人口=表110-01001A中2026年中
2036,30-34,男,167161.1,低,队列成分法推算；基准人口=表110-01001A中2026年中
2036,30-34,女,166840.3,低,队列成分法推算；基准人口=表110-01001A中2026年中
2036,35-39,男,202961.3,低,队列成分法推算；基准人口=表110-01001A中2026年中
2036,35-39,女,194367.5,低,队列成分法推算；基准人口=表110-01001A中2026年中
2036,40-44,男,245886.0,低,队列成分法推算；基准人口=表110-01001A中2026年中
2036,40-44,女,243224.6,低,队列成分法推算；基准人口=表110-01001A中2026年中
2036,45-49,男,253626.6,低,队列成分法推算；基准人口=表110-01001A中2026年中
2036,45-49,女,264113.5,低,队列成分法推算；基准人口=表110-01001A中2026年中
2036,50-54,男,251439.3,低,队列成分法推算；基准人口=表110-01001A中2026年中
2036,50-54,女,286775.0,低,队列成分法推算；基准人口=表110-01001A中2026年中
2036,55-59,男,240698.4,低,队列成分法推算；基准人口=表110-01001A中2026年中
2036,55-59,女,298767.4,低,队列成分法推算；基准人口=表110-01001A中2026年中
2036,60-64,男,246065.4,低,队列成分法推算；基准人口=表110-01001A中2026年中
2036,60-64,女,314780.2,低,队列成分法推算；基准人口=表110-01001A中2026年中
2036,65-69,男,237186.5,低,队列成分法推算；基准人口=表110-01001A中2026年中
2036,65-69,女,314769.0,低,队列成分法推算；基准人口=表110-01001A中2026年中
2036,70-74,男,258907.9,低,队列成分法推算；基准人口=表110-01001A中2026年中
2036,70-74,女,328827.4,低,队列成分法推算；基准人口=表110-01001A中2026年中
2036,75-79,男,251449.7,低,队列成分法推算；基准人口=表110-01001A中2026年中
2036,75-79,女,289760.2,低,队列成分法推算；基准人口=表110-01001A中2026年中
2036,80-84,男,175603.6,低,队列成分法推算；基准人口=表110-01001A中2026年中
2036,80-84,女,218934.8,低,队列成分法推算；基准人口=表110-01001A中2026年中
2036,85+,男,172586.2,低,队列成分法推算；基准人口=表110-01001A中2026年中
2036,85+,女,247468.4,低,队列成分法推算；基准人口=表110-01001A中2026年中
2037,0-4,男,71971.8,低,队列成分法推算；基准人口=表110-01001A中2026年中
2037,0-4,女,68191.8,低,队列成分法推算；基准人口=表110-01001A中2026年中
2037,5-9,男,77727.0,低,队列成分法推算；基准人口=表110-01001A中2026年中
2037,5-9,女,74051.5,低,队列成分法推算；基准人口=表110-01001A中2026年中
2037,10-14,男,87592.8,低,队列成分法推算；基准人口=表110-01001A中2026年中
2037,10-14,女,81945.3,低,队列成分法推算；基准人口=表110-01001A中2026年中
2037,15-19,男,127075.1,低,队列成分法推算；基准人口=表110-01001A中2026年中
2037,15-19,女,119642.1,低,队列成分法推算；基准人口=表110-01001A中2026年中
2037,20-24,男,162967.8,低,队列成分法推算；基准人口=表110-01001A中2026年中
2037,20-24,女,153999.2,低,队列成分法推算；基准人口=表110-01001A中2026年中
2037,25-29,男,171904.1,低,队列成分法推算；基准人口=表110-01001A中2026年中
2037,25-29,女,163383.8,低,队列成分法推算；基准人口=表110-01001A中2026年中
2037,30-34,男,169902.8,低,队列成分法推算；基准人口=表110-01001A中2026年中
2037,30-34,女,168153.9,低,队列成分法推算；基准人口=表110-01001A中2026年中
2037,35-39,男,198014.0,低,队列成分法推算；基准人口=表110-01001A中2026年中
2037,35-39,女,191324.9,低,队列成分法推算；基准人口=表110-01001A中2026年中
2037,40-44,男,239427.6,低,队列成分法推算；基准人口=表110-01001A中2026年中
2037,40-44,女,235877.1,低,队列成分法推算；基准人口=表110-01001A中2026年中
2037,45-49,男,253516.0,低,队列成分法推算；基准人口=表110-01001A中2026年中
2037,45-49,女,261694.4,低,队列成分法推算；基准人口=表110-01001A中2026年中
2037,50-54,男,252673.0,低,队列成分法推算；基准人口=表110-01001A中2026年中
2037,50-54,女,283439.9,低,队列成分法推算；基准人口=表110-01001A中2026年中
2037,55-59,男,243139.8,低,队列成分法推算；基准人口=表110-01001A中2026年中
2037,55-59,女,297115.5,低,队列成分法推算；基准人口=表110-01001A中2026年中
2037,60-64,男,245122.3,低,队列成分法推算；基准人口=表110-01001A中2026年中
2037,60-64,女,312288.9,低,队列成分法推算；基准人口=表110-01001A中2026年中
2037,65-69,男,237812.5,低,队列成分法推算；基准人口=表110-01001A中2026年中
2037,65-69,女,314360.6,低,队列成分法推算；基准人口=表110-01001A中2026年中
2037,70-74,男,251715.4,低,队列成分法推算；基准人口=表110-01001A中2026年中
2037,70-74,女,324377.7,低,队列成分法推算；基准人口=表110-01001A中2026年中
2037,75-79,男,248008.1,低,队列成分法推算；基准人口=表110-01001A中2026年中
2037,75-79,女,294679.4,低,队列成分法推算；基准人口=表110-01001A中2026年中
2037,80-84,男,184111.5,低,队列成分法推算；基准人口=表110-01001A中2026年中
2037,80-84,女,228894.7,低,队列成分法推算；基准人口=表110-01001A中2026年中
2037,85+,男,188519.2,低,队列成分法推算；基准人口=表110-01001A中2026年中
2037,85+,女,270310.9,低,队列成分法推算；基准人口=表110-01001A中2026年中
2038,0-4,男,71739.8,低,队列成分法推算；基准人口=表110-01001A中2026年中
2038,0-4,女,67970.6,低,队列成分法推算；基准人口=表110-01001A中2026年中
2038,5-9,男,76905.0,低,队列成分法推算；基准人口=表110-01001A中2026年中
2038,5-9,女,73285.5,低,队列成分法推算；基准人口=表110-01001A中2026年中
2038,10-14,男,86474.8,低,队列成分法推算；基准人口=表110-01001A中2026年中
2038,10-14,女,81365.7,低,队列成分法推算；基准人口=表110-01001A中2026年中
2038,15-19,男,119377.5,低,队列成分法推算；基准人口=表110-01001A中2026年中
2038,15-19,女,112417.7,低,队列成分法推算；基准人口=表110-01001A中2026年中
2038,20-24,男,158761.3,低,队列成分法推算；基准人口=表110-01001A中2026年中
2038,20-24,女,150316.0,低,队列成分法推算；基准人口=表110-01001A中2026年中
2038,25-29,男,173848.7,低,队列成分法推算；基准人口=表110-01001A中2026年中
2038,25-29,女,165383.3,低,队列成分法推算；基准人口=表110-01001A中2026年中
2038,30-34,男,172563.0,低,队列成分法推算；基准人口=表110-01001A中2026年中
2038,30-34,女,169379.8,低,队列成分法推算；基准人口=表110-01001A中2026年中
2038,35-39,男,192992.2,低,队列成分法推算；基准人口=表110-01001A中2026年中
2038,35-39,女,188194.3,低,队列成分法推算；基准人口=表110-01001A中2026年中
2038,40-44,男,232905.9,低,队列成分法推算；基准人口=表110-01001A中2026年中
2038,40-44,女,228448.7,低,队列成分法推算；基准人口=表110-01001A中2026年中
2038,45-49,男,253380.8,低,队列成分法推算；基准人口=表110-01001A中2026年中
2038,45-49,女,259248.2,低,队列成分法推算；基准人口=表110-01001A中2026年中
2038,50-54,男,253910.5,低,队列成分法推算；基准人口=表110-01001A中2026年中
2038,50-54,女,280095.6,低,队列成分法推算；基准人口=表110-01001A中2026年中
2038,55-59,男,245683.1,低,队列成分法推算；基准人口=表110-01001A中2026年中
2038,55-59,女,295578.4,低,队列成分法推算；基准人口=表110-01001A中2026年中
2038,60-64,男,244199.3,低,队列成分法推算；基准人口=表110-01001A中2026年中
2038,60-64,女,309793.7,低,队列成分法推算；基准人口=表110-01001A中2026年中
2038,65-69,男,238519.9,低,队列成分法推算；基准人口=表110-01001A中2026年中
2038,65-69,女,314017.9,低,队列成分法推算；基准人口=表110-01001A中2026年中
2038,70-74,男,244792.3,低,队列成分法推算；基准人口=表110-01001A中2026年中
2038,70-74,女,320078.5,低,队列成分法推算；基准人口=表110-01001A中2026年中
2038,75-79,男,244970.0,低,队列成分法推算；基准人口=表110-01001A中2026年中
2038,75-79,女,299734.6,低,队列成分法推算；基准人口=表110-01001A中2026年中
2038,80-84,男,192277.6,低,队列成分法推算；基准人口=表110-01001A中2026年中
2038,80-84,女,238664.8,低,队列成分法推算；基准人口=表110-01001A中2026年中
2038,85+,男,202706.7,低,队列成分法推算；基准人口=表110-01001A中2026年中
2038,85+,女,291372.8,低,队列成分法推算；基准人口=表110-01001A中2026年中
2039,0-4,男,71652.1,低,队列成分法推算；基准人口=表110-01001A中2026年中
2039,0-4,女,67882.2,低,队列成分法推算；基准人口=表110-01001A中2026年中
2039,5-9,男,76162.4,低,队列成分法推算；基准人口=表110-01001A中2026年中
2039,5-9,女,72588.8,低,队列成分法推算；基准人口=表110-01001A中2026年中
2039,10-14,男,85054.0,低,队列成分法推算；基准人口=表110-01001A中2026年中
2039,10-14,女,80479.9,低,队列成分法推算；基准人口=表110-01001A中2026年中
2039,15-19,男,111579.1,低,队列成分法推算；基准人口=表110-01001A中2026年中
2039,15-19,女,105088.9,低,队列成分法推算；基准人口=表110-01001A中2026年中
2039,20-24,男,154412.0,低,队列成分法推算；基准人口=表110-01001A中2026年中
2039,20-24,女,146477.5,低,队列成分法推算；基准人口=表110-01001A中2026年中
2039,25-29,男,175448.5,低,队列成分法推算；基准人口=表110-01001A中2026年中
2039,25-29,女,167005.9,低,队列成分法推算；基准人口=表110-01001A中2026年中
2039,30-34,男,175141.9,低,队列成分法推算；基准人口=表110-01001A中2026年中
2039,30-34,女,170517.8,低,队列成分法推算；基准人口=表110-01001A中2026年中
2039,35-39,男,187896.1,低,队列成分法推算；基准人口=表110-01001A中2026年中
2039,35-39,女,184975.4,低,队列成分法推算；基准人口=表110-01001A中2026年中
2039,40-44,男,226320.8,低,队列成分法推算；基准人口=表110-01001A中2026年中
2039,40-44,女,220939.4,低,队列成分法推算；基准人口=表110-01001A中2026年中
2039,45-49,男,253208.5,低,队列成分法推算；基准人口=表110-01001A中2026年中
2039,45-49,女,256761.3,低,队列成分法推算；基准人口=表110-01001A中2026年中
2039,50-54,男,255151.7,低,队列成分法推算；基准人口=表110-01001A中2026年中
2039,50-54,女,276742.0,低,队列成分法推算；基准人口=表110-01001A中2026年中
2039,55-59,男,248333.7,低,队列成分法推算；基准人口=表110-01001A中2026年中
2039,55-59,女,294161.9,低,队列成分法推算；基准人口=表110-01001A中2026年中
2039,60-64,男,243295.9,低,队列成分法推算；基准人口=表110-01001A中2026年中
2039,60-64,女,307294.1,低,队列成分法推算；基准人口=表110-01001A中2026年中
2039,65-69,男,239293.0,低,队列成分法推算；基准人口=表110-01001A中2026年中
2039,65-69,女,313724.4,低,队列成分法推算；基准人口=表110-01001A中2026年中
2039,70-74,男,238130.9,低,队列成分法推算；基准人口=表110-01001A中2026年中
2039,70-74,女,315927.9,低,队列成分法推算；基准人口=表110-01001A中2026年中
2039,75-79,男,242326.3,低,队列成分法推算；基准人口=表110-01001A中2026年中
2039,75-79,女,304931.1,低,队列成分法推算；基准人口=表110-01001A中2026年中
2039,80-84,男,200119.6,低,队列成分法推算；基准人口=表110-01001A中2026年中
2039,80-84,女,248252.8,低,队列成分法推算；基准人口=表110-01001A中2026年中
2039,85+,男,215327.2,低,队列成分法推算；基准人口=表110-01001A中2026年中
2039,85+,女,310808.2,低,队列成分法推算；基准人口=表110-01001A中2026年中
2040,0-4,男,71700.5,低,队列成分法推算；基准人口=表110-01001A中2026年中
2040,0-4,女,67920.0,低,队列成分法推算；基准人口=表110-01001A中2026年中
2040,5-9,男,75502.2,低,队列成分法推算；基准人口=表110-01001A中2026年中
2040,5-9,女,71964.3,低,队列成分法推算；基准人口=表110-01001A中2026年中
2040,10-14,男,83325.9,低,队列成分法推算；基准人口=表110-01001A中2026年中
2040,10-14,女,79283.2,低,队列成分法推算；基准人口=表110-01001A中2026年中
2040,15-19,男,103704.4,低,队列成分法推算；基准人口=表110-01001A中2026年中
2040,15-19,女,97682.6,低,队列成分法推算；基准人口=表110-01001A中2026年中
2040,20-24,男,149920.2,低,队列成分法推算；基准人口=表110-01001A中2026年中
2040,20-24,女,142483.9,低,队列成分法推算；基准人口=表110-01001A中2026年中
2040,25-29,男,176691.7,低,队列成分法推算；基准人口=表110-01001A中2026年中
2040,25-29,女,168238.7,低,队列成分法推算；基准人口=表110-01001A中2026年中
2040,30-34,男,177639.5,低,队列成分法推算；基准人口=表110-01001A中2026年中
2040,30-34,女,171568.2,低,队列成分法推算；基准人口=表110-01001A中2026年中
2040,35-39,男,182725.4,低,队列成分法推算；基准人口=表110-01001A中2026年中
2040,35-39,女,181668.3,低,队列成分法推算；基准人口=表110-01001A中2026年中
2040,40-44,男,219671.9,低,队列成分法推算；基准人口=表110-01001A中2026年中
2040,40-44,女,213349.0,低,队列成分法推算；基准人口=表110-01001A中2026年中
2040,45-49,男,252987.1,低,队列成分法推算；基准人口=表110-01001A中2026年中
2040,45-49,女,254220.4,低,队列成分法推算；基准人口=表110-01001A中2026年中
2040,50-54,男,256396.6,低,队列成分法推算；基准人口=表110-01001A中2026年中
2040,50-54,女,273378.9,低,队列成分法推算；基准人口=表110-01001A中2026年中
2040,55-59,男,251096.7,低,队列成分法推算；基准人口=表110-01001A中2026年中
2040,55-59,女,292872.0,低,队列成分法推算；基准人口=表110-01001A中2026年中
2040,60-64,男,242411.2,低,队列成分法推算；基准人口=表110-01001A中2026年中
2040,60-64,女,304789.6,低,队列成分法推算；基准人口=表110-01001A中2026年中
2040,65-69,男,240116.5,低,队列成分法推算；基准人口=表110-01001A中2026年中
2040,65-69,女,313464.0,低,队列成分法推算；基准人口=表110-01001A中2026年中
2040,70-74,男,231723.7,低,队列成分法推算；基准人口=表110-01001A中2026年中
2040,70-74,女,311924.2,低,队列成分法推算；基准人口=表110-01001A中2026年中
2040,75-79,男,240068.2,低,队列成分法推算；基准人口=表110-01001A中2026年中
2040,75-79,女,310274.2,低,队列成分法推算；基准人口=表110-01001A中2026年中
2040,80-84,男,207653.7,低,队列成分法推算；基准人口=表110-01001A中2026年中
2040,80-84,女,257666.1,低,队列成分法推算；基准人口=表110-01001A中2026年中
2040,85+,男,226540.6,低,队列成分法推算；基准人口=表110-01001A中2026年中
2040,85+,女,328756.9,低,队列成分法推算；基准人口=表110-01001A中2026年中
2041,0-4,男,71876.3,低,队列成分法推算；基准人口=表110-01001A中2026年中
2041,0-4,女,68077.0,低,队列成分法推算；基准人口=表110-01001A中2026年中
2041,5-9,男,74927.5,低,队列成分法推算；基准人口=表110-01001A中2026年中
2041,5-9,女,71414.8,低,队列成分法推算；基准人口=表110-01001A中2026年中
2041,10-14,男,81286.4,低,队列成分法推算；基准人口=表110-01001A中2026年中
2041,10-14,女,77771.0,低,队列成分法推算；基准人口=表110-01001A中2026年中
2041,15-19,男,95778.3,低,队列成分法推算；基准人口=表110-01001A中2026年中
2041,15-19,女,90225.6,低,队列成分法推算；基准人口=表110-01001A中2026年中
2041,20-24,男,145285.8,低,队列成分法推算；基准人口=表110-01001A中2026年中
2041,20-24,女,138335.1,低,队列成分法推算；基准人口=表110-01001A中2026年中
2041,25-29,男,177566.2,低,队列成分法推算；基准人口=表110-01001A中2026年中
2041,25-29,女,169068.5,低,队列成分法推算；基准人口=表110-01001A中2026年中
2041,30-34,男,180055.7,低,队列成分法推算；基准人口=表110-01001A中2026年中
2041,30-34,女,172530.7,低,队列成分法推算；基准人口=表110-01001A中2026年中
2041,35-39,男,177480.1,低,队列成分法推算；基准人口=表110-01001A中2026年中
2041,35-39,女,178272.9,低,队列成分法推算；基准人口=表110-01001A中2026年中
2041,40-44,男,212959.2,低,队列成分法推算；基准人口=表110-01001A中2026年中
2041,40-44,女,205677.5,低,队列成分法推算；基准人口=表110-01001A中2026年中
2041,45-49,男,252704.0,低,队列成分法推算；基准人口=表110-01001A中2026年中
2041,45-49,女,251612.1,低,队列成分法推算；基准人口=表110-01001A中2026年中
2041,50-54,男,257645.0,低,队列成分法推算；基准人口=表110-01001A中2026年中
2041,50-54,女,270006.2,低,队列成分法推算；基准人口=表110-01001A中2026年中
2041,55-59,男,253977.5,低,队列成分法推算；基准人口=表110-01001A中2026年中
2041,55-59,女,291714.4,低,队列成分法推算；基准人口=表110-01001A中2026年中
2041,60-64,男,241544.5,低,队列成分法推算；基准人口=表110-01001A中2026年中
2041,60-64,女,302279.6,低,队列成分法推算；基准人口=表110-01001A中2026年中
2041,65-69,男,240975.3,低,队列成分法推算；基准人口=表110-01001A中2026年中
2041,65-69,女,313220.6,低,队列成分法推算；基准人口=表110-01001A中2026年中
2041,70-74,男,225563.5,低,队列成分法推算；基准人口=表110-01001A中2026年中
2041,70-74,女,308065.7,低,队列成分法推算；基准人口=表110-01001A中2026年中
2041,75-79,男,238187.5,低,队列成分法推算；基准人口=表110-01001A中2026年中
2041,75-79,女,315769.1,低,队列成分法推算；基准人口=表110-01001A中2026年中
2041,80-84,男,214895.3,低,队列成分法推算；基准人口=表110-01001A中2026年中
2041,80-84,女,266911.5,低,队列成分法推算；基准人口=表110-01001A中2026年中
2041,85+,男,236490.0,低,队列成分法推算；基准人口=表110-01001A中2026年中
2041,85+,女,345345.7,低,队列成分法推算；基准人口=表110-01001A中2026年中
2042,0-4,男,72169.9,低,队列成分法推算；基准人口=表110-01001A中2026年中
2042,0-4,女,68345.2,低,队列成分法推算；基准人口=表110-01001A中2026年中
2042,5-9,男,74441.1,低,队列成分法推算；基准人口=表110-01001A中2026年中
2042,5-9,女,70943.0,低,队列成分法推算；基准人口=表110-01001A中2026年中
2042,10-14,男,80284.2,低,队列成分法推算；基准人口=表110-01001A中2026年中
2042,10-14,女,76825.9,低,队列成分法推算；基准人口=表110-01001A中2026年中
2042,15-19,男,94665.8,低,队列成分法推算；基准人口=表110-01001A中2026年中
2042,15-19,女,89629.6,低,队列成分法推算；基准人口=表110-01001A中2026年中
2042,20-24,男,137302.1,低,队列成分法推算；基准人口=表110-01001A中2026年中
2042,20-24,女,130790.9,低,队列成分法推算；基准人口=表110-01001A中2026年中
2042,25-29,男,173090.7,低,队列成分法推算；基准人口=表110-01001A中2026年中
2042,25-29,女,165090.4,低,队列成分法推算；基准人口=表110-01001A中2026年中
2042,30-34,男,181913.5,低,队列成分法推算；基准人口=表110-01001A中2026年中
2042,30-34,女,174439.3,低,队列成分法推算；基准人口=表110-01001A中2026年中
2042,35-39,男,179801.0,低,队列成分法推算；基准人口=表110-01001A中2026年中
2042,35-39,女,179133.1,低,队列成分法推算；基准人口=表110-01001A中2026年中
2042,40-44,男,207615.0,低,队列成分法推算；基准人口=表110-01001A中2026年中
2042,40-44,女,202189.8,低,队列成分法推算；基准人口=表110-01001A中2026年中
2042,45-49,男,245969.2,低,队列成分法推算；基准人口=表110-01001A中2026年中
2042,45-49,女,243934.4,低,队列成分法推算；基准人口=表110-01001A中2026年中
2042,50-54,男,257298.8,低,队列成分法推算；基准人口=表110-01001A中2026年中
2042,50-54,女,267327.4,低,队列成分法推算；基准人口=表110-01001A中2026年中
2042,55-59,男,254971.1,低,队列成分法推算；基准人口=表110-01001A中2026年中
2042,55-59,女,288142.4,低,队列成分法推算；基准人口=表110-01001A中2026年中
2042,60-64,男,243731.8,低,队列成分法推算；基准人口=表110-01001A中2026年中
2042,60-64,女,300394.1,低,队列成分法推算；基准人口=表110-01001A中2026年中
2042,65-69,男,239995.4,低,队列成分法推算；基准人口=表110-01001A中2026年中
2042,65-69,女,310647.4,低,队列成分法推算；基准人口=表110-01001A中2026年中
2042,70-74,男,226214.4,低,队列成分法推算；基准人口=表110-01001A中2026年中
2042,70-74,女,307644.3,低,队列成分法推算；基准人口=表110-01001A中2026年中
2042,75-79,男,231664.5,低,队列成分法推算；基准人口=表110-01001A中2026年中
2042,75-79,女,311512.0,低,队列成分法推算；基准人口=表110-01001A中2026年中
2042,80-84,男,212101.9,低,队列成分法推算；基准人口=表110-01001A中2026年中
2042,80-84,女,271659.6,低,队列成分法推算；基准人口=表110-01001A中2026年中
2042,85+,男,253697.2,低,队列成分法推算；基准人口=表110-01001A中2026年中
2042,85+,女,370397.3,低,队列成分法推算；基准人口=表110-01001A中2026年中
2043,0-4,男,72416.9,低,队列成分法推算；基准人口=表110-01001A中2026年中
2043,0-4,女,68569.4,低,队列成分法推算；基准人口=表110-01001A中2026年中
2043,5-9,男,74106.0,低,队列成分法推算；基准人口=表110-01001A中2026年中
2043,5-9,女,70609.6,低,队列成分法推算；基准人口=表110-01001A中2026年中
2043,10-14,男,79358.1,低,队列成分法推算；基准人口=表110-01001A中2026年中
2043,10-14,女,75947.0,低,队列成分法推算；基准人口=表110-01001A中2026年中
2043,15-19,男,93255.2,低,队列成分法推算；基准人口=表110-01001A中2026年中
2043,15-19,女,88732.4,低,队列成分法推算；基准人口=表110-01001A中2026年中
2043,20-24,男,129193.5,低,队列成分法推算；基准人口=表110-01001A中2026年中
2043,20-24,女,123116.2,低,队列成分法推算；基准人口=表110-01001A中2026年中
2043,25-29,男,168473.0,低,队列成分法推算；基准人口=表110-01001A中2026年中
2043,25-29,女,160957.2,低,队列成分法推算；基准人口=表110-01001A中2026年中
2043,30-34,男,183439.2,低,队列成分法推算；基准人口=表110-01001A中2026年中
2043,30-34,女,175984.4,低,队列成分法推算；基准人口=表110-01001A中2026年中
2043,35-39,男,182040.8,低,队列成分法推算；基准人口=表110-01001A中2026年中
2043,35-39,女,179905.7,低,队列成分法推算；基准人口=表110-01001A中2026年中
2043,40-44,男,202199.1,低,队列成分法推算；基准人口=表110-01001A中2026年中
2043,40-44,女,198614.4,低,队列成分法推算；基准人口=表110-01001A中2026年中
2043,45-49,男,239176.4,低,队列成分法推算；基准人口=表110-01001A中2026年中
2043,45-49,女,236179.7,低,队列成分法推算；基准人口=表110-01001A中2026年中
2043,50-54,男,256930.2,低,队列成分法推算；基准人口=表110-01001A中2026年中
2043,50-54,女,264623.4,低,队列成分法推算；基准人口=表110-01001A中2026年中
2043,55-59,男,255969.3,低,队列成分法推算；基准人口=表110-01001A中2026年中
2043,55-59,女,284564.1,低,队列成分法推算；基准人口=表110-01001A中2026年中
2043,60-64,男,246017.1,低,队列成分法推算；基准人口=表110-01001A中2026年中
2043,60-64,女,298625.2,低,队列成分法推算；基准人口=表110-01001A中2026年中
2043,65-69,男,239040.0,低,队列成分法推算；基准人口=表110-01001A中2026年中
2043,65-69,女,308073.9,低,队列成分法推算；基准人口=表110-01001A中2026年中
2043,70-74,男,226941.0,低,队列成分法推算；基准人口=表110-01001A中2026年中
2043,70-74,女,307290.0,低,队列成分法推算；基准人口=表110-01001A中2026年中
2043,75-79,男,225428.2,低,队列成分法推算；基准人口=表110-01001A中2026年中
2043,75-79,女,307417.2,低,队列成分法推算；基准人口=表110-01001A中2026年中
2043,80-84,男,209691.4,低,队列成分法推算；基准人口=表110-01001A中2026年中
2043,80-84,女,276465.1,低,队列成分法推算；基准人口=表110-01001A中2026年中
2043,85+,男,269254.8,低,队列成分法推算；基准人口=表110-01001A中2026年中
2043,85+,女,393710.8,低,队列成分法推算；基准人口=表110-01001A中2026年中
2044,0-4,男,72609.3,低,队列成分法推算；基准人口=表110-01001A中2026年中
2044,0-4,女,68742.1,低,队列成分法推算；基准人口=表110-01001A中2026年中
2044,5-9,男,73914.8,低,队列成分法推算；基准人口=表110-01001A中2026年中
2044,5-9,女,70408.7,低,队列成分法推算；基准人口=表110-01001A中2026年中
2044,10-14,男,78511.2,低,队列成分法推算；基准人口=表110-01001A中2026年中
2044,10-14,女,75137.3,低,队列成分法推算；基准人口=表110-01001A中2026年中
2044,15-19,男,91541.9,低,队列成分法推算；基准人口=表110-01001A中2026年中
2044,15-19,女,87529.1,低,队列成分法推算；基准人口=表110-01001A中2026年中
2044,20-24,男,120984.5,低,队列成分法推算；基准人口=表110-01001A中2026年中
2044,20-24,女,115337.8,低,队列成分法推算；基准人口=表110-01001A中2026年中
2044,25-29,男,163713.0,低,队列成分法推算；基准人口=表110-01001A中2026年中
2044,25-29,女,156668.8,低,队列成分法推算；基准人口=表110-01001A中2026年中
2044,30-34,男,184620.7,低,队列成分法推算；基准人口=表110-01001A中2026年中
2044,30-34,女,177152.9,低,队列成分法推算；基准人口=表110-01001A中2026年中
2044,35-39,男,184199.5,低,队列成分法推算；基准人口=表110-01001A中2026年中
2044,35-39,女,180590.8,低,队列成分法推算；基准人口=表110-01001A中2026年中
2044,40-44,男,196711.4,低,队列成分法推算；基准人口=表110-01001A中2026年中
2044,40-44,女,194951.1,低,队列成分法推算；基准人口=表110-01001A中2026年中
2044,45-49,男,232325.2,低,队列成分法推算；基准人口=表110-01001A中2026年中
2044,45-49,女,228347.8,低,队列成分法推算；基准人口=表110-01001A中2026年中
2044,50-54,男,256527.0,低,队列成分法推算；基准人口=表110-01001A中2026年中
2044,50-54,女,261881.0,低,队列成分法推算；基准人口=表110-01001A中2026年中
2044,55-59,男,256972.1,低,队列成分法推算；基准人口=表110-01001A中2026年中
2044,55-59,女,280979.2,低,队列成分法推算；基准人口=表110-01001A中2026年中
2044,60-64,男,248405.6,低,队列成分法推算；基准人口=表110-01001A中2026年中
2044,60-64,女,296978.4,低,队列成分法推算；基准人口=表110-01001A中2026年中
2044,65-69,男,238107.9,低,队列成分法推算；基准人口=表110-01001A中2026年中
2044,65-69,女,305499.4,低,队列成分法推算；基准人口=表110-01001A中2026年中
2044,70-74,男,227728.1,低,队列成分法推算；基准人口=表110-01001A中2026年中
2044,70-74,女,306986.7,低,队列成分法推算；基准人口=表110-01001A中2026年中
2044,75-79,男,219468.4,低,队列成分法推算；基准人口=表110-01001A中2026年中
2044,75-79,女,303482.1,低,队列成分法推算；基准人口=表110-01001A中2026年中
2044,80-84,男,207647.3,低,队列成分法推算；基准人口=表110-01001A中2026年中
2044,80-84,女,281334.2,低,队列成分法推算；基准人口=表110-01001A中2026年中
2044,85+,男,283324.9,低,队列成分法推算；基准人口=表110-01001A中2026年中
2044,85+,女,415432.2,低,队列成分法推算；基准人口=表110-01001A中2026年中
2045,0-4,男,72739.0,低,队列成分法推算；基准人口=表110-01001A中2026年中
2045,0-4,女,68855.6,低,队列成分法推算；基准人口=表110-01001A中2026年中
2045,5-9,男,73859.6,低,队列成分法推算；基准人口=表110-01001A中2026年中
2045,5-9,女,70333.9,低,队列成分法推算；基准人口=表110-01001A中2026年中
2045,10-14,男,77746.7,低,队列成分法推算；基准人口=表110-01001A中2026年中
2045,10-14,女,74399.7,低,队列成分法推算；基准人口=表110-01001A中2026年中
2045,15-19,男,89521.7,低,队列成分法推算；基准人口=表110-01001A中2026年中
2045,15-19,女,86015.0,低,队列成分法推算；基准人口=表110-01001A中2026年中
2045,20-24,男,112699.9,低,队列成分法推算；基准人口=表110-01001A中2026年中
2045,20-24,女,107482.4,低,队列成分法推算；基准人口=表110-01001A中2026年中
2045,25-29,男,158810.9,低,队列成分法推算；基准人口=表110-01001A中2026年中
2045,25-29,女,152225.3,低,队列成分法推算；基准人口=表110-01001A中2026年中
2045,30-34,男,185446.3,低,队列成分法推算；基准人口=表110-01001A中2026年中
2045,30-34,女,177931.9,低,队列成分法推算；基准人口=表110-01001A中2026年中
2045,35-39,男,186277.1,低,队列成分法推算；基准人口=表110-01001A中2026年中
2045,35-39,女,181188.3,低,队列成分法推算；基准人口=表110-01001A中2026年中
2045,40-44,男,191151.7,低,队列成分法推算；基准人口=表110-01001A中2026年中
2045,40-44,女,191200.0,低,队列成分法推算；基准人口=表110-01001A中2026年中
2045,45-49,男,225415.3,低,队列成分法推算；基准人口=表110-01001A中2026年中
2045,45-49,女,220438.6,低,队列成分法推算；基准人口=表110-01001A中2026年中
2045,50-54,男,256077.0,低,队列成分法推算；基准人口=表110-01001A中2026年中
2045,50-54,女,259086.6,低,队列成分法推算；基准人口=表110-01001A中2026年中
2045,55-59,男,257979.2,低,队列成分法推算；基准人口=表110-01001A中2026年中
2045,55-59,女,277387.7,低,队列成分法推算；基准人口=表110-01001A中2026年中
2045,60-64,男,250902.1,低,队列成分法推算；基准人口=表110-01001A中2026年中
2045,60-64,女,295459.5,低,队列成分法推算；基准人口=表110-01001A中2026年中
2045,65-69,男,237198.0,低,队列成分法推算；基准人口=表110-01001A中2026年中
2045,65-69,女,302923.5,低,队列成分法推算；基准人口=表110-01001A中2026年中
2045,70-74,男,228561.2,低,队列成分法推算；基准人口=表110-01001A中2026年中
2045,70-74,女,306718.5,低,队列成分法推算；基准人口=表110-01001A中2026年中
2045,75-79,男,213775.5,低,队列成分法推算；基准人口=表110-01001A中2026年中
2045,75-79,女,299704.1,低,队列成分法推算；基准人口=表110-01001A中2026年中
2045,80-84,男,205954.0,低,队列成分法推算；基准人口=表110-01001A中2026年中
2045,80-84,女,286273.1,低,队列成分法推算；基准人口=表110-01001A中2026年中
2045,85+,男,296053.2,低,队列成分法推算；基准人口=表110-01001A中2026年中
2045,85+,女,435694.6,低,队列成分法推算；基准人口=表110-01001A中2026年中
2046,0-4,男,72797.5,低,队列成分法推算；基准人口=表110-01001A中2026年中
2046,0-4,女,68901.9,低,队列成分法推算；基准人口=表110-01001A中2026年中
2046,5-9,男,73931.5,低,队列成分法推算；基准人口=表110-01001A中2026年中
2046,5-9,女,70378.2,低,队列成分法推算；基准人口=表110-01001A中2026年中
2046,10-14,男,77067.7,低,队列成分法推算；基准人口=表110-01001A中2026年中
2046,10-14,女,73737.2,低,队列成分法推算；基准人口=表110-01001A中2026年中
2046,15-19,男,87190.3,低,队列成分法推算；基准人口=表110-01001A中2026年中
2046,15-19,女,84185.6,低,队列成分法推算；基准人口=表110-01001A中2026年中
2046,20-24,男,104364.2,低,队列成分法推算；基准人口=表110-01001A中2026年中
2046,20-24,女,99576.8,低,队列成分法推算；基准人口=表110-01001A中2026年中
2046,25-29,男,153766.5,低,队列成分法推算；基准人口=表110-01001A中2026年中
2046,25-29,女,147626.6,低,队列成分法推算；基准人口=表110-01001A中2026年中
2046,30-34,男,185904.0,低,队列成分法推算；基准人口=表110-01001A中2026年中
2046,30-34,女,178308.4,低,队列成分法推算；基准人口=表110-01001A中2026年中
2046,35-39,男,188273.6,低,队列成分法推算；基准人口=表110-01001A中2026年中
2046,35-39,女,181698.2,低,队列成分法推算；基准人口=表110-01001A中2026年中
2046,40-44,男,185519.9,低,队列成分法推算；基准人口=表110-01001A中2026年中
2046,40-44,女,187361.1,低,队列成分法推算；基准人口=表110-01001A中2026年中
2046,45-49,男,218446.2,低,队列成分法推算；基准人口=表110-01001A中2026年中
2046,45-49,女,212451.8,低,队列成分法推算；基准人口=表110-01001A中2026年中
2046,50-54,男,255567.8,低,队列成分法推算；基准人口=表110-01001A中2026年中
2046,50-54,女,256226.9,低,队列成分法推算；基准人口=表110-01001A中2026年中
2046,55-59,男,258990.5,低,队列成分法推算；基准人口=表110-01001A中2026年中
2046,55-59,女,273789.1,低,队列成分法推算；基准人口=表110-01001A中2026年中
2046,60-64,男,253511.8,低,队列成分法推算；基准人口=表110-01001A中2026年中
2046,60-64,女,294073.9,低,队列成分法推算；基准人口=表110-01001A中2026年中
2046,65-69,男,236309.2,低,队列成分法推算；基准人口=表110-01001A中2026年中
2046,65-69,女,300345.3,低,队列成分法推算；基准人口=表110-01001A中2026年中
2046,70-74,男,229425.8,低,队列成分法推算；基准人口=表110-01001A中2026年中
2046,70-74,女,306469.5,低,队列成分法推算；基准人口=表110-01001A中2026年中
2046,75-79,男,208340.1,低,队列成分法推算；基准人口=表110-01001A中2026年中
2046,75-79,女,296080.7,低,队列成分法推算；基准人口=表110-01001A中2026年中
2046,80-84,男,204597.0,低,队列成分法推算；基准人口=表110-01001A中2026年中
2046,80-84,女,291287.6,低,队列成分法推算；基准人口=表110-01001A中2026年中
2046,85+,男,307570.3,低,队列成分法推算；基准人口=表110-01001A中2026年中
2046,85+,女,454618.9,低,队列成分法推算；基准人口=表110-01001A中2026年中
2047,0-4,男,72776.6,低,队列成分法推算；基准人口=表110-01001A中2026年中
2047,0-4,女,68873.1,低,队列成分法推算；基准人口=表110-01001A中2026年中
2047,5-9,男,74121.2,低,队列成分法推算；基准人口=表110-01001A中2026年中
2047,5-9,女,70533.6,低,队列成分法推算；基准人口=表110-01001A中2026年中
2047,10-14,男,76477.0,低,队列成分法推算；基准人口=表110-01001A中2026年中
2047,10-14,女,73152.3,低,队列成分法推算；基准人口=表110-01001A中2026年中
2047,15-19,男,85895.5,低,队列成分法推算；基准人口=表110-01001A中2026年中
2047,15-19,女,82923.0,低,队列成分法推算；基准人口=表110-01001A中2026年中
2047,20-24,男,102834.1,低,队列成分法推算；基准人口=表110-01001A中2026年中
2047,20-24,女,98527.1,低,队列成分法推算；基准人口=表110-01001A中2026年中
2047,25-29,男,145375.1,低,队列成分法推算；基准人口=表110-01001A中2026年中
2047,25-29,女,139635.1,低,队列成分法推算；基准人口=表110-01001A中2026年中
2047,30-34,男,181020.1,低,队列成分法推算；基准人口=表110-01001A中2026年中
2047,30-34,女,173880.8,低,队列成分法推算；基准人口=表110-01001A中2026年中
2047,35-39,男,189713.2,低,队列成分法推算；基准人口=表110-01001A中2026年中
2047,35-39,女,183152.7,低,队列成分法推算；基准人口=表110-01001A中2026年中
2047,40-44,男,187422.0,低,队列成分法推算；基准人口=表110-01001A中2026年中
2047,40-44,女,187769.1,低,队列成分法推算；基准人口=表110-01001A中2026年中
2047,45-49,男,212815.6,低,队列成分法推算；基准人口=表110-01001A中2026年中
2047,45-49,女,208624.1,低,队列成分法推算；基准人口=表110-01001A中2026年中
2047,50-54,男,248648.7,低,队列成分法推算；基准人口=表110-01001A中2026年中
2047,50-54,女,248308.4,低,队列成分法推算；基准人口=表110-01001A中2026年中
2047,55-59,男,258424.5,低,队列成分法推算；基准人口=表110-01001A中2026年中
2047,55-59,女,270865.1,低,队列成分法推算；基准人口=表110-01001A中2026年中
2047,60-64,男,254280.1,低,队列成分法推算；基准人口=表110-01001A中2026年中
2047,60-64,女,290281.7,低,队列成分法推算；基准人口=表110-01001A中2026年中
2047,65-69,男,238365.1,低,队列成分法推算；基准人口=表110-01001A中2026年中
2047,65-69,女,298364.0,低,队列成分法推算；基准人口=表110-01001A中2026年中
2047,70-74,男,228536.1,低,队列成分法推算；基准人口=表110-01001A中2026年中
2047,70-74,女,303925.1,低,队列成分法推算；基准人口=表110-01001A中2026年中
2047,75-79,男,209048.5,低,队列成分法推算；基准人口=表110-01001A中2026年中
2047,75-79,女,295686.6,低,队列成分法推算；基准人口=表110-01001A中2026年中
2047,80-84,男,198927.1,低,队列成分法推算；基准人口=表110-01001A中2026年中
2047,80-84,女,287379.4,低,队列成分法推算；基准人口=表110-01001A中2026年中
2047,85+,男,316915.8,低,队列成分法推算；基准人口=表110-01001A中2026年中
2047,85+,女,477042.6,低,队列成分法推算；基准人口=表110-01001A中2026年中
2048,0-4,男,72417.9,低,队列成分法推算；基准人口=表110-01001A中2026年中
2048,0-4,女,68527.5,低,队列成分法推算；基准人口=表110-01001A中2026年中
2048,5-9,男,74277.1,低,队列成分法推算；基准人口=表110-01001A中2026年中
2048,5-9,女,70659.0,低,队列成分法推算；基准人口=表110-01001A中2026年中
2048,10-14,男,76050.1,低,队列成分法推算；基准人口=表110-01001A中2026年中
2048,10-14,女,72719.4,低,队列成分法推算；基准人口=表110-01001A中2026年中
2048,15-19,男,84727.6,低,队列成分法推算；基准人口=表110-01001A中2026年中
2048,15-19,女,81781.7,低,队列成分法推算；基准人口=表110-01001A中2026年中
2048,20-24,男,101057.2,低,队列成分法推算；基准人口=表110-01001A中2026年中
2048,20-24,女,97231.5,低,队列成分法推算；基准人口=表110-01001A中2026年中
2048,25-29,男,136910.1,低,队列成分法推算；基准人口=表110-01001A中2026年中
2048,25-29,女,131568.2,低,队列成分法推算；基准人口=表110-01001A中2026年中
2048,30-34,男,176045.7,低,队列成分法推算；基准人口=表110-01001A中2026年中
2048,30-34,女,169353.6,低,队列成分法推算；基准人口=表110-01001A中2026年中
2048,35-39,男,190872.4,低,队列成分法推算；基准人口=表110-01001A中2026年中
2048,35-39,女,184299.4,低,队列成分法推算；基准人口=表110-01001A中2026年中
2048,40-44,男,189294.0,低,队列成分法推算；基准人口=表110-01001A中2026年中
2048,40-44,女,188145.0,低,队列成分法推算；基准人口=表110-01001A中2026年中
2048,45-49,男,207149.4,低,队列成分法推算；基准人口=表110-01001A中2026年中
2048,45-49,女,204745.4,低,队列成分法推算；基准人口=表110-01001A中2026年中
2048,50-54,男,241711.1,低,队列成分法推算；基准人口=表110-01001A中2026年中
2048,50-54,女,240351.5,低,队列成分法推算；基准人口=表110-01001A中2026年中
2048,55-59,男,257870.7,低,队列成分法推算；基准人口=表110-01001A中2026年中
2048,55-59,女,267953.0,低,队列成分法推算；基准人口=表110-01001A中2026年中
2048,60-64,男,255085.7,低,队列成分法推算；基准人口=表110-01001A中2026年中
2048,60-64,女,286523.2,低,队列成分法推算；基准人口=表110-01001A中2026年中
2048,65-69,男,240522.2,低,队列成分法推算；基准人口=表110-01001A中2026年中
2048,65-69,女,296510.5,低,队列成分法推算；基准人口=表110-01001A中2026年中
2048,70-74,男,227685.5,低,队列成分法推算；基准人口=表110-01001A中2026年中
2048,70-74,女,301399.7,低,队列成分法推算；基准人口=表110-01001A中2026年中
2048,75-79,男,209834.6,低,队列成分法推算；基准人口=表110-01001A中2026年中
2048,75-79,女,295372.0,低,队列成分法推算；基准人口=表110-01001A中2026年中
2048,80-84,男,193646.2,低,队列成分法推算；基准人口=表110-01001A中2026年中
2048,80-84,女,283685.3,低,队列成分法推算；基准人口=表110-01001A中2026年中
2048,85+,男,325614.9,低,队列成分法推算；基准人口=表110-01001A中2026年中
2048,85+,女,498202.5,低,队列成分法推算；基准人口=表110-01001A中2026年中
2049,0-4,男,71727.1,低,队列成分法推算；基准人口=表110-01001A中2026年中
2049,0-4,女,67869.8,低,队列成分法推算；基准人口=表110-01001A中2026年中
2049,5-9,男,74391.3,低,队列成分法推算；基准人口=表110-01001A中2026年中
2049,5-9,女,70746.6,低,队列成分法推算；基准人口=表110-01001A中2026年中
2049,10-14,男,75780.0,低,队列成分法推算；基准人口=表110-01001A中2026年中
2049,10-14,女,72432.9,低,队列成分法推算；基准人口=表110-01001A中2026年中
2049,15-19,男,83682.3,低,队列成分法推算；基准人口=表110-01001A中2026年中
2049,15-19,女,80756.6,低,队列成分法推算；基准人口=表110-01001A中2026年中
2049,20-24,男,99028.9,低,队列成分法推算；基准人口=表110-01001A中2026年中
2049,20-24,女,95685.2,低,队列成分法推算；基准人口=表110-01001A中2026年中
2049,25-29,男,128396.3,低,队列成分法推算；基准人口=表110-01001A中2026年中
2049,25-29,女,123452.7,低,队列成分法推算；基准人口=表110-01001A中2026年中
2049,30-34,男,170980.9,低,队列成分法推算；基准人口=表110-01001A中2026年中
2049,30-34,女,164726.9,低,队列成分法推算；基准人口=表110-01001A中2026年中
2049,35-39,男,191739.4,低,队列成分法推算；基准人口=表110-01001A中2026年中
2049,35-39,女,185125.2,低,队列成分法推算；基准人口=表110-01001A中2026年中
2049,40-44,男,191136.1,低,队列成分法推算；基准人口=表110-01001A中2026年中
2049,40-44,女,188488.8,低,队列成分法推算；基准人口=表110-01001A中2026年中
2049,45-49,男,201451.1,低,队列成分法推算；基准人口=表110-01001A中2026年中
2049,45-49,女,200819.7,低,队列成分法推算；基准人口=表110-01001A中2026年中
2049,50-54,男,234754.4,低,队列成分法推算；基准人口=表110-01001A中2026年中
2049,50-54,女,232355.8,低,队列成分法推算；基准人口=表110-01001A中2026年中
2049,55-59,男,257316.8,低,队列成分法推算；基准人口=表110-01001A中2026年中
2049,55-59,女,265039.4,低,队列成分法推算；基准人口=表110-01001A中2026年中
2049,60-64,男,255928.3,低,队列成分法推算；基准人口=表110-01001A中2026年中
2049,60-64,女,282797.9,低,队列成分法推算；基准人口=表110-01001A中2026年中
2049,65-69,男,242789.5,低,队列成分法推算；基准人口=表110-01001A中2026年中
2049,65-69,女,294795.1,低,队列成分法推算；基准人口=表110-01001A中2026年中
2049,70-74,男,226872.3,低,队列成分法推算；基准人口=表110-01001A中2026年中
2049,70-74,女,298892.4,低,队列成分法推算；基准人口=表110-01001A中2026年中
2049,75-79,男,210683.9,低,队列成分法推算；基准人口=表110-01001A中2026年中
2049,75-79,女,295120.7,低,队列成分法推算；基准人口=表110-01001A中2026年中
2049,80-84,男,188733.8,低,队列成分法推算；基准人口=表110-01001A中2026年中
2049,80-84,女,280199.1,低,队列成分法推算；基准人口=表110-01001A中2026年中
2049,85+,男,333735.9,低,队列成分法推算；基准人口=表110-01001A中2026年中
2049,85+,女,518211.7,低,队列成分法推算；基准人口=表110-01001A中2026年中
2050,0-4,男,70710.7,低,队列成分法推算；基准人口=表110-01001A中2026年中
2050,0-4,女,66905.7,低,队列成分法推算；基准人口=表110-01001A中2026年中
2050,5-9,男,74455.5,低,队列成分法推算；基准人口=表110-01001A中2026年中
2050,5-9,女,70788.7,低,队列成分法推算；基准人口=表110-01001A中2026年中
2050,10-14,男,75658.4,低,队列成分法推算；基准人口=表110-01001A中2026年中
2050,10-14,女,72286.2,低,队列成分法推算；基准人口=表110-01001A中2026年中
2050,15-19,男,82755.0,低,队列成分法推算；基准人口=表110-01001A中2026年中
2050,15-19,女,79842.2,低,队列成分法推算；基准人口=表110-01001A中2026年中
2050,20-24,男,96744.9,低,队列成分法推算；基准人口=表110-01001A中2026年中
2050,20-24,女,93883.5,低,队列成分法推算；基准人口=表110-01001A中2026年中
2050,25-29,男,119858.1,低,队列成分法推算；基准人口=表110-01001A中2026年中
2050,25-29,女,115315.4,低,队列成分法推算；基准人口=表110-01001A中2026年中
2050,30-34,男,165825.4,低,队列成分法推算；基准人口=表110-01001A中2026年中
2050,30-34,女,160000.6,低,队列成分法推算；基准人口=表110-01001A中2026年中
2050,35-39,男,192302.1,低,队列成分法推算；基准人口=表110-01001A中2026年中
2050,35-39,女,185617.1,低,队列成分法推算；基准人口=表110-01001A中2026年中
2050,40-44,男,192948.1,低,队列成分法推算；基准人口=表110-01001A中2026年中
2050,40-44,女,188800.4,低,队列成分法推算；基准人口=表110-01001A中2026年中
2050,45-49,男,195724.2,低,队列成分法推算；基准人口=表110-01001A中2026年中
2050,45-49,女,196851.0,低,队列成分法推算；基准人口=表110-01001A中2026年中
2050,50-54,男,227778.0,低,队列成分法推算；基准人口=表110-01001A中2026年中
2050,50-54,女,224321.0,低,队列成分法推算；基准人口=表110-01001A中2026年中
2050,55-59,男,256750.5,低,队列成分法推算；基准人口=表110-01001A中2026年中
2050,55-59,女,262110.8,低,队列成分法推算；基准人口=表110-01001A中2026年中
2050,60-64,男,256807.6,低,队列成分法推算；基准人口=表110-01001A中2026年中
2050,60-64,女,279105.6,低,队列成分法推算；基准人口=表110-01001A中2026年中
2050,65-69,男,245176.0,低,队列成分法推算；基准人口=表110-01001A中2026年中
2050,65-69,女,293227.8,低,队列成分法推算；基准人口=表110-01001A中2026年中
2050,70-74,男,226094.8,低,队列成分法推算；基准人口=表110-01001A中2026年中
2050,70-74,女,296402.2,低,队列成分法推算；基准人口=表110-01001A中2026年中
2050,75-79,男,211582.5,低,队列成分法推算；基准人口=表110-01001A中2026年中
2050,75-79,女,294917.1,低,队列成分法推算；基准人口=表110-01001A中2026年中
2050,80-84,男,184171.0,低,队列成分法推算；基准人口=表110-01001A中2026年中
2050,80-84,女,276914.7,低,队列成分法推算；基准人口=表110-01001A中2026年中
2050,85+,男,341340.2,低,队列成分法推算；基准人口=表110-01001A中2026年中
2050,85+,女,537173.4,低,队列成分法推算；基准人口=表110-01001A中2026年中
2051,0-4,男,69376.4,低,队列成分法推算；基准人口=表110-01001A中2026年中
2051,0-4,女,65642.2,低,队列成分法推算；基准人口=表110-01001A中2026年中
2051,5-9,男,74461.4,低,队列成分法推算；基准人口=表110-01001A中2026年中
2051,5-9,女,70777.6,低,队列成分法推算；基准人口=表110-01001A中2026年中
2051,10-14,男,75676.7,低,队列成分法推算；基准人口=表110-01001A中2026年中
2051,10-14,女,72272.4,低,队列成分法推算；基准人口=表110-01001A中2026年中
2051,15-19,男,81941.0,低,队列成分法推算；基准人口=表110-01001A中2026年中
2051,15-19,女,79033.1,低,队列成分法推算；基准人口=表110-01001A中2026年中
2051,20-24,男,94201.0,低,队列成分法推算；基准人口=表110-01001A中2026年中
2051,20-24,女,91821.9,低,队列成分法推算；基准人口=表110-01001A中2026年中
2051,25-29,男,111320.3,低,队列成分法推算；基准人口=表110-01001A中2026年中
2051,25-29,女,107182.9,低,队列成分法推算；基准人口=表110-01001A中2026年中
2051,30-34,男,160579.4,低,队列成分法推算；基准人口=表110-01001A中2026年中
2051,30-34,女,155174.6,低,队列成分法推算；基准人口=表110-01001A中2026年中
2051,35-39,男,192548.7,低,队列成分法推算；基准人口=表110-01001A中2026年中
2051,35-39,女,185762.3,低,队列成分法推算；基准人口=表110-01001A中2026年中
2051,40-44,男,194730.1,低,队列成分法推算；基准人口=表110-01001A中2026年中
2051,40-44,女,189079.8,低,队列成分法推算；基准人口=表110-01001A中2026年中
2051,45-49,男,189972.3,低,队列成分法推算；基准人口=表110-01001A中2026年中
2051,45-49,女,192843.2,低,队列成分法推算；基准人口=表110-01001A中2026年中
2051,50-54,男,220781.4,低,队列成分法推算；基准人口=表110-01001A中2026年中
2051,50-54,女,216246.8,低,队列成分法推算；基准人口=表110-01001A中2026年中
2051,55-59,男,256159.6,低,队列成分法推算；基准人口=表110-01001A中2026年中
2051,55-59,女,259153.8,低,队列成分法推算；基准人口=表110-01001A中2026年中
2051,60-64,男,257723.2,低,队列成分法推算；基准人口=表110-01001A中2026年中
2051,60-64,女,275445.8,低,队列成分法推算；基准人口=表110-01001A中2026年中
2051,65-69,男,247690.4,低,队列成分法推算；基准人口=表110-01001A中2026年中
2051,65-69,女,291818.6,低,队列成分法推算；基准人口=表110-01001A中2026年中
2051,70-74,男,225351.5,低,队列成分法推算；基准人口=表110-01001A中2026年中
2051,70-74,女,293928.0,低,队列成分法推算；基准人口=表110-01001A中2026年中
2051,75-79,男,212516.9,低,队列成分法推算；基准人口=表110-01001A中2026年中
2051,75-79,女,294745.8,低,队列成分法推算；基准人口=表110-01001A中2026年中
2051,80-84,男,179939.9,低,队列成分法推算；基准人口=表110-01001A中2026年中
2051,80-84,女,273826.4,低,队列成分法推算；基准人口=表110-01001A中2026年中
2051,85+,男,348483.6,低,队列成分法推算；基准人口=表110-01001A中2026年中
2051,85+,女,555181.8,低,队列成分法推算；基准人口=表110-01001A中2026年中
2052,0-4,男,67732.9,低,队列成分法推算；基准人口=表110-01001A中2026年中
2052,0-4,女,64086.9,低,队列成分法推算；基准人口=表110-01001A中2026年中
2052,5-9,男,74400.7,低,队列成分法推算；基准人口=表110-01001A中2026年中
2052,5-9,女,70705.2,低,队列成分法推算；基准人口=表110-01001A中2026年中
2052,10-14,男,75825.4,低,队列成分法推算；基准人口=表110-01001A中2026年中
2052,10-14,女,72383.4,低,队列成分法推算；基准人口=表110-01001A中2026年中
2052,15-19,男,81235.7,低,队列成分法推算；基准人口=表110-01001A中2026年中
2052,15-19,女,78323.7,低,队列成分法推算；基准人口=表110-01001A中2026年中
2052,20-24,男,92743.5,低,队列成分法推算；基准人口=表110-01001A中2026年中
2052,20-24,女,90381.9,低,队列成分法推算；基准人口=表110-01001A中2026年中
2052,25-29,男,109628.7,低,队列成分法推算；基准人口=表110-01001A中2026年中
2052,25-29,女,105956.2,低,队列成分法推算；基准人口=表110-01001A中2026年中
2052,30-34,男,152039.0,低,队列成分法推算；基准人口=表110-01001A中2026年中
2052,30-34,女,147012.0,低,队列成分法推算；基准人口=表110-01001A中2026年中
2052,35-39,男,187516.2,低,队列成分法推算；基准人口=表110-01001A中2026年中
2052,35-39,女,181163.8,低,队列成分法推算；基准人口=表110-01001A中2026年中
2052,40-44,男,196008.3,低,队列成分法推算；基准人口=表110-01001A中2026年中
2052,40-44,女,190357.2,低,队列成分法推算；基准人口=表110-01001A中2026年中
2052,45-49,男,191749.5,低,队列成分法推算；基准人口=表110-01001A中2026年中
2052,45-49,女,193117.0,低,队列成分法推算；基准人口=表110-01001A中2026年中
2052,50-54,男,215109.7,低,队列成分法推算；基准人口=表110-01001A中2026年中
2052,50-54,女,212332.0,低,队列成分法推算；基准人口=表110-01001A中2026年中
2052,55-59,男,249258.2,低,队列成分法推算；基准人口=表110-01001A中2026年中
2052,55-59,女,251190.6,低,队列成分法推算；基准人口=表110-01001A中2026年中
2052,60-64,男,257117.6,低,队列成分法推算；基准人口=表110-01001A中2026年中
2052,60-64,女,272462.2,低,队列成分法推算；基准人口=表110-01001A中2026年中
2052,65-69,男,248455.0,低,队列成分法推算；基准人口=表110-01001A中2026年中
2052,65-69,女,288053.0,低,队列成分法推算；基准人口=表110-01001A中2026年中
2052,70-74,男,227404.9,低,队列成分法推算；基准人口=表110-01001A中2026年中
2052,70-74,女,292008.2,低,队列成分法推算；基准人口=表110-01001A中2026年中
2052,75-79,男,211824.0,低,队列成分法推算；基准人口=表110-01001A中2026年中
2052,75-79,女,292345.7,低,队列成分法推算；基准人口=表110-01001A中2026年中
2052,80-84,男,180731.6,低,队列成分法推算；基准人口=表110-01001A中2026年中
2052,80-84,女,273577.6,低,队列成分法推算；基准人口=表110-01001A中2026年中
2052,85+,男,350671.8,低,队列成分法推算；基准人口=表110-01001A中2026年中
2052,85+,女,568540.6,低,队列成分法推算；基准人口=表110-01001A中2026年中
2053,0-4,男,65994.4,低,队列成分法推算；基准人口=表110-01001A中2026年中
2053,0-4,女,62442.1,低,队列成分法推算；基准人口=表110-01001A中2026年中
2053,5-9,男,74003.0,低,队列成分法推算；基准人口=表110-01001A中2026年中
2053,5-9,女,70316.2,低,队列成分法推算；基准人口=表110-01001A中2026年中
2053,10-14,男,75940.4,低,队列成分法推算；基准人口=表110-01001A中2026年中
2053,10-14,女,72464.4,低,队列成分法推算；基准人口=表110-01001A中2026年中
2053,15-19,男,80694.2,低,队列成分法推算；基准人口=表110-01001A中2026年中
2053,15-19,女,77766.3,低,队列成分法推算；基准人口=表110-01001A中2026年中
2053,20-24,男,91412.7,低,队列成分法推算；基准人口=表110-01001A中2026年中
2053,20-24,女,89063.2,低,队列成分法推算；基准人口=表110-01001A中2026年中
2053,25-29,男,107690.7,低,队列成分法推算；基准人口=表110-01001A中2026年中
2053,25-29,女,104483.9,低,队列成分法推算；基准人口=表110-01001A中2026年中
2053,30-34,男,143425.9,低,队列成分法推算；基准人口=表110-01001A中2026年中
2053,30-34,女,138774.6,低,队列成分法推算；基准人口=表110-01001A中2026年中
2053,35-39,男,182393.6,低,队列成分法推算；基准人口=表110-01001A中2026年中
2053,35-39,女,176466.1,低,队列成分法推算；基准人口=表110-01001A中2026年中
2053,40-44,男,197006.8,低,队列成分法推算；基准人口=表110-01001A中2026年中
2053,40-44,女,191327.2,低,队列成分法推算；基准人口=表110-01001A中2026年中
2053,45-49,男,193496.7,低,队列成分法推算；基准人口=表110-01001A中2026年中
2053,45-49,女,193359.0,低,队列成分法推算；基准人口=表110-01001A中2026年中
2053,50-54,男,209408.4,低,队列成分法推算；基准人口=表110-01001A中2026年中
2053,50-54,女,208368.3,低,队列成分法推算；基准人口=表110-01001A中2026年中
2053,55-59,男,242346.7,低,队列成分法推算；基准人口=表110-01001A中2026年中
2053,55-59,女,243193.5,低,队列成分法推算；基准人口=表110-01001A中2026年中
2053,60-64,男,256526.7,低,队列成分法推算；基准人口=表110-01001A中2026年中
2053,60-64,女,269495.2,低,队列成分法推算；基准人口=表110-01001A中2026年中
2053,65-69,男,249257.6,低,队列成分法推算；基准人口=表110-01001A中2026年中
2053,65-69,女,284325.5,低,队列成分法推算；基准人口=表110-01001A中2026年中
2053,70-74,男,229550.4,低,队列成分法推算；基准人口=表110-01001A中2026年中
2053,70-74,女,290220.7,低,队列成分法推算；基准人口=表110-01001A中2026年中
2053,75-79,男,211175.9,低,队列成分法推算；基准人口=表110-01001A中2026年中
2053,75-79,女,289977.0,低,队列成分法推算；基准人口=表110-01001A中2026年中
2053,80-84,男,181587.9,低,队列成分法推算；基准人口=表110-01001A中2026年中
2053,80-84,女,273415.9,低,队列成分法推算；基准人口=表110-01001A中2026年中
2053,85+,男,352946.9,低,队列成分法推算；基准人口=表110-01001A中2026年中
2053,85+,女,581429.9,低,队列成分法推算；基准人口=表110-01001A中2026年中
2054,0-4,男,64163.8,低,队列成分法推算；基准人口=表110-01001A中2026年中
2054,0-4,女,60710.3,低,队列成分法推算；基准人口=表110-01001A中2026年中
2054,5-9,男,73273.6,低,队列成分法推算；基准人口=表110-01001A中2026年中
2054,5-9,女,69615.2,低,队列成分法推算；基准人口=表110-01001A中2026年中
2054,10-14,男,76013.6,低,队列成分法推算；基准人口=表110-01001A中2026年中
2054,10-14,女,72507.6,低,队列成分法推算；基准人口=表110-01001A中2026年中
2054,15-19,男,80309.3,低,队列成分法推算；基准人口=表110-01001A中2026年中
2054,15-19,女,77355.2,低,队列成分法推算；基准人口=表110-01001A中2026年中
2054,20-24,男,90204.4,低,队列成分法推算；基准人口=表110-01001A中2026年中
2054,20-24,女,87860.5,低,队列成分法推算；基准人口=表110-01001A中2026年中
2054,25-29,男,105501.6,低,队列成分法推算；基准人口=表110-01001A中2026年中
2054,25-29,女,102761.0,低,队列成分法推算；基准人口=表110-01001A中2026年中
2054,30-34,男,134764.9,低,队列成分法推算；基准人口=表110-01001A中2026年中
2054,30-34,女,130488.9,低,队列成分法推算；基准人口=表110-01001A中2026年中
2054,35-39,男,177180.7,低,队列成分法推算；基准人口=表110-01001A中2026年中
2054,35-39,女,171669.0,低,队列成分法推算；基准人口=表110-01001A中2026年中
2054,40-44,男,197713.9,低,队列成分法推算；基准人口=表110-01001A中2026年中
2054,40-44,女,191976.8,低,队列成分法推算；基准人口=表110-01001A中2026年中
2054,45-49,男,195213.8,低,队列成分法推算；基准人口=表110-01001A中2026年中
2054,45-49,女,193569.4,低,队列成分法推算；基准人口=表110-01001A中2026年中
2054,50-54,男,203680.9,低,队列成分法推算；基准人口=表110-01001A中2026年中
2054,50-54,女,204359.7,低,队列成分法推算；基准人口=表110-01001A中2026年中
2054,55-59,男,235424.3,低,队列成分法推算；基准人口=表110-01001A中2026年中
2054,55-59,女,235162.2,低,队列成分法推算；基准人口=表110-01001A中2026年中
2054,60-64,男,255938.3,低,队列成分法推算；基准人口=表110-01001A中2026年中
2054,60-64,女,266531.1,低,队列成分法推算；基准人口=表110-01001A中2026年中
2054,65-69,男,250097.8,低,队列成分法推算；基准人口=表110-01001A中2026年中
2054,65-69,女,280635.6,低,队列成分法推算；基准人口=表110-01001A中2026年中
2054,70-74,男,231796.2,低,队列成分法推算；基准人口=表110-01001A中2026年中
2054,70-74,女,288574.8,低,队列成分法推算；基准人口=表110-01001A中2026年中
2054,75-79,男,210570.1,低,队列成分法推算；基准人口=表110-01001A中2026年中
2054,75-79,女,287638.0,低,队列成分法推算；基准人口=表110-01001A中2026年中
2054,80-84,男,182495.2,低,队列成分法推算；基准人口=表110-01001A中2026年中
2054,80-84,女,273325.4,低,队列成分法推算；基准人口=表110-01001A中2026年中
2054,85+,男,355307.2,低,队列成分法推算；基准人口=表110-01001A中2026年中
2054,85+,女,593897.3,低,队列成分法推算；基准人口=表110-01001A中2026年中
2055,0-4,男,62244.4,低,队列成分法推算；基准人口=表110-01001A中2026年中
2055,0-4,女,58894.6,低,队列成分法推算；基准人口=表110-01001A中2026年中
2055,5-9,男,72219.0,低,队列成分法推算；基准人口=表110-01001A中2026年中
2055,5-9,女,68608.0,低,队列成分法推算；基准人口=表110-01001A中2026年中
2055,10-14,男,76036.9,低,队列成分法推算；基准人口=表110-01001A中2026年中
2055,10-14,女,72505.4,低,队列成分法推算；基准人口=表110-01001A中2026年中
2055,15-19,男,80072.9,低,队列成分法推算；基准人口=表110-01001A中2026年中
2055,15-19,女,77083.8,低,队列成分法推算；基准人口=表110-01001A中2026年中
2055,20-24,男,89114.0,低,队列成分法推算；基准人口=表110-01001A中2026年中
2055,20-24,女,86768.5,低,队列成分法推算；基准人口=表110-01001A中2026年中
2055,25-29,男,103057.0,低,队列成分法推算；基准人口=表110-01001A中2026年中
2055,25-29,女,100782.9,低,队列成分法推算；基准人口=表110-01001A中2026年中
2055,30-34,男,126080.3,低,队列成分法推算；基准人口=表110-01001A中2026年中
2055,30-34,女,122181.7,低,队列成分法推算；基准人口=表110-01001A中2026年中
2055,35-39,男,171877.4,低,队列成分法推算；基准人口=表110-01001A中2026年中
2055,35-39,女,166772.6,低,队列成分法推算；基准人口=表110-01001A中2026年中
2055,40-44,男,198117.6,低,队列成分法推算；基准人口=表110-01001A中2026年中
2055,40-44,女,192293.1,低,队列成分法推算；基准人口=表110-01001A中2026年中
2055,45-49,男,196900.8,低,队列成分法推算；基准人口=表110-01001A中2026年中
2055,45-49,女,193748.1,低,队列成分法推算；基准人口=表110-01001A中2026年中
2055,50-54,男,197930.4,低,队列成分法推算；基准人口=表110-01001A中2026年中
2055,50-54,女,200310.2,低,队列成分法推算；基准人口=表110-01001A中2026年中
2055,55-59,男,228490.2,低,队列成分法推算；基准人口=表110-01001A中2026年中
2055,55-59,女,227096.2,低,队列成分法推算；基准人口=表110-01001A中2026年中
2055,60-64,男,255340.3,低,队列成分法推算；基准人口=表110-01001A中2026年中
2055,60-64,女,263556.8,低,队列成分法推算；基准人口=表110-01001A中2026年中
2055,65-69,男,250975.0,低,队列成分法推算；基准人口=表110-01001A中2026年中
2055,65-69,女,276982.8,低,队列成分法推算；基准人口=表110-01001A中2026年中
2055,70-74,男,234150.6,低,队列成分法推算；基准人口=表110-01001A中2026年中
2055,70-74,女,287080.0,低,队列成分法推算；基准人口=表110-01001A中2026年中
2055,75-79,男,210004.4,低,队列成分法推算；基准人口=表110-01001A中2026年中
2055,75-79,女,285327.2,低,队列成分法推算；基准人口=表110-01001A中2026年中
2055,80-84,男,183440.7,低,队列成分法推算；基准人口=表110-01001A中2026年中
2055,80-84,女,273290.6,低,队列成分法推算；基准人口=表110-01001A中2026年中
2055,85+,男,357751.6,低,队列成分法推算；基准人口=表110-01001A中2026年中
2055,85+,女,605986.5,低,队列成分法推算；基准人口=表110-01001A中2026年中
2056,0-4,男,60239.8,低,队列成分法推算；基准人口=表110-01001A中2026年中
2056,0-4,女,56998.5,低,队列成分法推算；基准人口=表110-01001A中2026年中
2056,5-9,男,70846.8,低,队列成分法推算；基准人口=表110-01001A中2026年中
2056,5-9,女,67301.4,低,队列成分法推算；基准人口=表110-01001A中2026年中
2056,10-14,男,76002.0,低,队列成分法推算；基准人口=表110-01001A中2026年中
2056,10-14,女,72450.0,低,队列成分法推算；基准人口=表110-01001A中2026年中
2056,15-19,男,79976.2,低,队列成分法推算；基准人口=表110-01001A中2026年中
2056,15-19,女,76945.2,低,队列成分法推算；基准人口=表110-01001A中2026年中
2056,20-24,男,88136.9,低,队列成分法推算；基准人口=表110-01001A中2026年中
2056,20-24,女,85781.7,低,队列成分法推算；基准人口=表110-01001A中2026年中
2056,25-29,男,100353.0,低,队列成分法推算；基准人口=表110-01001A中2026年中
2056,25-29,女,98544.9,低,队列成分法推算；基准人口=表110-01001A中2026年中
2056,30-34,男,117396.7,低,队列成分法推算；基准人口=表110-01001A中2026年中
2056,30-34,女,113879.8,低,队列成分法推算；基准人口=表110-01001A中2026年中
2056,35-39,男,166483.6,低,队列成分法推算；基准人口=表110-01001A中2026年中
2056,35-39,女,161776.8,低,队列成分法推算；基准人口=表110-01001A中2026年中
2056,40-44,男,198206.2,低,队列成分法推算；基准人口=表110-01001A中2026年中
2056,40-44,女,192263.1,低,队列成分法推算；基准人口=表110-01001A中2026年中
2056,45-49,男,198557.8,低,队列成分法推算；基准人口=表110-01001A中2026年中
2056,45-49,女,193895.1,低,队列成分法推算；基准人口=表110-01001A中2026年中
2056,50-54,男,192160.4,低,队列成分法推算；基准人口=表110-01001A中2026年中
2056,50-54,女,196223.7,低,队列成分法推算；基准人口=表110-01001A中2026年中
2056,55-59,男,221543.5,低,队列成分法推算；基准人口=表110-01001A中2026年中
2056,55-59,女,218995.0,低,队列成分法推算；基准人口=表110-01001A中2026年中
2056,60-64,男,254720.7,低,队列成分法推算；基准人口=表110-01001A中2026年中
2056,60-64,女,260558.9,低,队列成分法推算；基准人口=表110-01001A中2026年中
2056,65-69,男,251888.9,低,队列成分法推算；基准人口=表110-01001A中2026年中
2056,65-69,女,273366.7,低,队列成分法推算；基准人口=表110-01001A中2026年中
2056,70-74,男,236621.6,低,队列成分法推算；基准人口=表110-01001A中2026年中
2056,70-74,女,285745.5,低,队列成分法推算；基准人口=表110-01001A中2026年中
2056,75-79,男,209476.5,低,队列成分法推算；基准人口=表110-01001A中2026年中
2056,75-79,女,283043.0,低,队列成分法推算；基准人口=表110-01001A中2026年中
2056,80-84,男,184412.0,低,队列成分法推算；基准人口=表110-01001A中2026年中
2056,80-84,女,273296.2,低,队列成分法推算；基准人口=表110-01001A中2026年中
2056,85+,男,360279.0,低,队列成分法推算；基准人口=表110-01001A中2026年中
2056,85+,女,617737.9,低,队列成分法推算；基准人口=表110-01001A中2026年中
2026,0-4,男,83500.0,中,队列成分法推算；基准人口=表110-01001A中2026年中
2026,0-4,女,76800.0,中,队列成分法推算；基准人口=表110-01001A中2026年中
2026,5-9,男,124500.0,中,队列成分法推算；基准人口=表110-01001A中2026年中
2026,5-9,女,115700.0,中,队列成分法推算；基准人口=表110-01001A中2026年中
2026,10-14,男,149500.0,中,队列成分法推算；基准人口=表110-01001A中2026年中
2026,10-14,女,138400.0,中,队列成分法推算；基准人口=表110-01001A中2026年中
2026,15-19,男,149600.0,中,队列成分法推算；基准人口=表110-01001A中2026年中
2026,15-19,女,139100.0,中,队列成分法推算；基准人口=表110-01001A中2026年中
2026,20-24,男,147300.0,中,队列成分法推算；基准人口=表110-01001A中2026年中
2026,20-24,女,145000.0,中,队列成分法推算；基准人口=表110-01001A中2026年中
2026,25-29,男,183500.0,中,队列成分法推算；基准人口=表110-01001A中2026年中
2026,25-29,女,172700.0,中,队列成分法推算；基准人口=表110-01001A中2026年中
2026,30-34,男,227100.0,中,队列成分法推算；基准人口=表110-01001A中2026年中
2026,30-34,女,221900.0,中,队列成分法推算；基准人口=表110-01001A中2026年中
2026,35-39,男,238500.0,中,队列成分法推算；基准人口=表110-01001A中2026年中
2026,35-39,女,246100.0,中,队列成分法推算；基准人口=表110-01001A中2026年中
2026,40-44,男,241900.0,中,队列成分法推算；基准人口=表110-01001A中2026年中
2026,40-44,女,274000.0,中,队列成分法推算；基准人口=表110-01001A中2026年中
2026,45-49,男,234900.0,中,队列成分法推算；基准人口=表110-01001A中2026年中
2026,45-49,女,289200.0,中,队列成分法推算；基准人口=表110-01001A中2026年中
2026,50-54,男,244100.0,中,队列成分法推算；基准人口=表110-01001A中2026年中
2026,50-54,女,307900.0,中,队列成分法推算；基准人口=表110-01001A中2026年中
2026,55-59,男,243400.0,中,队列成分法推算；基准人口=表110-01001A中2026年中
2026,55-59,女,314700.0,中,队列成分法推算；基准人口=表110-01001A中2026年中
2026,60-64,男,281500.0,中,队列成分法推算；基准人口=表110-01001A中2026年中
2026,60-64,女,339700.0,中,队列成分法推算；基准人口=表110-01001A中2026年中
2026,65-69,男,291500.0,中,队列成分法推算；基准人口=表110-01001A中2026年中
2026,65-69,女,309600.0,中,队列成分法推算；基准人口=表110-01001A中2026年中
2026,70-74,男,226600.0,中,队列成分法推算；基准人口=表110-01001A中2026年中
2026,70-74,女,248600.0,中,队列成分法推算；基准人口=表110-01001A中2026年中
2026,75-79,男,164300.0,中,队列成分法推算；基准人口=表110-01001A中2026年中
2026,75-79,女,182100.0,中,队列成分法推算；基准人口=表110-01001A中2026年中
2026,80-84,男,78500.0,中,队列成分法推算；基准人口=表110-01001A中2026年中
2026,80-84,女,89700.0,中,队列成分法推算；基准人口=表110-01001A中2026年中
2026,85+,男,95900.0,中,队列成分法推算；基准人口=表110-01001A中2026年中
2026,85+,女,145300.0,中,队列成分法推算；基准人口=表110-01001A中2026年中
2027,0-4,男,84397.8,中,队列成分法推算；基准人口=表110-01001A中2026年中
2027,0-4,女,78147.5,中,队列成分法推算；基准人口=表110-01001A中2026年中
2027,5-9,男,116881.3,中,队列成分法推算；基准人口=表110-01001A中2026年中
2027,5-9,女,108557.4,中,队列成分法推算；基准人口=表110-01001A中2026年中
2027,10-14,男,145086.6,中,队列成分法推算；基准人口=表110-01001A中2026年中
2027,10-14,女,134497.7,中,队列成分法推算；基准人口=表110-01001A中2026年中
2027,15-19,男,151956.7,中,队列成分法推算；基准人口=表110-01001A中2026年中
2027,15-19,女,141549.6,中,队列成分法推算；基准人口=表110-01001A中2026年中
2027,20-24,男,150122.6,中,队列成分法推算；基准人口=表110-01001A中2026年中
2027,20-24,女,146397.9,中,队列成分法推算；基准人口=表110-01001A中2026年中
2027,25-29,男,178597.1,中,队列成分法推算；基准人口=表110-01001A中2026年中
2027,25-29,女,169730.6,中,队列成分法推算；基准人口=表110-01001A中2026年中
2027,30-34,男,220662.3,中,队列成分法推算；基准人口=表110-01001A中2026年中
2027,30-34,女,214604.5,中,队列成分法推算；基准人口=表110-01001A中2026年中
2027,35-39,男,238466.1,中,队列成分法推算；基准人口=表110-01001A中2026年中
2027,35-39,女,243773.4,中,队列成分法推算；基准人口=表110-01001A中2026年中
2027,40-44,男,243363.9,中,队列成分法推算；基准人口=表110-01001A中2026年中
2027,40-44,女,270897.1,中,队列成分法推算；基准人口=表110-01001A中2026年中
2027,45-49,男,237377.9,中,队列成分法推算；基准人口=表110-01001A中2026年中
2027,45-49,女,287534.1,中,队列成分法推算；基准人口=表110-01001A中2026年中
2027,50-54,男,243057.7,中,队列成分法推算；基准人口=表110-01001A中2026年中
2027,50-54,女,305345.3,中,队列成分法推算；基准人口=表110-01001A中2026年中
2027,55-59,男,243972.9,中,队列成分法推算；基准人口=表110-01001A中2026年中
2027,55-59,女,314280.1,中,队列成分法推算；基准人口=表110-01001A中2026年中
2027,60-64,男,273630.3,中,队列成分法推算；基准人口=表110-01001A中2026年中
2027,60-64,女,335215.9,中,队列成分法推算；基准人口=表110-01001A中2026年中
2027,65-69,男,287033.5,中,队列成分法推算；基准人口=表110-01001A中2026年中
2027,65-69,女,314647.7,中,队列成分法推算；基准人口=表110-01001A中2026年中
2027,70-74,男,236323.5,中,队列成分法推算；基准人口=表110-01001A中2026年中
2027,70-74,女,259338.0,中,队列成分法推算；基准人口=表110-01001A中2026年中
2027,75-79,男,173016.4,中,队列成分法推算；基准人口=表110-01001A中2026年中
2027,75-79,女,193511.3,中,队列成分法推算；基准人口=表110-01001A中2026年中
2027,80-84,男,92078.8,中,队列成分法推算；基准人口=表110-01001A中2026年中
2027,80-84,女,106099.0,中,队列成分法推算；基准人口=表110-01001A中2026年中
2027,85+,男,102061.9,中,队列成分法推算；基准人口=表110-01001A中2026年中
2027,85+,女,151541.9,中,队列成分法推算；基准人口=表110-01001A中2026年中
2028,0-4,男,85050.1,中,队列成分法推算；基准人口=表110-01001A中2026年中
2028,0-4,女,79245.8,中,队列成分法推算；基准人口=表110-01001A中2026年中
2028,5-9,男,109284.9,中,队列成分法推算；基准人口=表110-01001A中2026年中
2028,5-9,女,101444.7,中,队列成分法推算；基准人口=表110-01001A中2026年中
2028,10-14,男,140703.2,中,队列成分法推算；基准人口=表110-01001A中2026年中
2028,10-14,女,130627.7,中,队列成分法推算；基准人口=表110-01001A中2026年中
2028,15-19,男,154071.0,中,队列成分法推算；基准人口=表110-01001A中2026年中
2028,15-19,女,143733.6,中,队列成分法推算；基准人口=表110-01001A中2026年中
2028,20-24,男,153063.0,中,队列成分法推算；基准人口=表110-01001A中2026年中
2028,20-24,女,147923.5,中,队列成分法推算；基准人口=表110-01001A中2026年中
2028,25-29,男,173817.8,中,队列成分法推算；基准人口=表110-01001A中2026年中
2028,25-29,女,166888.0,中,队列成分法推算；基准人口=表110-01001A中2026年中
2028,30-34,男,214357.4,中,队列成分法推算；基准人口=表110-01001A中2026年中
2028,30-34,女,207443.0,中,队列成分法推算；基准人口=表110-01001A中2026年中
2028,35-39,男,238555.4,中,队列成分法推算；基准人口=表110-01001A中2026年中
2028,35-39,女,241579.9,中,队列成分法推算；基准人口=表110-01001A中2026年中
2028,40-44,男,244968.8,中,队列成分法推算；基准人口=表110-01001A中2026年中
2028,40-44,女,267929.6,中,队列成分法推算；基准人口=表110-01001A中2026年中
2028,45-49,男,240143.2,中,队列成分法推算；基准人口=表110-01001A中2026年中
2028,45-49,女,286175.9,中,队列成分法推算；基准人口=表110-01001A中2026年中
2028,50-54,男,242159.2,中,队列成分法推算；基准人口=表110-01001A中2026年中
2028,50-54,女,302917.4,中,队列成分法推算；基准人口=表110-01001A中2026年中
2028,55-59,男,244701.8,中,队列成分法推算；基准人口=表110-01001A中2026年中
2028,55-59,女,313998.5,中,队列成分法推算；基准人口=表110-01001A中2026年中
2028,60-64,男,266053.8,中,队列成分法推算；基准人口=表110-01001A中2026年中
2028,60-64,女,330927.7,中,队列成分法推算；基准人口=表110-01001A中2026年中
2028,65-69,男,283124.7,中,队列成分法推算；基准人口=表110-01001A中2026年中
2028,65-69,女,319995.7,中,队列成分法推算；基准人口=表110-01001A中2026年中
2028,70-74,男,246071.6,中,队列成分法推算；基准人口=表110-01001A中2026年中
2028,70-74,女,270130.9,中,队列成分法推算；基准人口=表110-01001A中2026年中
2028,75-79,男,181651.9,中,队列成分法推算；基准人口=表110-01001A中2026年中
2028,75-79,女,204888.7,中,队列成分法推算；基准人口=表110-01001A中2026年中
2028,80-84,男,104943.4,中,队列成分法推算；基准人口=表110-01001A中2026年中
2028,80-84,女,122091.1,中,队列成分法推算；基准人口=表110-01001A中2026年中
2028,85+,男,107042.1,中,队列成分法推算；基准人口=表110-01001A中2026年中
2028,85+,女,156983.3,中,队列成分法推算；基准人口=表110-01001A中2026年中
2029,0-4,男,85454.9,中,队列成分法推算；基准人口=表110-01001A中2026年中
2029,0-4,女,80092.2,中,队列成分法推算；基准人口=表110-01001A中2026年中
2029,5-9,男,101710.9,中,队列成分法推算；基准人口=表110-01001A中2026年中
2029,5-9,女,94362.1,中,队列成分法推算；基准人口=表110-01001A中2026年中
2029,10-14,男,136349.6,中,队列成分法推算；基准人口=表110-01001A中2026年中
2029,10-14,女,126789.7,中,队列成分法推算；基准人口=表110-01001A中2026年中
2029,15-19,男,155925.7,中,队列成分法推算；基准人口=表110-01001A中2026年中
2029,15-19,女,145633.1,中,队列成分法推算；基准人口=表110-01001A中2026年中
2029,20-24,男,156121.0,中,队列成分法推算；基准人口=表110-01001A中2026年中
2029,20-24,女,149577.0,中,队列成分法推算；基准人口=表110-01001A中2026年中
2029,25-29,男,169161.9,中,队列成分法推算；基准人口=表110-01001A中2026年中
2029,25-29,女,164172.2,中,队列成分法推算；基准人口=表110-01001A中2026年中
2029,30-34,男,208184.9,中,队列成分法推算；基准人口=表110-01001A中2026年中
2029,30-34,女,200415.2,中,队列成分法推算；基准人口=表110-01001A中2026年中
2029,35-39,男,238767.8,中,队列成分法推算；基准人口=表110-01001A中2026年中
2029,35-39,女,239519.3,中,队列成分法推算；基准人口=表110-01001A中2026年中
2029,40-44,男,246714.4,中,队列成分法推算；基准人口=表110-01001A中2026年中
2029,40-44,女,265097.4,中,队列成分法推算；基准人口=表110-01001A中2026年中
2029,45-49,男,243203.7,中,队列成分法推算；基准人口=表110-01001A中2026年中
2029,45-49,女,285133.8,中,队列成分法推算；基准人口=表110-01001A中2026年中
2029,50-54,男,241403.4,中,队列成分法推算；基准人口=表110-01001A中2026年中
2029,50-54,女,300615.6,中,队列成分法推算；基准人口=表110-01001A中2026年中
2029,55-59,男,245584.9,中,队列成分法推算；基准人口=表110-01001A中2026年中
2029,55-59,女,313854.0,中,队列成分法推算；基准人口=表110-01001A中2026年中
2029,60-64,男,258765.0,中,队列成分法推算；基准人口=表110-01001A中2026年中
2029,60-64,女,326834.1,中,队列成分法推算；基准人口=表110-01001A中2026年中
2029,65-69,男,279768.6,中,队列成分法推算；基准人口=表110-01001A中2026年中
2029,65-69,女,325652.0,中,队列成分法推算；基准人口=表110-01001A中2026年中
2029,70-74,男,255840.3,中,队列成分法推算；基准人口=表110-01001A中2026年中
2029,70-74,女,280977.3,中,队列成分法推算；基准人口=表110-01001A中2026年中
2029,75-79,男,190203.9,中,队列成分法推算；基准人口=表110-01001A中2026年中
2029,75-79,女,216231.7,中,队列成分法推算；基准人口=表110-01001A中2026年中
2029,80-84,男,117126.8,中,队列成分法推算；基准人口=表110-01001A中2026年中
2029,80-84,女,137688.2,中,队列成分法推算；基准人口=表110-01001A中2026年中
2029,85+,男,111000.1,中,队列成分法推算；基准人口=表110-01001A中2026年中
2029,85+,女,161713.7,中,队列成分法推算；基准人口=表110-01001A中2026年中
2030,0-4,男,85610.6,中,队列成分法推算；基准人口=表110-01001A中2026年中
2030,0-4,女,80684.3,中,队列成分法推算；基准人口=表110-01001A中2026年中
2030,5-9,男,94159.3,中,队列成分法推算；基准人口=表110-01001A中2026年中
2030,5-9,女,87309.4,中,队列成分法推算；基准人口=表110-01001A中2026年中
2030,10-14,男,132025.8,中,队列成分法推算；基准人口=表110-01001A中2026年中
2030,10-14,女,122983.9,中,队列成分法推算；基准人口=表110-01001A中2026年中
2030,15-19,男,157503.7,中,队列成分法推算；基准人口=表110-01001A中2026年中
2030,15-19,女,147229.6,中,队列成分法推算；基准人口=表110-01001A中2026年中
2030,20-24,男,159296.7,中,队列成分法推算；基准人口=表110-01001A中2026年中
2030,20-24,女,151358.3,中,队列成分法推算；基准人口=表110-01001A中2026年中
2030,25-29,男,164629.5,中,队列成分法推算；基准人口=表110-01001A中2026年中
2030,25-29,女,161583.1,中,队列成分法推算；基准人口=表110-01001A中2026年中
2030,30-34,男,202144.8,中,队列成分法推算；基准人口=表110-01001A中2026年中
2030,30-34,女,193521.0,中,队列成分法推算；基准人口=表110-01001A中2026年中
2030,35-39,男,239103.0,中,队列成分法推算；基准人口=表110-01001A中2026年中
2030,35-39,女,237591.5,中,队列成分法推算；基准人口=表110-01001A中2026年中
2030,40-44,男,248600.4,中,队列成分法推算；基准人口=表110-01001A中2026年中
2030,40-44,女,262400.2,中,队列成分法推算；基准人口=表110-01001A中2026年中
2030,45-49,男,246567.1,中,队列成分法推算；基准人口=表110-01001A中2026年中
2030,45-49,女,284416.9,中,队列成分法推算；基准人口=表110-01001A中2026年中
2030,50-54,男,240789.3,中,队列成分法推算；基准人口=表110-01001A中2026年中
2030,50-54,女,298439.2,中,队列成分法推算；基准人口=表110-01001A中2026年中
2030,55-59,男,246620.6,中,队列成分法推算；基准人口=表110-01001A中2026年中
2030,55-59,女,313845.8,中,队列成分法推算；基准人口=表110-01001A中2026年中
2030,60-64,男,251758.5,中,队列成分法推算；基准人口=表110-01001A中2026年中
2030,60-64,女,322934.0,中,队列成分法推算；基准人口=表110-01001A中2026年中
2030,65-69,男,276960.8,中,队列成分法推算；基准人口=表110-01001A中2026年中
2030,65-69,女,331624.6,中,队列成分法推算；基准人口=表110-01001A中2026年中
2030,70-74,男,265625.8,中,队列成分法推算；基准人口=表110-01001A中2026年中
2030,70-74,女,291875.7,中,队列成分法推算；基准人口=表110-01001A中2026年中
2030,75-79,男,198670.5,中,队列成分法推算；基准人口=表110-01001A中2026年中
2030,75-79,女,227539.8,中,队列成分法推算；基准人口=表110-01001A中2026年中
2030,80-84,男,128660.9,中,队列成分法推算；基准人口=表110-01001A中2026年中
2030,80-84,女,152902.3,中,队列成分法推算；基准人口=表110-01001A中2026年中
2030,85+,男,114075.8,中,队列成分法推算；基准人口=表110-01001A中2026年中
2030,85+,女,165813.5,中,队列成分法推算；基准人口=表110-01001A中2026年中
2031,0-4,男,85516.1,中,队列成分法推算；基准人口=表110-01001A中2026年中
2031,0-4,女,81020.0,中,队列成分法推算；基准人口=表110-01001A中2026年中
2031,5-9,男,86630.1,中,队列成分法推算；基准人口=表110-01001A中2026年中
2031,5-9,女,80286.9,中,队列成分法推算；基准人口=表110-01001A中2026年中
2031,10-14,男,127731.8,中,队列成分法推算；基准人口=表110-01001A中2026年中
2031,10-14,女,119210.3,中,队列成分法推算；基准人口=表110-01001A中2026年中
2031,15-19,男,158787.7,中,队列成分法推算；基准人口=表110-01001A中2026年中
2031,15-19,女,148504.5,中,队列成分法推算；基准人口=表110-01001A中2026年中
2031,20-24,男,162590.0,中,队列成分法推算；基准人口=表110-01001A中2026年中
2031,20-24,女,153267.3,中,队列成分法推算；基准人口=表110-01001A中2026年中
2031,25-29,男,160220.3,中,队列成分法推算；基准人口=表110-01001A中2026年中
2031,25-29,女,159120.7,中,队列成分法推算；基准人口=表110-01001A中2026年中
2031,30-34,男,196236.6,中,队列成分法推算；基准人口=表110-01001A中2026年中
2031,30-34,女,186760.4,中,队列成分法推算；基准人口=表110-01001A中2026年中
2031,35-39,男,239561.1,中,队列成分法推算；基准人口=表110-01001A中2026年中
2031,35-39,女,235796.4,中,队列成分法推算；基准人口=表110-01001A中2026年中
2031,40-44,男,250626.7,中,队列成分法推算；基准人口=表110-01001A中2026年中
2031,40-44,女,259837.9,中,队列成分法推算；基准人口=表110-01001A中2026年中
2031,45-49,男,250241.1,中,队列成分法推算；基准人口=表110-01001A中2026年中
2031,45-49,女,284033.6,中,队列成分法推算；基准人口=表110-01001A中2026年中
2031,50-54,男,240316.1,中,队列成分法推算；基准人口=表110-01001A中2026年中
2031,50-54,女,296387.7,中,队列成分法推算；基准人口=表110-01001A中2026年中
2031,55-59,男,247807.6,中,队列成分法推算；基准人口=表110-01001A中2026年中
2031,55-59,女,313973.1,中,队列成分法推算；基准人口=表110-01001A中2026年中
2031,60-64,男,245029.3,中,队列成分法推算；基准人口=表110-01001A中2026年中
2031,60-64,女,319226.2,中,队列成分法推算；基准人口=表110-01001A中2026年中
2031,65-69,男,274697.3,中,队列成分法推算；基准人口=表110-01001A中2026年中
2031,65-69,女,337921.3,中,队列成分法推算；基准人口=表110-01001A中2026年中
2031,70-74,男,275424.8,中,队列成分法推算；基准人口=表110-01001A中2026年中
2031,70-74,女,302824.7,中,队列成分法推算；基准人口=表110-01001A中2026年中
2031,75-79,男,207050.1,中,队列成分法推算；基准人口=表110-01001A中2026年中
2031,75-79,女,238812.8,中,队列成分法推算；基准人口=表110-01001A中2026年中
2031,80-84,男,139576.3,中,队列成分法推算；基准人口=表110-01001A中2026年中
2031,80-84,女,167745.1,中,队列成分法推算；基准人口=表110-01001A中2026年中
2031,85+,男,116392.4,中,队列成分法推算；基准人口=表110-01001A中2026年中
2031,85+,女,169355.0,中,队列成分法推算；基准人口=表110-01001A中2026年中
2032,0-4,男,84825.3,中,队列成分法推算；基准人口=表110-01001A中2026年中
2032,0-4,女,80379.8,中,队列成分法推算；基准人口=表110-01001A中2026年中
2032,5-9,男,87671.8,中,队列成分法推算；基准人口=表110-01001A中2026年中
2032,5-9,女,81790.5,中,队列成分法推算；基准人口=表110-01001A中2026年中
2032,10-14,男,120261.3,中,队列成分法推算；基准人口=表110-01001A中2026年中
2032,10-14,女,112227.6,中,队列成分法推算；基准人口=表110-01001A中2026年中
2032,15-19,男,154780.6,中,队列成分法推算；基准人口=表110-01001A中2026年中
2032,15-19,女,145041.6,中,队列成分法推算；基准人口=表110-01001A中2026年中
2032,20-24,男,165521.8,中,队列成分法推算；基准人口=表110-01001A中2026年中
2032,20-24,女,156340.2,中,队列成分法推算；基准人口=表110-01001A中2026年中
2032,25-29,男,163617.1,中,队列成分法推算；基准人口=表110-01001A中2026年中
2032,25-29,女,161142.6,中,队列成分法推算；基准人口=表110-01001A中2026年中
2032,30-34,男,191922.7,中,队列成分法推算；基准人口=表110-01001A中2026年中
2032,30-34,女,184419.4,中,队列成分法推算；基准人口=表110-01001A中2026年中
2032,35-39,男,233725.1,中,队列成分法推算；基准人口=表110-01001A中2026年中
2032,35-39,女,229138.8,中,队列成分法推算；基准人口=表110-01001A中2026年中
2032,40-44,男,251178.6,中,队列成分法推算；基准人口=表110-01001A中2026年中
2032,40-44,女,258145.2,中,队列成分法推算；基准人口=表110-01001A中2026年中
2032,45-49,男,252159.5,中,队列成分法推算；基准人口=表110-01001A中2026年中
2032,45-49,女,281429.4,中,队列成分法推算；基准人口=表110-01001A中2026年中
2032,50-54,男,243156.5,中,队列成分法推算；基准人口=表110-01001A中2026年中
2032,50-54,女,295136.7,中,队列成分法推算；基准人口=表110-01001A中2026年中
2032,55-59,男,247181.4,中,队列成分法推算；基准人口=表110-01001A中2026年中
2032,55-59,女,311856.5,中,队列成分法推算；基准人口=表110-01001A中2026年中
2032,60-64,男,246009.8,中,队列成分法推算；基准人口=表110-01001A中2026年中
2032,60-64,女,319238.0,中,队列成分法推算；基准人口=表110-01001A中2026年中
2032,65-69,男,267404.1,中,队列成分法推算；基准人口=表110-01001A中2026年中
2032,65-69,女,333788.9,中,队列成分法推算；基准人口=表110-01001A中2026年中
2032,70-74,男,271507.2,中,队列成分法推算；基准人口=表110-01001A中2026年中
2032,70-74,女,307945.2,中,队列成分法推算；基准人口=表110-01001A中2026年中
2032,75-79,男,216372.5,中,队列成分法推算；基准人口=表110-01001A中2026年中
2032,75-79,女,249346.5,中,队列成分法推算；基准人口=表110-01001A中2026年中
2032,80-84,男,147697.2,中,队列成分法推算；基准人口=表110-01001A中2026年中
2032,80-84,女,178715.4,中,队列成分法推算；基准人口=表110-01001A中2026年中
2032,85+,男,131303.8,中,队列成分法推算；基准人口=表110-01001A中2026年中
2032,85+,女,188436.4,中,队列成分法推算；基准人口=表110-01001A中2026年中
2033,0-4,男,84287.6,中,队列成分法推算；基准人口=表110-01001A中2026年中
2033,0-4,女,79884.0,中,队列成分法推算；基准人口=表110-01001A中2026年中
2033,5-9,男,88468.9,中,队列成分法推算；基准人口=表110-01001A中2026年中
2033,5-9,女,83045.4,中,队列成分法推算；基准人口=表110-01001A中2026年中
2033,10-14,男,112813.1,中,队列成分法推算；基准人口=表110-01001A中2026年中
2033,10-14,女,105274.9,中,队列成分法推算；基准人口=表110-01001A中2026年中
2033,15-19,男,150803.8,中,队列成分法推算；基准人口=表110-01001A中2026年中
2033,15-19,女,141610.7,中,队列成分法推算；基准人口=表110-01001A中2026年中
2033,20-24,男,168211.5,中,队列成分法推算；基准人口=表110-01001A中2026年中
2033,20-24,女,159147.5,中,队列成分法推算；基准人口=表110-01001A中2026年中
2033,25-29,男,167131.4,中,队列成分法推算；基准人口=表110-01001A中2026年中
2033,25-29,女,163292.3,中,队列成分法推算；基准人口=表110-01001A中2026年中
2033,30-34,男,187733.1,中,队列成分法推算；基准人口=表110-01001A中2026年中
2033,30-34,女,182205.5,中,队列成分法推算；基准人口=表110-01001A中2026年中
2033,35-39,男,228021.7,中,队列成分法推算；基准人口=表110-01001A中2026年中
2033,35-39,女,222615.4,中,队列成分法推算；基准人口=表110-01001A中2026年中
2033,40-44,男,251854.2,中,队列成分法推算；基准人口=表110-01001A中2026年中
2033,40-44,女,256585.4,中,队列成分法推算；基准人口=表110-01001A中2026年中
2033,45-49,男,254218.5,中,队列成分法推算；基准人口=表110-01001A中2026年中
2033,45-49,女,278962.5,中,队列成分法推算；基准人口=表110-01001A中2026年中
2033,50-54,男,246280.1,中,队列成分法推算；基准人口=表110-01001A中2026年中
2033,50-54,女,294193.1,中,队列成分法推算；基准人口=表110-01001A中2026年中
2033,55-59,男,246698.5,中,队列成分法推算；基准人口=表110-01001A中2026年中
2033,55-59,女,309867.7,中,队列成分法推算；基准人口=表110-01001A中2026年中
2033,60-64,男,247141.8,中,队列成分法推算；基准人口=表110-01001A中2026年中
2033,60-64,女,319387.3,中,队列成分法推算；基准人口=表110-01001A中2026年中
2033,65-69,男,260415.9,中,队列成分法推算；基准人口=表110-01001A中2026年中
2033,65-69,女,329853.6,中,队列成分法推算；基准人口=表110-01001A中2026年中
2033,70-74,男,268120.3,中,队列成分法推算；基准人口=表110-01001A中2026年中
2033,70-74,女,313340.9,中,队列成分法推算；基准人口=表110-01001A中2026年中
2033,75-79,男,225624.4,中,队列成分法推算；基准人口=表110-01001A中2026年中
2033,75-79,女,259879.0,中,队列成分法推算；基准人口=表110-01001A中2026年中
2033,80-84,男,155488.7,中,队列成分法推算；基准人口=表110-01001A中2026年中
2033,80-84,女,189476.5,中,队列成分法推算；基准人口=表110-01001A中2026年中
2033,85+,男,144390.0,中,队列成分法推算；基准人口=表110-01001A中2026年中
2033,85+,女,205883.0,中,队列成分法推算；基准人口=表110-01001A中2026年中
2034,0-4,男,83906.2,中,队列成分法推算；基准人口=表110-01001A中2026年中
2034,0-4,女,79535.7,中,队列成分法推算；基准人口=表110-01001A中2026年中
2034,5-9,男,89019.2,中,队列成分法推算；基准人口=表110-01001A中2026年中
2034,5-9,女,84048.8,中,队列成分法推算；基准人口=表110-01001A中2026年中
2034,10-14,男,105387.2,中,队列成分法推算；基准人口=表110-01001A中2026年中
2034,10-14,女,98352.0,中,队列成分法推算；基准人口=表110-01001A中2026年中
2034,15-19,男,146857.1,中,队列成分法推算；基准人口=表110-01001A中2026年中
2034,15-19,女,138212.0,中,队列成分法推算；基准人口=表110-01001A中2026年中
2034,20-24,男,170641.9,中,队列成分法推算；基准人口=表110-01001A中2026年中
2034,20-24,女,161670.6,中,队列成分法推算；基准人口=表110-01001A中2026年中
2034,25-29,男,170763.3,中,队列成分法推算；基准人口=表110-01001A中2026年中
2034,25-29,女,165569.7,中,队列成分法推算；基准人口=表110-01001A中2026年中
2034,30-34,男,183667.9,中,队列成分法推算；基准人口=表110-01001A中2026年中
2034,30-34,女,180118.7,中,队列成分法推算；基准人口=表110-01001A中2026年中
2034,35-39,男,222450.6,中,队列成分法推算；基准人口=表110-01001A中2026年中
2034,35-39,女,216226.2,中,队列成分法推算；基准人口=表110-01001A中2026年中
2034,40-44,男,252653.2,中,队列成分法推算；基准人口=表110-01001A中2026年中
2034,40-44,女,255158.6,中,队列成分法推算；基准人口=表110-01001A中2026年中
2034,45-49,男,256417.7,中,队列成分法推算；基准人口=表110-01001A中2026年中
2034,45-49,女,276632.6,中,队列成分法推算；基准人口=表110-01001A中2026年中
2034,50-54,男,249694.5,中,队列成分法推算；基准人口=表110-01001A中2026年中
2034,50-54,女,293565.3,中,队列成分法推算；基准人口=表110-01001A中2026年中
2034,55-59,男,246357.9,中,队列成分法推算；基准人口=表110-01001A中2026年中
2034,55-59,女,308005.7,中,队列成分法推算；基准人口=表110-01001A中2026年中
2034,60-64,男,248423.5,中,队列成分法推算；基准人口=表110-01001A中2026年中
2034,60-64,女,319673.1,中,队列成分法推算；基准人口=表110-01001A中2026年中
2034,65-69,男,253726.0,中,队列成分法推算；基准人口=表110-01001A中2026年中
2034,65-69,女,326114.1,中,队列成分法推算；基准人口=表110-01001A中2026年中
2034,70-74,男,265257.8,中,队列成分法推算；基准人口=表110-01001A中2026年中
2034,70-74,女,319019.4,中,队列成分法推算；基准人口=表110-01001A中2026年中
2034,75-79,男,234807.2,中,队列成分法推算；基准人口=表110-01001A中2026年中
2034,75-79,女,270410.7,中,队列成分法推算；基准人口=表110-01001A中2026年中
2034,80-84,男,162966.4,中,队列成分法推算；基准人口=表110-01001A中2026年中
2034,80-84,女,200036.9,中,队列成分法推算；基准人口=表110-01001A中2026年中
2034,85+,男,155856.6,中,队列成分法推算；基准人口=表110-01001A中2026年中
2034,85+,女,221850.0,中,队列成分法推算；基准人口=表110-01001A中2026年中
2035,0-4,男,83684.1,中,队列成分法推算；基准人口=表110-01001A中2026年中
2035,0-4,女,79337.8,中,队列成分法推算；基准人口=表110-01001A中2026年中
2035,5-9,男,89321.1,中,队列成分法推算；基准人口=表110-01001A中2026年中
2035,5-9,女,84798.3,中,队列成分法推算；基准人口=表110-01001A中2026年中
2035,10-14,男,97983.6,中,队列成分法推算；基准人口=表110-01001A中2026年中
2035,10-14,女,91459.0,中,队列成分法推算；基准人口=表110-01001A中2026年中
2035,15-19,男,142940.7,中,队列成分法推算；基准人口=表110-01001A中2026年中
2035,15-19,女,134845.3,中,队列成分法推算；基准人口=表110-01001A中2026年中
2035,20-24,男,172795.9,中,队列成分法推算；基准人口=表110-01001A中2026年中
2035,20-24,女,163890.9,中,队列成分法推算；基准人口=表110-01001A中2026年中
2035,25-29,男,174512.7,中,队列成分法推算；基准人口=表110-01001A中2026年中
2035,25-29,女,167974.7,中,队列成分法推算；基准人口=表110-01001A中2026年中
2035,30-34,男,179726.7,中,队列成分法推算；基准人口=表110-01001A中2026年中
2035,30-34,女,178158.8,中,队列成分法推算；基准人口=表110-01001A中2026年中
2035,35-39,男,217011.7,中,队列成分法推算；基准人口=表110-01001A中2026年中
2035,35-39,女,209971.1,中,队列成分法推算；基准人口=表110-01001A中2026年中
2035,40-44,男,253575.5,中,队列成分法推算；基准人口=表110-01001A中2026年中
2035,40-44,女,253864.7,中,队列成分法推算；基准人口=表110-01001A中2026年中
2035,45-49,男,258757.0,中,队列成分法推算；基准人口=表110-01001A中2026年中
2035,45-49,女,274439.7,中,队列成分法推算；基准人口=表110-01001A中2026年中
2035,50-54,男,253407.3,中,队列成分法推算；基准人口=表110-01001A中2026年中
2035,50-54,女,293262.1,中,队列成分法推算；基准人口=表110-01001A中2026年中
2035,55-59,男,246158.4,中,队列成分法推算；基准人口=表110-01001A中2026年中
2035,55-59,女,306270.1,中,队列成分法推算；基准人口=表110-01001A中2026年中
2035,60-64,男,249853.5,中,队列成分法推算；基准人口=表110-01001A中2026年中
2035,60-64,女,320094.7,中,队列成分法推算；基准人口=表110-01001A中2026年中
2035,65-69,男,247328.2,中,队列成分法推算；基准人口=表110-01001A中2026年中
2035,65-69,女,322569.1,中,队列成分法推算；基准人口=表110-01001A中2026年中
2035,70-74,男,262913.5,中,队列成分法推算；基准人口=表110-01001A中2026年中
2035,70-74,女,324988.2,中,队列成分法推算；基准人口=表110-01001A中2026年中
2035,75-79,男,243922.4,中,队列成分法推算；基准人口=表110-01001A中2026年中
2035,75-79,女,280941.5,中,队列成分法推算；基准人口=表110-01001A中2026年中
2035,80-84,男,170145.1,中,队列成分法推算；基准人口=表110-01001A中2026年中
2035,80-84,女,210404.8,中,队列成分法推算；基准人口=表110-01001A中2026年中
2035,85+,男,165886.8,中,队列成分法推算；基准人口=表110-01001A中2026年中
2035,85+,女,236477.9,中,队列成分法推算；基准人口=表110-01001A中2026年中
2036,0-4,男,83624.1,中,队列成分法推算；基准人口=表110-01001A中2026年中
2036,0-4,女,79293.0,中,队列成分法推算；基准人口=表110-01001A中2026年中
2036,5-9,男,89373.1,中,队列成分法推算；基准人口=表110-01001A中2026年中
2036,5-9,女,85291.6,中,队列成分法推算；基准人口=表110-01001A中2026年中
2036,10-14,男,90602.2,中,队列成分法推算；基准人口=表110-01001A中2026年中
2036,10-14,女,84596.0,中,队列成分法推算；基准人口=表110-01001A中2026年中
2036,15-19,男,139054.3,中,队列成分法推算；基准人口=表110-01001A中2026年中
2036,15-19,女,131510.6,中,队列成分法推算；基准人口=表110-01001A中2026年中
2036,20-24,男,174656.4,中,队列成分法推算；基准人口=表110-01001A中2026年中
2036,20-24,女,165789.9,中,队列成分法推算；基准人口=表110-01001A中2026年中
2036,25-29,男,178379.7,中,队列成分法推算；基准人口=表110-01001A中2026年中
2036,25-29,女,170507.5,中,队列成分法推算；基准人口=表110-01001A中2026年中
2036,30-34,男,175909.5,中,队列成分法推算；基准人口=表110-01001A中2026年中
2036,30-34,女,176325.9,中,队列成分法推算；基准人口=表110-01001A中2026年中
2036,35-39,男,211704.6,中,队列成分法推算；基准人口=表110-01001A中2026年中
2036,35-39,女,203849.8,中,队列成分法推算；基准人口=表110-01001A中2026年中
2036,40-44,男,254621.1,中,队列成分法推算；基准人口=表110-01001A中2026年中
2036,40-44,女,252703.4,中,队列成分法推算；基准人口=表110-01001A中2026年中
2036,45-49,男,261236.1,中,队列成分法推算；基准人口=表110-01001A中2026年中
2036,45-49,女,272383.4,中,队列成分法推算；基准人口=表110-01001A中2026年中
2036,50-54,男,257426.0,中,队列成分法推算；基准人口=表110-01001A中2026年中
2036,50-54,女,293292.0,中,队列成分法推算；基准人口=表110-01001A中2026年中
2036,55-59,男,246099.1,中,队列成分法推算；基准人口=表110-01001A中2026年中
2036,55-59,女,304660.0,中,队列成分法推算；基准人口=表110-01001A中2026年中
2036,60-64,男,251430.2,中,队列成分法推算；基准人口=表110-01001A中2026年中
2036,60-64,女,320651.0,中,队列成分法推算；基准人口=表110-01001A中2026年中
2036,65-69,男,241216.4,中,队列成分法推算；基准人口=表110-01001A中2026年中
2036,65-69,女,319217.1,中,队列成分法推算；基准人口=表110-01001A中2026年中
2036,70-74,男,261082.0,中,队列成分法推算；基准人口=表110-01001A中2026年中
2036,70-74,女,331254.8,中,队列成分法推算；基准人口=表110-01001A中2026年中
2036,75-79,男,252971.6,中,队列成分法推算；基准人口=表110-01001A中2026年中
2036,75-79,女,291471.9,中,队列成分法推算；基准人口=表110-01001A中2026年中
2036,80-84,男,177038.9,中,队列成分法推算；基准人口=表110-01001A中2026年中
2036,80-84,女,220588.1,中,队列成分法推算；基准人口=表110-01001A中2026年中
2036,85+,男,174643.7,中,队列成分法推算；基准人口=表110-01001A中2026年中
2036,85+,女,249894.0,中,队列成分法推算；基准人口=表110-01001A中2026年中
2037,0-4,男,83670.1,中,队列成分法推算；基准人口=表110-01001A中2026年中
2037,0-4,女,79340.1,中,队列成分法推算；基准人口=表110-01001A中2026年中
2037,5-9,男,88770.6,中,队列成分法推算；基准人口=表110-01001A中2026年中
2037,5-9,女,84745.8,中,队列成分法推算；基准人口=表110-01001A中2026年中
2037,10-14,男,91729.1,中,队列成分法推算；基准人口=表110-01001A中2026年中
2037,10-14,女,86191.7,中,队列成分法推算；基准人口=表110-01001A中2026年中
2037,15-19,男,131756.0,中,队列成分法推算；基准人口=表110-01001A中2026年中
2037,15-19,女,124713.7,中,队列成分法推算；基准人口=表110-01001A中2026年中
2037,20-24,男,170995.3,中,队列成分法推算；基准人口=表110-01001A中2026年中
2037,20-24,女,162698.4,中,队列成分法推算；基准人口=表110-01001A中2026年中
2037,25-29,男,181650.7,中,队列成分法推算；基准人口=表110-01001A中2026年中
2037,25-29,女,173948.4,中,队列成分法推算；基准人口=表110-01001A中2026年中
2037,30-34,男,179644.0,中,队列成分法推算；基准人口=表110-01001A中2026年中
2037,30-34,女,178716.6,中,队列成分法推算；基准人口=表110-01001A中2026年中
2037,35-39,男,207748.9,中,队列成分法推算；基准人口=表110-01001A中2026年中
2037,35-39,女,201883.7,中,队列成分法推算；基准人口=表110-01001A中2026年中
2037,40-44,男,249152.7,中,队列成分法推算；基准人口=表110-01001A中2026年中
2037,40-44,女,246431.6,中,队列成分法推算；基准人口=表110-01001A中2026年中
2037,45-49,男,262099.7,中,队列成分法推算；基准人口=表110-01001A中2026年中
2037,45-49,女,271025.0,中,队列成分法推算；基准人口=表110-01001A中2026年中
2037,50-54,男,259563.5,中,队列成分法推算；基准人口=表110-01001A中2026年中
2037,50-54,女,290944.3,中,队列成分法推算；基准人口=表110-01001A中2026年中
2037,55-59,男,249147.6,中,队列成分法推算；基准人口=表110-01001A中2026年中
2037,55-59,女,303674.1,中,队列成分法推算；基准人口=表110-01001A中2026年中
2037,60-64,男,251086.6,中,队列成分法推算；基准人口=表110-01001A中2026年中
2037,60-64,女,318821.2,中,队列成分法推算；基准人口=表110-01001A中2026年中
2037,65-69,男,242416.8,中,队列成分法推算；基准人口=表110-01001A中2026年中
2037,65-69,女,319448.6,中,队列成分法推算；基准人口=表110-01001A中2026年中
2037,70-74,男,254373.6,中,队列成分法推算；基准人口=表110-01001A中2026年中
2037,70-74,女,327355.8,中,队列成分法推算；基准人口=表110-01001A中2026年中
2037,75-79,男,249692.7,中,队列成分法推算；基准人口=表110-01001A中2026年中
2037,75-79,女,296579.8,中,队列成分法推算；基准人口=表110-01001A中2026年中
2037,80-84,男,185694.1,中,队列成分法推算；基准人口=表110-01001A中2026年中
2037,80-84,女,230726.3,中,队列成分法推算；基准人口=表110-01001A中2026年中
2037,85+,男,190840.3,中,队列成分法推算；基准人口=表110-01001A中2026年中
2037,85+,女,273072.0,中,队列成分法推算；基准人口=表110-01001A中2026年中
2038,0-4,男,83887.4,中,队列成分法推算；基准人口=表110-01001A中2026年中
2038,0-4,女,79542.4,中,队列成分法推算；基准人口=表110-01001A中2026年中
2038,5-9,男,88262.0,中,队列成分法推算；基准人口=表110-01001A中2026年中
2038,5-9,女,84280.6,中,队列成分法推算；基准人口=表110-01001A中2026年中
2038,10-14,男,92552.7,中,队列成分法推算；基准人口=表110-01001A中2026年中
2038,10-14,女,87475.1,中,队列成分法推算；基准人口=表110-01001A中2026年中
2038,15-19,男,124280.6,中,队列成分法推算；基准人口=表110-01001A中2026年中
2038,15-19,女,117730.1,中,队列成分法推算；基准人口=表110-01001A中2026年中
2038,20-24,男,167129.7,中,队列成分法推算；基准人口=表110-01001A中2026年中
2038,20-24,女,159384.8,中,队列成分法推算；基准人口=表110-01001A中2026年中
2038,25-29,男,184444.9,中,队列成分法推算；基准人口=表110-01001A中2026年中
2038,25-29,女,176869.4,中,队列成分法推算；基准人口=表110-01001A中2026年中
2038,30-34,男,183260.8,中,队列成分法推算；基准人口=表110-01001A中2026年中
2038,30-34,女,180980.4,中,队列成分法推算；基准人口=表110-01001A中2026年中
2038,35-39,男,203682.6,中,队列成分法推算；基准人口=表110-01001A中2026年中
2038,35-39,女,199790.4,中,队列成分法推算；基准人口=表110-01001A中2026年中
2038,40-44,男,243584.6,中,队列成分法推算；基准人口=表110-01001A中2026年中
2038,40-44,女,240039.6,中,队列成分法推算；基准人口=表110-01001A中2026年中
2038,45-49,男,262923.4,中,队列成分法推算；基准人口=表110-01001A中2026年中
2038,45-49,女,269623.1,中,队列成分法推算；基准人口=表110-01001A中2026年中
2038,50-54,男,261694.4,中,队列成分法推算；基准人口=表110-01001A中2026年中
2038,50-54,女,288576.7,中,队列成分法推算；基准人口=表110-01001A中2026年中
2038,55-59,男,252327.4,中,队列成分法推算；基准人口=表110-01001A中2026年中
2038,55-59,女,302836.1,中,队列成分法推算；基准人口=表110-01001A中2026年中
2038,60-64,男,250739.3,中,队列成分法推算；基准人口=表110-01001A中2026年中
2038,60-64,女,316962.5,中,队列成分法推算；基准人口=表110-01001A中2026年中
2038,65-69,男,243698.3,中,队列成分法推算；基准人口=表110-01001A中2026年中
2038,65-69,女,319746.7,中,队列成分法推算；基准人口=表110-01001A中2026年中
2038,70-74,男,247939.5,中,队列成分法推算；基准人口=表110-01001A中2026年中
2038,70-74,女,323614.1,中,队列成分法推算；基准人口=表110-01001A中2026年中
2038,75-79,男,246864.4,中,队列成分法推算；基准人口=表110-01001A中2026年中
2038,75-79,女,301879.6,中,队列成分法推算；基准人口=表110-01001A中2026年中
2038,80-84,男,193998.9,中,队列成分法推算；基准人口=表110-01001A中2026年中
2038,80-84,女,240666.3,中,队列成分法推算；基准人口=表110-01001A中2026年中
2038,85+,男,205288.1,中,队列成分法推算；基准人口=表110-01001A中2026年中
2038,85+,女,294472.0,中,队列成分法推算；基准人口=表110-01001A中2026年中
2039,0-4,男,84262.0,中,队列成分法推算；基准人口=表110-01001A中2026年中
2039,0-4,女,79888.1,中,队列成分法推算；基准人口=表110-01001A中2026年中
2039,5-9,男,87850.5,中,队列成分法推算；基准人口=表110-01001A中2026年中
2039,5-9,女,83899.1,中,队列成分法推算；基准人口=表110-01001A中2026年中
2039,10-14,男,93070.9,中,队列成分法推算；基准人口=表110-01001A中2026年中
2039,10-14,女,88443.5,中,队列成分法推算；基准人口=表110-01001A中2026年中
2039,15-19,男,116663.6,中,队列成分法推算；基准人口=表110-01001A中2026年中
2039,15-19,女,110598.0,中,队列成分法推算；基准人口=表110-01001A中2026年中
2039,20-24,男,163059.7,中,队列成分法推算；基准人口=表110-01001A中2026年中
2039,20-24,女,155848.9,中,队列成分法推算；基准人口=表110-01001A中2026年中
2039,25-29,男,186745.4,中,队列成分法推算；基准人口=表110-01001A中2026年中
2039,25-29,女,179251.8,中,队列成分法推算；基准人口=表110-01001A中2026年中
2039,30-34,男,186760.1,中,队列成分法推算；基准人口=表110-01001A中2026年中
2039,30-34,女,183117.3,中,队列成分法推算；基准人口=表110-01001A中2026年中
2039,35-39,男,199505.6,中,队列成分法推算；基准人口=表110-01001A中2026年中
2039,35-39,女,197569.7,中,队列成分法推算；基准人口=表110-01001A中2026年中
2039,40-44,男,237916.8,中,队列成分法推算；基准人口=表110-01001A中2026年中
2039,40-44,女,233527.6,中,队列成分法推算；基准人口=表110-01001A中2026年中
2039,45-49,男,263689.5,中,队列成分法推算；基准人口=表110-01001A中2026年中
2039,45-49,女,268158.5,中,队列成分法推算；基准人口=表110-01001A中2026年中
2039,50-54,男,263818.7,中,队列成分法推算；基准人口=表110-01001A中2026年中
2039,50-54,女,286189.1,中,队列成分法推算；基准人口=表110-01001A中2026年中
2039,55-59,男,255646.2,中,队列成分法推算；基准人口=表110-01001A中2026年中
2039,55-59,女,302154.5,中,队列成分法推算；基准人口=表110-01001A中2026年中
2039,60-64,男,250387.9,中,队列成分法推算；基准人口=表110-01001A中2026年中
2039,60-64,女,315074.3,中,队列成分法推算；基准人口=表110-01001A中2026年中
2039,65-69,男,245039.6,中,队列成分法推算；基准人口=表110-01001A中2026年中
2039,65-69,女,320088.5,中,队列成分法推算；基准人口=表110-01001A中2026年中
2039,70-74,男,241772.3,中,队列成分法推算；基准人口=表110-01001A中2026年中
2039,70-74,女,320028.2,中,队列成分法推算；基准人口=表110-01001A中2026年中
2039,75-79,男,244478.8,中,队列成分法推算；基准人口=表110-01001A中2026年中
2039,75-79,女,307378.9,中,队列成分法推算；基准人口=表110-01001A中2026年中
2039,80-84,男,201971.3,中,队列成分法推算；基准人口=表110-01001A中2026年中
2039,80-84,女,250415.9,中,队列成分法推算；基准人口=表110-01001A中2026年中
2039,85+,男,218164.7,中,队列成分法推算；基准人口=表110-01001A中2026年中
2039,85+,女,314246.4,中,队列成分法推算；基准人口=表110-01001A中2026年中
2040,0-4,男,84778.3,中,队列成分法推算；基准人口=表110-01001A中2026年中
2040,0-4,女,80364.3,中,队列成分法推算；基准人口=表110-01001A中2026年中
2040,5-9,男,87539.3,中,队列成分法推算；基准人口=表110-01001A中2026年中
2040,5-9,女,83604.1,中,队列成分法推算；基准人口=表110-01001A中2026年中
2040,10-14,男,93282.0,中,队列成分法推算；基准人口=表110-01001A中2026年中
2040,10-14,女,89094.3,中,队列成分法推算；基准人口=表110-01001A中2026年中
2040,15-19,男,108940.2,中,队列成分法推算；基准人口=表110-01001A中2026年中
2040,15-19,女,103355.6,中,队列成分法推算；基准人口=表110-01001A中2026年中
2040,20-24,男,158785.1,中,队列成分法推算；基准人口=表110-01001A中2026年中
2040,20-24,女,152090.8,中,队列成分法推算；基准人口=表110-01001A中2026年中
2040,25-29,男,188534.9,中,队列成分法推算；基准人口=表110-01001A中2026年中
2040,25-29,女,181077.2,中,队列成分法推算；基准人口=表110-01001A中2026年中
2040,30-34,男,190142.0,中,队列成分法推算；基准人口=表110-01001A中2026年中
2040,30-34,女,185127.4,中,队列成分法推算；基准人口=表110-01001A中2026年中
2040,35-39,男,195217.8,中,队列成分法推算；基准人口=表110-01001A中2026年中
2040,35-39,女,195221.7,中,队列成分法推算；基准人口=表110-01001A中2026年中
2040,40-44,男,232149.1,中,队列成分法推算；基准人口=表110-01001A中2026年中
2040,40-44,女,226895.4,中,队列成分法推算；基准人口=表110-01001A中2026年中
2040,45-49,男,264380.6,中,队列成分法推算；基准人口=表110-01001A中2026年中
2040,45-49,女,266612.2,中,队列成分法推算；基准人口=表110-01001A中2026年中
2040,50-54,男,265936.6,中,队列成分法推算；基准人口=表110-01001A中2026年中
2040,50-54,女,283781.3,中,队列成分法推算；基准人口=表110-01001A中2026年中
2040,55-59,男,259111.9,中,队列成分法推算；基准人口=表110-01001A中2026年中
2040,55-59,女,301638.0,中,队列成分法推算；基准人口=表110-01001A中2026年中
2040,60-64,男,250031.9,中,队列成分法推算；基准人口=表110-01001A中2026年中
2040,60-64,女,313156.4,中,队列成分法推算；基准人口=表110-01001A中2026年中
2040,65-69,男,246419.6,中,队列成分法推算；基准人口=表110-01001A中2026年中
2040,65-69,女,320451.5,中,队列成分法推算；基准人口=表110-01001A中2026年中
2040,70-74,男,235864.8,中,队列成分法推算；基准人口=表110-01001A中2026年中
2040,70-74,女,316596.5,中,队列成分法推算；基准人口=表110-01001A中2026年中
2040,75-79,男,242528.6,中,队列成分法推算；基准人口=表110-01001A中2026年中
2040,75-79,女,313085.2,中,队列成分法推算；基准人口=表110-01001A中2026年中
2040,80-84,男,209628.2,中,队列成分法推算；基准人口=表110-01001A中2026年中
2040,80-84,女,259983.1,中,队列成分法推算；基准人口=表110-01001A中2026年中
2040,85+,男,229628.7,中,队列成分法推算；基准人口=表110-01001A中2026年中
2040,85+,女,332533.7,中,队列成分法推算；基准人口=表110-01001A中2026年中
2041,0-4,男,85419.9,中,队列成分法推算；基准人口=表110-01001A中2026年中
2041,0-4,女,80957.2,中,队列成分法推算；基准人口=表110-01001A中2026年中
2041,5-9,男,87331.3,中,队列成分法推算；基准人口=表110-01001A中2026年中
2041,5-9,女,83398.5,中,队列成分法推算；基准人口=表110-01001A中2026年中
2041,10-14,男,93184.6,中,队列成分法推算；基准人口=表110-01001A中2026年中
2041,10-14,女,89425.5,中,队列成分法推算；基准人口=表110-01001A中2026年中
2041,15-19,男,101145.7,中,队列成分法推算；基准人口=表110-01001A中2026年中
2041,15-19,女,96041.3,中,队列成分法推算；基准人口=表110-01001A中2026年中
2041,20-24,男,154306.0,中,队列成分法推算；基准人口=表110-01001A中2026年中
2041,20-24,女,148110.5,中,队列成分法推算；基准人口=表110-01001A中2026年中
2041,25-29,男,189796.6,中,队列成分法推算；基准人口=表110-01001A中2026年中
2041,25-29,女,182326.9,中,队列成分法推算；基准人口=表110-01001A中2026年中
2041,30-34,男,193406.5,中,队列成分法推算；基准人口=表110-01001A中2026年中
2041,30-34,女,187010.7,中,队列成分法推算；基准人口=表110-01001A中2026年中
2041,35-39,男,190819.4,中,队列成分法推算；基准人口=表110-01001A中2026年中
2041,35-39,女,192746.4,中,队列成分法推算；基准人口=表110-01001A中2026年中
2041,40-44,男,226281.3,中,队列成分法推算；基准人口=表110-01001A中2026年中
2041,40-44,女,220142.9,中,队列成分法推算；基准人口=表110-01001A中2026年中
2041,45-49,男,264979.2,中,队列成分法推算；基准人口=表110-01001A中2026年中
2041,45-49,女,264965.0,中,队列成分法推算；基准人口=表110-01001A中2026年中
2041,50-54,男,268047.9,中,队列成分法推算；基准人口=表110-01001A中2026年中
2041,50-54,女,281353.4,中,队列成分法推算；基准人口=表110-01001A中2026年中
2041,55-59,男,262732.1,中,队列成分法推算；基准人口=表110-01001A中2026年中
2041,55-59,女,301295.2,中,队列成分法推算；基准人口=表110-01001A中2026年中
2041,60-64,男,249670.9,中,队列成分法推算；基准人口=表110-01001A中2026年中
2041,60-64,女,311208.4,中,队列成分法推算；基准人口=表110-01001A中2026年中
2041,65-69,男,247817.5,中,队列成分法推算；基准人口=表110-01001A中2026年中
2041,65-69,女,320813.2,中,队列成分法推算；基准人口=表110-01001A中2026年中
2041,70-74,男,230210.0,中,队列成分法推算；基准人口=表110-01001A中2026年中
2041,70-74,女,313317.3,中,队列成分法推算；基准人口=表110-01001A中2026年中
2041,75-79,男,241007.3,中,队列成分法推算；基准人口=表110-01001A中2026年中
2041,75-79,女,319005.9,中,队列成分法推算；基准人口=表110-01001A中2026年中
2041,80-84,男,216985.5,中,队列成分法推算；基准人口=表110-01001A中2026年中
2041,80-84,女,269374.7,中,队列成分法推算；基准人口=表110-01001A中2026年中
2041,85+,男,239822.8,中,队列成分法推算；基准人口=表110-01001A中2026年中
2041,85+,女,349459.6,中,队列成分法推算；基准人口=表110-01001A中2026年中
2042,0-4,男,86169.0,中,队列成分法推算；基准人口=表110-01001A中2026年中
2042,0-4,女,81651.7,中,队列成分法推算；基准人口=表110-01001A中2026年中
2042,5-9,男,87229.1,中,队列成分法推算；基准人口=表110-01001A中2026年中
2042,5-9,女,83284.6,中,队列成分法推算；基准人口=表110-01001A中2026年中
2042,10-14,男,92433.0,中,队列成分法推算；基准人口=表110-01001A中2026年中
2042,10-14,女,88718.1,中,队列成分法推算；基准人口=表110-01001A中2026年中
2042,15-19,男,101853.0,中,队列成分法推算；基准人口=表110-01001A中2026年中
2042,15-19,女,97182.2,中,队列成分法推算；基准人口=表110-01001A中2026年中
2042,20-24,男,146416.0,中,队列成分法推算；基准人口=表110-01001A中2026年中
2042,20-24,女,140667.8,中,队列成分法推算；基准人口=表110-01001A中2026年中
2042,25-29,男,185543.7,中,队列成分法推算；基准人口=表110-01001A中2026年中
2042,25-29,女,178590.4,中,队列成分法推算；基准人口=表110-01001A中2026年中
2042,30-34,男,196076.5,中,队列成分法推算；基准人口=表110-01001A中2026年中
2042,30-34,女,189801.0,中,队列成分法推算；基准人口=表110-01001A中2026年中
2042,35-39,男,193951.2,中,队列成分法推算；基准人口=表110-01001A中2026年中
2042,35-39,女,194487.6,中,队列成分法推算；基准人口=表110-01001A中2026年中
2042,40-44,男,221746.0,中,队列成分法推算；基准人口=表110-01001A中2026年中
2042,40-44,女,217535.3,中,队列成分法推算；基准人口=表110-01001A中2026年中
2042,45-49,男,259090.0,中,队列成分法推算；基准人口=表110-01001A中2026年中
2042,45-49,女,258209.4,中,队列成分法推算；基准人口=表110-01001A中2026年中
2042,50-54,男,268554.9,中,队列成分法推算；基准人口=表110-01001A中2026年中
2042,50-54,女,279608.7,中,队列成分法推算；基准人口=表110-01001A中2026年中
2042,55-59,男,264504.3,中,队列成分法推算；基准人口=表110-01001A中2026年中
2042,55-59,女,298582.1,中,队列成分法推算；基准人口=表110-01001A中2026年中
2042,60-64,男,252341.1,中,队列成分法推算；基准人口=表110-01001A中2026年中
2042,60-64,女,309860.4,中,队列成分法推算；基准人口=表110-01001A中2026年中
2042,65-69,男,247353.8,中,队列成分法推算；基准人口=表110-01001A中2026年中
2042,65-69,女,318820.3,中,队列成分法推算；基准人口=表110-01001A中2026年中
2042,70-74,男,231372.4,中,队列成分法推算；基准人口=表110-01001A中2026年中
2042,70-74,女,313482.9,中,队列成分法推算；基准人口=表110-01001A中2026年中
2042,75-79,男,234896.4,中,队列成分法推算；基准人口=表110-01001A中2026年中
2042,75-79,女,315239.5,中,队列成分法推算；基准人口=表110-01001A中2026年中
2042,80-84,男,214300.9,中,队列成分法推算；基准人口=表110-01001A中2026年中
2042,80-84,女,274261.8,中,队列成分法推算；基准人口=表110-01001A中2026年中
2042,85+,男,257267.9,中,队列成分法推算；基准人口=表110-01001A中2026年中
2042,85+,女,374845.7,中,队列成分法推算；基准人口=表110-01001A中2026年中
2043,0-4,男,86840.9,中,队列成分法推算；基准人口=表110-01001A中2026年中
2043,0-4,女,82273.3,中,队列成分法推算；基准人口=表110-01001A中2026年中
2043,5-9,男,87297.9,中,队列成分法推算；基准人口=表110-01001A中2026年中
2043,5-9,女,83325.7,中,队列成分法推算；基准人口=表110-01001A中2026年中
2043,10-14,男,91775.1,中,队列成分法推算；基准人口=表110-01001A中2026年中
2043,10-14,女,88091.2,中,队列成分法推算；基准人口=表110-01001A中2026年中
2043,15-19,男,102257.1,中,队列成分法推算；基准人口=表110-01001A中2026年中
2043,15-19,女,98010.8,中,队列成分法推算；基准人口=表110-01001A中2026年中
2043,20-24,男,138349.6,中,队列成分法推算；基准人口=表110-01001A中2026年中
2043,20-24,女,133039.0,中,队列成分法推算；基准人口=表110-01001A中2026年中
2043,25-29,男,181086.9,中,队列成分法推算；基准人口=表110-01001A中2026年中
2043,25-29,女,174631.8,中,队列成分法推算；基准人口=表110-01001A中2026年中
2043,30-34,男,198270.7,中,队列成分法推算；基准人口=表110-01001A中2026年中
2043,30-34,女,192071.9,中,队列成分法推算；基准人口=表110-01001A中2026年中
2043,35-39,男,196965.7,中,队列成分法推算；基准人口=表110-01001A中2026年中
2043,35-39,女,196102.1,中,队列成分法推算；基准人口=表110-01001A中2026年中
2043,40-44,男,217102.9,中,队列成分法推算；基准人口=表110-01001A中2026年中
2043,40-44,女,214800.9,中,队列成分法推算；基准人口=表110-01001A中2026年中
2043,45-49,男,253106.7,中,队列成分法推算；基准人口=表110-01001A中2026年中
2043,45-49,女,251337.8,中,队列成分法推算；基准人口=表110-01001A中2026年中
2043,50-54,男,269024.4,中,队列成分法推算；基准人口=表110-01001A中2026年中
2043,50-54,女,277822.9,中,队列成分法推算；基准人口=表110-01001A中2026年中
2043,55-59,男,266271.2,中,队列成分法推算；基准人口=表110-01001A中2026年中
2043,55-59,女,295852.1,中,队列成分法推算；基准人口=表110-01001A中2026年中
2043,60-64,男,255138.4,中,队列成分法推算；基准人口=表110-01001A中2026年中
2043,60-64,女,308661.9,中,队列成分法推算；基准人口=表110-01001A中2026年中
2043,65-69,男,246891.8,中,队列成分法推算；基准人口=表110-01001A中2026年中
2043,65-69,女,316802.6,中,队列成分法推算；基准人口=表110-01001A中2026年中
2043,70-74,男,232610.8,中,队列成分法推算；基准人口=表110-01001A中2026年中
2043,70-74,女,313716.7,中,队列成分法推算；基准人口=表110-01001A中2026年中
2043,75-79,男,229077.4,中,队列成分法推算；基准人口=表110-01001A中2026年中
2043,75-79,女,311642.3,中,队列成分法推算；基准人口=表110-01001A中2026年中
2043,80-84,男,212041.7,中,队列成分法推算；基准人口=表110-01001A中2026年中
2043,80-84,女,279259.2,中,队列成分法推算；基准人口=表110-01001A中2026年中
2043,85+,男,273056.2,中,队列成分法推算；基准人口=表110-01001A中2026年中
2043,85+,女,398490.3,中,队列成分法推算；基准人口=表110-01001A中2026年中
2044,0-4,男,87423.5,中,队列成分法推算；基准人口=表110-01001A中2026年中
2044,0-4,女,82810.5,中,队列成分法推算；基准人口=表110-01001A中2026年中
2044,5-9,男,87523.5,中,队列成分法推算；基准人口=表110-01001A中2026年中
2044,5-9,女,83510.1,中,队列成分法推算；基准人口=表110-01001A中2026年中
2044,10-14,男,91214.4,中,队列成分法推算；基准人口=表110-01001A中2026年中
2044,10-14,女,87547.8,中,队列成分法推算；基准人口=表110-01001A中2026年中
2044,15-19,男,102356.0,中,队列成分法推算；基准人口=表110-01001A中2026年中
2044,15-19,女,98524.6,中,队列成分法推算；基准人口=表110-01001A中2026年中
2044,20-24,男,130142.2,中,队列成分法推算；基准人口=表110-01001A中2026年中
2044,20-24,女,125262.3,中,队列成分法推算；基准人口=表110-01001A中2026年中
2044,25-29,男,176426.1,中,队列成分法推算；基准人口=表110-01001A中2026年中
2044,25-29,女,170451.0,中,队列成分法推算；基准人口=表110-01001A中2026年中
2044,30-34,男,199972.0,中,队列成分法推算；基准人口=表110-01001A中2026年中
2044,30-34,女,193804.8,中,队列成分法推算；基准人口=表110-01001A中2026年中
2044,35-39,男,199863.1,中,队列成分法推算；基准人口=表110-01001A中2026年中
2044,35-39,女,197590.1,中,队列成分法推算；基准人口=表110-01001A中2026年中
2044,40-44,男,212352.0,中,队列成分法推算；基准人口=表110-01001A中2026年中
2044,40-44,女,211939.6,中,队列成分法推算；基准人口=表110-01001A中2026年中
2044,45-49,男,247029.1,中,队列成分法推算；基准人口=表110-01001A中2026年中
2044,45-49,女,244350.0,中,队列成分法推算；基准人口=表110-01001A中2026年中
2044,50-54,男,269439.2,中,队列成分法推算；基准人口=表110-01001A中2026年中
2044,50-54,女,275976.6,中,队列成分法推算；基准人口=表110-01001A中2026年中
2044,55-59,男,268032.7,中,队列成分法推算；基准人口=表110-01001A中2026年中
2044,55-59,女,293105.1,中,队列成分法推算；基准人口=表110-01001A中2026年中
2044,60-64,男,258070.3,中,队列成分法推算；基准人口=表110-01001A中2026年中
2044,60-64,女,307621.1,中,队列成分法推算；基准人口=表110-01001A中2026年中
2044,65-69,男,246430.7,中,队列成分法推算；基准人口=表110-01001A中2026年中
2044,65-69,女,314759.7,中,队列成分法推算；基准人口=表110-01001A中2026年中
2044,70-74,男,233904.6,中,队列成分法推算；基准人口=表110-01001A中2026年中
2044,70-74,女,313996.4,中,队列成分法推算；基准人口=表110-01001A中2026年中
2044,75-79,男,223540.4,中,队列成分法推算；基准人口=表110-01001A中2026年中
2044,75-79,女,308212.0,中,队列成分法推算；基准人口=表110-01001A中2026年中
2044,80-84,男,210191.6,中,队列成分法推算；基准人口=表110-01001A中2026年中
2044,80-84,女,284374.6,中,队列成分法推算；基准人口=表110-01001A中2026年中
2044,85+,男,287349.6,中,队列成分法推算；基准人口=表110-01001A中2026年中
2044,85+,女,420538.6,中,队列成分法推算；基准人口=表110-01001A中2026年中
2045,0-4,男,87904.6,中,队列成分法推算；基准人口=表110-01001A中2026年中
2045,0-4,女,83252.0,中,队列成分法推算；基准人口=表110-01001A中2026年中
2045,5-9,男,87890.7,中,队列成分法推算；基准人口=表110-01001A中2026年中
2045,5-9,女,83824.9,中,队列成分法推算；基准人口=表110-01001A中2026年中
2045,10-14,男,90753.9,中,队列成分法推算；基准人口=表110-01001A中2026年中
2045,10-14,女,87091.0,中,队列成分法推算；基准人口=表110-01001A中2026年中
2045,15-19,男,102147.9,中,队列成分法推算；基准人口=表110-01001A中2026年中
2045,15-19,女,98720.9,中,队列成分法推算；基准人口=表110-01001A中2026年中
2045,20-24,男,121828.9,中,队列成分法推算；基准人口=表110-01001A中2026年中
2045,20-24,女,117376.0,中,队列成分法推算；基准人口=表110-01001A中2026年中
2045,25-29,男,171561.3,中,队列成分法推算；基准人口=表110-01001A中2026年中
2045,25-29,女,166048.1,中,队列成分法推算；基准人口=表110-01001A中2026年中
2045,30-34,男,201163.4,中,队列成分法推算；基准人口=表110-01001A中2026年中
2045,30-34,女,194981.2,中,队列成分法推算；基准人口=表110-01001A中2026年中
2045,35-39,男,202643.5,中,队列成分法推算；基准人口=表110-01001A中2026年中
2045,35-39,女,198951.6,中,队列成分法推算；基准人口=表110-01001A中2026年中
2045,40-44,男,207493.1,中,队列成分法推算；基准人口=表110-01001A中2026年中
2045,40-44,女,208951.5,中,队列成分法推算；基准人口=表110-01001A中2026年中
2045,45-49,男,240856.8,中,队列成分法推算；基准人口=表110-01001A中2026年中
2045,45-49,女,237245.8,中,队列成分法推算；基准人口=表110-01001A中2026年中
2045,50-54,男,269781.8,中,队列成分法推算；基准人口=表110-01001A中2026年中
2045,50-54,女,274051.0,中,队列成分法推算；基准人口=表110-01001A中2026年中
2045,55-59,男,269788.9,中,队列成分法推算；基准人口=表110-01001A中2026年中
2045,55-59,女,290341.0,中,队列成分法推算；基准人口=表110-01001A中2026年中
2045,60-64,男,261144.1,中,队列成分法推算；基准人口=表110-01001A中2026年中
2045,60-64,女,306746.4,中,队列成分法推算；基准人口=表110-01001A中2026年中
2045,65-69,男,245969.7,中,队列成分法推算；基准人口=表110-01001A中2026年中
2045,65-69,女,312691.0,中,队列成分法推算；基准人口=表110-01001A中2026年中
2045,70-74,男,235233.8,中,队列成分法推算；基准人口=表110-01001A中2026年中
2045,70-74,女,314299.8,中,队列成分法推算；基准人口=表110-01001A中2026年中
2045,75-79,男,218276.0,中,队列成分法推算；基准人口=表110-01001A中2026年中
2045,75-79,女,304946.1,中,队列成分法推算；基准人口=表110-01001A中2026年中
2045,80-84,男,208735.4,中,队列成分法推算；基准人口=表110-01001A中2026年中
2045,80-84,女,289615.4,中,队列成分法推算；基准人口=表110-01001A中2026年中
2045,85+,男,300293.3,中,队列成分法推算；基准人口=表110-01001A中2026年中
2045,85+,女,441122.8,中,队列成分法推算；基准人口=表110-01001A中2026年中
2046,0-4,男,88271.9,中,队列成分法推算；基准人口=表110-01001A中2026年中
2046,0-4,女,83586.0,中,队列成分法推算；基准人口=表110-01001A中2026年中
2046,5-9,男,88383.0,中,队列成分法推算；基准人口=表110-01001A中2026年中
2046,5-9,女,84256.3,中,队列成分法推算；基准人口=表110-01001A中2026年中
2046,10-14,男,90396.5,中,队列成分法推算；基准人口=表110-01001A中2026年中
2046,10-14,女,86723.5,中,队列成分法推算；基准人口=表110-01001A中2026年中
2046,15-19,男,101631.5,中,队列成分法推算；基准人口=表110-01001A中2026年中
2046,15-19,女,98597.7,中,队列成分法推算；基准人口=表110-01001A中2026年中
2046,20-24,男,113445.0,中,队列成分法推算；基准人口=表110-01001A中2026年中
2046,20-24,女,109418.3,中,队列成分法推算；基准人口=表110-01001A中2026年中
2046,25-29,男,166492.5,中,队列成分法推算；基准人口=表110-01001A中2026年中
2046,25-29,女,161423.1,中,队列成分法推算；基准人口=表110-01001A中2026年中
2046,30-34,男,201828.0,中,队列成分法推算；基准人口=表110-01001A中2026年中
2046,30-34,女,195582.6,中,队列成分法推算；基准人口=表110-01001A中2026年中
2046,35-39,男,205306.8,中,队列成分法推算；基准人口=表110-01001A中2026年中
2046,35-39,女,200186.5,中,队列成分法推算；基准人口=表110-01001A中2026年中
2046,40-44,男,202526.1,中,队列成分法推算；基准人口=表110-01001A中2026年中
2046,40-44,女,205836.6,中,队列成分法推算；基准人口=表110-01001A中2026年中
2046,45-49,男,234589.6,中,队列成分法推算；基准人口=表110-01001A中2026年中
2046,45-49,女,230025.2,中,队列成分法推算；基准人口=表110-01001A中2026年中
2046,50-54,男,270034.8,中,队列成分法推算；基准人口=表110-01001A中2026年中
2046,50-54,女,272026.9,中,队列成分法推算；基准人口=表110-01001A中2026年中
2046,55-59,男,271539.7,中,队列成分法推算；基准人口=表110-01001A中2026年中
2046,55-59,女,287559.6,中,队列成分法推算；基准人口=表110-01001A中2026年中
2046,60-64,男,264367.2,中,队列成分法推算；基准人口=表110-01001A中2026年中
2046,60-64,女,306046.0,中,队列成分法推算；基准人口=表110-01001A中2026年中
2046,65-69,男,245507.9,中,队列成分法推算；基准人口=表110-01001A中2026年中
2046,65-69,女,310596.0,中,队列成分法推算；基准人口=表110-01001A中2026年中
2046,70-74,男,236578.6,中,队列成分法推算；基准人口=表110-01001A中2026年中
2046,70-74,女,314604.7,中,队列成分法推算；基准人口=表110-01001A中2026年中
2046,75-79,男,213275.3,中,队列成分法推算；基准人口=表110-01001A中2026年中
2046,75-79,女,301842.2,中,队列成分法推算；基准人口=表110-01001A中2026年中
2046,80-84,男,207658.8,中,队列成分法推算；基准人口=表110-01001A中2026年中
2046,80-84,女,294989.1,中,队列成分法推算；基准人口=表110-01001A中2026年中
2046,85+,男,312017.9,中,队列成分法推算；基准人口=表110-01001A中2026年中
2046,85+,女,460363.3,中,队列成分法推算；基准人口=表110-01001A中2026年中
2047,0-4,男,88512.8,中,队列成分法推算；基准人口=表110-01001A中2026年中
2047,0-4,女,83800.7,中,队列成分法推算；基准人口=表110-01001A中2026年中
2047,5-9,男,88982.9,中,队列成分法推算；基准人口=表110-01001A中2026年中
2047,5-9,女,84789.3,中,队列成分法推算；基准人口=表110-01001A中2026年中
2047,10-14,男,90144.9,中,队列成分法推算；基准人口=表110-01001A中2026年中
2047,10-14,女,86447.7,中,队列成分法推算；基准人口=表110-01001A中2026年中
2047,15-19,男,100461.2,中,队列成分法推算；基准人口=表110-01001A中2026年中
2047,15-19,女,97436.4,中,队列成分法推算；基准人口=表110-01001A中2026年中
2047,20-24,男,113553.5,中,队列成分法推算；基准人口=表110-01001A中2026年中
2047,20-24,女,109909.8,中,队列成分法推算；基准人口=表110-01001A中2026年中
2047,25-29,男,158014.9,中,队列成分法推算；基准人口=表110-01001A中2026年中
2047,25-29,女,153338.2,中,队列成分法推算；基准人口=表110-01001A中2026年中
2047,30-34,男,196987.0,中,队列成分法推算；基准人口=表110-01001A中2026年中
2047,30-34,女,191201.7,中,队列成分法推算；基准人口=表110-01001A中2026年中
2047,35-39,男,207377.4,中,队列成分法推算；基准人口=表110-01001A中2026年中
2047,35-39,女,202327.1,中,队列成分法推算；基准人口=表110-01001A中2026年中
2047,40-44,男,205057.2,中,队列成分法推算；基准人口=表110-01001A中2026年中
2047,40-44,女,206929.7,中,队列成分法推算；基准人口=表110-01001A中2026年中
2047,45-49,男,229625.1,中,队列成分法推算；基准人口=表110-01001A中2026年中
2047,45-49,女,226924.9,中,队列成分法推算；基准人口=表110-01001A中2026年中
2047,50-54,男,263842.3,中,队列成分法推算；基准人口=表110-01001A中2026年中
2047,50-54,女,264905.2,中,队列成分法推算；基准人口=表110-01001A中2026年中
2047,55-59,男,271703.7,中,队列成分法推算；基准人口=表110-01001A中2026年中
2047,55-59,女,285442.4,中,队列成分法推算；基准人口=表110-01001A中2026年中
2047,60-64,男,265787.3,中,队列成分法推算；基准人口=表110-01001A中2026年中
2047,60-64,女,302982.5,中,队列成分法推算；基准人口=表110-01001A中2026年中
2047,65-69,男,247969.1,中,队列成分法推算；基准人口=表110-01001A中2026年中
2047,65-69,女,309074.0,中,队列成分法推算；基准人口=表110-01001A中2026年中
2047,70-74,男,236147.9,中,队列成分法推算；基准人口=表110-01001A中2026年中
2047,70-74,女,312590.4,中,队列成分法推算；基准人口=表110-01001A中2026年中
2047,75-79,男,214424.7,中,队列成分法推算；基准人口=表110-01001A中2026年中
2047,75-79,女,301975.3,中,队列成分法推算；基准人口=表110-01001A中2026年中
2047,80-84,男,202313.0,中,队列成分法推算；基准人口=表110-01001A中2026年中
2047,80-84,女,291498.5,中,队列成分法推算；基准人口=表110-01001A中2026年中
2047,85+,男,321562.6,中,队列成分法推算；基准人口=表110-01001A中2026年中
2047,85+,女,483096.9,中,队列成分法推算；基准人口=表110-01001A中2026年中
2048,0-4,男,88340.3,中,队列成分法推算；基准人口=表110-01001A中2026年中
2048,0-4,女,83627.8,中,队列成分法推算；基准人口=表110-01001A中2026年中
2048,5-9,男,89523.8,中,队列成分法推算；基准人口=表110-01001A中2026年中
2048,5-9,女,85269.1,中,队列成分法推算；基准人口=表110-01001A中2026年中
2048,10-14,男,90082.4,中,队列成分法推算；基准人口=表110-01001A中2026年中
2048,10-14,女,86346.6,中,队列成分法推算；基准人口=表110-01001A中2026年中
2048,15-19,男,99457.5,中,队列成分法推算；基准人口=表110-01001A中2026年中
2048,15-19,女,96434.3,中,队列成分法推算；基准人口=表110-01001A中2026年中
2048,20-24,男,113431.9,中,队列成分法推算；基准人口=表110-01001A中2026年中
2048,20-24,女,110168.2,中,队列成分法推算；基准人口=表110-01001A中2026年中
2048,25-29,男,149434.4,中,队列成分法推算；基准人口=表110-01001A中2026年中
2048,25-29,女,145146.1,中,队列成分法推算；基准人口=表110-01001A中2026年中
2048,30-34,男,192015.6,中,队列成分法推算；基准人口=表110-01001A中2026年中
2048,30-34,女,186678.0,中,队列成分法推算；基准人口=表110-01001A中2026年中
2048,35-39,男,209046.1,中,队列成分法推算；基准人口=表110-01001A中2026年中
2048,35-39,女,204027.8,中,队列成分法推算；基准人口=表110-01001A中2026年中
2048,40-44,男,207544.3,中,队列成分法推算；基准人口=表110-01001A中2026年中
2048,40-44,女,207975.4,中,队列成分法推算；基准人口=表110-01001A中2026年中
2048,45-49,男,224602.8,中,队列成分法推算；基准人口=表110-01001A中2026年中
2048,45-49,女,223749.4,中,队列成分法推算；基准人口=表110-01001A中2026年中
2048,50-54,男,257609.5,中,队列成分法推算；基准人口=表110-01001A中2026年中
2048,50-54,女,257721.2,中,队列成分法推算；基准人口=表110-01001A中2026年中
2048,55-59,男,271879.0,中,队列成分法推算；基准人口=表110-01001A中2026年中
2048,55-59,女,283336.0,中,队列成分法推算；基准人口=表110-01001A中2026年中
2048,60-64,男,267249.0,中,队列成分法推算；基准人口=表110-01001A中2026年中
2048,60-64,女,299957.3,中,队列成分法推算；基准人口=表110-01001A中2026年中
2048,65-69,男,250564.3,中,队列成分法推算；基准人口=表110-01001A中2026年中
2048,65-69,女,307716.8,中,队列成分法推算；基准人口=表110-01001A中2026年中
2048,70-74,男,235739.5,中,队列成分法推算；基准人口=表110-01001A中2026年中
2048,70-74,女,310576.0,中,队列成分法推算；基准人口=表110-01001A中2026年中
2048,75-79,男,215656.8,中,队列成分法推算；基准人口=表110-01001A中2026年中
2048,75-79,女,302193.7,中,队列成分法推算；基准人口=表110-01001A中2026年中
2048,80-84,男,197365.5,中,队列成分法推算；基准人口=表110-01001A中2026年中
2048,80-84,女,288233.6,中,队列成分法推算；基准人口=表110-01001A中2026年中
2048,85+,男,330495.4,中,队列成分法推算；基准人口=表110-01001A中2026年中
2048,85+,女,504617.4,中,队列成分法推算；基准人口=表110-01001A中2026年中
2049,0-4,男,87762.1,中,队列成分法推算；基准人口=表110-01001A中2026年中
2049,0-4,女,83074.0,中,队列成分法推算；基准人口=表110-01001A中2026年中
2049,5-9,男,89993.8,中,队列成分法推算；基准人口=表110-01001A中2026年中
2049,5-9,女,85684.4,中,队列成分法推算；基准人口=表110-01001A中2026年中
2049,10-14,男,90194.8,中,队列成分法推算；基准人口=表110-01001A中2026年中
2049,10-14,女,86408.3,中,队列成分法推算；基准人口=表110-01001A中2026年中
2049,15-19,男,98612.8,中,队列成分法推算；基准人口=表110-01001A中2026年中
2049,15-19,女,95582.8,中,队列成分法推算；基准人口=表110-01001A中2026年中
2049,20-24,男,113078.1,中,队列成分法推算；基准人口=表110-01001A中2026年中
2049,20-24,女,110190.6,中,队列成分法推算；基准人口=表110-01001A中2026年中
2049,25-29,男,140786.1,中,队列成分法推算；基准人口=表110-01001A中2026年中
2049,25-29,女,136885.0,中,队列成分法推算；基准人口=表110-01001A中2026年中
2049,30-34,男,186914.0,中,队列成分法推算；基准人口=表110-01001A中2026年中
2049,30-34,女,182011.5,中,队列成分法推算；基准人口=表110-01001A中2026年中
2049,35-39,男,210296.0,中,队列成分法推算；基准人口=表110-01001A中2026年中
2049,35-39,女,205270.0,中,队列成分法推算；基准人口=表110-01001A中2026年中
2049,40-44,男,209987.4,中,队列成分法推算；基准人口=表110-01001A中2026年中
2049,40-44,女,208973.7,中,队列成分法推算；基准人口=表110-01001A中2026年中
2049,45-49,男,219528.0,中,队列成分法推算；基准人口=表110-01001A中2026年中
2049,45-49,女,220504.6,中,队列成分法推算；基准人口=表110-01001A中2026年中
2049,50-54,男,251335.7,中,队列成分法推算；基准人口=表110-01001A中2026年中
2049,50-54,女,250474.4,中,队列成分法推算；基准人口=表110-01001A中2026年中
2049,55-59,男,272048.2,中,队列成分法推算；基准人口=表110-01001A中2026年中
2049,55-59,女,281221.3,中,队列成分法推算；基准人口=表110-01001A中2026年中
2049,60-64,男,268751.9,中,队列成分法推算；基准人口=表110-01001A中2026年中
2049,60-64,女,296969.9,中,队列成分法推算；基准人口=表110-01001A中2026年中
2049,65-69,男,253306.5,中,队列成分法推算；基准人口=表110-01001A中2026年中
2049,65-69,女,306539.4,中,队列成分法推算；基准人口=表110-01001A中2026年中
2049,70-74,男,235351.7,中,队列成分法推算；基准人口=表110-01001A中2026年中
2049,70-74,女,308560.5,中,队列成分法推算；基准人口=表110-01001A中2026年中
2049,75-79,男,216952.1,中,队列成分法推算；基准人口=表110-01001A中2026年中
2049,75-79,女,302475.2,中,队列成分法推算；基准人口=表110-01001A中2026年中
2049,80-84,男,192796.0,中,队列成分法推算；基准人口=表110-01001A中2026年中
2049,80-84,女,285187.9,中,队列成分法推算；基准人口=表110-01001A中2026年中
2049,85+,男,338883.5,中,队列成分法推算；基准人口=表110-01001A中2026年中
2049,85+,女,525036.9,中,队列成分法推算；基准人口=表110-01001A中2026年中
2050,0-4,男,86787.9,中,队列成分法推算；基准人口=表110-01001A中2026年中
2050,0-4,女,82147.8,中,队列成分法推算；基准人口=表110-01001A中2026年中
2050,5-9,男,90380.7,中,队列成分法推算；基准人口=表110-01001A中2026年中
2050,5-9,女,86023.6,中,队列成分法推算；基准人口=表110-01001A中2026年中
2050,10-14,男,90467.0,中,队列成分法推算；基准人口=表110-01001A中2026年中
2050,10-14,女,86620.2,中,队列成分法推算；基准人口=表110-01001A中2026年中
2050,15-19,男,97919.2,中,队列成分法推算；基准人口=表110-01001A中2026年中
2050,15-19,女,94873.1,中,队列成分法推算；基准人口=表110-01001A中2026年中
2050,20-24,男,112490.3,中,队列成分法推算；基准人口=表110-01001A中2026年中
2050,20-24,女,109974.6,中,队列成分法推算；基准人口=表110-01001A中2026年中
2050,25-29,男,132105.2,中,队列成分法推算；基准人口=表110-01001A中2026年中
2050,25-29,女,128593.0,中,队列成分法推算；基准人口=表110-01001A中2026年中
2050,30-34,男,181681.9,中,队列成分法推算；基准人口=表110-01001A中2026年中
2050,30-34,女,177202.1,中,队列成分法推算；基准人口=表110-01001A中2026年中
2050,35-39,男,211109.9,中,队列成分法推算；基准人口=表110-01001A中2026年中
2050,35-39,女,206035.4,中,队列成分法推算；基准人口=表110-01001A中2026年中
2050,40-44,男,212386.4,中,队列成分法推算；基准人口=表110-01001A中2026年中
2050,40-44,女,209924.6,中,队列成分法推算；基准人口=表110-01001A中2026年中
2050,45-49,男,214405.9,中,队列成分法推算；基准人口=表110-01001A中2026年中
2050,45-49,女,217196.2,中,队列成分法推算；基准人口=表110-01001A中2026年中
2050,50-54,男,245020.3,中,队列成分法推算；基准人口=表110-01001A中2026年中
2050,50-54,女,243164.6,中,队列成分法推算；基准人口=表110-01001A中2026年中
2050,55-59,男,272193.8,中,队列成分法推算；基准人口=表110-01001A中2026年中
2050,55-59,女,279079.3,中,队列成分法推算；基准人口=表110-01001A中2026年中
2050,60-64,男,270295.8,中,队列成分法推算；基准人口=表110-01001A中2026年中
2050,60-64,女,294020.0,中,队列成分法推算；基准人口=表110-01001A中2026年中
2050,65-69,男,256208.7,中,队列成分法推算；基准人口=表110-01001A中2026年中
2050,65-69,女,305556.2,中,队列成分法推算；基准人口=表110-01001A中2026年中
2050,70-74,男,234983.1,中,队列成分法推算；基准人口=表110-01001A中2026年中
2050,70-74,女,306543.2,中,队列成分法推算；基准人口=表110-01001A中2026年中
2050,75-79,男,218291.6,中,队列成分法推算；基准人口=表110-01001A中2026年中
2050,75-79,女,302798.1,中,队列成分法推算；基准人口=表110-01001A中2026年中
2050,80-84,男,188585.6,中,队列成分法推算；基准人口=表110-01001A中2026年中
2050,80-84,女,282355.5,中,队列成分法推算；基准人口=表110-01001A中2026年中
2050,85+,男,346787.6,中,队列成分法推算；基准人口=表110-01001A中2026年中
2050,85+,女,544457.6,中,队列成分法推算；基准人口=表110-01001A中2026年中
2051,0-4,男,85428.9,中,队列成分法推算；基准人口=表110-01001A中2026年中
2051,0-4,女,80859.2,中,队列成分法推算；基准人口=表110-01001A中2026年中
2051,5-9,男,90672.1,中,队列成分法推算；基准人口=表110-01001A中2026年中
2051,5-9,女,86275.1,中,队列成分法推算；基准人口=表110-01001A中2026年中
2051,10-14,男,90882.5,中,队列成分法推算；基准人口=表110-01001A中2026年中
2051,10-14,女,86968.3,中,队列成分法推算；基准人口=表110-01001A中2026年中
2051,15-19,男,97368.6,中,队列成分法推算；基准人口=表110-01001A中2026年中
2051,15-19,女,94295.9,中,队列成分法推算；基准人口=表110-01001A中2026年中
2051,20-24,男,111667.2,中,队列成分法推算；基准人口=表110-01001A中2026年中
2051,20-24,女,109518.0,中,队列成分法推算；基准人口=表110-01001A中2026年中
2051,25-29,男,123426.9,中,队列成分法推算；基准人口=表110-01001A中2026年中
2051,25-29,女,120308.3,中,队列成分法推算；基准人口=表110-01001A中2026年中
2051,30-34,男,176319.3,中,队列成分法推算；基准人口=表110-01001A中2026年中
2051,30-34,女,172249.8,中,队列成分法推算；基准人口=表110-01001A中2026年中
2051,35-39,男,211471.0,中,队列成分法推算；基准人口=表110-01001A中2026年中
2051,35-39,女,206305.2,中,队列成分法推算；基准人口=表110-01001A中2026年中
2051,40-44,男,214741.5,中,队列成分法推算；基准人口=表110-01001A中2026年中
2051,40-44,女,210828.1,中,队列成分法推算；基准人口=表110-01001A中2026年中
2051,45-49,男,209241.5,中,队列成分法推算；基准人口=表110-01001A中2026年中
2051,45-49,女,213830.1,中,队列成分法推算；基准人口=表110-01001A中2026年中
2051,50-54,男,238662.9,中,队列成分法推算；基准人口=表110-01001A中2026年中
2051,50-54,女,235791.4,中,队列成分法推算；基准人口=表110-01001A中2026年中
2051,55-59,男,272298.5,中,队列成分法推算；基准人口=表110-01001A中2026年中
2051,55-59,女,276890.7,中,队列成分法推算；基准人口=表110-01001A中2026年中
2051,60-64,男,271880.4,中,队列成分法推算；基准人口=表110-01001A中2026年中
2051,60-64,女,291107.3,中,队列成分法推算；基准人口=表110-01001A中2026年中
2051,65-69,男,259283.7,中,队列成分法推算；基准人口=表110-01001A中2026年中
2051,65-69,女,304782.1,中,队列成分法推算；基准人口=表110-01001A中2026年中
2051,70-74,男,234632.2,中,队列成分法推算；基准人口=表110-01001A中2026年中
2051,70-74,女,304522.9,中,队列成分法推算；基准人口=表110-01001A中2026年中
2051,75-79,男,219656.7,中,队列成分法推算；基准人口=表110-01001A中2026年中
2051,75-79,女,303141.0,中,队列成分法推算；基准人口=表110-01001A中2026年中
2051,80-84,男,184716.6,中,队列成分法推算；基准人口=表110-01001A中2026年中
2051,80-84,女,279730.9,中,队列成分法推算；基准人口=表110-01001A中2026年中
2051,85+,男,354262.3,中,队列成分法推算；基准人口=表110-01001A中2026年中
2051,85+,女,562973.0,中,队列成分法推算；基准人口=表110-01001A中2026年中
2052,0-4,男,83698.0,中,队列成分法推算；基准人口=表110-01001A中2026年中
2052,0-4,女,79220.1,中,队列成分法推算；基准人口=表110-01001A中2026年中
2052,5-9,男,90855.5,中,队列成分法推算；基准人口=表110-01001A中2026年中
2052,5-9,女,86427.1,中,队列成分法推算；基准人口=表110-01001A中2026年中
2052,10-14,男,91423.7,中,队列成分法推算；基准人口=表110-01001A中2026年中
2052,10-14,女,87437.7,中,队列成分法推算；基准人口=表110-01001A中2026年中
2052,15-19,男,96952.9,中,队列成分法推算；基准人口=表110-01001A中2026年中
2052,15-19,女,93842.0,中,队列成分法推算；基准人口=表110-01001A中2026年中
2052,20-24,男,110263.6,中,队列成分法推算；基准人口=表110-01001A中2026年中
2052,20-24,女,108102.7,中,队列成分法推算；基准人口=表110-01001A中2026年中
2052,25-29,男,123301.8,中,队列成分法推算；基准人口=表110-01001A中2026年中
2052,25-29,女,120545.4,中,队列成分法推算；基准人口=表110-01001A中2026年中
2052,30-34,男,167622.5,中,队列成分法推算；基准人口=表110-01001A中2026年中
2052,30-34,女,163917.5,中,队列成分法推算；基准人口=表110-01001A中2026年中
2052,35-39,男,206411.2,中,队列成分法推算；基准人口=表110-01001A中2026年中
2052,35-39,女,201677.2,中,队列成分法推算；基准人口=表110-01001A中2026年中
2052,40-44,男,216578.7,中,队列成分法推算；基准人口=表110-01001A中2026年中
2052,40-44,女,212714.3,中,队列成分法推算；基准人口=表110-01001A中2026年中
2052,45-49,男,211590.8,中,队列成分法推算；基准人口=表110-01001A中2026年中
2052,45-49,女,214728.5,中,队列成分法推算；基准人口=表110-01001A中2026年中
2052,50-54,男,233608.8,中,队列成分法推算；基准人口=表110-01001A中2026年中
2052,50-54,女,232553.8,中,队列成分法推算；基准人口=表110-01001A中2026年中
2052,55-59,男,266071.3,中,队列成分法推算；基准人口=表110-01001A中2026年中
2052,55-59,女,269672.2,中,队列成分法推算；基准人口=表110-01001A中2026年中
2052,60-64,男,271948.3,中,队列成分法推算；基准人口=表110-01001A中2026年中
2052,60-64,女,288875.5,中,队列成分法推算；基准人口=表110-01001A中2026年中
2052,65-69,男,260657.4,中,队列成分法推算；基准人口=表110-01001A中2026年中
2052,65-69,女,301706.9,中,队列成分法推算；基准人口=表110-01001A中2026年中
2052,70-74,男,237061.9,中,队列成分法推算；基准人口=表110-01001A中2026年中
2052,70-74,女,303038.2,中,队列成分法推算；基准人口=表110-01001A中2026年中
2052,75-79,男,219379.4,中,队列成分法推算；基准人口=表110-01001A中2026年中
2052,75-79,女,301236.9,中,队列成分法推算；基准人口=表110-01001A中2026年中
2052,80-84,男,185880.1,中,队列成分法推算；基准人口=表110-01001A中2026年中
2052,80-84,女,279957.4,中,队列成分法推算；基准人口=表110-01001A中2026年中
2052,85+,男,356812.8,中,队列成分法推算；基准人口=表110-01001A中2026年中
2052,85+,女,576886.1,中,队列成分法推算；基准人口=表110-01001A中2026年中
2053,0-4,男,81862.5,中,队列成分法推算；基准人口=表110-01001A中2026年中
2053,0-4,女,77482.1,中,队列成分法推算；基准人口=表110-01001A中2026年中
2053,5-9,男,90626.3,中,队列成分法推算；基准人口=表110-01001A中2026年中
2053,5-9,女,86191.7,中,队列成分法推算；基准人口=表110-01001A中2026年中
2053,10-14,男,91905.9,中,队列成分法推算；基准人口=表110-01001A中2026年中
2053,10-14,女,87854.0,中,队列成分法推算；基准人口=表110-01001A中2026年中
2053,15-19,男,96726.2,中,队列成分法推算；基准人口=表110-01001A中2026年中
2053,15-19,女,93562.7,中,队列成分法推算；基准人口=表110-01001A中2026年中
2053,20-24,男,109026.5,中,队列成分法推算；基准人口=表110-01001A中2026年中
2053,20-24,女,106846.7,中,队列成分法推算；基准人口=表110-01001A中2026年中
2053,25-29,男,122946.7,中,队列成分法推算；基准人口=表110-01001A中2026年中
2053,25-29,女,120549.5,中,队列成分法推算；基准人口=表110-01001A中2026年中
2053,30-34,男,158823.8,中,队列成分法推算；基准人口=表110-01001A中2026年中
2053,30-34,女,155478.6,中,队列成分法推算；基准人口=表110-01001A中2026年中
2053,35-39,男,201221.5,中,队列成分法推算；基准人口=表110-01001A中2026年中
2053,35-39,女,196906.6,中,队列成分法推算；基准人口=表110-01001A中2026年中
2053,40-44,男,218015.2,中,队列成分法推算；基准人口=表110-01001A中2026年中
2053,40-44,女,214161.4,中,队列成分法推算；基准人口=表110-01001A中2026年中
2053,45-49,男,213896.1,中,队列成分法推算；基准人口=表110-01001A中2026年中
2053,45-49,女,215580.0,中,队列成分法推算；基准人口=表110-01001A中2026年中
2053,50-54,男,228503.2,中,队列成分法推算；基准人口=表110-01001A中2026年中
2053,50-54,女,229243.3,中,队列成分法推算；基准人口=表110-01001A中2026年中
2053,55-59,男,259812.7,中,队列成分法推算；基准人口=表110-01001A中2026年中
2053,55-59,女,262396.2,中,队列成分法推算；基准人口=表110-01001A中2026年中
2053,60-64,男,272030.2,中,队列成分法推算；基准人口=表110-01001A中2026年中
2053,60-64,女,286659.1,中,队列成分法推算；基准人口=表110-01001A中2026年中
2053,65-69,男,262073.6,中,队列成分法推算；基准人口=表110-01001A中2026年中
2053,65-69,女,298674.5,中,队列成分法推算；基准人口=表110-01001A中2026年中
2053,70-74,男,239615.5,中,队列成分法推算；基准人口=表110-01001A中2026年中
2053,70-74,女,301722.4,中,队列成分法推算；基准人口=表110-01001A中2026年中
2053,75-79,男,219132.0,中,队列成分法推算；基准人口=表110-01001A中2026年中
2053,75-79,女,299346.1,中,队列成分法推算；基准人口=表110-01001A中2026年中
2053,80-84,男,187113.2,中,队列成分法推算；基准人口=表110-01001A中2026年中
2053,80-84,女,280277.0,中,队列成分法推算；基准人口=表110-01001A中2026年中
2053,85+,男,359480.6,中,队列成分法推算；基准人口=表110-01001A中2026年中
2053,85+,女,590376.5,中,队列成分法推算；基准人口=表110-01001A中2026年中
2054,0-4,男,79928.6,中,队列成分法推算；基准人口=表110-01001A中2026年中
2054,0-4,女,75651.2,中,队列成分法推算；基准人口=表110-01001A中2026年中
2054,5-9,男,89992.1,中,队列成分法推算；基准人口=表110-01001A中2026年中
2054,5-9,女,85575.7,中,队列成分法推算；基准人口=表110-01001A中2026年中
2054,10-14,男,92317.2,中,队列成分法推算；基准人口=表110-01001A中2026年中
2054,10-14,女,88205.7,中,队列成分法推算；基准人口=表110-01001A中2026年中
2054,15-19,男,96674.3,中,队列成分法推算；基准人口=表110-01001A中2026年中
2054,15-19,女,93446.2,中,队列成分法推算；基准人口=表110-01001A中2026年中
2054,20-24,男,107948.1,中,队列成分法推算；基准人口=表110-01001A中2026年中
2054,20-24,女,105741.2,中,队列成分法推算；基准人口=表110-01001A中2026年中
2054,25-29,男,122359.5,中,队列成分法推算；基准人口=表110-01001A中2026年中
2054,25-29,女,120317.8,中,队列成分法推算；基准人口=表110-01001A中2026年中
2054,30-34,男,149958.2,中,队列成分法推算；基准人口=表110-01001A中2026年中
2054,30-34,女,146971.0,中,队列成分法推算；基准人口=表110-01001A中2026年中
2054,35-39,男,195901.7,中,队列成分法推算；基准人口=表110-01001A中2026年中
2054,35-39,女,191993.6,中,队列成分法推算；基准人口=表110-01001A中2026年中
2054,40-44,男,219034.0,中,队列成分法推算；基准人口=表110-01001A中2026年中
2054,40-44,女,215150.7,中,队列成分法推算；基准人口=表110-01001A中2026年中
2054,45-49,男,216157.6,中,队列成分法推算；基准人口=表110-01001A中2026年中
2054,45-49,女,216384.7,中,队列成分法推算；基准人口=表110-01001A中2026年中
2054,50-54,男,223351.2,中,队列成分法推算；基准人口=表110-01001A中2026年中
2054,50-54,女,225865.8,中,队列成分法推算；基准人口=表110-01001A中2026年中
2054,55-59,男,253521.9,中,队列成分法推算；基准人口=表110-01001A中2026年中
2054,55-59,女,255062.3,中,队列成分法推算；基准人口=表110-01001A中2026年中
2054,60-64,男,272108.9,中,队列成分法推算；基准人口=表110-01001A中2026年中
2054,60-64,女,284439.2,中,队列成分法推算；基准人口=表110-01001A中2026年中
2054,65-69,男,263531.9,中,队列成分法推算；基准人口=表110-01001A中2026年中
2054,65-69,女,295684.4,中,队列成分法推算；基准人口=表110-01001A中2026年中
2054,70-74,男,242305.0,中,队列成分法推算；基准人口=表110-01001A中2026年中
2054,70-74,女,300589.2,中,队列成分法推算；基准人口=表110-01001A中2026年中
2054,75-79,男,218912.2,中,队列成分法推算；基准人口=表110-01001A中2026年中
2054,75-79,女,297467.1,中,队列成分法推算；基准人口=表110-01001A中2026年中
2054,80-84,男,188397.8,中,队列成分法推算；基准人口=表110-01001A中2026年中
2054,80-84,女,280667.9,中,队列成分法推算；基准人口=表110-01001A中2026年中
2054,85+,男,362263.8,中,队列成分法推算；基准人口=表110-01001A中2026年中
2054,85+,女,603491.4,中,队列成分法推算；基准人口=表110-01001A中2026年中
2055,0-4,男,77903.1,中,队列成分法推算；基准人口=表110-01001A中2026年中
2055,0-4,女,73733.8,中,队列成分法推算；基准人口=表110-01001A中2026年中
2055,5-9,男,88962.3,中,队列成分法推算；基准人口=表110-01001A中2026年中
2055,5-9,女,84587.4,中,队列成分法推算；基准人口=表110-01001A中2026年中
2055,10-14,男,92645.5,中,队列成分法推算；基准人口=表110-01001A中2026年中
2055,10-14,女,88481.3,中,队列成分法推算；基准人口=表110-01001A中2026年中
2055,15-19,男,96782.1,中,队列成分法推算；基准人口=表110-01001A中2026年中
2055,15-19,女,93479.8,中,队列成分法推算；基准人口=表110-01001A中2026年中
2055,20-24,男,107020.7,中,队列成分法推算；基准人口=表110-01001A中2026年中
2055,20-24,女,104777.3,中,队列成分法推算；基准人口=表110-01001A中2026年中
2055,25-29,男,121538.7,中,队列成分法推算；基准人口=表110-01001A中2026年中
2055,25-29,女,119847.8,中,队列成分法推算；基准人口=表110-01001A中2026年中
2055,30-34,男,141060.9,中,队列成分法推算；基准人口=表110-01001A中2026年中
2055,30-34,女,138433.0,中,队列成分法推算；基准人口=表110-01001A中2026年中
2055,35-39,男,190451.8,中,队列成分法推算；基准人口=表110-01001A中2026年中
2055,35-39,女,186938.0,中,队列成分法推算；基准人口=表110-01001A中2026年中
2055,40-44,男,219618.3,中,队列成分法推算；基准人口=表110-01001A中2026年中
2055,40-44,女,215663.8,中,队列成分法推算；基准人口=表110-01001A中2026年中
2055,45-49,男,218375.1,中,队列成分法推算；基准人口=表110-01001A中2026年中
2055,45-49,女,217142.4,中,队列成分法推算；基准人口=表110-01001A中2026年中
2055,50-54,男,218157.8,中,队列成分法推算；基准人口=表110-01001A中2026年中
2055,50-54,女,222427.0,中,队列成分法推算；基准人口=表110-01001A中2026年中
2055,55-59,男,247197.9,中,队列成分法推算；基准人口=表110-01001A中2026年中
2055,55-59,女,247670.0,中,队列成分法推算；基准人口=表110-01001A中2026年中
2055,60-64,男,272167.4,中,队列成分法推算；基准人口=表110-01001A中2026年中
2055,60-64,女,282196.8,中,队列成分法推算；基准人口=表110-01001A中2026年中
2055,65-69,男,265031.8,中,队列成分法推算；基准人口=表110-01001A中2026年中
2055,65-69,女,292736.1,中,队列成分法推算；基准人口=表110-01001A中2026年中
2055,70-74,男,245142.4,中,队列成分法推算；基准人口=表110-01001A中2026年中
2055,70-74,女,299652.3,中,队列成分法推算；基准人口=表110-01001A中2026年中
2055,75-79,男,218717.7,中,队列成分法推算；基准人口=表110-01001A中2026年中
2055,75-79,女,295598.3,中,队列成分法推算；基准人口=表110-01001A中2026年中
2055,80-84,男,189716.6,中,队列成分法推算；基准人口=表110-01001A中2026年中
2055,80-84,女,281109.0,中,队列成分法推算；基准人口=表110-01001A中2026年中
2055,85+,男,365160.6,中,队列成分法推算；基准人口=表110-01001A中2026年中
2055,85+,女,616274.4,中,队列成分法推算；基准人口=表110-01001A中2026年中
2056,0-4,男,75793.6,中,队列成分法推算；基准人口=表110-01001A中2026年中
2056,0-4,女,71737.2,中,队列成分法推算；基准人口=表110-01001A中2026年中
2056,5-9,男,87548.1,中,队列成分法推算；基准人口=表110-01001A中2026年中
2056,5-9,女,83237.0,中,队列成分法推算；基准人口=表110-01001A中2026年中
2056,10-14,男,92878.3,中,队列成分法推算；基准人口=表110-01001A中2026年中
2056,10-14,女,88669.4,中,队列成分法推算；基准人口=表110-01001A中2026年中
2056,15-19,男,97033.0,中,队列成分法推算；基准人口=表110-01001A中2026年中
2056,15-19,女,93649.5,中,队列成分法推算；基准人口=表110-01001A中2026年中
2056,20-24,男,106236.2,中,队列成分法推算；基准人口=表110-01001A中2026年中
2056,20-24,女,103945.9,中,队列成分法推算；基准人口=表110-01001A中2026年中
2056,25-29,男,120482.8,中,队列成分法推算；基准人口=表110-01001A中2026年中
2056,25-29,女,119137.4,中,队列成分法推算；基准人口=表110-01001A中2026年中
2056,30-34,男,132166.7,中,队列成分法推算；基准人口=表110-01001A中2026年中
2056,30-34,女,129902.6,中,队列成分法推算；基准人口=表110-01001A中2026年中
2056,35-39,男,184871.7,中,队列成分法推算；基准人口=表110-01001A中2026年中
2056,35-39,女,181739.7,中,队列成分法推算；基准人口=表110-01001A中2026年中
2056,40-44,男,219751.2,中,队列成分法推算；基准人口=表110-01001A中2026年中
2056,40-44,女,215682.2,中,队列成分法推算；基准人口=表110-01001A中2026年中
2056,45-49,男,220548.8,中,队列成分法推算；基准人口=表110-01001A中2026年中
2056,45-49,女,217853.3,中,队列成分法推算；基准人口=表110-01001A中2026年中
2056,50-54,男,212927.9,中,队列成分法推算；基准人口=表110-01001A中2026年中
2056,50-54,女,218932.6,中,队列成分法推算；基准人口=表110-01001A中2026年中
2056,55-59,男,240840.1,中,队列成分法推算；基准人口=表110-01001A中2026年中
2056,55-59,女,240218.8,中,队列成分法推算；基准人口=表110-01001A中2026年中
2056,60-64,男,272188.5,中,队列成分法推算；基准人口=表110-01001A中2026年中
2056,60-64,女,279913.1,中,队列成分法推算；基准人口=表110-01001A中2026年中
2056,65-69,男,266572.9,中,队列成分法推算；基准人口=表110-01001A中2026年中
2056,65-69,女,289829.2,中,队列成分法推算；基准人口=表110-01001A中2026年中
2056,70-74,男,248139.4,中,队列成分法推算；基准人口=表110-01001A中2026年中
2056,70-74,女,298925.3,中,队列成分法推算；基准人口=表110-01001A中2026年中
2056,75-79,男,218546.5,中,队列成分法推算；基准人口=表110-01001A中2026年中
2056,75-79,女,293738.3,中,队列成分法推算；基准人口=表110-01001A中2026年中
2056,80-84,男,191053.0,中,队列成分法推算；基准人口=表110-01001A中2026年中
2056,80-84,女,281579.6,中,队列成分法推算；基准人口=表110-01001A中2026年中
2056,85+,男,368169.7,中,队列成分法推算；基准人口=表110-01001A中2026年中
2056,85+,女,628765.5,中,队列成分法推算；基准人口=表110-01001A中2026年中
2026,0-4,男,83500.0,高,队列成分法推算；基准人口=表110-01001A中2026年中
2026,0-4,女,76800.0,高,队列成分法推算；基准人口=表110-01001A中2026年中
2026,5-9,男,124500.0,高,队列成分法推算；基准人口=表110-01001A中2026年中
2026,5-9,女,115700.0,高,队列成分法推算；基准人口=表110-01001A中2026年中
2026,10-14,男,149500.0,高,队列成分法推算；基准人口=表110-01001A中2026年中
2026,10-14,女,138400.0,高,队列成分法推算；基准人口=表110-01001A中2026年中
2026,15-19,男,149600.0,高,队列成分法推算；基准人口=表110-01001A中2026年中
2026,15-19,女,139100.0,高,队列成分法推算；基准人口=表110-01001A中2026年中
2026,20-24,男,147300.0,高,队列成分法推算；基准人口=表110-01001A中2026年中
2026,20-24,女,145000.0,高,队列成分法推算；基准人口=表110-01001A中2026年中
2026,25-29,男,183500.0,高,队列成分法推算；基准人口=表110-01001A中2026年中
2026,25-29,女,172700.0,高,队列成分法推算；基准人口=表110-01001A中2026年中
2026,30-34,男,227100.0,高,队列成分法推算；基准人口=表110-01001A中2026年中
2026,30-34,女,221900.0,高,队列成分法推算；基准人口=表110-01001A中2026年中
2026,35-39,男,238500.0,高,队列成分法推算；基准人口=表110-01001A中2026年中
2026,35-39,女,246100.0,高,队列成分法推算；基准人口=表110-01001A中2026年中
2026,40-44,男,241900.0,高,队列成分法推算；基准人口=表110-01001A中2026年中
2026,40-44,女,274000.0,高,队列成分法推算；基准人口=表110-01001A中2026年中
2026,45-49,男,234900.0,高,队列成分法推算；基准人口=表110-01001A中2026年中
2026,45-49,女,289200.0,高,队列成分法推算；基准人口=表110-01001A中2026年中
2026,50-54,男,244100.0,高,队列成分法推算；基准人口=表110-01001A中2026年中
2026,50-54,女,307900.0,高,队列成分法推算；基准人口=表110-01001A中2026年中
2026,55-59,男,243400.0,高,队列成分法推算；基准人口=表110-01001A中2026年中
2026,55-59,女,314700.0,高,队列成分法推算；基准人口=表110-01001A中2026年中
2026,60-64,男,281500.0,高,队列成分法推算；基准人口=表110-01001A中2026年中
2026,60-64,女,339700.0,高,队列成分法推算；基准人口=表110-01001A中2026年中
2026,65-69,男,291500.0,高,队列成分法推算；基准人口=表110-01001A中2026年中
2026,65-69,女,309600.0,高,队列成分法推算；基准人口=表110-01001A中2026年中
2026,70-74,男,226600.0,高,队列成分法推算；基准人口=表110-01001A中2026年中
2026,70-74,女,248600.0,高,队列成分法推算；基准人口=表110-01001A中2026年中
2026,75-79,男,164300.0,高,队列成分法推算；基准人口=表110-01001A中2026年中
2026,75-79,女,182100.0,高,队列成分法推算；基准人口=表110-01001A中2026年中
2026,80-84,男,78500.0,高,队列成分法推算；基准人口=表110-01001A中2026年中
2026,80-84,女,89700.0,高,队列成分法推算；基准人口=表110-01001A中2026年中
2026,85+,男,95900.0,高,队列成分法推算；基准人口=表110-01001A中2026年中
2026,85+,女,145300.0,高,队列成分法推算；基准人口=表110-01001A中2026年中
2027,0-4,男,86221.6,高,队列成分法推算；基准人口=表110-01001A中2026年中
2027,0-4,女,79885.1,高,队列成分法推算；基准人口=表110-01001A中2026年中
2027,5-9,男,117001.4,高,队列成分法推算；基准人口=表110-01001A中2026年中
2027,5-9,女,108687.6,高,队列成分法推算；基准人口=表110-01001A中2026年中
2027,10-14,男,145206.8,高,队列成分法推算；基准人口=表110-01001A中2026年中
2027,10-14,女,134627.9,高,队列成分法推算；基准人口=表110-01001A中2026年中
2027,15-19,男,152437.3,高,队列成分法推算；基准人口=表110-01001A中2026年中
2027,15-19,女,142070.3,高,队列成分法推算；基准人口=表110-01001A中2026年中
2027,20-24,男,150603.2,高,队列成分法推算；基准人口=表110-01001A中2026年中
2027,20-24,女,146918.5,高,队列成分法推算；基准人口=表110-01001A中2026年中
2027,25-29,男,179077.7,高,队列成分法推算；基准人口=表110-01001A中2026年中
2027,25-29,女,170251.2,高,队列成分法推算；基准人口=表110-01001A中2026年中
2027,30-34,男,221142.9,高,队列成分法推算；基准人口=表110-01001A中2026年中
2027,30-34,女,215125.2,高,队列成分法推算；基准人口=表110-01001A中2026年中
2027,35-39,男,238946.7,高,队列成分法推算；基准人口=表110-01001A中2026年中
2027,35-39,女,244294.0,高,队列成分法推算；基准人口=表110-01001A中2026年中
2027,40-44,男,243844.5,高,队列成分法推算；基准人口=表110-01001A中2026年中
2027,40-44,女,271417.7,高,队列成分法推算；基准人口=表110-01001A中2026年中
2027,45-49,男,237678.2,高,队列成分法推算；基准人口=表110-01001A中2026年中
2027,45-49,女,287859.5,高,队列成分法推算；基准人口=表110-01001A中2026年中
2027,50-54,男,243358.1,高,队列成分法推算；基准人口=表110-01001A中2026年中
2027,50-54,女,305670.7,高,队列成分法推算；基准人口=表110-01001A中2026年中
2027,55-59,男,244273.3,高,队列成分法推算；基准人口=表110-01001A中2026年中
2027,55-59,女,314605.5,高,队列成分法推算；基准人口=表110-01001A中2026年中
2027,60-64,男,273930.7,高,队列成分法推算；基准人口=表110-01001A中2026年中
2027,60-64,女,335541.3,高,队列成分法推算；基准人口=表110-01001A中2026年中
2027,65-69,男,287123.6,高,队列成分法推算；基准人口=表110-01001A中2026年中
2027,65-69,女,314745.3,高,队列成分法推算；基准人口=表110-01001A中2026年中
2027,70-74,男,236413.6,高,队列成分法推算；基准人口=表110-01001A中2026年中
2027,70-74,女,259435.6,高,队列成分法推算；基准人口=表110-01001A中2026年中
2027,75-79,男,173106.6,高,队列成分法推算；基准人口=表110-01001A中2026年中
2027,75-79,女,193608.9,高,队列成分法推算；基准人口=表110-01001A中2026年中
2027,80-84,男,92168.9,高,队列成分法推算；基准人口=表110-01001A中2026年中
2027,80-84,女,106196.6,高,队列成分法推算；基准人口=表110-01001A中2026年中
2027,85+,男,102152.0,高,队列成分法推算；基准人口=表110-01001A中2026年中
2027,85+,女,151639.6,高,队列成分法推算；基准人口=表110-01001A中2026年中
2028,0-4,男,88708.0,高,队列成分法推算；基准人口=表110-01001A中2026年中
2028,0-4,女,82728.7,高,队列成分法推算；基准人口=表110-01001A中2026年中
2028,5-9,男,109530.9,高,队列成分法推算；基准人口=表110-01001A中2026年中
2028,5-9,女,101711.3,高,队列成分法推算；基准人口=表110-01001A中2026年中
2028,10-14,男,140949.2,高,队列成分法推算；基准人口=表110-01001A中2026年中
2028,10-14,女,130894.2,高,队列成分法推算；基准人口=表110-01001A中2026年中
2028,15-19,男,154983.0,高,队列成分法推算；基准人口=表110-01001A中2026年中
2028,15-19,女,144721.7,高,队列成分法推算；基准人口=表110-01001A中2026年中
2028,20-24,男,154047.0,高,队列成分法推算；基准人口=表110-01001A中2026年中
2028,20-24,女,148989.7,高,队列成分法推算；基准人口=表110-01001A中2026年中
2028,25-29,男,174801.8,高,队列成分法推算；基准人口=表110-01001A中2026年中
2028,25-29,女,167954.1,高,队列成分法推算；基准人口=表110-01001A中2026年中
2028,30-34,男,215341.3,高,队列成分法推算；基准人口=表110-01001A中2026年中
2028,30-34,女,208509.0,高,队列成分法推算；基准人口=表110-01001A中2026年中
2028,35-39,男,239539.3,高,队列成分法推算；基准人口=表110-01001A中2026年中
2028,35-39,女,242645.9,高,队列成分法推算；基准人口=表110-01001A中2026年中
2028,40-44,男,245952.5,高,队列成分法推算；基准人口=表110-01001A中2026年中
2028,40-44,女,268995.6,高,队列成分法推算；基准人口=表110-01001A中2026年中
2028,45-49,男,240793.8,高,队列成分法推算；基准人口=表110-01001A中2026年中
2028,45-49,女,286881.0,高,队列成分法推算；基准人口=表110-01001A中2026年中
2028,50-54,男,242773.4,高,队列成分法推算；基准人口=表110-01001A中2026年中
2028,50-54,女,303583.3,高,队列成分法推算；基准人口=表110-01001A中2026年中
2028,55-59,男,245315.6,高,队列成分法推算；基准人口=表110-01001A中2026年中
2028,55-59,女,314664.1,高,队列成分法推算；基准人口=表110-01001A中2026年中
2028,60-64,男,266667.1,高,队列成分法推算；基准人口=表110-01001A中2026年中
2028,60-64,女,331593.0,高,队列成分法推算；基准人口=表110-01001A中2026年中
2028,65-69,男,283350.1,高,队列成分法推算；基准人口=表110-01001A中2026年中
2028,65-69,女,320240.5,高,队列成分法推算；基准人口=表110-01001A中2026年中
2028,70-74,男,246254.7,高,队列成分法推算；基准人口=表110-01001A中2026年中
2028,70-74,女,270330.1,高,队列成分法推算；基准人口=表110-01001A中2026年中
2028,75-79,男,181834.3,高,队列成分法推算；基准人口=表110-01001A中2026年中
2028,75-79,女,205087.4,高,队列成分法推算；基准人口=表110-01001A中2026年中
2028,80-84,男,105123.9,高,队列成分法推算；基准人口=表110-01001A中2026年中
2028,80-84,女,122288.5,高,队列成分法推算；基准人口=表110-01001A中2026年中
2028,85+,男,107235.2,高,队列成分法推算；基准人口=表110-01001A中2026年中
2028,85+,女,157194.4,高,队列成分法推算；基准人口=表110-01001A中2026年中
2029,0-4,男,90959.7,高,队列成分法推算；基准人口=表110-01001A中2026年中
2029,0-4,女,85330.3,高,队列成分法推算；基准人口=表110-01001A中2026年中
2029,5-9,男,102088.5,高,队列成分法推算；基准人口=表110-01001A中2026年中
2029,5-9,女,94771.2,高,队列成分法推算；基准人口=表110-01001A中2026年中
2029,10-14,男,136727.2,高,队列成分法推算；基准人口=表110-01001A中2026年中
2029,10-14,女,127198.9,高,队列成分法推算；基准人口=表110-01001A中2026年中
2029,15-19,男,157216.7,高,队列成分法推算；基准人口=表110-01001A中2026年中
2029,15-19,女,147031.7,高,队列成分法推算；基准人口=表110-01001A中2026年中
2029,20-24,男,157631.5,高,队列成分法推算；基准人口=表110-01001A中2026年中
2029,20-24,女,151213.5,高,队列成分法推算；基准人口=表110-01001A中2026年中
2029,25-29,男,170672.3,高,队列成分法推算；基准人口=表110-01001A中2026年中
2029,25-29,女,165808.7,高,队列成分法推算；基准人口=表110-01001A中2026年中
2029,30-34,男,209695.1,高,队列成分法推算；基准人口=表110-01001A中2026年中
2029,30-34,女,202051.5,高,队列成分法推算；基准人口=表110-01001A中2026年中
2029,35-39,男,240277.7,高,队列成分法推算；基准人口=表110-01001A中2026年中
2029,35-39,女,241155.5,高,队列成分法推算；基准人口=表110-01001A中2026年中
2029,40-44,男,248223.8,高,队列成分法推算；基准人口=表110-01001A中2026年中
2029,40-44,女,266733.4,高,队列成分法推算；基准人口=表110-01001A中2026年中
2029,45-49,男,244256.1,高,队列成分法推算；基准人口=表110-01001A中2026年中
2029,45-49,女,286274.9,高,队列成分法推算；基准人口=表110-01001A中2026年中
2029,50-54,男,242345.1,高,队列成分法推算；基准人口=表110-01001A中2026年中
2029,50-54,女,301637.2,高,队列成分法推算；基准人口=表110-01001A中2026年中
2029,55-59,男,246525.3,高,队列成分法推算；基准人口=表110-01001A中2026年中
2029,55-59,女,314874.9,高,队列成分法推算；基准人口=表110-01001A中2026年中
2029,60-64,男,259703.7,高,队列成分法推算；基准人口=表110-01001A中2026年中
2029,60-64,女,327853.9,高,队列成分法推算；基准人口=表110-01001A中2026年中
2029,65-69,男,280175.8,高,队列成分法推算；基准人口=表110-01001A中2026年中
2029,65-69,女,326095.5,高,队列成分法推算；基准人口=表110-01001A中2026年中
2029,70-74,男,256119.4,高,队列成分法推算；基准人口=表110-01001A中2026年中
2029,70-74,女,281282.1,高,队列成分法推算；基准人口=表110-01001A中2026年中
2029,75-79,男,190480.8,高,队列成分法推算；基准人口=表110-01001A中2026年中
2029,75-79,女,216535.0,高,队列成分法推算；基准人口=表110-01001A中2026年中
2029,80-84,男,117398.3,高,队列成分法推算；基准人口=表110-01001A中2026年中
2029,80-84,女,137987.8,高,队列成分法推算；基准人口=表110-01001A中2026年中
2029,85+,男,111307.8,高,队列成分法推算；基准人口=表110-01001A中2026年中
2029,85+,女,162053.3,高,队列成分法推算；基准人口=表110-01001A中2026年中
2030,0-4,男,92977.8,高,队列成分法推算；基准人口=表110-01001A中2026年中
2030,0-4,女,87689.7,高,队列成分法推算；基准人口=表110-01001A中2026年中
2030,5-9,男,94674.3,高,队列成分法推算；基准人口=表110-01001A中2026年中
2030,5-9,女,87867.4,高,队列成分法推算；基准人口=表110-01001A中2026年中
2030,10-14,男,132540.9,高,队列成分法推算；基准人口=表110-01001A中2026年中
2030,10-14,女,123541.9,高,队列成分法推算；基准人口=表110-01001A中2026年中
2030,15-19,男,159117.6,高,队列成分法推算；基准人口=表110-01001A中2026年中
2030,15-19,女,148978.2,高,队列成分法推算；基准人口=表110-01001A中2026年中
2030,20-24,男,161356.5,高,队列成分法推算；基准人口=表110-01001A中2026年中
2030,20-24,女,153590.0,高,队列成分法推算；基准人口=表110-01001A中2026年中
2030,25-29,男,166689.0,高,队列成分法推算；基准人口=表110-01001A中2026年中
2030,25-29,女,163814.8,高,队列成分法推算；基准人口=表110-01001A中2026年中
2030,30-34,男,204203.8,高,队列成分法推算；基准人口=表110-01001A中2026年中
2030,30-34,女,195752.5,高,队列成分法推算；基准人口=表110-01001A中2026年中
2030,35-39,男,241161.7,高,队列成分法推算；基准人口=表110-01001A中2026年中
2030,35-39,女,239822.7,高,队列成分法推算；基准人口=表110-01001A中2026年中
2030,40-44,男,250658.1,高,队列成分法推算；基准人口=表110-01001A中2026年中
2030,40-44,女,264631.1,高,队列成分法推算；基准人口=表110-01001A中2026年中
2030,45-49,男,248074.3,高,队列成分法推算；基准人口=表110-01001A中2026年中
2030,45-49,女,286051.9,高,队列成分法推算；基准人口=表110-01001A中2026年中
2030,50-54,男,242072.2,高,队列成分法推算；基准人口=表110-01001A中2026年中
2030,50-54,女,299831.7,高,队列成分法推算；基准人口=表110-01001A中2026年中
2030,55-59,男,247900.9,高,队列成分法推算；基准人口=表110-01001A中2026年中
2030,55-59,女,315236.9,高,队列成分法推算；基准人口=表110-01001A中2026年中
2030,60-64,男,253035.4,高,队列成分法推算；基准人口=表110-01001A中2026年中
2030,60-64,女,324323.0,高,队列成分法推算；基准人口=表110-01001A中2026年中
2030,65-69,男,277597.7,高,队列成分法推算；基准人口=表110-01001A中2026年中
2030,65-69,女,332320.0,高,队列成分法推算；基准人口=表110-01001A中2026年中
2030,70-74,男,266004.1,高,队列成分法推算；基准人口=表110-01001A中2026年中
2030,70-74,女,292290.0,高,队列成分法推算；基准人口=表110-01001A中2026年中
2030,75-79,男,199044.4,高,队列成分法推算；基准人口=表110-01001A中2026年中
2030,75-79,女,227951.5,高,队列成分法推算；基准人口=表110-01001A中2026年中
2030,80-84,男,129024.5,高,队列成分法推算；基准人口=表110-01001A中2026年中
2030,80-84,女,153306.9,高,队列成分法推算；基准人口=表110-01001A中2026年中
2030,85+,男,114508.8,高,队列成分法推算；基准人口=表110-01001A中2026年中
2030,85+,女,166296.1,高,队列成分法推算；基准人口=表110-01001A中2026年中
2031,0-4,男,94763.5,高,队列成分法推算；基准人口=表110-01001A中2026年中
2031,0-4,女,89807.1,高,队列成分法推算；基准人口=表110-01001A中2026年中
2031,5-9,男,87288.1,高,队列成分法推算；基准人口=表110-01001A中2026年中
2031,5-9,女,80999.8,高,队列成分法推算；基准人口=表110-01001A中2026年中
2031,10-14,男,128390.0,高,队列成分法推算；基准人口=表110-01001A中2026年中
2031,10-14,女,119923.3,高,队列成分法推算；基准人口=表110-01001A中2026年中
2031,15-19,男,160665.1,高,队列成分法推算；基准人口=表110-01001A中2026年中
2031,15-19,女,150538.6,高,队列成分法推算；基准人口=表110-01001A中2026年中
2031,20-24,男,165222.1,高,队列成分法推算；基准人口=表110-01001A中2026年中
2031,20-24,女,156119.2,高,队列成分法推算；基准人口=表110-01001A中2026年中
2031,25-29,男,162851.9,高,队列成分法推算；基准人口=表110-01001A中2026年中
2031,25-29,女,161972.4,高,队列成分法推算；基准人口=表110-01001A中2026年中
2031,30-34,男,198867.4,高,队列成分法推算；基准人口=表110-01001A中2026年中
2031,30-34,女,189611.8,高,队列成分法推算；基准人口=表110-01001A中2026年中
2031,35-39,男,242191.2,高,队列成分法推算；基准人口=表110-01001A中2026年中
2031,35-39,女,238647.3,高,队列成分法推算；基准人口=表110-01001A中2026年中
2031,40-44,男,253255.2,高,队列成分法推算；基准人口=表110-01001A中2026年中
2031,40-44,女,262688.3,高,队列成分法推算；基准人口=表110-01001A中2026年中
2031,45-49,男,252258.1,高,队列成分法推算；基准人口=表110-01001A中2026年中
2031,45-49,女,286222.4,高,队列成分法推算；基准人口=表110-01001A中2026年中
2031,50-54,男,241953.8,高,队列成分法推算；基准人口=表110-01001A中2026年中
2031,50-54,女,298166.3,高,队列成分法推算；基准人口=表110-01001A中2026年中
2031,55-59,男,249441.0,高,队列成分法推算；基准人口=表110-01001A中2026年中
2031,55-59,女,315749.4,高,队列成分法推算；基准人口=表110-01001A中2026年中
2031,60-64,男,246657.0,高,队列成分法推算；基准人口=表110-01001A中2026年中
2031,60-64,女,320999.0,高,队列成分法推算；基准人口=表110-01001A中2026年中
2031,65-69,男,275613.1,高,队列成分法推算；基准人口=表110-01001A中2026年中
2031,65-69,女,338923.8,高,队列成分法推算；基准人口=表110-01001A中2026年中
2031,70-74,男,275905.4,高,队列成分法推算；基准人口=表110-01001A中2026年中
2031,70-74,女,303352.7,高,队列成分法推算；基准人口=表110-01001A中2026年中
2031,75-79,男,207523.7,高,队列成分法推算；基准人口=表110-01001A中2026年中
2031,75-79,女,239336.4,高,队列成分法推算；基准人口=表110-01001A中2026年中
2031,80-84,男,140033.7,高,队列成分法推算；基准人口=表110-01001A中2026年中
2031,80-84,女,168257.6,高,队列成分法推算；基准人口=表110-01001A中2026年中
2031,85+,男,116960.4,高,队列成分法推算；基准人口=表110-01001A中2026年中
2031,85+,女,169994.3,高,队列成分法推算；基准人口=表110-01001A中2026年中
2032,0-4,男,94274.7,高,队列成分法推算；基准人口=表110-01001A中2026年中
2032,0-4,女,89360.0,高,队列成分法推算；基准人口=表110-01001A中2026年中
2032,5-9,男,90177.3,高,队列成分法推算；基准人口=表110-01001A中2026年中
2032,5-9,女,84270.0,高,队列成分法推算；基准人口=表110-01001A中2026年中
2032,10-14,男,121068.4,高,队列成分法推算；基准人口=表110-01001A中2026年中
2032,10-14,女,113102.0,高,队列成分法推算；基准人口=表110-01001A中2026年中
2032,15-19,男,156858.7,高,队列成分法推算；基准人口=表110-01001A中2026年中
2032,15-19,女,147293.0,高,队列成分法推算；基准人口=表110-01001A中2026年中
2032,20-24,男,168749.1,高,队列成分法推算；基准人口=表110-01001A中2026年中
2032,20-24,女,159837.2,高,队列成分法推算；基准人口=表110-01001A中2026年中
2032,25-29,男,166843.6,高,队列成分法推算；基准人口=表110-01001A中2026年中
2032,25-29,女,164639.2,高,队列成分法推算；基准人口=表110-01001A中2026年中
2032,30-34,男,195148.1,高,队列成分法推算；基准人口=表110-01001A中2026年中
2032,30-34,女,187915.6,高,队列成分法推算；基准人口=表110-01001A中2026年中
2032,35-39,男,236949.5,高,队列成分法推算；基准人口=表110-01001A中2026年中
2032,35-39,女,232634.2,高,队列成分法推算；基准人口=表110-01001A中2026年中
2032,40-44,男,254400.8,高,队列成分法推算；基准人口=表110-01001A中2026年中
2032,40-44,女,261639.8,高,队列成分法推算；基准人口=表110-01001A中2026年中
2032,45-49,男,254742.7,高,队列成分法推算；基准人口=表110-01001A中2026年中
2032,45-49,女,284233.7,高,队列成分法推算；基准人口=表110-01001A中2026年中
2032,50-54,男,245162.7,高,队列成分法推算；基准人口=表110-01001A中2026年中
2032,50-54,女,297316.6,高,队列成分法推算；基准人口=表110-01001A中2026年中
2032,55-59,男,249181.3,高,队列成分法推算；基准人口=表110-01001A中2026年中
2032,55-59,女,314033.0,高,队列成分法推算；基准人口=表110-01001A中2026年中
2032,60-64,男,248001.3,高,队列成分法推算；基准人口=表110-01001A中2026年中
2032,60-64,女,321409.3,高,队列成分法推算；基准人口=表110-01001A中2026年中
2032,65-69,男,268649.4,高,队列成分法推算；基准人口=表110-01001A中2026年中
2032,65-69,女,335155.1,高,队列成分法推算；基准人口=表110-01001A中2026年中
2032,70-74,男,272093.4,高,队列成分法推算；基准人口=表110-01001A中2026年中
2032,70-74,女,308591.0,高,队列成分法推算；基准人口=表110-01001A中2026年中
2032,75-79,男,216948.5,高,队列成分法推算；基准人口=表110-01001A中2026年中
2032,75-79,女,249985.8,高,队列成分法推算；基准人口=表110-01001A中2026年中
2032,80-84,男,148250.1,高,队列成分法推算；基准人口=表110-01001A中2026年中
2032,80-84,女,179339.1,高,队列成分法推算；基准人口=表110-01001A中2026年中
2032,85+,男,132015.9,高,队列成分法推算；基准人口=表110-01001A中2026年中
2032,85+,女,189245.6,高,队列成分法推算；基准人口=表110-01001A中2026年中
2033,0-4,男,93970.7,高,队列成分法推算；基准人口=表110-01001A中2026年中
2033,0-4,女,89087.2,高,队列成分法推算；基准人口=表110-01001A中2026年中
2033,5-9,男,92833.2,高,队列成分法推算；基准人口=表110-01001A中2026年中
2033,5-9,女,87299.5,高,队列成分法推算；基准人口=表110-01001A中2026年中
2033,10-14,男,113774.8,高,队列成分法推算；基准人口=表110-01001A中2026年中
2033,10-14,女,106316.7,高,队列成分法推算；基准人口=表110-01001A中2026年中
2033,15-19,男,153088.2,高,队列成分法推算；基准人口=表110-01001A中2026年中
2033,15-19,女,144085.9,高,队列成分法推算；基准人口=表110-01001A中2026年中
2033,20-24,男,171984.9,高,队列成分法推算；基准人口=表110-01001A中2026年中
2033,20-24,女,163236.4,高,队列成分法推算；基准人口=表110-01001A中2026年中
2033,25-29,男,170975.8,高,队列成分法推算；基准人口=表110-01001A中2026年中
2033,25-29,女,167458.6,高,队列成分法推算；基准人口=表110-01001A中2026年中
2033,30-34,男,191576.0,高,队列成分法推算；基准人口=表110-01001A中2026年中
2033,30-34,女,186371.3,高,队列成分法推算；基准人口=表110-01001A中2026年中
2033,35-39,男,231863.0,高,队列成分法推算；基准人口=表110-01001A中2026年中
2033,35-39,女,226780.2,高,队列成分法推算；基准人口=表110-01001A中2026年中
2033,40-44,男,255692.6,高,队列成分法推算；基准人口=表110-01001A中2026年中
2033,40-44,女,260749.1,高,队列成分法推算；基准人口=表110-01001A中2026年中
2033,45-49,男,257390.3,高,队列成分法推算；基准人口=表110-01001A中2026年中
2033,45-49,女,282407.0,高,队列成分法推算；基准人口=表110-01001A中2026年中
2033,50-54,男,248704.4,高,队列成分法推算；基准人口=表110-01001A中2026年中
2033,50-54,女,296828.4,高,队列成分法推算；基准人口=表110-01001A中2026年中
2033,55-59,男,249078.3,高,队列成分法推算；基准人口=表110-01001A中2026年中
2033,55-59,女,312459.4,高,队列成分法推算；基准人口=表110-01001A中2026年中
2033,60-64,男,249510.0,高,队列成分法推算；基准人口=表110-01001A中2026年中
2033,60-64,女,321972.0,高,队列成分法推算；基准人口=表110-01001A中2026年中
2033,65-69,男,262002.9,高,队列成分法推算；基准人口=表110-01001A中2026年中
2033,65-69,女,331598.0,高,队列成分法推算；基准人口=表110-01001A中2026年中
2033,70-74,男,268855.1,高,队列成分法推算；基准人口=表110-01001A中2026年中
2033,70-74,女,314153.0,高,队列成分法推算；基准人口=表110-01001A中2026年中
2033,75-79,男,226305.5,高,队列成分法推算；基准人口=表110-01001A中2026年中
2033,75-79,女,260638.0,高,队列成分法推算；基准人口=表110-01001A中2026年中
2033,80-84,男,156139.2,高,队列成分法推算；基准人口=表110-01001A中2026年中
2033,80-84,女,190214.7,高,队列成分法推算；基准人口=表110-01001A中2026年中
2033,85+,男,145254.8,高,队列成分法推算；基准人口=表110-01001A中2026年中
2033,85+,女,206875.1,高,队列成分法推算；基准人口=表110-01001A中2026年中
2034,0-4,男,93854.8,高,队列成分法推算；基准人口=表110-01001A中2026年中
2034,0-4,女,88992.1,高,队列成分法推算；基准人口=表110-01001A中2026年中
2034,5-9,男,95255.9,高,队列成分法推算；基准人口=表110-01001A中2026年中
2034,5-9,女,90087.8,高,队列成分法推算；基准人口=表110-01001A中2026年中
2034,10-14,男,106509.2,高,队列成分法推算；基准人口=表110-01001A中2026年中
2034,10-14,女,99567.6,高,队列成分法推算；基准人口=表110-01001A中2026年中
2034,15-19,男,149353.8,高,队列成分法推算；基准人口=表110-01001A中2026年中
2034,15-19,女,140917.0,高,队列成分法推算；基准人口=表110-01001A中2026年中
2034,20-24,男,174908.9,高,队列成分法推算；基准人口=表110-01001A中2026年中
2034,20-24,女,166294.5,高,队列成分法推算；基准人口=表110-01001A中2026年中
2034,25-29,男,175248.4,高,队列成分法推算；基准人口=表110-01001A中2026年中
2034,25-29,女,170430.6,高,队列成分法推算；基准人口=表110-01001A中2026年中
2034,30-34,男,188151.0,高,队列成分法推算；基准人口=表110-01001A中2026年中
2034,30-34,女,184978.9,高,队列成分法推算；基准人口=表110-01001A中2026年中
2034,35-39,男,226931.7,高,队列成分法推算；基准人口=表110-01001A中2026年中
2034,35-39,女,221085.1,高,队列成分法推算；基准人口=表110-01001A中2026年中
2034,40-44,男,257130.6,高,队列成分法推算；基准人口=表110-01001A中2026年中
2034,40-44,女,260016.0,高,队列成分法推算；基准人口=表110-01001A中2026年中
2034,45-49,男,260200.7,高,队列成分法推算；基准人口=表110-01001A中2026年中
2034,45-49,女,280742.0,高,队列成分法推算；基准人口=表110-01001A中2026年中
2034,50-54,男,252587.9,高,队列成分法推算；基准人口=表110-01001A中2026年中
2034,50-54,女,296712.1,高,队列成分法推算；基准人口=表110-01001A中2026年中
2034,55-59,男,249131.0,高,队列成分法推算；基准人口=表110-01001A中2026年中
2034,55-59,女,311027.9,高,队列成分法推算；基准人口=表110-01001A中2026年中
2034,60-64,男,251181.4,高,队列成分法推算；基准人口=表110-01001A中2026年中
2034,60-64,女,322686.0,高,队列成分法推算；基准人口=表110-01001A中2026年中
2034,65-69,男,255667.1,高,队列成分法推算；基准人口=表110-01001A中2026年中
2034,65-69,女,328251.0,高,队列成分法推算；基准人口=表110-01001A中2026年中
2034,70-74,男,266185.1,高,队列成分法推算；基准人口=表110-01001A中2026年中
2034,70-74,女,320047.9,高,队列成分法推算；基准人口=表110-01001A中2026年中
2034,75-79,男,235596.4,高,队列成分法推算；基准人口=表110-01001A中2026年中
2034,75-79,女,271293.1,高,队列成分法推算；基准人口=表110-01001A中2026年中
2034,80-84,男,163716.7,高,队列成分法推算；基准人口=表110-01001A中2026年中
2034,80-84,女,200892.9,高,队列成分法推算；基准人口=表110-01001A中2026年中
2034,85+,男,156882.4,高,队列成分法推算；基准人口=表110-01001A中2026年中
2034,85+,女,223037.9,高,队列成分法推算；基准人口=表110-01001A中2026年中
2035,0-4,男,93930.2,高,队列成分法推算；基准人口=表110-01001A中2026年中
2035,0-4,女,89077.4,高,队列成分法推算；基准人口=表110-01001A中2026年中
2035,5-9,男,97446.4,高,队列成分法推算；基准人口=表110-01001A中2026年中
2035,5-9,女,92634.4,高,队列成分法推算；基准人口=表110-01001A中2026年中
2035,10-14,男,99271.6,高,队列成分法推算；基准人口=表110-01001A中2026年中
2035,10-14,女,92854.5,高,队列成分法推算；基准人口=表110-01001A中2026年中
2035,15-19,男,145655.2,高,队列成分法推算；基准人口=表110-01001A中2026年中
2035,15-19,女,137786.4,高,队列成分法推算；基准人口=表110-01001A中2026年中
2035,20-24,男,177500.6,高,队列成分法推算；基准人口=表110-01001A中2026年中
2035,20-24,女,168989.2,高,队列成分法推算；基准人口=表110-01001A中2026年中
2035,25-29,男,179661.4,高,队列成分法推算；基准人口=表110-01001A中2026年中
2035,25-29,女,173555.2,高,队列成分法推算；基准人口=表110-01001A中2026年中
2035,30-34,男,184873.0,高,队列成分法推算；基准人口=表110-01001A中2026年中
2035,30-34,女,183738.4,高,队列成分法推算；基准人口=表110-01001A中2026年中
2035,35-39,男,222155.3,高,队列成分法推算；基准人口=表110-01001A中2026年中
2035,35-39,女,215548.8,高,队列成分法推算；基准人口=表110-01001A中2026年中
2035,40-44,男,258714.6,高,队列成分法推算；基准人口=表110-01001A中2026年中
2035,40-44,女,259440.6,高,队列成分法推算；基准人口=表110-01001A中2026年中
2035,45-49,男,263173.7,高,队列成分法推算；基准人口=表110-01001A中2026年中
2035,45-49,女,279238.6,高,队列成分法推算；基准人口=表110-01001A中2026年中
2035,50-54,男,256822.4,高,队列成分法推算；基准人口=表110-01001A中2026年中
2035,50-54,女,296978.0,高,队列成分法推算；基准人口=表110-01001A中2026年中
2035,55-59,男,249338.4,高,队列成分法推算；基准人口=表110-01001A中2026年中
2035,55-59,女,309737.8,高,队列成分法推算；基准人口=表110-01001A中2026年中
2035,60-64,男,253014.1,高,队列成分法推算；基准人口=表110-01001A中2026年中
2035,60-64,女,323550.6,高,队列成分法推算；基准人口=表110-01001A中2026年中
2035,65-69,男,249635.8,高,队列成分法推算；基准人口=表110-01001A中2026年中
2035,65-69,女,325113.0,高,队列成分法推算；基准人口=表110-01001A中2026年中
2035,70-74,男,264078.7,高,队列成分法推算；基准人口=表110-01001A中2026年中
2035,70-74,女,326284.9,高,队列成分法推算；基准人口=表110-01001A中2026年中
2035,75-79,男,244822.8,高,队列成分法推算；基准人口=表110-01001A中2026年中
2035,75-79,女,281951.3,高,队列成分法推算；基准人口=表110-01001A中2026年中
2035,80-84,男,170997.4,高,队列成分法推算；基准人口=表110-01001A中2026年中
2035,80-84,女,211382.2,高,队列成分法推算；基准人口=表110-01001A中2026年中
2035,85+,男,167081.6,高,队列成分法推算；基准人口=表110-01001A中2026年中
2035,85+,女,237874.2,高,队列成分法推算；基准人口=表110-01001A中2026年中
2036,0-4,男,94199.5,高,队列成分法推算；基准人口=表110-01001A中2026年中
2036,0-4,女,89345.8,高,队列成分法推算；基准人口=表110-01001A中2026年中
2036,5-9,男,99405.7,高,队列成分法推算；基准人口=表110-01001A中2026年中
2036,5-9,女,94939.6,高,队列成分法推算；基准人口=表110-01001A中2026年中
2036,10-14,男,92062.1,高,队列成分法推算；基准人口=表110-01001A中2026年中
2036,10-14,女,86177.7,高,队列成分法推算；基准人口=表110-01001A中2026年中
2036,15-19,男,141992.6,高,队列成分法推算；基准人口=表110-01001A中2026年中
2036,15-19,女,134694.1,高,队列成分法推算；基准人口=表110-01001A中2026年中
2036,20-24,男,179739.4,高,队列成分法推算；基准人口=表110-01001A中2026年中
2036,20-24,女,171298.2,高,队列成分法推算；基准人口=表110-01001A中2026年中
2036,25-29,男,184214.9,高,队列成分法推算；基准人口=表110-01001A中2026年中
2036,25-29,女,176832.3,高,队列成分法推算；基准人口=表110-01001A中2026年中
2036,30-34,男,181741.8,高,队列成分法推算；基准人口=表110-01001A中2026年中
2036,30-34,女,182649.6,高,队列成分法推算；基准人口=表110-01001A中2026年中
2036,35-39,男,217533.5,高,队列成分法推算；基准人口=表110-01001A中2026年中
2036,35-39,女,210171.3,高,队列成分法推算；基准人口=表110-01001A中2026年中
2036,40-44,男,260444.4,高,队列成分法推算；基准人口=表110-01001A中2026年中
2036,40-44,女,259022.6,高,队列成分法推算；基准人口=表110-01001A中2026年中
2036,45-49,男,266309.1,高,队列成分法推算；基准人口=表110-01001A中2026年中
2036,45-49,女,277896.6,高,队列成分法推算；基准人口=表110-01001A中2026年中
2036,50-54,男,261417.2,高,队列成分法推算；基准人口=表110-01001A中2026年中
2036,50-54,女,297636.6,高,队列成分法推算；基准人口=表110-01001A中2026年中
2036,55-59,男,249699.6,高,队列成分法推算；基准人口=表110-01001A中2026年中
2036,55-59,女,308588.3,高,队列成分法推算；基准人口=表110-01001A中2026年中
2036,60-64,男,255006.7,高,队列成分法推算；基准人口=表110-01001A中2026年中
2036,60-64,女,324564.8,高,队列成分法推算；基准人口=表110-01001A中2026年中
2036,65-69,男,243903.1,高,队列成分法推算；基准人口=表110-01001A中2026年中
2036,65-69,女,322182.6,高,队列成分法推算；基准人口=表110-01001A中2026年中
2036,70-74,男,262531.3,高,队列成分法推算；基准人口=表110-01001A中2026年中
2036,70-74,女,332873.1,高,队列成分法推算；基准人口=表110-01001A中2026年中
2036,75-79,男,253986.1,高,队列成分法推算；基准人口=表110-01001A中2026年中
2036,75-79,女,292613.0,高,队列成分法推算；基准人口=表110-01001A中2026年中
2036,80-84,男,177995.7,高,队列成分法推算；基准人口=表110-01001A中2026年中
2036,80-84,女,221690.3,高,队列成分法推算；基准人口=表110-01001A中2026年中
2036,85+,男,176015.3,高,队列成分法推算；基准人口=表110-01001A中2026年中
2036,85+,女,251511.1,高,队列成分法推算；基准人口=表110-01001A中2026年中
2037,0-4,男,94594.6,高,队列成分法推算；基准人口=表110-01001A中2026年中
2037,0-4,女,89723.3,高,队列成分法推算；基准人口=表110-01001A中2026年中
2037,5-9,男,99022.1,高,队列成分法推算；基准人口=表110-01001A中2026年中
2037,5-9,女,94605.4,高,队列成分法推算；基准人口=表110-01001A中2026年中
2037,10-14,男,95052.7,高,队列成分法推算；基准人口=表110-01001A中2026年中
2037,10-14,女,89557.6,高,队列成分法推算；基准人口=表110-01001A中2026年中
2037,15-19,男,134876.6,高,队列成分法推算；基准人口=表110-01001A中2026年中
2037,15-19,女,128094.8,高,队列成分法推算；基准人口=表110-01001A中2026年中
2037,20-24,男,176347.0,高,队列成分法推算；基准人口=表110-01001A中2026年中
2037,20-24,女,168497.9,高,队列成分法推算；基准人口=表110-01001A中2026年中
2037,25-29,男,188148.4,高,队列成分法推算；基准人口=表110-01001A中2026年中
2037,25-29,女,180991.5,高,队列成分法推算；基准人口=表110-01001A中2026年中
2037,30-34,男,186138.1,高,队列成分法推算；基准人口=表110-01001A中2026年中
2037,30-34,女,185758.3,高,队列成分法推算；基准人口=表110-01001A中2026年中
2037,35-39,男,214238.9,高,队列成分法推算；基准人口=表110-01001A中2026年中
2037,35-39,女,208922.9,高,队列成分法推算；基准人口=表110-01001A中2026年中
2037,40-44,男,255636.0,高,队列成分法推算；基准人口=表110-01001A中2026年中
2037,40-44,女,253467.8,高,队列成分法推算；基准人口=表110-01001A中2026年中
2037,45-49,男,267822.2,高,队列成分法推算；基准人口=表110-01001A中2026年中
2037,45-49,女,277245.4,高,队列成分法推算；基准人口=表110-01001A中2026年中
2037,50-54,男,264157.2,高,队列成分法推算；基准人口=表110-01001A中2026年中
2037,50-54,女,295947.2,高,队列成分法推算；基准人口=表110-01001A中2026年中
2037,55-59,男,253152.8,高,队列成分法推算；基准人口=表110-01001A中2026年中
2037,55-59,女,308046.5,高,队列成分法推算；基准人口=表110-01001A中2026年中
2037,60-64,男,255062.9,高,队列成分法推算；基准人口=表110-01001A中2026年中
2037,60-64,女,323176.1,高,队列成分法推算；基准人口=表110-01001A中2026年中
2037,65-69,男,245486.3,高,队列成分法推算；基准人口=表110-01001A中2026年中
2037,65-69,女,322840.6,高,队列成分法推算；基准人口=表110-01001A中2026年中
2037,70-74,男,256145.7,高,队列成分法推算；基准人口=表110-01001A中2026年中
2037,70-74,女,329341.2,高,队列成分法推算；基准人口=表110-01001A中2026年中
2037,75-79,男,250815.8,高,队列成分法推算；基准人口=表110-01001A中2026年中
2037,75-79,女,297846.8,高,队列成分法推算；基准人口=表110-01001A中2026年中
2037,80-84,男,186749.2,高,队列成分法推算；基准人口=表110-01001A中2026年中
2037,80-84,女,231947.4,高,队列成分法推算；基准人口=表110-01001A中2026年中
2037,85+,男,192387.6,高,队列成分法推算；基准人口=表110-01001A中2026年中
2037,85+,女,274912.7,高,队列成分法推算；基准人口=表110-01001A中2026年中
2038,0-4,男,95183.4,高,队列成分法推算；基准人口=表110-01001A中2026年中
2038,0-4,女,90275.7,高,队列成分法推算；基准人口=表110-01001A中2026年中
2038,5-9,男,98752.2,高,队列成分法推算；基准人口=表110-01001A中2026年中
2038,5-9,女,94369.0,高,队列成分法推算；基准人口=表110-01001A中2026年中
2038,10-14,男,97739.5,高,队列成分法推算；基准人口=表110-01001A中2026年中
2038,10-14,女,92620.6,高,队列成分法推算；基准人口=表110-01001A中2026年中
2038,15-19,男,127549.4,高,队列成分法推算；基准人口=表110-01001A中2026年中
2038,15-19,女,121271.7,高,队列成分法推算；基准人口=表110-01001A中2026年中
2038,20-24,男,172708.7,高,队列成分法推算；基准人口=表110-01001A中2026年中
2038,20-24,女,165430.7,高,队列成分法推算；基准人口=表110-01001A中2026年中
2038,25-29,男,191509.1,高,队列成分法推算；基准人口=表110-01001A中2026年中
2038,25-29,女,184526.7,高,队列成分法推算；基准人口=表110-01001A中2026年中
2038,30-34,男,190392.7,高,队列成分法推算；基准人口=表110-01001A中2026年中
2038,30-34,女,188714.1,高,队列成分法推算；基准人口=表110-01001A中2026年中
2038,35-39,男,210809.5,高,队列成分法推算；基准人口=表110-01001A中2026年中
2038,35-39,女,207521.1,高,队列成分法推算；基准人口=表110-01001A中2026年中
2038,40-44,男,250703.8,高,队列成分法推算；基准人口=表110-01001A中2026年中
2038,40-44,女,247766.9,高,队列成分法推算；基准人口=表110-01001A中2026年中
2038,45-49,男,269285.1,高,队列成分法推算；基准人口=表110-01001A中2026年中
2038,45-49,女,276539.6,高,队列成分法推算；基准人口=表110-01001A中2026年中
2038,50-54,男,266883.6,高,队列成分法推算；基准人口=表110-01001A中2026年中
2038,50-54,女,294230.7,高,队列成分法推算；基准人口=表110-01001A中2026年中
2038,55-59,男,256756.9,高,队列成分法推算；基准人口=表110-01001A中2026年中
2038,55-59,女,307674.6,高,队列成分法推算；基准人口=表110-01001A中2026年中
2038,60-64,男,255099.3,高,队列成分法推算；基准人口=表110-01001A中2026年中
2038,60-64,女,321741.6,高,队列成分法推算；基准人口=表110-01001A中2026年中
2038,65-69,男,247150.6,高,队列成分法推算；基准人口=表110-01001A中2026年中
2038,65-69,女,323565.9,高,队列成分法推算；基准人口=表110-01001A中2026年中
2038,70-74,男,250037.7,高,队列成分法推算；基准人口=表110-01001A中2026年中
2038,70-74,女,325971.2,高,队列成分法推算；基准人口=表110-01001A中2026年中
2038,75-79,男,248127.3,高,队列成分法推算；基准人口=表110-01001A中2026年中
2038,75-79,女,303309.6,高,队列成分法推算；基准人口=表110-01001A中2026年中
2038,80-84,男,195146.3,高,队列成分法推算；基准人口=表110-01001A中2026年中
2038,80-84,女,242000.6,高,队列成分法推算；基准人口=表110-01001A中2026年中
2038,85+,男,207009.1,高,队列成分法推算；基准人口=表110-01001A中2026年中
2038,85+,女,296538.1,高,队列成分法推算；基准人口=表110-01001A中2026年中
2039,0-4,男,95945.0,高,队列成分法推算；基准人口=表110-01001A中2026年中
2039,0-4,女,90985.1,高,队列成分法推算；基准人口=表110-01001A中2026年中
2039,5-9,男,98599.6,高,队列成分法推算；基准人口=表110-01001A中2026年中
2039,5-9,女,94233.5,高,队列成分法推算；基准人口=表110-01001A中2026年中
2039,10-14,男,100122.9,高,队列成分法推算；基准人口=表110-01001A中2026年中
2039,10-14,女,95366.0,高,队列成分法推算；基准人口=表110-01001A中2026年中
2039,15-19,男,120053.3,高,队列成分法推算；基准人口=表110-01001A中2026年中
2039,15-19,女,114270.7,高,队列成分法推算；基准人口=表110-01001A中2026年中
2039,20-24,男,168824.7,高,队列成分法推算；基准人口=表110-01001A中2026年中
2039,20-24,女,162096.5,高,队列成分法推算；基准人口=表110-01001A中2026年中
2039,25-29,男,194276.6,高,队列成分法推算；基准人口=表110-01001A中2026年中
2039,25-29,女,187415.7,高,队列成分法推算；基准人口=表110-01001A中2026年中
2039,30-34,男,194505.6,高,队列成分法推算；基准人口=表110-01001A中2026年中
2039,30-34,女,191516.9,高,队列成分法推算；基准人口=表110-01001A中2026年中
2039,35-39,男,207245.2,高,队列成分法推算；基准人口=表110-01001A中2026年中
2039,35-39,女,205966.0,高,队列成分法推算；基准人口=表110-01001A中2026年中
2039,40-44,男,245647.5,高,队列成分法推算；基准人口=表110-01001A中2026年中
2039,40-44,女,241919.7,高,队列成分法推算；基准人口=表110-01001A中2026年中
2039,45-49,男,270676.8,高,队列成分法推算；基准人口=表110-01001A中2026年中
2039,45-49,女,275756.6,高,队列成分法推算；基准人口=表110-01001A中2026年中
2039,50-54,男,269596.7,高,队列成分法推算；基准人口=表110-01001A中2026年中
2039,50-54,女,292487.1,高,队列成分法推算；基准人口=表110-01001A中2026年中
2039,55-59,男,260521.2,高,队列成分法推算；基准人口=表110-01001A中2026年中
2039,55-59,女,307482.9,高,队列成分法推算；基准人口=表110-01001A中2026年中
2039,60-64,男,255115.9,高,队列成分法推算；基准人口=表110-01001A中2026年中
2039,60-64,女,320261.1,高,队列成分法推算；基准人口=表110-01001A中2026年中
2039,65-69,男,248870.7,高,队列成分法推算；基准人口=表110-01001A中2026年中
2039,65-69,女,324331.3,高,队列成分法推算；基准人口=表110-01001A中2026年中
2039,70-74,男,244199.9,高,队列成分法推算；基准人口=表110-01001A中2026年中
2039,70-74,女,322761.8,高,队列成分法推算；基准人口=表110-01001A中2026年中
2039,75-79,男,245913.8,高,队列成分法推算；基准人口=表110-01001A中2026年中
2039,75-79,女,309010.8,高,队列成分法推算；基准人口=表110-01001A中2026年中
2039,80-84,男,203205.7,高,队列成分法推算；基准人口=表110-01001A中2026年中
2039,80-84,女,251858.0,高,队列成分法推算；基准人口=表110-01001A中2026年中
2039,85+,男,220056.3,高,队列成分法推算；基准人口=表110-01001A中2026年中
2039,85+,女,316538.5,高,队列成分法推算；基准人口=表110-01001A中2026年中
2040,0-4,男,96857.0,高,队列成分法推算；基准人口=表110-01001A中2026年中
2040,0-4,女,91832.7,高,队列成分法推算；基准人口=表110-01001A中2026年中
2040,5-9,男,98567.3,高,队列成分法推算；基准人口=表110-01001A中2026年中
2040,5-9,女,94201.9,高,队列成分法推算；基准人口=表110-01001A中2026年中
2040,10-14,男,102203.6,高,队列成分法推算；基准人口=表110-01001A中2026年中
2040,10-14,女,97793.6,高,队列成分法推算；基准人口=表110-01001A中2026年中
2040,15-19,男,112430.8,高,队列成分法推算；基准人口=表110-01001A中2026年中
2040,15-19,女,107137.6,高,队列成分法推算；基准人口=表110-01001A中2026年中
2040,20-24,男,164695.0,高,队列成分法推算；基准人口=表110-01001A中2026年中
2040,20-24,女,158495.4,高,队列成分法推算；基准人口=表110-01001A中2026年中
2040,25-29,男,196430.4,高,队列成分法推算；基准人口=表110-01001A中2026年中
2040,25-29,女,189636.2,高,队列成分法推算；基准人口=表110-01001A中2026年中
2040,30-34,男,198477.0,高,队列成分法推算；基准人口=表110-01001A中2026年中
2040,30-34,女,194166.8,高,队列成分法推算；基准人口=表110-01001A中2026年中
2040,35-39,男,203546.1,高,队列成分法推算；基准人口=表110-01001A中2026年中
2040,35-39,女,204257.4,高,队列成分法推算；基准人口=表110-01001A中2026年中
2040,40-44,男,240467.2,高,队列成分法推算；基准人口=表110-01001A中2026年中
2040,40-44,女,235926.3,高,队列成分法推算；基准人口=表110-01001A中2026年中
2040,45-49,男,271976.3,高,队列成分法推算；基准人口=表110-01001A中2026年中
2040,45-49,女,274873.3,高,队列成分法推算；基准人口=表110-01001A中2026年中
2040,50-54,男,272296.5,高,队列成分法推算；基准人口=表110-01001A中2026年中
2040,50-54,女,290716.3,高,队列成分法推算；基准人口=表110-01001A中2026年中
2040,55-59,男,264455.3,高,队列成分法推算；基准人口=表110-01001A中2026年中
2040,55-59,女,307482.1,高,队列成分法推算；基准人口=表110-01001A中2026年中
2040,60-64,男,255112.4,高,队列成分法推算；基准人口=表110-01001A中2026年中
2040,60-64,女,318734.3,高,队列成分法推算；基准人口=表110-01001A中2026年中
2040,65-69,男,250621.7,高,队列成分法推算；基准人口=表110-01001A中2026年中
2040,65-69,女,325109.8,高,队列成分法推算；基准人口=表110-01001A中2026年中
2040,70-74,男,238625.5,高,队列成分法推算；基准人口=表110-01001A中2026年中
2040,70-74,女,319711.3,高,队列成分法推算；基准人口=表110-01001A中2026年中
2040,75-79,男,244169.0,高,队列成分法推算；基准人口=表110-01001A中2026年中
2040,75-79,女,314959.2,高,队列成分法推算；基准人口=表110-01001A中2026年中
2040,80-84,男,210944.6,高,队列成分法推算；基准人口=表110-01001A中2026年中
2040,80-84,女,261527.7,高,队列成分法推算；基准人口=表110-01001A中2026年中
2040,85+,男,231687.4,高,队列成分法推算；基准人口=表110-01001A中2026年中
2040,85+,女,335051.6,高,队列成分法推算；基准人口=表110-01001A中2026年中
2041,0-4,男,97895.7,高,队列成分法推算；基准人口=表110-01001A中2026年中
2041,0-4,女,92797.9,高,队列成分法推算；基准人口=表110-01001A中2026年中
2041,5-9,男,98658.2,高,队列成分法推算；基准人口=表110-01001A中2026年中
2041,5-9,女,94276.9,高,队列成分法推算；基准人口=表110-01001A中2026年中
2041,10-14,男,103982.8,高,队列成分法推算；基准人口=表110-01001A中2026年中
2041,10-14,女,99903.4,高,队列成分法推算；基准人口=表110-01001A中2026年中
2041,15-19,男,104724.0,高,队列成分法推算；基准人口=表110-01001A中2026年中
2041,15-19,女,99918.5,高,队列成分法推算；基准人口=表110-01001A中2026年中
2041,20-24,男,160319.6,高,队列成分法推算；基准人口=表110-01001A中2026年中
2041,20-24,女,154627.4,高,队列成分法推算；基准人口=表110-01001A中2026年中
2041,25-29,男,197950.1,高,队列成分法推算；基准人口=表110-01001A中2026年中
2041,25-29,女,191165.8,高,队列成分法推算；基准人口=表110-01001A中2026年中
2041,30-34,男,202307.0,高,队列成分法推算；基准人口=表110-01001A中2026年中
2041,30-34,女,196664.0,高,队列成分法推算；基准人口=表110-01001A中2026年中
2041,35-39,男,199712.3,高,队列成分法推算；基准人口=表110-01001A中2026年中
2041,35-39,女,202395.4,高,队列成分法推算；基准人口=表110-01001A中2026年中
2041,40-44,男,235162.7,高,队列成分法推算；基准人口=表110-01001A中2026年中
2041,40-44,女,229786.6,高,队列成分法推算；基准人口=表110-01001A中2026年中
2041,45-49,男,273162.7,高,队列成分法推算；基准人口=表110-01001A中2026年中
2041,45-49,女,273866.9,高,队列成分法推算；基准人口=表110-01001A中2026年中
2041,50-54,男,274983.2,高,队列成分法推算；基准人口=表110-01001A中2026年中
2041,50-54,女,288918.2,高,队列成分法推算；基准人口=表110-01001A中2026年中
2041,55-59,男,268568.5,高,队列成分法推算；基准人口=表110-01001A中2026年中
2041,55-59,女,307682.5,高,队列成分法推算；基准人口=表110-01001A中2026年中
2041,60-64,男,255088.5,高,队列成分法推算；基准人口=表110-01001A中2026年中
2041,60-64,女,317160.9,高,队列成分法推算；基准人口=表110-01001A中2026年中
2041,65-69,男,252379.0,高,队列成分法推算；基准人口=表110-01001A中2026年中
2041,65-69,女,325874.9,高,队列成分法推算；基准人口=表110-01001A中2026年中
2041,70-74,男,233307.7,高,队列成分法推算；基准人口=表110-01001A中2026年中
2041,70-74,女,316818.4,高,队列成分法推算；基准人口=表110-01001A中2026年中
2041,75-79,男,242887.2,高,队列成分法推算；基准人口=表110-01001A中2026年中
2041,75-79,女,321163.8,高,队列成分法推算；基准人口=表110-01001A中2026年中
2041,80-84,男,218379.0,高,队列成分法推算；基准人口=表110-01001A中2026年中
2041,80-84,女,271016.9,高,队列成分法推算；基准人口=表110-01001A中2026年中
2041,85+,男,242044.6,高,队列成分法推算；基准人口=表110-01001A中2026年中
2041,85+,女,352202.2,高,队列成分法推算；基准人口=表110-01001A中2026年中
2042,0-4,男,99035.6,高,队列成分法推算；基准人口=表110-01001A中2026年中
2042,0-4,女,93858.9,高,队列成分法推算；基准人口=表110-01001A中2026年中
2042,5-9,男,98874.9,高,队列成分法推算；基准人口=表110-01001A中2026年中
2042,5-9,女,94461.0,高,队列成分法推算；基准人口=表110-01001A中2026年中
2042,10-14,男,103420.0,高,队列成分法推算；基准人口=表110-01001A中2026年中
2042,10-14,女,99375.1,高,队列成分法推算；基准人口=表110-01001A中2026年中
2042,15-19,男,107210.3,高,队列成分法推算；基准人口=表110-01001A中2026年中
2042,15-19,女,102751.8,高,队列成分法推算；基准人口=表110-01001A中2026年中
2042,20-24,男,152491.9,高,队列成分法推算；基准人口=表110-01001A中2026年中
2042,20-24,女,147252.3,高,队列成分法推算；基准人口=表110-01001A中2026年中
2042,25-29,男,193845.8,高,队列成分法推算；基准人口=表110-01001A中2026年中
2042,25-29,女,187590.4,高,队列成分法推算；基准人口=表110-01001A中2026年中
2042,30-34,男,205518.5,高,队列成分法推算；基准人口=表110-01001A中2026年中
2042,30-34,女,200042.1,高,队列成分法推算；基准人口=表110-01001A中2026年中
2042,35-39,男,203384.6,高,队列成分法推算；基准人口=表110-01001A中2026年中
2042,35-39,女,204723.9,高,队列成分法推算；基准人口=表110-01001A中2026年中
2042,40-44,男,231166.6,高,队列成分法推算；基准人口=表110-01001A中2026年中
2042,40-44,女,227765.6,高,队列成分法推算；基准人口=表110-01001A中2026年中
2042,45-49,男,267837.2,高,队列成分法推算；基准人口=表110-01001A中2026年中
2042,45-49,女,267726.0,高,队列成分法推算；基准人口=表110-01001A中2026年中
2042,50-54,男,276058.9,高,队列成分法推算；基准人口=表110-01001A中2026年中
2042,50-54,女,287796.3,高,队列成分法推算；基准人口=表110-01001A中2026年中
2042,55-59,男,270859.8,高,队列成分法推算；基准人口=表110-01001A中2026年中
2042,55-59,女,305541.9,高,队列成分法推算；基准人口=表110-01001A中2026年中
2042,60-64,男,258080.6,高,队列成分法推算；基准人口=表110-01001A中2026年中
2042,60-64,女,316171.3,高,队列成分法推算；基准人口=表110-01001A中2026年中
2042,65-69,男,252259.4,高,队列成分法推算；基准人口=表110-01001A中2026年中
2042,65-69,女,324268.9,高,队列成分法推算；基准人口=表110-01001A中2026年中
2042,70-74,男,234811.0,高,队列成分法推算；基准人口=表110-01001A中2026年中
2042,70-74,女,317375.3,高,队列成分法推算；基准人口=表110-01001A中2026年中
2042,75-79,男,237051.0,高,队列成分法推算；基准人口=表110-01001A中2026年中
2042,75-79,女,317724.4,高,队列成分法推算；基准人口=表110-01001A中2026年中
2042,80-84,男,215766.9,高,队列成分法推算；基准人口=表110-01001A中2026年中
2042,80-84,女,275996.6,高,队列成分法推算；基准人口=表110-01001A中2026年中
2042,85+,男,259648.3,高,队列成分法推算；基准人口=表110-01001A中2026年中
2042,85+,女,377811.4,高,队列成分法推算；基准人口=表110-01001A中2026年中
2043,0-4,男,100072.1,高,队列成分法推算；基准人口=表110-01001A中2026年中
2043,0-4,女,94822.1,高,队列成分法推算；基准人口=表110-01001A中2026年中
2043,5-9,男,99284.7,高,队列成分法推算；基准人口=表110-01001A中2026年中
2043,5-9,女,94819.6,高,队列成分法推算；基准人口=表110-01001A中2026年中
2043,10-14,男,102970.9,高,队列成分法推算；基准人口=表110-01001A中2026年中
2043,10-14,女,98944.4,高,队列成分法推算；基准人口=表110-01001A中2026年中
2043,15-19,男,109392.9,高,队列成分法推算；基准人口=表110-01001A中2026年中
2043,15-19,女,105268.4,高,队列成分法推算；基准人口=表110-01001A中2026年中
2043,20-24,男,144453.7,高,队列成分法推算；基准人口=表110-01001A中2026年中
2043,20-24,女,139654.1,高,队列成分法推算；基准人口=表110-01001A中2026年中
2043,25-29,男,189496.2,高,队列成分法推算；基准人口=表110-01001A中2026年中
2043,25-29,女,183748.2,高,队列成分法推算；基准人口=表110-01001A中2026年中
2043,30-34,男,208158.4,高,队列成分法推算；基准人口=表110-01001A中2026年中
2043,30-34,女,202796.9,高,队列成分法推算；基准人口=表110-01001A中2026年中
2043,35-39,男,206915.6,高,队列成分法推算；基准人口=表110-01001A中2026年中
2043,35-39,女,206899.8,高,队列成分法推算；基准人口=表110-01001A中2026年中
2043,40-44,男,227038.8,高,队列成分法推算；基准人口=表110-01001A中2026年中
2043,40-44,女,225591.8,高,队列成分法推算；基准人口=表110-01001A中2026年中
2043,45-49,男,262393.5,高,队列成分法推算；基准人口=表110-01001A中2026年中
2043,45-49,女,261443.1,高,队列成分法推算；基准人口=表110-01001A中2026年中
2043,50-54,男,277087.2,高,队列成分法推算；基准人口=表110-01001A中2026年中
2043,50-54,女,286622.5,高,队列成分法推算；基准人口=表110-01001A中2026年中
2043,55-59,男,273139.0,高,队列成分法推算；基准人口=表110-01001A中2026年中
2043,55-59,女,303377.4,高,队列成分法推算；基准人口=表110-01001A中2026年中
2043,60-64,男,261219.3,高,队列成分法推算；基准人口=表110-01001A中2026年中
2043,60-64,女,315353.0,高,队列成分法推算；基准人口=表110-01001A中2026年中
2043,65-69,男,252126.3,高,队列成分法推算；基准人口=表110-01001A中2026年中
2043,65-69,女,322621.8,高,队列成分法推算；基准人口=表110-01001A中2026年中
2043,70-74,男,236390.6,高,队列成分法推算；基准人口=表110-01001A中2026年中
2043,70-74,女,318001.2,高,队列成分法推算；基准人口=表110-01001A中2026年中
2043,75-79,男,231510.1,高,队列成分法推算；基准人口=表110-01001A中2026年中
2043,75-79,女,314459.1,高,队列成分法推算；基准人口=表110-01001A中2026年中
2043,80-84,男,213608.6,高,队列成分法推算；基准人口=表110-01001A中2026年中
2043,80-84,女,281121.9,高,队列成分法推算；基准人口=表110-01001A中2026年中
2043,85+,男,275590.5,高,队列成分法推算；基准人口=表110-01001A中2026年中
2043,85+,女,401676.6,高,队列成分法推算；基准人口=表110-01001A中2026年中
2044,0-4,男,100989.7,高,队列成分法推算；基准人口=表110-01001A中2026年中
2044,0-4,女,95673.2,高,队列成分法推算；基准人口=表110-01001A中2026年中
2044,5-9,男,99867.0,高,队列成分法推算；基准人口=表110-01001A中2026年中
2044,5-9,女,95335.2,高,队列成分法推算；基准人口=表110-01001A中2026年中
2044,10-14,男,102639.0,高,队列成分法推算；基准人口=表110-01001A中2026年中
2044,10-14,女,98614.6,高,队列成分法推算；基准人口=表110-01001A中2026年中
2044,15-19,男,111272.0,高,队列成分法推算；基准人口=表110-01001A中2026年中
2044,15-19,女,107467.6,高,队列成分法推算；基准人口=表110-01001A中2026年中
2044,20-24,男,136247.3,高,队列成分法推算；基准人口=表110-01001A中2026年中
2044,20-24,女,131878.6,高,队列成分法推算；基准人口=表110-01001A中2026年中
2044,25-29,男,184901.5,高,队列成分法推算；基准人口=表110-01001A中2026年中
2044,25-29,女,179639.2,高,队列成分法推算；基准人口=表110-01001A中2026年中
2044,30-34,男,210206.1,高,队列成分法推算；基准人口=表110-01001A中2026年中
2044,30-34,女,204906.1,高,队列成分法推算；基准人口=表110-01001A中2026年中
2044,35-39,男,210305.5,高,队列成分法推算；基准人口=表110-01001A中2026年中
2044,35-39,女,208923.0,高,队列成分法推算；基准人口=表110-01001A中2026年中
2044,40-44,男,222779.0,高,队列成分法推算；基准人口=表110-01001A中2026年中
2044,40-44,女,223265.3,高,队列成分法推算；基准人口=表110-01001A中2026年中
2044,45-49,男,256831.6,高,队列成分法推算；基准人口=表110-01001A中2026年中
2044,45-49,女,255018.0,高,队列成分法推算；基准人口=表110-01001A中2026年中
2044,50-54,男,278047.3,高,队列成分法推算；基准人口=表110-01001A中2026年中
2044,50-54,女,285373.8,高,队列成分法推算；基准人口=表110-01001A中2026年中
2044,55-59,男,275406.4,高,队列成分法推算；基准人口=表110-01001A中2026年中
2044,55-59,女,301189.1,高,队列成分法推算；基准人口=表110-01001A中2026年中
2044,60-64,男,264513.4,高,队列成分法推算；基准人口=表110-01001A中2026年中
2044,60-64,女,314716.2,高,队列成分法推算；基准人口=表110-01001A中2026年中
2044,65-69,男,251979.3,高,队列成分法推算；基准人口=表110-01001A中2026年中
2044,65-69,女,320933.2,高,队列成分法推算；基准人口=表110-01001A中2026年中
2044,70-74,男,238022.3,高,队列成分法推算；基准人口=表110-01001A中2026年中
2044,70-74,女,318669.6,高,队列成分法推算；基准人口=表110-01001A中2026年中
2044,75-79,男,226255.1,高,队列成分法推算；基准人口=表110-01001A中2026年中
2044,75-79,女,311365.3,高,队列成分法推算；基准人口=表110-01001A中2026年中
2044,80-84,男,211887.8,高,队列成分法推算；基准人口=表110-01001A中2026年中
2044,80-84,女,286401.4,高,队列成分法推算；基准人口=表110-01001A中2026年中
2044,85+,男,290032.7,高,队列成分法推算；基准人口=表110-01001A中2026年中
2044,85+,女,423942.8,高,队列成分法推算；基准人口=表110-01001A中2026年中
2045,0-4,男,101772.8,高,队列成分法推算；基准人口=表110-01001A中2026年中
2045,0-4,女,96397.2,高,队列成分法推算；基准人口=表110-01001A中2026年中
2045,5-9,男,100599.5,高,队列成分法推算；基准人口=表110-01001A中2026年中
2045,5-9,女,95988.8,高,队列成分法推算；基准人口=表110-01001A中2026年中
2045,10-14,男,102427.3,高,队列成分法推算；基准人口=表110-01001A中2026年中
2045,10-14,女,98388.6,高,队列成分法推算；基准人口=表110-01001A中2026年中
2045,15-19,男,112848.4,高,队列成分法推算；基准人口=表110-01001A中2026年中
2045,15-19,女,109349.1,高,队列成分法推算；基准人口=表110-01001A中2026年中
2045,20-24,男,127914.9,高,队列成分法推算；基准人口=表110-01001A中2026年中
2045,20-24,女,123971.7,高,队列成分法推算；基准人口=表110-01001A中2026年中
2045,25-29,男,180061.6,高,队列成分法推算；基准人口=表110-01001A中2026年中
2045,25-29,女,175263.4,高,队列成分法推算；基准人口=表110-01001A中2026年中
2045,30-34,男,211641.5,高,队列成分法推算；基准人口=表110-01001A中2026年中
2045,30-34,女,206347.5,高,队列成分法推算；基准人口=表110-01001A中2026年中
2045,35-39,男,213554.4,高,队列成分法推算；基准人口=表110-01001A中2026年中
2045,35-39,女,210793.8,高,队列成分法推算；基准人口=表110-01001A中2026年中
2045,40-44,男,218387.4,高,队列成分法推算；基准人口=表110-01001A中2026年中
2045,40-44,女,220785.9,高,队列成分法推算；基准人口=表110-01001A中2026年中
2045,45-49,男,251151.2,高,队列成分法推算；基准人口=表110-01001A中2026年中
2045,45-49,女,248450.6,高,队列成分法推算；基准人口=表110-01001A中2026年中
2045,50-54,男,278918.3,高,队列成分法推算；基准人口=表110-01001A中2026年中
2045,50-54,女,284027.3,高,队列成分法推算；基准人口=表110-01001A中2026年中
2045,55-59,男,277662.0,高,队列成分法推算；基准人口=表110-01001A中2026年中
2045,55-59,女,298976.6,高,队列成分法推算；基准人口=表110-01001A中2026年中
2045,60-64,男,267972.1,高,队列成分法推算；基准人口=表110-01001A中2026年中
2045,60-64,女,314271.0,高,队列成分法推算；基准人口=表110-01001A中2026年中
2045,65-69,男,251817.5,高,队列成分法推算；基准人口=表110-01001A中2026年中
2045,65-69,女,319202.7,高,队列成分法推算；基准人口=表110-01001A中2026年中
2045,70-74,男,239682.3,高,队列成分法推算；基准人口=表110-01001A中2026年中
2045,70-74,女,319354.0,高,队列成分法推算；基准人口=表110-01001A中2026年中
2045,75-79,男,221276.4,高,队列成分法推算；基准人口=表110-01001A中2026年中
2045,75-79,女,308440.7,高,队列成分法推算；基准人口=表110-01001A中2026年中
2045,80-84,男,210589.6,高,队列成分法推算；基准人口=表110-01001A中2026年中
2045,80-84,女,291843.6,高,队列成分法推算；基准人口=表110-01001A中2026年中
2045,85+,男,303120.1,高,队列成分法推算；基准人口=表110-01001A中2026年中
2045,85+,女,444741.5,高,队列成分法推算；基准人口=表110-01001A中2026年中
2046,0-4,男,102405.5,高,队列成分法推算；基准人口=表110-01001A中2026年中
2046,0-4,女,96979.2,高,队列成分法推算；基准人口=表110-01001A中2026年中
2046,5-9,男,101458.5,高,队列成分法推算；基准人口=表110-01001A中2026年中
2046,5-9,女,96760.0,高,队列成分法推算；基准人口=表110-01001A中2026年中
2046,10-14,男,102338.8,高,队列成分法推算；基准人口=表110-01001A中2026年中
2046,10-14,女,98269.2,高,队列成分法推算；基准人口=表110-01001A中2026年中
2046,15-19,男,114123.4,高,队列成分法推算；基准人口=表110-01001A中2026年中
2046,15-19,女,110913.0,高,队列成分法推算；基准人口=表110-01001A中2026年中
2046,20-24,男,119498.8,高,队列成分法推算；基准人口=表110-01001A中2026年中
2046,20-24,女,115979.2,高,队列成分法推算；基准人口=表110-01001A中2026年中
2046,25-29,男,174976.5,高,队列成分法推算；基准人口=表110-01001A中2026年中
2046,25-29,女,170620.7,高,队列成分法推算；基准人口=表110-01001A中2026年中
2046,30-34,男,212444.0,高,队列成分法推算；基准人口=表110-01001A中2026年中
2046,30-34,女,207098.7,高,队列成分法推算；基准人口=表110-01001A中2026年中
2046,35-39,男,216662.4,高,队列成分法推算；基准人口=表110-01001A中2026年中
2046,35-39,女,212512.1,高,队列成分法推算；基准人口=表110-01001A中2026年中
2046,40-44,男,213863.7,高,队列成分法推算；基准人口=表110-01001A中2026年中
2046,40-44,女,218153.6,高,队列成分法推算；基准人口=表110-01001A中2026年中
2046,45-49,男,245351.9,高,队列成分法推算；基准人口=表110-01001A中2026年中
2046,45-49,女,241740.8,高,队列成分法推算；基准人口=表110-01001A中2026年中
2046,50-54,男,279679.4,高,队列成分法推算；基准人口=表110-01001A中2026年中
2046,50-54,女,282560.3,高,队列成分法推算；基准人口=表110-01001A中2026年中
2046,55-59,男,279905.8,高,队列成分法推算；基准人口=表110-01001A中2026年中
2046,55-59,女,296740.0,高,队列成分法推算；基准人口=表110-01001A中2026年中
2046,60-64,男,271604.2,高,队列成分法推算；基准人口=表110-01001A中2026年中
2046,60-64,女,314027.3,高,队列成分法推算；基准人口=表110-01001A中2026年中
2046,65-69,男,251640.4,高,队列成分法推算；基准人口=表110-01001A中2026年中
2046,65-69,女,317429.9,高,队列成分法推算；基准人口=表110-01001A中2026年中
2046,70-74,男,241347.2,高,队列成分法推算；基准人口=表110-01001A中2026年中
2046,70-74,女,320028.2,高,队列成分法推算；基准人口=表110-01001A中2026年中
2046,75-79,男,216565.5,高,队列成分法推算；基准人口=表110-01001A中2026年中
2046,75-79,女,305683.2,高,队列成分法推算；基准人口=表110-01001A中2026年中
2046,80-84,男,209700.0,高,队列成分法推算；基准人口=表110-01001A中2026年中
2046,80-84,女,297456.7,高,队列成分法推算；基准人口=表110-01001A中2026年中
2046,85+,男,314982.9,高,队列成分法推算；基准人口=表110-01001A中2026年中
2046,85+,女,464192.9,高,队列成分法推算；基准人口=表110-01001A中2026年中
2047,0-4,男,102871.7,高,队列成分法推算；基准人口=表110-01001A中2026年中
2047,0-4,女,97404.1,高,队列成分法推算；基准人口=表110-01001A中2026年中
2047,5-9,男,102418.9,高,队列成分法推算；基准人口=表110-01001A中2026年中
2047,5-9,女,97626.9,高,队列成分法推算；基准人口=表110-01001A中2026年中
2047,10-14,男,102376.1,高,队列成分法推算；基准人口=表110-01001A中2026年中
2047,10-14,女,98258.8,高,队列成分法推算；基准人口=表110-01001A中2026年中
2047,15-19,男,113058.0,高,队列成分法推算；基准人口=表110-01001A中2026年中
2047,15-19,女,109839.8,高,队列成分法推算；基准人口=表110-01001A中2026年中
2047,20-24,男,121265.2,高,队列成分法推算；基准人口=表110-01001A中2026年中
2047,20-24,女,118032.8,高,队列成分法推算；基准人口=表110-01001A中2026年中
2047,25-29,男,166441.4,高,队列成分法推算；基准人口=表110-01001A中2026年中
2047,25-29,女,162473.6,高,队列成分法推算；基准人口=表110-01001A中2026年中
2047,30-34,男,207631.5,高,队列成分法推算；基准人口=表110-01001A中2026年中
2047,30-34,女,202749.0,高,队列成分法推算；基准人口=表110-01001A中2026年中
2047,35-39,男,219153.6,高,队列成分法推算；基准人口=表110-01001A中2026年中
2047,35-39,女,215110.0,高,队列成分法推算；基准人口=表110-01001A中2026年中
2047,40-44,男,216814.1,高,队列成分法推算；基准人口=表110-01001A中2026年中
2047,40-44,女,219703.5,高,队列成分法推算；基准人口=表110-01001A中2026年中
2047,45-49,男,240831.4,高,队列成分法推算；基准人口=表110-01001A中2026年中
2047,45-49,女,239125.4,高,队列成分法推算；基准人口=表110-01001A中2026年中
2047,50-54,男,273971.4,高,队列成分法推算；基准人口=表110-01001A中2026年中
2047,50-54,女,275969.8,高,队列成分法推算；基准人口=表110-01001A中2026年中
2047,55-59,男,280556.5,高,队列成分法推算；基准人口=表110-01001A中2026年中
2047,55-59,女,295160.7,高,队列成分法推算；基准人口=表110-01001A中2026年中
2047,60-64,男,273458.8,高,队列成分法推算；基准人口=表110-01001A中2026年中
2047,60-64,女,311449.7,高,队列成分法推算；基准人口=表110-01001A中2026年中
2047,65-69,男,254371.7,高,队列成分法推算；基准人口=表110-01001A中2026年中
2047,65-69,女,316214.0,高,队列成分法推算；基准人口=表110-01001A中2026年中
2047,70-74,男,241222.5,高,队列成分法推算；基准人口=表110-01001A中2026年中
2047,70-74,女,318367.3,高,队列成分法推算；基准人口=表110-01001A中2026年中
2047,75-79,男,218008.8,高,队列成分法推算；基准人口=表110-01001A中2026年中
2047,75-79,女,306167.8,高,队列成分法推算；基准人口=表110-01001A中2026年中
2047,80-84,男,204570.3,高,队列成分法推算；基准人口=表110-01001A中2026年中
2047,80-84,女,294244.7,高,队列成分法推算；基准人口=表110-01001A中2026年中
2047,85+,男,324660.5,高,队列成分法推算；基准人口=表110-01001A中2026年中
2047,85+,女,487133.1,高,队列成分法推算；基准人口=表110-01001A中2026年中
2048,0-4,男,102858.5,高,队列成分法推算；基准人口=表110-01001A中2026年中
2048,0-4,女,97379.6,高,队列成分法推算；基准人口=表110-01001A中2026年中
2048,5-9,男,103297.8,高,队列成分法推算；基准人口=表110-01001A中2026年中
2048,5-9,女,98419.8,高,队列成分法推算；基准人口=表110-01001A中2026年中
2048,10-14,男,102628.2,高,队列成分法推算；基准人口=表110-01001A中2026年中
2048,10-14,女,98446.6,高,队列成分法推算；基准人口=表110-01001A中2026年中
2048,15-19,男,112193.7,高,队列成分法推算；基准人口=表110-01001A中2026年中
2048,15-19,女,108958.7,高,队列成分法推算；基准人口=表110-01001A中2026年中
2048,20-24,男,122815.2,高,队列成分法推算；基准人口=表110-01001A中2026年中
2048,20-24,女,119864.2,高,队列成分法推算；基准人口=表110-01001A中2026年中
2048,25-29,男,157783.9,高,队列成分法推算；基准人口=表110-01001A中2026年中
2048,25-29,女,154198.1,高,队列成分法推算；基准人口=表110-01001A中2026年中
2048,30-34,男,202662.2,高,队列成分法推算；基准人口=表110-01001A中2026年中
2048,30-34,女,198227.6,高,队列成分法推算；基准人口=表110-01001A中2026年中
2048,35-39,男,221161.9,高,队列成分法推算；基准人口=表110-01001A中2026年中
2048,35-39,女,217180.1,高,队列成分法推算；基准人口=表110-01001A中2026年中
2048,40-44,男,219711.2,高,队列成分法推算；基准人口=表110-01001A中2026年中
2048,40-44,女,221195.7,高,队列成分法推算；基准人口=表110-01001A中2026年中
2048,45-49,男,236238.4,高,队列成分法推算；基准人口=表110-01001A中2026年中
2048,45-49,女,236418.7,高,队列成分法推算；基准人口=表110-01001A中2026年中
2048,50-54,男,268208.4,高,队列成分法推算；基准人口=表110-01001A中2026年中
2048,50-54,女,269301.0,高,队列成分法推算；基准人口=表110-01001A中2026年中
2048,55-59,男,281217.9,高,队列成分法推算；基准人口=表110-01001A中2026年中
2048,55-59,女,293591.4,高,队列成分法推算；基准人口=表110-01001A中2026年中
2048,60-64,男,275357.8,高,队列成分法推算；基准人口=表110-01001A中2026年中
2048,60-64,女,308913.3,高,队列成分法推算；基准人口=表110-01001A中2026年中
2048,65-69,男,257259.0,高,队列成分法推算；基准人口=表110-01001A中2026年中
2048,65-69,女,315187.7,高,队列成分法推算；基准人口=表110-01001A中2026年中
2048,70-74,男,241108.8,高,队列成分法推算；基准人口=表110-01001A中2026年中
2048,70-74,女,316693.5,高,队列成分法推算；基准人口=表110-01001A中2026年中
2048,75-79,男,219538.3,高,队列成分法推算；基准人口=表110-01001A中2026年中
2048,75-79,女,306741.5,高,队列成分法推算；基准人口=表110-01001A中2026年中
2048,80-84,男,199845.1,高,队列成分法推算；基准人口=表110-01001A中2026年中
2048,80-84,女,291265.7,高,队列成分法推算；基准人口=表110-01001A中2026年中
2048,85+,男,333749.1,高,队列成分法推算；基准人口=表110-01001A中2026年中
2048,85+,女,508894.1,高,队列成分法推算；基准人口=表110-01001A中2026年中
2049,0-4,男,102376.0,高,队列成分法推算；基准人口=表110-01001A中2026年中
2049,0-4,女,96914.5,高,队列成分法推算；基准人口=表110-01001A中2026年中
2049,5-9,男,104079.9,高,队列成分法推算；基准人口=表110-01001A中2026年中
2049,5-9,女,99124.2,高,队列成分法推算；基准人口=表110-01001A中2026年中
2049,10-14,男,103074.5,高,队列成分法推算；基准人口=表110-01001A中2026年中
2049,10-14,女,98814.9,高,队列成分法推算；基准人口=表110-01001A中2026年中
2049,15-19,男,111520.7,高,队列成分法推算；基准人口=表110-01001A中2026年中
2049,15-19,女,108259.0,高,队列成分法推算；基准人口=表110-01001A中2026年中
2049,20-24,男,124149.3,高,队列成分法推算；基准人口=表110-01001A中2026年中
2049,20-24,女,121472.9,高,队列成分法推算；基准人口=表110-01001A中2026年中
2049,25-29,男,149046.0,高,队列成分法推算；基准人口=表110-01001A中2026年中
2049,25-29,女,145839.8,高,队列成分法推算；基准人口=表110-01001A中2026年中
2049,30-34,男,197536.0,高,队列成分法推算；基准人口=表110-01001A中2026年中
2049,30-34,女,193534.6,高,队列成分法推算；基准人口=表110-01001A中2026年中
2049,35-39,男,222667.0,高,队列成分法推算；基准人口=表110-01001A中2026年中
2049,35-39,女,218700.0,高,队列成分法推算；基准人口=表110-01001A中2026年中
2049,40-44,男,222554.9,高,队列成分法推算；基准人口=表110-01001A中2026年中
2049,40-44,女,222630.4,高,队列成分法推算；基准人口=表110-01001A中2026年中
2049,45-49,男,231579.3,高,队列成分法推算；基准人口=表110-01001A中2026年中
2049,45-49,女,233627.8,高,队列成分法推算；基准人口=表110-01001A中2026年中
2049,50-54,男,262389.8,高,队列成分法推算；基准人口=表110-01001A中2026年中
2049,50-54,女,262553.5,高,队列成分法推算；基准人口=表110-01001A中2026年中
2049,55-59,男,281869.1,高,队列成分法推算；基准人口=表110-01001A中2026年中
2049,55-59,女,292009.3,高,队列成分法推算；基准人口=表110-01001A中2026年中
2049,60-64,男,277301.0,高,队列成分法推算；基准人口=表110-01001A中2026年中
2049,60-64,女,306417.9,高,队列成分法推算；基准人口=表110-01001A中2026年中
2049,65-69,男,260317.8,高,队列成分法推算；基准人口=表110-01001A中2026年中
2049,65-69,女,314368.8,高,队列成分法推算；基准人口=表110-01001A中2026年中
2049,70-74,男,241004.6,高,队列成分法推算；基准人口=表110-01001A中2026年中
2049,70-74,女,315005.9,高,队列成分法推算；基准人口=表110-01001A中2026年中
2049,75-79,男,221130.9,高,队列成分法推算；基准人口=表110-01001A中2026年中
2049,75-79,女,307378.2,高,队列成分法推算；基准人口=表110-01001A中2026年中
2049,80-84,男,195504.2,高,队列成分法推算；基准人口=表110-01001A中2026年中
2049,80-84,女,288513.7,高,队列成分法推算；基准人口=表110-01001A中2026年中
2049,85+,男,342315.3,高,队列成分法推算；基准人口=表110-01001A中2026年中
2049,85+,女,529587.1,高,队列成分法推算；基准人口=表110-01001A中2026年中
2050,0-4,男,101436.6,高,队列成分法推算；基准人口=表110-01001A中2026年中
2050,0-4,女,96019.8,高,队列成分法推算；基准人口=表110-01001A中2026年中
2050,5-9,男,104749.5,高,队列成分法推算；基准人口=表110-01001A中2026年中
2050,5-9,女,99725.4,高,队列成分法推算；基准人口=表110-01001A中2026年中
2050,10-14,男,103692.9,高,队列成分法推算；基准人口=表110-01001A中2026年中
2050,10-14,女,99344.9,高,队列成分法推算；基准人口=表110-01001A中2026年中
2050,15-19,男,111029.1,高,队列成分法推算；基准人口=表110-01001A中2026年中
2050,15-19,女,107729.4,高,队列成分法推算；基准人口=表110-01001A中2026年中
2050,20-24,男,125268.3,高,队列成分法推算；基准人口=表110-01001A中2026年中
2050,20-24,女,122858.5,高,队列成分法推算；基准人口=表110-01001A中2026年中
2050,25-29,男,140270.0,高,队列成分法推算；基准人口=表110-01001A中2026年中
2050,25-29,女,137444.8,高,队列成分法推算；基准人口=表110-01001A中2026年中
2050,30-34,男,192252.8,高,队列成分法推算；基准人口=表110-01001A中2026年中
2050,30-34,女,188669.7,高,队列成分法推算；基准人口=表110-01001A中2026年中
2050,35-39,男,223648.5,高,队列成分法推算；基准人口=表110-01001A中2026年中
2050,35-39,女,219647.5,高,队列成分法推算；基准人口=表110-01001A中2026年中
2050,40-44,男,225345.3,高,队列成分法推算；基准人口=表110-01001A中2026年中
2050,40-44,女,224007.4,高,队列成分法推算；基准人口=表110-01001A中2026年中
2050,45-49,男,226860.3,高,队列成分法推算；基准人口=表110-01001A中2026年中
2050,45-49,女,230759.7,高,队列成分法推算；基准人口=表110-01001A中2026年中
2050,50-54,男,256515.2,高,队列成分法推算；基准人口=表110-01001A中2026年中
2050,50-54,女,255727.0,高,队列成分法推算；基准人口=表110-01001A中2026年中
2050,55-59,男,282489.3,高,队列成分法推算；基准人口=表110-01001A中2026年中
2050,55-59,女,290391.6,高,队列成分法推算；基准人口=表110-01001A中2026年中
2050,60-64,男,279288.0,高,队列成分法推算；基准人口=表110-01001A中2026年中
2050,60-64,女,303963.0,高,队列成分法推算；基准人口=表110-01001A中2026年中
2050,65-69,男,263563.8,高,队列成分法推算；基准人口=表110-01001A中2026年中
2050,65-69,女,313775.2,高,队列成分法推算；基准人口=表110-01001A中2026年中
2050,70-74,男,240908.6,高,队列成分法推算；基准人口=表110-01001A中2026年中
2050,70-74,女,313303.8,高,队列成分法推算；基准人口=表110-01001A中2026年中
2050,75-79,男,222764.3,高,队列成分法推算；基准人口=表110-01001A中2026年中
2050,75-79,女,308052.1,高,队列成分法推算；基准人口=表110-01001A中2026年中
2050,80-84,男,191528.7,高,队列成分法推算；基准人口=表110-01001A中2026年中
2050,80-84,女,285982.8,高,队列成分法推算；基准人口=表110-01001A中2026年中
2050,85+,男,350419.1,高,队列成分法推算；基准人口=表110-01001A中2026年中
2050,85+,女,549313.7,高,队列成分法推算；基准人口=表110-01001A中2026年中
2051,0-4,男,100054.9,高,队列成分法推算；基准人口=表110-01001A中2026年中
2051,0-4,女,94708.8,高,队列成分法推算；基准人口=表110-01001A中2026年中
2051,5-9,男,105290.8,高,队列成分法推算；基准人口=表110-01001A中2026年中
2051,5-9,女,100208.3,高,队列成分法推算；基准人口=表110-01001A中2026年中
2051,10-14,男,104459.6,高,队列成分法推算；基准人口=表110-01001A中2026年中
2051,10-14,女,100016.0,高,队列成分法推算；基准人口=表110-01001A中2026年中
2051,15-19,男,110708.6,高,队列成分法推算；基准人口=表110-01001A中2026年中
2051,15-19,女,107358.3,高,队列成分法推算；基准人口=表110-01001A中2026年中
2051,20-24,男,126173.2,高,队列成分法推算；基准人口=表110-01001A中2026年中
2051,20-24,女,124021.2,高,队列成分法推算；基准人口=表110-01001A中2026年中
2051,25-29,男,131498.0,高,队列成分法推算；基准人口=表110-01001A中2026年中
2051,25-29,女,129058.6,高,队列成分法推算；基准人口=表110-01001A中2026年中
2051,30-34,男,186812.6,高,队列成分法推算；基准人口=表110-01001A中2026年中
2051,30-34,女,183633.2,高,队列成分法推算；基准人口=表110-01001A中2026年中
2051,35-39,男,224085.9,高,队列成分法推算；基准人口=表110-01001A中2026年中
2051,35-39,女,220000.5,高,队列成分法推算；基准人口=表110-01001A中2026年中
2051,40-44,男,228082.3,高,队列成分法推算；基准人口=表110-01001A中2026年中
2051,40-44,女,225327.0,高,队列成分法推算；基准人口=表110-01001A中2026年中
2051,45-49,男,222087.6,高,队列成分法推算；基准人口=表110-01001A中2026年中
2051,45-49,女,227821.4,高,队列成分法推算；基准人口=表110-01001A中2026年中
2051,50-54,男,250584.0,高,队列成分法推算；基准人口=表110-01001A中2026年中
2051,50-54,女,248821.2,高,队列成分法推算；基准人口=表110-01001A中2026年中
2051,55-59,男,283057.8,高,队列成分法推算；基准人口=表110-01001A中2026年中
2051,55-59,女,288715.3,高,队列成分法推算；基准人口=表110-01001A中2026年中
2051,60-64,男,281318.6,高,队列成分法推算；基准人口=表110-01001A中2026年中
2051,60-64,女,301548.3,高,队列成分法推算；基准人口=表110-01001A中2026年中
2051,65-69,男,267012.5,高,队列成分法推算；基准人口=表110-01001A中2026年中
2051,65-69,女,313424.4,高,队列成分法推算；基准人口=表110-01001A中2026年中
2051,70-74,男,240819.4,高,队列成分法推算；基准人口=表110-01001A中2026年中
2051,70-74,女,311586.2,高,队列成分法推算；基准人口=表110-01001A中2026年中
2051,75-79,男,224416.5,高,队列成分法推算；基准人口=表110-01001A中2026年中
2051,75-79,女,308737.7,高,队列成分法推算；基准人口=表110-01001A中2026年中
2051,80-84,男,187901.1,高,队列成分法推算；基准人口=表110-01001A中2026年中
2051,80-84,女,283667.2,高,队列成分法推算；基准人口=表110-01001A中2026年中
2051,85+,男,358114.8,高,队列成分法推算；基准人口=表110-01001A中2026年中
2051,85+,女,568167.1,高,队列成分法推算；基准人口=表110-01001A中2026年中
2052,0-4,男,98247.9,高,队列成分法推算；基准人口=表110-01001A中2026年中
2052,0-4,女,92996.7,高,队列成分法推算；基准人口=表110-01001A中2026年中
2052,5-9,男,105687.8,高,队列成分法推算；基准人口=表110-01001A中2026年中
2052,5-9,女,100557.8,高,队列成分法推算；基准人口=表110-01001A中2026年中
2052,10-14,男,105349.4,高,队列成分法推算；基准人口=表110-01001A中2026年中
2052,10-14,女,100806.5,高,队列成分法推算；基准人口=表110-01001A中2026年中
2052,15-19,男,110548.7,高,队列成分法推算；基准人口=表110-01001A中2026年中
2052,15-19,女,107134.0,高,队列成分法推算；基准人口=表110-01001A中2026年中
2052,20-24,男,124827.5,高,队列成分法推算；基准人口=表110-01001A中2026年中
2052,20-24,女,122643.1,高,队列成分法推算；基准人口=表110-01001A中2026年中
2052,25-29,男,132981.9,高,队列成分法推算；基准人口=表110-01001A中2026年中
2052,25-29,女,130805.6,高,队列成分法推算；基准人口=表110-01001A中2026年中
2052,30-34,男,178011.6,高,队列成分法推算；基准人口=表110-01001A中2026年中
2052,30-34,女,175187.9,高,队列成分法推算；基准人口=表110-01001A中2026年中
2052,35-39,男,219007.9,高,队列成分法推算；基准人口=表110-01001A中2026年中
2052,35-39,女,215352.8,高,队列成分法推算；基准人口=表110-01001A中2026年中
2052,40-44,男,230292.3,高,队列成分法推算；基准人口=表110-01001A中2026年中
2052,40-44,女,227619.1,高,队列成分法推算；基准人口=表110-01001A中2026年中
2052,45-49,男,224818.3,高,队列成分法推算；基准人口=表110-01001A中2026年中
2052,45-49,女,229136.2,高,队列成分法推算；基准人口=表110-01001A中2026年中
2052,50-54,男,245941.5,高,队列成分法推算；基准人口=表110-01001A中2026年中
2052,50-54,女,246035.0,高,队列成分法推算；基准人口=表110-01001A中2026年中
2052,55-59,男,277280.1,高,队列成分法推算；基准人口=表110-01001A中2026年中
2052,55-59,女,281993.3,高,队列成分法推算；基准人口=表110-01001A中2026年中
2052,60-64,男,281835.4,高,队列成分法推算；基准人口=表110-01001A中2026年中
2052,60-64,女,299817.6,高,队列成分法推算；基准人口=表110-01001A中2026年中
2052,65-69,男,268792.4,高,队列成分法推算；基准人口=表110-01001A中2026年中
2052,65-69,女,310809.6,高,队列成分法推算；基准人口=表110-01001A中2026年中
2052,70-74,男,243499.8,高,队列成分法推算；基准人口=表110-01001A中2026年中
2052,70-74,女,310391.6,高,队列成分法推算；基准人口=表110-01001A中2026年中
2052,75-79,男,224416.3,高,队列成分法推算；基准人口=表110-01001A中2026年中
2052,75-79,女,307164.4,高,队列成分法推算；基准人口=表110-01001A中2026年中
2052,80-84,男,189312.5,高,队列成分法推算；基准人口=表110-01001A中2026年中
2052,80-84,女,284210.7,高,队列成分法推算；基准人口=表110-01001A中2026年中
2052,85+,男,360906.8,高,队列成分法推算；基准人口=表110-01001A中2026年中
2052,85+,女,582449.8,高,队列成分法推算；基准人口=表110-01001A中2026年中
2053,0-4,男,96335.7,高,队列成分法推算；基准人口=表110-01001A中2026年中
2053,0-4,女,91185.3,高,队列成分法推算；基准人口=表110-01001A中2026年中
2053,5-9,男,105606.2,高,队列成分法推算；基准人口=表110-01001A中2026年中
2053,5-9,女,100458.2,高,队列成分法推算；基准人口=表110-01001A中2026年中
2053,10-14,男,106157.8,高,队列成分法推算；基准人口=表110-01001A中2026年中
2053,10-14,女,101523.0,高,队列成分法推算；基准人口=表110-01001A中2026年中
2053,15-19,男,110603.5,高,队列成分法推算；基准人口=表110-01001A中2026年中
2053,15-19,女,107107.8,高,队列成分法推算；基准人口=表110-01001A中2026年中
2053,20-24,男,123682.7,高,队列成分法推算；基准人口=表110-01001A中2026年中
2053,20-24,女,121457.1,高,队列成分法推算；基准人口=表110-01001A中2026年中
2053,25-29,男,134249.6,高,队列成分法推算；基准人口=表110-01001A中2026年中
2053,25-29,女,132330.7,高,队列成分法推算；基准人口=表110-01001A中2026年中
2053,30-34,男,169089.1,高,队列成分法推算；基准人口=表110-01001A中2026年中
2053,30-34,女,166614.6,高,队列成分法推算；基准人口=表110-01001A中2026年中
2053,35-39,男,213773.5,高,队列成分法推算；基准人口=表110-01001A中2026年中
2053,35-39,女,210533.7,高,队列成分法推算；基准人口=表110-01001A中2026年中
2053,40-44,男,232020.7,高,队列成分法推算；基准人口=表110-01001A中2026年中
2053,40-44,女,229384.2,高,队列成分法推算；基准人口=表110-01001A中2026年中
2053,45-49,男,227495.8,高,队列成分法推算；基准人口=表110-01001A中2026年中
2053,45-49,女,230394.0,高,队列成分法推算；基准人口=表110-01001A中2026年中
2053,50-54,男,241233.1,高,队列成分法推算；基准人口=表110-01001A中2026年中
2053,50-54,女,243160.0,高,队列成分法推算；基准人口=表110-01001A中2026年中
2053,55-59,男,271456.7,高,队列成分法推算；基准人口=表110-01001A中2026年中
2053,55-59,女,275198.0,高,队列成分法推算；基准人口=表110-01001A中2026年中
2053,60-64,男,282365.8,高,队列成分法推算；基准人口=表110-01001A中2026年中
2053,60-64,女,298101.7,高,队列成分法推算；基准人口=表110-01001A中2026年中
2053,65-69,男,270617.6,高,队列成分法推算；基准人口=表110-01001A中2026年中
2053,65-69,女,308240.6,高,队列成分法推算；基准人口=表110-01001A中2026年中
2053,70-74,男,246325.5,高,队列成分法推算；基准人口=表110-01001A中2026年中
2053,70-74,女,309390.2,高,队列成分法推算；基准人口=表110-01001A中2026年中
2053,75-79,男,224436.1,高,队列成分法推算；基准人口=表110-01001A中2026年中
2053,75-79,女,305592.2,高,队列成分法推算；基准人口=表110-01001A中2026年中
2053,80-84,男,190796.8,高,队列成分法推算；基准人口=表110-01001A中2026年中
2053,80-84,女,284851.1,高,队列成分法推算；基准人口=表110-01001A中2026年中
2053,85+,男,363836.5,高,队列成分法推算；基准人口=表110-01001A中2026年中
2053,85+,女,596340.9,高,队列成分法推算；基准人口=表110-01001A中2026年中
2054,0-4,男,94327.6,高,队列成分法推算；基准人口=表110-01001A中2026年中
2054,0-4,女,89283.3,高,队列成分法推算；基准人口=表110-01001A中2026年中
2054,5-9,男,105056.0,高,队列成分法推算；基准人口=表110-01001A中2026年中
2054,5-9,女,99918.2,高,队列成分法推算；基准人口=表110-01001A中2026年中
2054,10-14,男,106869.4,高,队列成分法推算；基准人口=表110-01001A中2026年中
2054,10-14,女,102151.1,高,队列成分法推算；基准人口=表110-01001A中2026年中
2054,15-19,男,110852.5,高,队列成分法推算；基准人口=表110-01001A中2026年中
2054,15-19,女,107262.1,高,队列成分法推算；基准人口=表110-01001A中2026年中
2054,20-24,男,122729.0,高,队列成分法推算；基准人口=表110-01001A中2026年中
2054,20-24,女,120452.3,高,队列成分法推算；基准人口=表110-01001A中2026年中
2054,25-29,男,135301.4,高,队列成分法推算；基准人口=表110-01001A中2026年中
2054,25-29,女,133633.2,高,队列成分法推算；基准人口=表110-01001A中2026年中
2054,30-34,男,160087.2,高,队列成分法推算；基准人口=表110-01001A中2026年中
2054,30-34,女,157959.1,高,队列成分法推算；基准人口=表110-01001A中2026年中
2054,35-39,男,208382.4,高,队列成分法推算；基准人口=表110-01001A中2026年中
2054,35-39,女,205543.3,高,队列成分法推算；基准人口=表110-01001A中2026年中
2054,40-44,男,233247.4,高,队列成分法推算；基准人口=表110-01001A中2026年中
2054,40-44,女,230599.9,高,队列成分法推算；基准人口=表110-01001A中2026年中
2054,45-49,男,230120.1,高,队列成分法推算；基准人口=表110-01001A中2026年中
2054,45-49,女,231594.8,高,队列成分法推算；基准人口=表110-01001A中2026年中
2054,50-54,男,236464.8,高,队列成分法推算；基准人口=表110-01001A中2026年中
2054,50-54,女,240203.3,高,队列成分法推算；基准人口=表110-01001A中2026年中
2054,55-59,男,265586.9,高,队列成分法推算；基准人口=表110-01001A中2026年中
2054,55-59,女,268329.0,高,队列成分法推算；基准人口=表110-01001A中2026年中
2054,60-64,男,282889.3,高,队列成分法推算；基准人口=表110-01001A中2026年中
2054,60-64,女,296377.9,高,队列成分法推算；基准人口=表110-01001A中2026年中
2054,65-69,男,272487.9,高,队列成分法推算；基准人口=表110-01001A中2026年中
2054,65-69,女,305717.0,高,队列成分法推算；基准人口=表110-01001A中2026年中
2054,70-74,男,249310.9,高,队列成分法推算；基准人口=表110-01001A中2026年中
2054,70-74,女,308598.7,高,队列成分法推算；基准人口=表110-01001A中2026年中
2054,75-79,男,224473.6,高,队列成分法推算；基准人口=表110-01001A中2026年中
2054,75-79,女,304019.8,高,队列成分法推算；基准人口=表110-01001A中2026年中
2054,80-84,男,192332.9,高,队列成分法推算；基准人口=表110-01001A中2026年中
2054,80-84,女,285562.9,高,队列成分法推算；基准人口=表110-01001A中2026年中
2054,85+,男,366901.4,高,队列成分法推算；基准人口=表110-01001A中2026年中
2054,85+,女,609887.6,高,队列成分法推算；基准人口=表110-01001A中2026年中
2055,0-4,男,92233.6,高,队列成分法推算；基准人口=表110-01001A中2026年中
2055,0-4,女,87300.3,高,队列成分法推算；基准人口=表110-01001A中2026年中
2055,5-9,男,104049.5,高,队列成分法推算；基准人口=表110-01001A中2026年中
2055,5-9,女,98948.9,高,队列成分法推算；基准人口=表110-01001A中2026年中
2055,10-14,男,107468.6,高,队列成分法推算；基准人口=表110-01001A中2026年中
2055,10-14,女,102675.9,高,队列成分法推算；基准人口=表110-01001A中2026年中
2055,15-19,男,111273.4,高,队列成分法推算；基准人口=表110-01001A中2026年中
2055,15-19,女,107578.0,高,队列成分法推算；基准人口=表110-01001A中2026年中
2055,20-24,男,121956.5,高,队列成分法推算；基准人口=表110-01001A中2026年中
2055,20-24,女,119617.5,高,队列成分法推算；基准人口=表110-01001A中2026年中
2055,25-29,男,136138.2,高,队列成分法推算；基准人口=表110-01001A中2026年中
2055,25-29,女,134712.8,高,队列成分法推算；基准人口=表110-01001A中2026年中
2055,30-34,男,151047.9,高,队列成分法推算；基准人口=表110-01001A中2026年中
2055,30-34,女,149267.2,高,队列成分法推算；基准人口=表110-01001A中2026年中
2055,35-39,男,202834.8,高,队列成分法推算；基准人口=表110-01001A中2026年中
2055,35-39,女,200381.5,高,队列成分法推算；基准人口=表110-01001A中2026年中
2055,40-44,男,233952.1,高,队列成分法推算；基准人口=表110-01001A中2026年中
2055,40-44,女,231244.3,高,队列成分法推算；基准人口=表110-01001A中2026年中
2055,45-49,男,232691.3,高,队列成分法推算；基准人口=表110-01001A中2026年中
2055,45-49,女,232738.6,高,队列成分法推算；基准人口=表110-01001A中2026年中
2055,50-54,男,231642.7,高,队列成分法推算；基准人口=表110-01001A中2026年中
2055,50-54,女,237171.6,高,队列成分法推算；基准人口=表110-01001A中2026年中
2055,55-59,男,259669.8,高,队列成分法推算；基准人口=表110-01001A中2026年中
2055,55-59,女,261385.9,高,队列成分法推算；基准人口=表110-01001A中2026年中
2055,60-64,男,283385.4,高,队列成分法推算；基准人口=表110-01001A中2026年中
2055,60-64,女,294623.5,高,队列成分法推算；基准人口=表110-01001A中2026年中
2055,65-69,男,274402.9,高,队列成分法推算；基准人口=表110-01001A中2026年中
2055,65-69,女,303238.4,高,队列成分法推算；基准人口=表110-01001A中2026年中
2055,70-74,男,252470.3,高,队列成分法推算；基准人口=表110-01001A中2026年中
2055,70-74,女,308033.7,高,队列成分法推算；基准人口=表110-01001A中2026年中
2055,75-79,男,224526.6,高,队列成分法推算；基准人口=表110-01001A中2026年中
2055,75-79,女,302445.7,高,队列成分法推算；基准人口=表110-01001A中2026年中
2055,80-84,男,193900.5,高,队列成分法推算；基准人口=表110-01001A中2026年中
2055,80-84,女,286321.2,高,队列成分法推算；基准人口=表110-01001A中2026年中
2055,85+,男,370099.9,高,队列成分法推算；基准人口=表110-01001A中2026年中
2055,85+,女,623133.0,高,队列成分法推算；基准人口=表110-01001A中2026年中
2056,0-4,男,90064.9,高,队列成分法推算；基准人口=表110-01001A中2026年中
2056,0-4,女,85246.7,高,队列成分法推算；基准人口=表110-01001A中2026年中
2056,5-9,男,102601.2,高,队列成分法推算；基准人口=表110-01001A中2026年中
2056,5-9,女,97563.4,高,队列成分法推算；基准人口=表110-01001A中2026年中
2056,10-14,男,107939.6,高,队列成分法推算；基准人口=表110-01001A中2026年中
2056,10-14,女,103082.5,高,队列成分法推算；基准人口=表110-01001A中2026年中
2056,15-19,男,111842.5,高,队列成分法推算；基准人口=表110-01001A中2026年中
2056,15-19,女,108035.0,高,队列成分法推算；基准人口=表110-01001A中2026年中
2056,20-24,男,121354.9,高,队列成分法推算；基准人口=表110-01001A中2026年中
2056,20-24,女,118941.1,高,队列成分法推算；基准人口=表110-01001A中2026年中
2056,25-29,男,136761.2,高,队列成分法推算；基准人口=表110-01001A中2026年中
2056,25-29,女,135569.6,高,队列成分法推算；基准人口=表110-01001A中2026年中
2056,30-34,男,142013.4,高,队列成分法推算；基准人口=表110-01001A中2026年中
2056,30-34,女,140584.4,高,队列成分法推算；基准人口=表110-01001A中2026年中
2056,35-39,男,197130.4,高,队列成分法推算；基准人口=表110-01001A中2026年中
2056,35-39,女,195048.3,高,队列成分法推算；基准人口=表110-01001A中2026年中
2056,40-44,男,234114.5,高,队列成分法推算；基准人口=表110-01001A中2026年中
2056,40-44,女,231294.9,高,队列成分法推算；基准人口=表110-01001A中2026年中
2056,45-49,男,235209.4,高,队列成分法推算；基准人口=表110-01001A中2026年中
2056,45-49,女,233825.5,高,队列成分法推算；基准人口=表110-01001A中2026年中
2056,50-54,男,226773.0,高,队列成分法推算；基准人口=表110-01001A中2026年中
2056,50-54,女,234071.8,高,队列成分法推算；基准人口=表110-01001A中2026年中
2056,55-59,男,253704.5,高,队列成分法推算；基准人口=表110-01001A中2026年中
2056,55-59,女,254368.1,高,队列成分法推算；基准人口=表110-01001A中2026年中
2056,60-64,男,283833.7,高,队列成分法推算；基准人口=表110-01001A中2026年中
2056,60-64,女,292816.0,高,队列成分法推算；基准人口=表110-01001A中2026年中
2056,65-69,男,276362.3,高,队列成分法推算；基准人口=表110-01001A中2026年中
2056,65-69,女,300804.3,高,队列成分法推算；基准人口=表110-01001A中2026年中
2056,70-74,男,255817.8,高,队列成分法推算；基准人口=表110-01001A中2026年中
2056,70-74,女,307711.8,高,队列成分法推算；基准人口=表110-01001A中2026年中
2056,75-79,男,224593.1,高,队列成分法推算；基准人口=表110-01001A中2026年中
2056,75-79,女,300868.5,高,队列成分法推算；基准人口=表110-01001A中2026年中
2056,80-84,男,195480.4,高,队列成分法推算；基准人口=表110-01001A中2026年中
2056,80-84,女,287101.8,高,队列成分法推算；基准人口=表110-01001A中2026年中
2056,85+,男,373430.2,高,队列成分法推算；基准人口=表110-01001A中2026年中
2056,85+,女,636117.3,高,队列成分法推算；基准人口=表110-01001A中2026年中
